<mets xmlns="http://www.loc.gov/METS/" xmlns:xlink="http://www.w3.org/1999/xlink">
  <fileSec>
    
    <fileGrp USE="image">
      
        <file ID="image1">
          <FLocat xlink:href="Rasail137.jpg"/>
        </file>
      
        <file ID="image2">
          <FLocat xlink:href="Rasail138.jpg"/>
        </file>
      
        <file ID="image3">
          <FLocat xlink:href="Rasail139.jpg"/>
        </file>
      
        <file ID="image4">
          <FLocat xlink:href="Rasail140.jpg"/>
        </file>
      
        <file ID="image5">
          <FLocat xlink:href="Rasail141.jpg"/>
        </file>
      
        <file ID="image6">
          <FLocat xlink:href="Rasail142.jpg"/>
        </file>
      
        <file ID="image7">
          <FLocat xlink:href="Rasail143.jpg"/>
        </file>
      
        <file ID="image8">
          <FLocat xlink:href="Rasail144.jpg"/>
        </file>
      
        <file ID="image9">
          <FLocat xlink:href="Rasail145.jpg"/>
        </file>
      
        <file ID="image10">
          <FLocat xlink:href="Rasail146.jpg"/>
        </file>
      
        <file ID="image11">
          <FLocat xlink:href="Rasail147.jpg"/>
        </file>
      
        <file ID="image12">
          <FLocat xlink:href="Rasail148.jpg"/>
        </file>
      
        <file ID="image13">
          <FLocat xlink:href="Rasail149.jpg"/>
        </file>
      
        <file ID="image14">
          <FLocat xlink:href="Rasail150.jpg"/>
        </file>
      
        <file ID="image15">
          <FLocat xlink:href="Rasail151.jpg"/>
        </file>
      
        <file ID="image16">
          <FLocat xlink:href="Rasail152.jpg"/>
        </file>
      
        <file ID="image17">
          <FLocat xlink:href="Rasail153.jpg"/>
        </file>
      
        <file ID="image18">
          <FLocat xlink:href="Rasail154.jpg"/>
        </file>
      
        <file ID="image19">
          <FLocat xlink:href="Rasail155.jpg"/>
        </file>
      
        <file ID="image20">
          <FLocat xlink:href="Rasail156.jpg"/>
        </file>
      
        <file ID="image21">
          <FLocat xlink:href="Rasail157.jpg"/>
        </file>
      
        <file ID="image22">
          <FLocat xlink:href="Rasail158.jpg"/>
        </file>
      
        <file ID="image23">
          <FLocat xlink:href="Rasail159.jpg"/>
        </file>
      
        <file ID="image24">
          <FLocat xlink:href="Rasail160.jpg"/>
        </file>
      
        <file ID="image25">
          <FLocat xlink:href="Rasail161.jpg"/>
        </file>
      
        <file ID="image26">
          <FLocat xlink:href="Rasail162.jpg"/>
        </file>
      
        <file ID="image27">
          <FLocat xlink:href="Rasail163.jpg"/>
        </file>
      
        <file ID="image28">
          <FLocat xlink:href="Rasail164.jpg"/>
        </file>
      
        <file ID="image29">
          <FLocat xlink:href="Rasail165.jpg"/>
        </file>
      
        <file ID="image30">
          <FLocat xlink:href="Rasail001.jpg"/>
        </file>
      
        <file ID="image31">
          <FLocat xlink:href="Rasail002.jpg"/>
        </file>
      
        <file ID="image32">
          <FLocat xlink:href="Rasail003.jpg"/>
        </file>
      
        <file ID="image33">
          <FLocat xlink:href="Rasail004.jpg"/>
        </file>
      
        <file ID="image34">
          <FLocat xlink:href="Rasail005.jpg"/>
        </file>
      
        <file ID="image35">
          <FLocat xlink:href="Rasail006.jpg"/>
        </file>
      
        <file ID="image36">
          <FLocat xlink:href="Rasail007.jpg"/>
        </file>
      
        <file ID="image37">
          <FLocat xlink:href="Rasail008.jpg"/>
        </file>
      
        <file ID="image38">
          <FLocat xlink:href="Rasail009.jpg"/>
        </file>
      
        <file ID="image39">
          <FLocat xlink:href="Rasail010.jpg"/>
        </file>
      
        <file ID="image40">
          <FLocat xlink:href="Rasail011.jpg"/>
        </file>
      
        <file ID="image41">
          <FLocat xlink:href="Rasail012.jpg"/>
        </file>
      
        <file ID="image42">
          <FLocat xlink:href="Rasail013.jpg"/>
        </file>
      
        <file ID="image43">
          <FLocat xlink:href="Rasail014.jpg"/>
        </file>
      
        <file ID="image44">
          <FLocat xlink:href="Rasail015.jpg"/>
        </file>
      
        <file ID="image45">
          <FLocat xlink:href="Rasail016.jpg"/>
        </file>
      
        <file ID="image46">
          <FLocat xlink:href="Rasail017.jpg"/>
        </file>
      
        <file ID="image47">
          <FLocat xlink:href="Rasail018.jpg"/>
        </file>
      
        <file ID="image48">
          <FLocat xlink:href="Rasail019.jpg"/>
        </file>
      
        <file ID="image49">
          <FLocat xlink:href="Rasail020.jpg"/>
        </file>
      
        <file ID="image50">
          <FLocat xlink:href="Rasail021.jpg"/>
        </file>
      
        <file ID="image51">
          <FLocat xlink:href="Rasail022.jpg"/>
        </file>
      
        <file ID="image52">
          <FLocat xlink:href="Rasail023.jpg"/>
        </file>
      
        <file ID="image53">
          <FLocat xlink:href="Rasail024.jpg"/>
        </file>
      
        <file ID="image54">
          <FLocat xlink:href="Rasail025.jpg"/>
        </file>
      
        <file ID="image55">
          <FLocat xlink:href="Rasail026.jpg"/>
        </file>
      
        <file ID="image56">
          <FLocat xlink:href="Rasail027.jpg"/>
        </file>
      
        <file ID="image57">
          <FLocat xlink:href="Rasail028.jpg"/>
        </file>
      
        <file ID="image58">
          <FLocat xlink:href="Rasail029.jpg"/>
        </file>
      
        <file ID="image59">
          <FLocat xlink:href="Rasail030.jpg"/>
        </file>
      
        <file ID="image60">
          <FLocat xlink:href="Rasail031.jpg"/>
        </file>
      
        <file ID="image61">
          <FLocat xlink:href="Rasail032.jpg"/>
        </file>
      
        <file ID="image62">
          <FLocat xlink:href="Rasail033.jpg"/>
        </file>
      
        <file ID="image63">
          <FLocat xlink:href="Rasail034.jpg"/>
        </file>
      
        <file ID="image64">
          <FLocat xlink:href="Rasail035.jpg"/>
        </file>
      
        <file ID="image65">
          <FLocat xlink:href="Rasail036.jpg"/>
        </file>
      
        <file ID="image66">
          <FLocat xlink:href="Rasail037.jpg"/>
        </file>
      
        <file ID="image67">
          <FLocat xlink:href="Rasail038.jpg"/>
        </file>
      
        <file ID="image68">
          <FLocat xlink:href="Rasail039.jpg"/>
        </file>
      
        <file ID="image69">
          <FLocat xlink:href="Rasail040.jpg"/>
        </file>
      
        <file ID="image70">
          <FLocat xlink:href="Rasail041.jpg"/>
        </file>
      
        <file ID="image71">
          <FLocat xlink:href="Rasail042.jpg"/>
        </file>
      
        <file ID="image72">
          <FLocat xlink:href="Rasail043.jpg"/>
        </file>
      
        <file ID="image73">
          <FLocat xlink:href="Rasail044.jpg"/>
        </file>
      
        <file ID="image74">
          <FLocat xlink:href="Rasail045.jpg"/>
        </file>
      
        <file ID="image75">
          <FLocat xlink:href="Rasail046.jpg"/>
        </file>
      
        <file ID="image76">
          <FLocat xlink:href="Rasail047.jpg"/>
        </file>
      
        <file ID="image77">
          <FLocat xlink:href="Rasail048.jpg"/>
        </file>
      
        <file ID="image78">
          <FLocat xlink:href="Rasail049.jpg"/>
        </file>
      
        <file ID="image79">
          <FLocat xlink:href="Rasail050.jpg"/>
        </file>
      
        <file ID="image80">
          <FLocat xlink:href="Rasail051.jpg"/>
        </file>
      
        <file ID="image81">
          <FLocat xlink:href="Rasail052.jpg"/>
        </file>
      
        <file ID="image82">
          <FLocat xlink:href="Rasail053.jpg"/>
        </file>
      
        <file ID="image83">
          <FLocat xlink:href="Rasail054.jpg"/>
        </file>
      
        <file ID="image84">
          <FLocat xlink:href="Rasail055.jpg"/>
        </file>
      
        <file ID="image85">
          <FLocat xlink:href="Rasail056.jpg"/>
        </file>
      
        <file ID="image86">
          <FLocat xlink:href="Rasail057.jpg"/>
        </file>
      
        <file ID="image87">
          <FLocat xlink:href="Rasail058.jpg"/>
        </file>
      
        <file ID="image88">
          <FLocat xlink:href="Rasail059.jpg"/>
        </file>
      
        <file ID="image89">
          <FLocat xlink:href="Rasail060.jpg"/>
        </file>
      
        <file ID="image90">
          <FLocat xlink:href="Rasail061.jpg"/>
        </file>
      
        <file ID="image91">
          <FLocat xlink:href="Rasail062.jpg"/>
        </file>
      
        <file ID="image92">
          <FLocat xlink:href="Rasail063.jpg"/>
        </file>
      
        <file ID="image93">
          <FLocat xlink:href="Rasail064.jpg"/>
        </file>
      
        <file ID="image94">
          <FLocat xlink:href="Rasail065.jpg"/>
        </file>
      
        <file ID="image95">
          <FLocat xlink:href="Rasail066.jpg"/>
        </file>
      
        <file ID="image96">
          <FLocat xlink:href="Rasail067.jpg"/>
        </file>
      
        <file ID="image97">
          <FLocat xlink:href="Rasail068.jpg"/>
        </file>
      
        <file ID="image98">
          <FLocat xlink:href="Rasail069.jpg"/>
        </file>
      
        <file ID="image99">
          <FLocat xlink:href="Rasail070.jpg"/>
        </file>
      
        <file ID="image100">
          <FLocat xlink:href="Rasail071.jpg"/>
        </file>
      
        <file ID="image101">
          <FLocat xlink:href="Rasail072.jpg"/>
        </file>
      
        <file ID="image102">
          <FLocat xlink:href="Rasail073.jpg"/>
        </file>
      
        <file ID="image103">
          <FLocat xlink:href="Rasail074.jpg"/>
        </file>
      
        <file ID="image104">
          <FLocat xlink:href="Rasail075.jpg"/>
        </file>
      
        <file ID="image105">
          <FLocat xlink:href="Rasail076.jpg"/>
        </file>
      
        <file ID="image106">
          <FLocat xlink:href="Rasail077.jpg"/>
        </file>
      
        <file ID="image107">
          <FLocat xlink:href="Rasail078.jpg"/>
        </file>
      
        <file ID="image108">
          <FLocat xlink:href="Rasail079.jpg"/>
        </file>
      
        <file ID="image109">
          <FLocat xlink:href="Rasail080.jpg"/>
        </file>
      
        <file ID="image110">
          <FLocat xlink:href="Rasail081.jpg"/>
        </file>
      
        <file ID="image111">
          <FLocat xlink:href="Rasail082.jpg"/>
        </file>
      
        <file ID="image112">
          <FLocat xlink:href="Rasail083.jpg"/>
        </file>
      
        <file ID="image113">
          <FLocat xlink:href="Rasail084.jpg"/>
        </file>
      
        <file ID="image114">
          <FLocat xlink:href="Rasail085.jpg"/>
        </file>
      
        <file ID="image115">
          <FLocat xlink:href="Rasail086.jpg"/>
        </file>
      
        <file ID="image116">
          <FLocat xlink:href="Rasail087.jpg"/>
        </file>
      
        <file ID="image117">
          <FLocat xlink:href="Rasail088.jpg"/>
        </file>
      
        <file ID="image118">
          <FLocat xlink:href="Rasail089.jpg"/>
        </file>
      
        <file ID="image119">
          <FLocat xlink:href="Rasail090.jpg"/>
        </file>
      
        <file ID="image120">
          <FLocat xlink:href="Rasail091.jpg"/>
        </file>
      
        <file ID="image121">
          <FLocat xlink:href="Rasail092.jpg"/>
        </file>
      
        <file ID="image122">
          <FLocat xlink:href="Rasail093.jpg"/>
        </file>
      
        <file ID="image123">
          <FLocat xlink:href="Rasail094.jpg"/>
        </file>
      
        <file ID="image124">
          <FLocat xlink:href="Rasail095.jpg"/>
        </file>
      
        <file ID="image125">
          <FLocat xlink:href="Rasail096.jpg"/>
        </file>
      
        <file ID="image126">
          <FLocat xlink:href="Rasail097.jpg"/>
        </file>
      
        <file ID="image127">
          <FLocat xlink:href="Rasail098.jpg"/>
        </file>
      
        <file ID="image128">
          <FLocat xlink:href="Rasail099.jpg"/>
        </file>
      
        <file ID="image129">
          <FLocat xlink:href="Rasail100.jpg"/>
        </file>
      
        <file ID="image130">
          <FLocat xlink:href="Rasail101.jpg"/>
        </file>
      
        <file ID="image131">
          <FLocat xlink:href="Rasail102.jpg"/>
        </file>
      
        <file ID="image132">
          <FLocat xlink:href="Rasail103.jpg"/>
        </file>
      
        <file ID="image133">
          <FLocat xlink:href="Rasail104.jpg"/>
        </file>
      
        <file ID="image134">
          <FLocat xlink:href="Rasail105.jpg"/>
        </file>
      
        <file ID="image135">
          <FLocat xlink:href="Rasail106.jpg"/>
        </file>
      
        <file ID="image136">
          <FLocat xlink:href="Rasail107.jpg"/>
        </file>
      
        <file ID="image137">
          <FLocat xlink:href="Rasail108.jpg"/>
        </file>
      
        <file ID="image138">
          <FLocat xlink:href="Rasail109.jpg"/>
        </file>
      
        <file ID="image139">
          <FLocat xlink:href="Rasail110.jpg"/>
        </file>
      
        <file ID="image140">
          <FLocat xlink:href="Rasail111.jpg"/>
        </file>
      
        <file ID="image141">
          <FLocat xlink:href="Rasail112.jpg"/>
        </file>
      
        <file ID="image142">
          <FLocat xlink:href="Rasail113.jpg"/>
        </file>
      
        <file ID="image143">
          <FLocat xlink:href="Rasail114.jpg"/>
        </file>
      
        <file ID="image144">
          <FLocat xlink:href="Rasail115.jpg"/>
        </file>
      
        <file ID="image145">
          <FLocat xlink:href="Rasail116.jpg"/>
        </file>
      
        <file ID="image146">
          <FLocat xlink:href="Rasail117.jpg"/>
        </file>
      
        <file ID="image147">
          <FLocat xlink:href="Rasail118.jpg"/>
        </file>
      
        <file ID="image148">
          <FLocat xlink:href="Rasail119.jpg"/>
        </file>
      
        <file ID="image149">
          <FLocat xlink:href="Rasail120.jpg"/>
        </file>
      
        <file ID="image150">
          <FLocat xlink:href="Rasail121.jpg"/>
        </file>
      
        <file ID="image151">
          <FLocat xlink:href="Rasail122.jpg"/>
        </file>
      
        <file ID="image152">
          <FLocat xlink:href="Rasail123.jpg"/>
        </file>
      
        <file ID="image153">
          <FLocat xlink:href="Rasail124.jpg"/>
        </file>
      
        <file ID="image154">
          <FLocat xlink:href="Rasail125.jpg"/>
        </file>
      
        <file ID="image155">
          <FLocat xlink:href="Rasail126.jpg"/>
        </file>
      
        <file ID="image156">
          <FLocat xlink:href="Rasail127.jpg"/>
        </file>
      
        <file ID="image157">
          <FLocat xlink:href="Rasail128.jpg"/>
        </file>
      
        <file ID="image158">
          <FLocat xlink:href="Rasail129.jpg"/>
        </file>
      
        <file ID="image159">
          <FLocat xlink:href="Rasail130.jpg"/>
        </file>
      
        <file ID="image160">
          <FLocat xlink:href="Rasail131.jpg"/>
        </file>
      
        <file ID="image161">
          <FLocat xlink:href="Rasail132.jpg"/>
        </file>
      
        <file ID="image162">
          <FLocat xlink:href="Rasail133.jpg"/>
        </file>
      
        <file ID="image163">
          <FLocat xlink:href="Rasail134.jpg"/>
        </file>
      
        <file ID="image164">
          <FLocat xlink:href="Rasail135.jpg"/>
        </file>
      
        <file ID="image165">
          <FLocat xlink:href="Rasail136.jpg"/>
        </file>
      
    </fileGrp>
    
    <fileGrp USE="export">
      
        <file ID="export1">
          <FLocat xlink:href="Rasail137.xml"/>
        </file>
      
        <file ID="export2">
          <FLocat xlink:href="Rasail138.xml"/>
        </file>
      
        <file ID="export3">
          <FLocat xlink:href="Rasail139.xml"/>
        </file>
      
        <file ID="export4">
          <FLocat xlink:href="Rasail140.xml"/>
        </file>
      
        <file ID="export5">
          <FLocat xlink:href="Rasail141.xml"/>
        </file>
      
        <file ID="export6">
          <FLocat xlink:href="Rasail142.xml"/>
        </file>
      
        <file ID="export7">
          <FLocat xlink:href="Rasail143.xml"/>
        </file>
      
        <file ID="export8">
          <FLocat xlink:href="Rasail144.xml"/>
        </file>
      
        <file ID="export9">
          <FLocat xlink:href="Rasail145.xml"/>
        </file>
      
        <file ID="export10">
          <FLocat xlink:href="Rasail146.xml"/>
        </file>
      
        <file ID="export11">
          <FLocat xlink:href="Rasail147.xml"/>
        </file>
      
        <file ID="export12">
          <FLocat xlink:href="Rasail148.xml"/>
        </file>
      
        <file ID="export13">
          <FLocat xlink:href="Rasail149.xml"/>
        </file>
      
        <file ID="export14">
          <FLocat xlink:href="Rasail150.xml"/>
        </file>
      
        <file ID="export15">
          <FLocat xlink:href="Rasail151.xml"/>
        </file>
      
        <file ID="export16">
          <FLocat xlink:href="Rasail152.xml"/>
        </file>
      
        <file ID="export17">
          <FLocat xlink:href="Rasail153.xml"/>
        </file>
      
        <file ID="export18">
          <FLocat xlink:href="Rasail154.xml"/>
        </file>
      
        <file ID="export19">
          <FLocat xlink:href="Rasail155.xml"/>
        </file>
      
        <file ID="export20">
          <FLocat xlink:href="Rasail156.xml"/>
        </file>
      
        <file ID="export21">
          <FLocat xlink:href="Rasail157.xml"/>
        </file>
      
        <file ID="export22">
          <FLocat xlink:href="Rasail158.xml"/>
        </file>
      
        <file ID="export23">
          <FLocat xlink:href="Rasail159.xml"/>
        </file>
      
        <file ID="export24">
          <FLocat xlink:href="Rasail160.xml"/>
        </file>
      
        <file ID="export25">
          <FLocat xlink:href="Rasail161.xml"/>
        </file>
      
        <file ID="export26">
          <FLocat xlink:href="Rasail162.xml"/>
        </file>
      
        <file ID="export27">
          <FLocat xlink:href="Rasail163.xml"/>
        </file>
      
        <file ID="export28">
          <FLocat xlink:href="Rasail164.xml"/>
        </file>
      
        <file ID="export29">
          <FLocat xlink:href="Rasail165.xml"/>
        </file>
      
        <file ID="export30">
          <FLocat xlink:href="Rasail001.xml"/>
        </file>
      
        <file ID="export31">
          <FLocat xlink:href="Rasail002.xml"/>
        </file>
      
        <file ID="export32">
          <FLocat xlink:href="Rasail003.xml"/>
        </file>
      
        <file ID="export33">
          <FLocat xlink:href="Rasail004.xml"/>
        </file>
      
        <file ID="export34">
          <FLocat xlink:href="Rasail005.xml"/>
        </file>
      
        <file ID="export35">
          <FLocat xlink:href="Rasail006.xml"/>
        </file>
      
        <file ID="export36">
          <FLocat xlink:href="Rasail007.xml"/>
        </file>
      
        <file ID="export37">
          <FLocat xlink:href="Rasail008.xml"/>
        </file>
      
        <file ID="export38">
          <FLocat xlink:href="Rasail009.xml"/>
        </file>
      
        <file ID="export39">
          <FLocat xlink:href="Rasail010.xml"/>
        </file>
      
        <file ID="export40">
          <FLocat xlink:href="Rasail011.xml"/>
        </file>
      
        <file ID="export41">
          <FLocat xlink:href="Rasail012.xml"/>
        </file>
      
        <file ID="export42">
          <FLocat xlink:href="Rasail013.xml"/>
        </file>
      
        <file ID="export43">
          <FLocat xlink:href="Rasail014.xml"/>
        </file>
      
        <file ID="export44">
          <FLocat xlink:href="Rasail015.xml"/>
        </file>
      
        <file ID="export45">
          <FLocat xlink:href="Rasail016.xml"/>
        </file>
      
        <file ID="export46">
          <FLocat xlink:href="Rasail017.xml"/>
        </file>
      
        <file ID="export47">
          <FLocat xlink:href="Rasail018.xml"/>
        </file>
      
        <file ID="export48">
          <FLocat xlink:href="Rasail019.xml"/>
        </file>
      
        <file ID="export49">
          <FLocat xlink:href="Rasail020.xml"/>
        </file>
      
        <file ID="export50">
          <FLocat xlink:href="Rasail021.xml"/>
        </file>
      
        <file ID="export51">
          <FLocat xlink:href="Rasail022.xml"/>
        </file>
      
        <file ID="export52">
          <FLocat xlink:href="Rasail023.xml"/>
        </file>
      
        <file ID="export53">
          <FLocat xlink:href="Rasail024.xml"/>
        </file>
      
        <file ID="export54">
          <FLocat xlink:href="Rasail025.xml"/>
        </file>
      
        <file ID="export55">
          <FLocat xlink:href="Rasail026.xml"/>
        </file>
      
        <file ID="export56">
          <FLocat xlink:href="Rasail027.xml"/>
        </file>
      
        <file ID="export57">
          <FLocat xlink:href="Rasail028.xml"/>
        </file>
      
        <file ID="export58">
          <FLocat xlink:href="Rasail029.xml"/>
        </file>
      
        <file ID="export59">
          <FLocat xlink:href="Rasail030.xml"/>
        </file>
      
        <file ID="export60">
          <FLocat xlink:href="Rasail031.xml"/>
        </file>
      
        <file ID="export61">
          <FLocat xlink:href="Rasail032.xml"/>
        </file>
      
        <file ID="export62">
          <FLocat xlink:href="Rasail033.xml"/>
        </file>
      
        <file ID="export63">
          <FLocat xlink:href="Rasail034.xml"/>
        </file>
      
        <file ID="export64">
          <FLocat xlink:href="Rasail035.xml"/>
        </file>
      
        <file ID="export65">
          <FLocat xlink:href="Rasail036.xml"/>
        </file>
      
        <file ID="export66">
          <FLocat xlink:href="Rasail037.xml"/>
        </file>
      
        <file ID="export67">
          <FLocat xlink:href="Rasail038.xml"/>
        </file>
      
        <file ID="export68">
          <FLocat xlink:href="Rasail039.xml"/>
        </file>
      
        <file ID="export69">
          <FLocat xlink:href="Rasail040.xml"/>
        </file>
      
        <file ID="export70">
          <FLocat xlink:href="Rasail041.xml"/>
        </file>
      
        <file ID="export71">
          <FLocat xlink:href="Rasail042.xml"/>
        </file>
      
        <file ID="export72">
          <FLocat xlink:href="Rasail043.xml"/>
        </file>
      
        <file ID="export73">
          <FLocat xlink:href="Rasail044.xml"/>
        </file>
      
        <file ID="export74">
          <FLocat xlink:href="Rasail045.xml"/>
        </file>
      
        <file ID="export75">
          <FLocat xlink:href="Rasail046.xml"/>
        </file>
      
        <file ID="export76">
          <FLocat xlink:href="Rasail047.xml"/>
        </file>
      
        <file ID="export77">
          <FLocat xlink:href="Rasail048.xml"/>
        </file>
      
        <file ID="export78">
          <FLocat xlink:href="Rasail049.xml"/>
        </file>
      
        <file ID="export79">
          <FLocat xlink:href="Rasail050.xml"/>
        </file>
      
        <file ID="export80">
          <FLocat xlink:href="Rasail051.xml"/>
        </file>
      
        <file ID="export81">
          <FLocat xlink:href="Rasail052.xml"/>
        </file>
      
        <file ID="export82">
          <FLocat xlink:href="Rasail053.xml"/>
        </file>
      
        <file ID="export83">
          <FLocat xlink:href="Rasail054.xml"/>
        </file>
      
        <file ID="export84">
          <FLocat xlink:href="Rasail055.xml"/>
        </file>
      
        <file ID="export85">
          <FLocat xlink:href="Rasail056.xml"/>
        </file>
      
        <file ID="export86">
          <FLocat xlink:href="Rasail057.xml"/>
        </file>
      
        <file ID="export87">
          <FLocat xlink:href="Rasail058.xml"/>
        </file>
      
        <file ID="export88">
          <FLocat xlink:href="Rasail059.xml"/>
        </file>
      
        <file ID="export89">
          <FLocat xlink:href="Rasail060.xml"/>
        </file>
      
        <file ID="export90">
          <FLocat xlink:href="Rasail061.xml"/>
        </file>
      
        <file ID="export91">
          <FLocat xlink:href="Rasail062.xml"/>
        </file>
      
        <file ID="export92">
          <FLocat xlink:href="Rasail063.xml"/>
        </file>
      
        <file ID="export93">
          <FLocat xlink:href="Rasail064.xml"/>
        </file>
      
        <file ID="export94">
          <FLocat xlink:href="Rasail065.xml"/>
        </file>
      
        <file ID="export95">
          <FLocat xlink:href="Rasail066.xml"/>
        </file>
      
        <file ID="export96">
          <FLocat xlink:href="Rasail067.xml"/>
        </file>
      
        <file ID="export97">
          <FLocat xlink:href="Rasail068.xml"/>
        </file>
      
        <file ID="export98">
          <FLocat xlink:href="Rasail069.xml"/>
        </file>
      
        <file ID="export99">
          <FLocat xlink:href="Rasail070.xml"/>
        </file>
      
        <file ID="export100">
          <FLocat xlink:href="Rasail071.xml"/>
        </file>
      
        <file ID="export101">
          <FLocat xlink:href="Rasail072.xml"/>
        </file>
      
        <file ID="export102">
          <FLocat xlink:href="Rasail073.xml"/>
        </file>
      
        <file ID="export103">
          <FLocat xlink:href="Rasail074.xml"/>
        </file>
      
        <file ID="export104">
          <FLocat xlink:href="Rasail075.xml"/>
        </file>
      
        <file ID="export105">
          <FLocat xlink:href="Rasail076.xml"/>
        </file>
      
        <file ID="export106">
          <FLocat xlink:href="Rasail077.xml"/>
        </file>
      
        <file ID="export107">
          <FLocat xlink:href="Rasail078.xml"/>
        </file>
      
        <file ID="export108">
          <FLocat xlink:href="Rasail079.xml"/>
        </file>
      
        <file ID="export109">
          <FLocat xlink:href="Rasail080.xml"/>
        </file>
      
        <file ID="export110">
          <FLocat xlink:href="Rasail081.xml"/>
        </file>
      
        <file ID="export111">
          <FLocat xlink:href="Rasail082.xml"/>
        </file>
      
        <file ID="export112">
          <FLocat xlink:href="Rasail083.xml"/>
        </file>
      
        <file ID="export113">
          <FLocat xlink:href="Rasail084.xml"/>
        </file>
      
        <file ID="export114">
          <FLocat xlink:href="Rasail085.xml"/>
        </file>
      
        <file ID="export115">
          <FLocat xlink:href="Rasail086.xml"/>
        </file>
      
        <file ID="export116">
          <FLocat xlink:href="Rasail087.xml"/>
        </file>
      
        <file ID="export117">
          <FLocat xlink:href="Rasail088.xml"/>
        </file>
      
        <file ID="export118">
          <FLocat xlink:href="Rasail089.xml"/>
        </file>
      
        <file ID="export119">
          <FLocat xlink:href="Rasail090.xml"/>
        </file>
      
        <file ID="export120">
          <FLocat xlink:href="Rasail091.xml"/>
        </file>
      
        <file ID="export121">
          <FLocat xlink:href="Rasail092.xml"/>
        </file>
      
        <file ID="export122">
          <FLocat xlink:href="Rasail093.xml"/>
        </file>
      
        <file ID="export123">
          <FLocat xlink:href="Rasail094.xml"/>
        </file>
      
        <file ID="export124">
          <FLocat xlink:href="Rasail095.xml"/>
        </file>
      
        <file ID="export125">
          <FLocat xlink:href="Rasail096.xml"/>
        </file>
      
        <file ID="export126">
          <FLocat xlink:href="Rasail097.xml"/>
        </file>
      
        <file ID="export127">
          <FLocat xlink:href="Rasail098.xml"/>
        </file>
      
        <file ID="export128">
          <FLocat xlink:href="Rasail099.xml"/>
        </file>
      
        <file ID="export129">
          <FLocat xlink:href="Rasail100.xml"/>
        </file>
      
        <file ID="export130">
          <FLocat xlink:href="Rasail101.xml"/>
        </file>
      
        <file ID="export131">
          <FLocat xlink:href="Rasail102.xml"/>
        </file>
      
        <file ID="export132">
          <FLocat xlink:href="Rasail103.xml"/>
        </file>
      
        <file ID="export133">
          <FLocat xlink:href="Rasail104.xml"/>
        </file>
      
        <file ID="export134">
          <FLocat xlink:href="Rasail105.xml"/>
        </file>
      
        <file ID="export135">
          <FLocat xlink:href="Rasail106.xml"/>
        </file>
      
        <file ID="export136">
          <FLocat xlink:href="Rasail107.xml"/>
        </file>
      
        <file ID="export137">
          <FLocat xlink:href="Rasail108.xml"/>
        </file>
      
        <file ID="export138">
          <FLocat xlink:href="Rasail109.xml"/>
        </file>
      
        <file ID="export139">
          <FLocat xlink:href="Rasail110.xml"/>
        </file>
      
        <file ID="export140">
          <FLocat xlink:href="Rasail111.xml"/>
        </file>
      
        <file ID="export141">
          <FLocat xlink:href="Rasail112.xml"/>
        </file>
      
        <file ID="export142">
          <FLocat xlink:href="Rasail113.xml"/>
        </file>
      
        <file ID="export143">
          <FLocat xlink:href="Rasail114.xml"/>
        </file>
      
        <file ID="export144">
          <FLocat xlink:href="Rasail115.xml"/>
        </file>
      
        <file ID="export145">
          <FLocat xlink:href="Rasail116.xml"/>
        </file>
      
        <file ID="export146">
          <FLocat xlink:href="Rasail117.xml"/>
        </file>
      
        <file ID="export147">
          <FLocat xlink:href="Rasail118.xml"/>
        </file>
      
        <file ID="export148">
          <FLocat xlink:href="Rasail119.xml"/>
        </file>
      
        <file ID="export149">
          <FLocat xlink:href="Rasail120.xml"/>
        </file>
      
        <file ID="export150">
          <FLocat xlink:href="Rasail121.xml"/>
        </file>
      
        <file ID="export151">
          <FLocat xlink:href="Rasail122.xml"/>
        </file>
      
        <file ID="export152">
          <FLocat xlink:href="Rasail123.xml"/>
        </file>
      
        <file ID="export153">
          <FLocat xlink:href="Rasail124.xml"/>
        </file>
      
        <file ID="export154">
          <FLocat xlink:href="Rasail125.xml"/>
        </file>
      
        <file ID="export155">
          <FLocat xlink:href="Rasail126.xml"/>
        </file>
      
        <file ID="export156">
          <FLocat xlink:href="Rasail127.xml"/>
        </file>
      
        <file ID="export157">
          <FLocat xlink:href="Rasail128.xml"/>
        </file>
      
        <file ID="export158">
          <FLocat xlink:href="Rasail129.xml"/>
        </file>
      
        <file ID="export159">
          <FLocat xlink:href="Rasail130.xml"/>
        </file>
      
        <file ID="export160">
          <FLocat xlink:href="Rasail131.xml"/>
        </file>
      
        <file ID="export161">
          <FLocat xlink:href="Rasail132.xml"/>
        </file>
      
        <file ID="export162">
          <FLocat xlink:href="Rasail133.xml"/>
        </file>
      
        <file ID="export163">
          <FLocat xlink:href="Rasail134.xml"/>
        </file>
      
        <file ID="export164">
          <FLocat xlink:href="Rasail135.xml"/>
        </file>
      
        <file ID="export165">
          <FLocat xlink:href="Rasail136.xml"/>
        </file>
      
    </fileGrp>
  </fileSec>
  <structMap TYPE="physical">
    <div TYPE="document">
      
      <div TYPE="page">
        <fptr FILEID="image1"/>
        <fptr FILEID="export1"/>
      </div>
      
      <div TYPE="page">
        <fptr FILEID="image2"/>
        <fptr FILEID="export2"/>
      </div>
      
      <div TYPE="page">
        <fptr FILEID="image3"/>
        <fptr FILEID="export3"/>
      </div>
      
      <div TYPE="page">
        <fptr FILEID="image4"/>
        <fptr FILEID="export4"/>
      </div>
      
      <div TYPE="page">
        <fptr FILEID="image5"/>
        <fptr FILEID="export5"/>
      </div>
      
      <div TYPE="page">
        <fptr FILEID="image6"/>
        <fptr FILEID="export6"/>
      </div>
      
      <div TYPE="page">
        <fptr FILEID="image7"/>
        <fptr FILEID="export7"/>
      </div>
      
      <div TYPE="page">
        <fptr FILEID="image8"/>
        <fptr FILEID="export8"/>
      </div>
      
      <div TYPE="page">
        <fptr FILEID="image9"/>
        <fptr FILEID="export9"/>
      </div>
      
      <div TYPE="page">
        <fptr FILEID="image10"/>
        <fptr FILEID="export10"/>
      </div>
      
      <div TYPE="page">
        <fptr FILEID="image11"/>
        <fptr FILEID="export11"/>
      </div>
      
      <div TYPE="page">
        <fptr FILEID="image12"/>
        <fptr FILEID="export12"/>
      </div>
      
      <div TYPE="page">
        <fptr FILEID="image13"/>
        <fptr FILEID="export13"/>
      </div>
      
      <div TYPE="page">
        <fptr FILEID="image14"/>
        <fptr FILEID="export14"/>
      </div>
      
      <div TYPE="page">
        <fptr FILEID="image15"/>
        <fptr FILEID="export15"/>
      </div>
      
      <div TYPE="page">
        <fptr FILEID="image16"/>
        <fptr FILEID="export16"/>
      </div>
      
      <div TYPE="page">
        <fptr FILEID="image17"/>
        <fptr FILEID="export17"/>
      </div>
      
      <div TYPE="page">
        <fptr FILEID="image18"/>
        <fptr FILEID="export18"/>
      </div>
      
      <div TYPE="page">
        <fptr FILEID="image19"/>
        <fptr FILEID="export19"/>
      </div>
      
      <div TYPE="page">
        <fptr FILEID="image20"/>
        <fptr FILEID="export20"/>
      </div>
      
      <div TYPE="page">
        <fptr FILEID="image21"/>
        <fptr FILEID="export21"/>
      </div>
      
      <div TYPE="page">
        <fptr FILEID="image22"/>
        <fptr FILEID="export22"/>
      </div>
      
      <div TYPE="page">
        <fptr FILEID="image23"/>
        <fptr FILEID="export23"/>
      </div>
      
      <div TYPE="page">
        <fptr FILEID="image24"/>
        <fptr FILEID="export24"/>
      </div>
      
      <div TYPE="page">
        <fptr FILEID="image25"/>
        <fptr FILEID="export25"/>
      </div>
      
      <div TYPE="page">
        <fptr FILEID="image26"/>
        <fptr FILEID="export26"/>
      </div>
      
      <div TYPE="page">
        <fptr FILEID="image27"/>
        <fptr FILEID="export27"/>
      </div>
      
      <div TYPE="page">
        <fptr FILEID="image28"/>
        <fptr FILEID="export28"/>
      </div>
      
      <div TYPE="page">
        <fptr FILEID="image29"/>
        <fptr FILEID="export29"/>
      </div>
      
      <div TYPE="page">
        <fptr FILEID="image30"/>
        <fptr FILEID="export30"/>
      </div>
      
      <div TYPE="page">
        <fptr FILEID="image31"/>
        <fptr FILEID="export31"/>
      </div>
      
      <div TYPE="page">
        <fptr FILEID="image32"/>
        <fptr FILEID="export32"/>
      </div>
      
      <div TYPE="page">
        <fptr FILEID="image33"/>
        <fptr FILEID="export33"/>
      </div>
      
      <div TYPE="page">
        <fptr FILEID="image34"/>
        <fptr FILEID="export34"/>
      </div>
      
      <div TYPE="page">
        <fptr FILEID="image35"/>
        <fptr FILEID="export35"/>
      </div>
      
      <div TYPE="page">
        <fptr FILEID="image36"/>
        <fptr FILEID="export36"/>
      </div>
      
      <div TYPE="page">
        <fptr FILEID="image37"/>
        <fptr FILEID="export37"/>
      </div>
      
      <div TYPE="page">
        <fptr FILEID="image38"/>
        <fptr FILEID="export38"/>
      </div>
      
      <div TYPE="page">
        <fptr FILEID="image39"/>
        <fptr FILEID="export39"/>
      </div>
      
      <div TYPE="page">
        <fptr FILEID="image40"/>
        <fptr FILEID="export40"/>
      </div>
      
      <div TYPE="page">
        <fptr FILEID="image41"/>
        <fptr FILEID="export41"/>
      </div>
      
      <div TYPE="page">
        <fptr FILEID="image42"/>
        <fptr FILEID="export42"/>
      </div>
      
      <div TYPE="page">
        <fptr FILEID="image43"/>
        <fptr FILEID="export43"/>
      </div>
      
      <div TYPE="page">
        <fptr FILEID="image44"/>
        <fptr FILEID="export44"/>
      </div>
      
      <div TYPE="page">
        <fptr FILEID="image45"/>
        <fptr FILEID="export45"/>
      </div>
      
      <div TYPE="page">
        <fptr FILEID="image46"/>
        <fptr FILEID="export46"/>
      </div>
      
      <div TYPE="page">
        <fptr FILEID="image47"/>
        <fptr FILEID="export47"/>
      </div>
      
      <div TYPE="page">
        <fptr FILEID="image48"/>
        <fptr FILEID="export48"/>
      </div>
      
      <div TYPE="page">
        <fptr FILEID="image49"/>
        <fptr FILEID="export49"/>
      </div>
      
      <div TYPE="page">
        <fptr FILEID="image50"/>
        <fptr FILEID="export50"/>
      </div>
      
      <div TYPE="page">
        <fptr FILEID="image51"/>
        <fptr FILEID="export51"/>
      </div>
      
      <div TYPE="page">
        <fptr FILEID="image52"/>
        <fptr FILEID="export52"/>
      </div>
      
      <div TYPE="page">
        <fptr FILEID="image53"/>
        <fptr FILEID="export53"/>
      </div>
      
      <div TYPE="page">
        <fptr FILEID="image54"/>
        <fptr FILEID="export54"/>
      </div>
      
      <div TYPE="page">
        <fptr FILEID="image55"/>
        <fptr FILEID="export55"/>
      </div>
      
      <div TYPE="page">
        <fptr FILEID="image56"/>
        <fptr FILEID="export56"/>
      </div>
      
      <div TYPE="page">
        <fptr FILEID="image57"/>
        <fptr FILEID="export57"/>
      </div>
      
      <div TYPE="page">
        <fptr FILEID="image58"/>
        <fptr FILEID="export58"/>
      </div>
      
      <div TYPE="page">
        <fptr FILEID="image59"/>
        <fptr FILEID="export59"/>
      </div>
      
      <div TYPE="page">
        <fptr FILEID="image60"/>
        <fptr FILEID="export60"/>
      </div>
      
      <div TYPE="page">
        <fptr FILEID="image61"/>
        <fptr FILEID="export61"/>
      </div>
      
      <div TYPE="page">
        <fptr FILEID="image62"/>
        <fptr FILEID="export62"/>
      </div>
      
      <div TYPE="page">
        <fptr FILEID="image63"/>
        <fptr FILEID="export63"/>
      </div>
      
      <div TYPE="page">
        <fptr FILEID="image64"/>
        <fptr FILEID="export64"/>
      </div>
      
      <div TYPE="page">
        <fptr FILEID="image65"/>
        <fptr FILEID="export65"/>
      </div>
      
      <div TYPE="page">
        <fptr FILEID="image66"/>
        <fptr FILEID="export66"/>
      </div>
      
      <div TYPE="page">
        <fptr FILEID="image67"/>
        <fptr FILEID="export67"/>
      </div>
      
      <div TYPE="page">
        <fptr FILEID="image68"/>
        <fptr FILEID="export68"/>
      </div>
      
      <div TYPE="page">
        <fptr FILEID="image69"/>
        <fptr FILEID="export69"/>
      </div>
      
      <div TYPE="page">
        <fptr FILEID="image70"/>
        <fptr FILEID="export70"/>
      </div>
      
      <div TYPE="page">
        <fptr FILEID="image71"/>
        <fptr FILEID="export71"/>
      </div>
      
      <div TYPE="page">
        <fptr FILEID="image72"/>
        <fptr FILEID="export72"/>
      </div>
      
      <div TYPE="page">
        <fptr FILEID="image73"/>
        <fptr FILEID="export73"/>
      </div>
      
      <div TYPE="page">
        <fptr FILEID="image74"/>
        <fptr FILEID="export74"/>
      </div>
      
      <div TYPE="page">
        <fptr FILEID="image75"/>
        <fptr FILEID="export75"/>
      </div>
      
      <div TYPE="page">
        <fptr FILEID="image76"/>
        <fptr FILEID="export76"/>
      </div>
      
      <div TYPE="page">
        <fptr FILEID="image77"/>
        <fptr FILEID="export77"/>
      </div>
      
      <div TYPE="page">
        <fptr FILEID="image78"/>
        <fptr FILEID="export78"/>
      </div>
      
      <div TYPE="page">
        <fptr FILEID="image79"/>
        <fptr FILEID="export79"/>
      </div>
      
      <div TYPE="page">
        <fptr FILEID="image80"/>
        <fptr FILEID="export80"/>
      </div>
      
      <div TYPE="page">
        <fptr FILEID="image81"/>
        <fptr FILEID="export81"/>
      </div>
      
      <div TYPE="page">
        <fptr FILEID="image82"/>
        <fptr FILEID="export82"/>
      </div>
      
      <div TYPE="page">
        <fptr FILEID="image83"/>
        <fptr FILEID="export83"/>
      </div>
      
      <div TYPE="page">
        <fptr FILEID="image84"/>
        <fptr FILEID="export84"/>
      </div>
      
      <div TYPE="page">
        <fptr FILEID="image85"/>
        <fptr FILEID="export85"/>
      </div>
      
      <div TYPE="page">
        <fptr FILEID="image86"/>
        <fptr FILEID="export86"/>
      </div>
      
      <div TYPE="page">
        <fptr FILEID="image87"/>
        <fptr FILEID="export87"/>
      </div>
      
      <div TYPE="page">
        <fptr FILEID="image88"/>
        <fptr FILEID="export88"/>
      </div>
      
      <div TYPE="page">
        <fptr FILEID="image89"/>
        <fptr FILEID="export89"/>
      </div>
      
      <div TYPE="page">
        <fptr FILEID="image90"/>
        <fptr FILEID="export90"/>
      </div>
      
      <div TYPE="page">
        <fptr FILEID="image91"/>
        <fptr FILEID="export91"/>
      </div>
      
      <div TYPE="page">
        <fptr FILEID="image92"/>
        <fptr FILEID="export92"/>
      </div>
      
      <div TYPE="page">
        <fptr FILEID="image93"/>
        <fptr FILEID="export93"/>
      </div>
      
      <div TYPE="page">
        <fptr FILEID="image94"/>
        <fptr FILEID="export94"/>
      </div>
      
      <div TYPE="page">
        <fptr FILEID="image95"/>
        <fptr FILEID="export95"/>
      </div>
      
      <div TYPE="page">
        <fptr FILEID="image96"/>
        <fptr FILEID="export96"/>
      </div>
      
      <div TYPE="page">
        <fptr FILEID="image97"/>
        <fptr FILEID="export97"/>
      </div>
      
      <div TYPE="page">
        <fptr FILEID="image98"/>
        <fptr FILEID="export98"/>
      </div>
      
      <div TYPE="page">
        <fptr FILEID="image99"/>
        <fptr FILEID="export99"/>
      </div>
      
      <div TYPE="page">
        <fptr FILEID="image100"/>
        <fptr FILEID="export100"/>
      </div>
      
      <div TYPE="page">
        <fptr FILEID="image101"/>
        <fptr FILEID="export101"/>
      </div>
      
      <div TYPE="page">
        <fptr FILEID="image102"/>
        <fptr FILEID="export102"/>
      </div>
      
      <div TYPE="page">
        <fptr FILEID="image103"/>
        <fptr FILEID="export103"/>
      </div>
      
      <div TYPE="page">
        <fptr FILEID="image104"/>
        <fptr FILEID="export104"/>
      </div>
      
      <div TYPE="page">
        <fptr FILEID="image105"/>
        <fptr FILEID="export105"/>
      </div>
      
      <div TYPE="page">
        <fptr FILEID="image106"/>
        <fptr FILEID="export106"/>
      </div>
      
      <div TYPE="page">
        <fptr FILEID="image107"/>
        <fptr FILEID="export107"/>
      </div>
      
      <div TYPE="page">
        <fptr FILEID="image108"/>
        <fptr FILEID="export108"/>
      </div>
      
      <div TYPE="page">
        <fptr FILEID="image109"/>
        <fptr FILEID="export109"/>
      </div>
      
      <div TYPE="page">
        <fptr FILEID="image110"/>
        <fptr FILEID="export110"/>
      </div>
      
      <div TYPE="page">
        <fptr FILEID="image111"/>
        <fptr FILEID="export111"/>
      </div>
      
      <div TYPE="page">
        <fptr FILEID="image112"/>
        <fptr FILEID="export112"/>
      </div>
      
      <div TYPE="page">
        <fptr FILEID="image113"/>
        <fptr FILEID="export113"/>
      </div>
      
      <div TYPE="page">
        <fptr FILEID="image114"/>
        <fptr FILEID="export114"/>
      </div>
      
      <div TYPE="page">
        <fptr FILEID="image115"/>
        <fptr FILEID="export115"/>
      </div>
      
      <div TYPE="page">
        <fptr FILEID="image116"/>
        <fptr FILEID="export116"/>
      </div>
      
      <div TYPE="page">
        <fptr FILEID="image117"/>
        <fptr FILEID="export117"/>
      </div>
      
      <div TYPE="page">
        <fptr FILEID="image118"/>
        <fptr FILEID="export118"/>
      </div>
      
      <div TYPE="page">
        <fptr FILEID="image119"/>
        <fptr FILEID="export119"/>
      </div>
      
      <div TYPE="page">
        <fptr FILEID="image120"/>
        <fptr FILEID="export120"/>
      </div>
      
      <div TYPE="page">
        <fptr FILEID="image121"/>
        <fptr FILEID="export121"/>
      </div>
      
      <div TYPE="page">
        <fptr FILEID="image122"/>
        <fptr FILEID="export122"/>
      </div>
      
      <div TYPE="page">
        <fptr FILEID="image123"/>
        <fptr FILEID="export123"/>
      </div>
      
      <div TYPE="page">
        <fptr FILEID="image124"/>
        <fptr FILEID="export124"/>
      </div>
      
      <div TYPE="page">
        <fptr FILEID="image125"/>
        <fptr FILEID="export125"/>
      </div>
      
      <div TYPE="page">
        <fptr FILEID="image126"/>
        <fptr FILEID="export126"/>
      </div>
      
      <div TYPE="page">
        <fptr FILEID="image127"/>
        <fptr FILEID="export127"/>
      </div>
      
      <div TYPE="page">
        <fptr FILEID="image128"/>
        <fptr FILEID="export128"/>
      </div>
      
      <div TYPE="page">
        <fptr FILEID="image129"/>
        <fptr FILEID="export129"/>
      </div>
      
      <div TYPE="page">
        <fptr FILEID="image130"/>
        <fptr FILEID="export130"/>
      </div>
      
      <div TYPE="page">
        <fptr FILEID="image131"/>
        <fptr FILEID="export131"/>
      </div>
      
      <div TYPE="page">
        <fptr FILEID="image132"/>
        <fptr FILEID="export132"/>
      </div>
      
      <div TYPE="page">
        <fptr FILEID="image133"/>
        <fptr FILEID="export133"/>
      </div>
      
      <div TYPE="page">
        <fptr FILEID="image134"/>
        <fptr FILEID="export134"/>
      </div>
      
      <div TYPE="page">
        <fptr FILEID="image135"/>
        <fptr FILEID="export135"/>
      </div>
      
      <div TYPE="page">
        <fptr FILEID="image136"/>
        <fptr FILEID="export136"/>
      </div>
      
      <div TYPE="page">
        <fptr FILEID="image137"/>
        <fptr FILEID="export137"/>
      </div>
      
      <div TYPE="page">
        <fptr FILEID="image138"/>
        <fptr FILEID="export138"/>
      </div>
      
      <div TYPE="page">
        <fptr FILEID="image139"/>
        <fptr FILEID="export139"/>
      </div>
      
      <div TYPE="page">
        <fptr FILEID="image140"/>
        <fptr FILEID="export140"/>
      </div>
      
      <div TYPE="page">
        <fptr FILEID="image141"/>
        <fptr FILEID="export141"/>
      </div>
      
      <div TYPE="page">
        <fptr FILEID="image142"/>
        <fptr FILEID="export142"/>
      </div>
      
      <div TYPE="page">
        <fptr FILEID="image143"/>
        <fptr FILEID="export143"/>
      </div>
      
      <div TYPE="page">
        <fptr FILEID="image144"/>
        <fptr FILEID="export144"/>
      </div>
      
      <div TYPE="page">
        <fptr FILEID="image145"/>
        <fptr FILEID="export145"/>
      </div>
      
      <div TYPE="page">
        <fptr FILEID="image146"/>
        <fptr FILEID="export146"/>
      </div>
      
      <div TYPE="page">
        <fptr FILEID="image147"/>
        <fptr FILEID="export147"/>
      </div>
      
      <div TYPE="page">
        <fptr FILEID="image148"/>
        <fptr FILEID="export148"/>
      </div>
      
      <div TYPE="page">
        <fptr FILEID="image149"/>
        <fptr FILEID="export149"/>
      </div>
      
      <div TYPE="page">
        <fptr FILEID="image150"/>
        <fptr FILEID="export150"/>
      </div>
      
      <div TYPE="page">
        <fptr FILEID="image151"/>
        <fptr FILEID="export151"/>
      </div>
      
      <div TYPE="page">
        <fptr FILEID="image152"/>
        <fptr FILEID="export152"/>
      </div>
      
      <div TYPE="page">
        <fptr FILEID="image153"/>
        <fptr FILEID="export153"/>
      </div>
      
      <div TYPE="page">
        <fptr FILEID="image154"/>
        <fptr FILEID="export154"/>
      </div>
      
      <div TYPE="page">
        <fptr FILEID="image155"/>
        <fptr FILEID="export155"/>
      </div>
      
      <div TYPE="page">
        <fptr FILEID="image156"/>
        <fptr FILEID="export156"/>
      </div>
      
      <div TYPE="page">
        <fptr FILEID="image157"/>
        <fptr FILEID="export157"/>
      </div>
      
      <div TYPE="page">
        <fptr FILEID="image158"/>
        <fptr FILEID="export158"/>
      </div>
      
      <div TYPE="page">
        <fptr FILEID="image159"/>
        <fptr FILEID="export159"/>
      </div>
      
      <div TYPE="page">
        <fptr FILEID="image160"/>
        <fptr FILEID="export160"/>
      </div>
      
      <div TYPE="page">
        <fptr FILEID="image161"/>
        <fptr FILEID="export161"/>
      </div>
      
      <div TYPE="page">
        <fptr FILEID="image162"/>
        <fptr FILEID="export162"/>
      </div>
      
      <div TYPE="page">
        <fptr FILEID="image163"/>
        <fptr FILEID="export163"/>
      </div>
      
      <div TYPE="page">
        <fptr FILEID="image164"/>
        <fptr FILEID="export164"/>
      </div>
      
      <div TYPE="page">
        <fptr FILEID="image165"/>
        <fptr FILEID="export165"/>
      </div>
      
    </div>
  </structMap>
</mets>
