<?xml version="1.0" encoding="UTF-8"?>
<alto xmlns:xsi="http://www.w3.org/2001/XMLSchema-instance"
      xmlns="http://www.loc.gov/standards/alto/ns-v4#"
      xsi:schemaLocation="http://www.loc.gov/standards/alto/ns-v4# http://www.loc.gov/standards/alto/v4/alto-4-2.xsd">
  <Description>
    <MeasurementUnit>pixel</MeasurementUnit>
    <sourceImageInformation>
      <fileName>Rasail056.jpg</fileName>
      
    </sourceImageInformation>
  </Description>
  
  <Tags>
    <OtherTag ID="BT16094" LABEL="default" DESCRIPTION="block type default"/><OtherTag ID="BT16093" LABEL="NumberingZone:page" DESCRIPTION="block type NumberingZone:page"/><OtherTag ID="BT16092" LABEL="MarginTextZone:note" DESCRIPTION="block type MarginTextZone:note"/><OtherTag ID="BT16091" LABEL="TitlePageZone" DESCRIPTION="block type TitlePageZone"/><OtherTag ID="BT16090" LABEL="QuireMarksZone:catchwords" DESCRIPTION="block type QuireMarksZone:catchwords"/><OtherTag ID="BT16089" LABEL="NumberingZone:other" DESCRIPTION="block type NumberingZone:other"/><OtherTag ID="BT16088" LABEL="NumberingZone" DESCRIPTION="block type NumberingZone"/><OtherTag ID="BT16087" LABEL="MarginTextZone" DESCRIPTION="block type MarginTextZone"/><OtherTag ID="BT16086" LABEL="MainZone" DESCRIPTION="block type MainZone"/><OtherTag ID="BT16085" LABEL="DigitizationArtefactZone" DESCRIPTION="block type DigitizationArtefactZone"/><OtherTag ID="BT2" LABEL="Main" DESCRIPTION="block type Main"/><OtherTag ID="BT1" LABEL="Title" DESCRIPTION="block type Title"/>
    <OtherTag ID="LT4837" LABEL="DefaultLine" DESCRIPTION="line type DefaultLine"/><OtherTag ID="LT4838" LABEL="default" DESCRIPTION="line type default"/><OtherTag ID="LT4839" LABEL="HeadingLine:title" DESCRIPTION="line type HeadingLine:title"/>
  </Tags>
  
  <Layout>
    <Page WIDTH="1114"
          HEIGHT="1666"
          PHYSICAL_IMG_NR="84"
          ID="eSc_dummypage_">
      <PrintSpace HPOS="0"
                  VPOS="0"
                  WIDTH="1114"
                  HEIGHT="1666">
        
        <TextBlock HPOS="55"
                   VPOS="133"
                   WIDTH="997"
                   HEIGHT="1470"
                   ID="eSc_textblock_df811561"
                   TAGREFS="BT16086">
          <Shape><Polygon POINTS="166 133 952 138 1052 161 1047 1092 1019 1377 1030 1564 1013 1581 830 1603 100 1603 83 1586 88 1404 61 1336 55 1216 83 1103 88 516 105 487 105 227 133 155 166 133"/></Shape>
          
          
          <TextLine ID="eSc_line_c634beb0"
                    TAGREFS="LT4837"
                    BASELINE="137 201 473 209 1004 209" 
                    HPOS="137"
                    VPOS="154"
                    WIDTH="867"
                    HEIGHT="88">
            <Shape><Polygon POINTS="137 201 137 220 184 220 194 229 195 229 197 229 198 229 200 229 220 222 301 229 302 229 304 229 326 223 341 236 343 236 344 236 418 238 419 238 420 238 422 238 441 224 468 230 469 230 470 230 493 223 516 238 518 238 519 238 520 238 623 236 625 236 626 236 641 226 647 230 647 231 648 231 650 231 651 231 709 224 715 224 716 224 748 237 750 237 751 237 752 237 786 226 788 224 791 226 822 241 823 241 825 241 826 241 884 226 887 226 888 226 915 241 916 241 918 242 977 242 977 241 979 241 1002 227 1004 209 1000 169 990 173 975 169 945 159 944 159 943 159 941 159 913 167 900 172 884 167 883 167 882 167 880 167 855 181 815 181 795 166 784 158 783 158 782 158 780 158 779 158 762 166 761 166 755 166 715 158 713 158 712 158 698 165 683 173 662 166 661 166 659 166 658 166 633 179 611 163 604 158 602 158 601 158 533 156 531 156 530 156 529 156 522 162 500 179 425 179 415 167 415 166 413 166 412 166 411 166 409 166 390 177 316 177 295 159 291 155 290 155 288 155 287 155 286 155 275 159 254 167 234 158 223 154 222 154 220 154 137 156 137 201"/></Shape>
	    <String CONTENT="و جهيگه اتفاق افتد که وجود بيغمر صاحبه وجی و رسالت به ظهور"
                    HPOS="137"
                    VPOS="154"
                    WIDTH="867"
                    HEIGHT="88"
                    WC="0.8454418403321299"></String>
          </TextLine>

          
          
          <TextLine ID="eSc_line_fbeaae2d"
                    TAGREFS="LT4837"
                    BASELINE="143 287 1005 291" 
                    HPOS="141"
                    VPOS="234"
                    WIDTH="864"
                    HEIGHT="90">
            <Shape><Polygon POINTS="143 287 141 302 198 304 231 319 233 319 234 319 236 319 254 309 327 315 329 315 330 315 331 315 344 305 365 322 366 322 368 322 369 323 416 323 416 322 418 322 441 310 469 323 470 323 472 324 579 324 579 323 580 323 613 309 632 323 633 323 634 323 636 323 637 323 672 312 716 324 718 324 719 324 720 324 772 308 787 315 788 315 790 315 959 308 973 316 975 316 976 316 977 316 979 316 1004 306 1005 291 1000 240 979 252 952 242 951 242 950 242 948 242 947 242 938 249 927 244 926 244 925 244 923 244 922 244 922 245 911 255 879 245 877 245 876 245 875 245 873 245 848 262 812 262 795 247 795 245 794 245 793 245 791 245 790 245 770 256 748 240 747 240 745 240 744 240 743 240 741 240 727 252 712 245 711 245 709 245 708 245 688 252 669 238 668 238 666 238 665 238 663 238 637 247 612 237 611 237 609 237 608 237 565 261 431 261 400 248 398 248 397 248 395 248 383 252 362 238 361 238 359 238 358 238 356 238 320 259 269 259 256 247 256 245 255 245 254 245 252 245 251 245 250 245 244 251 212 236 211 236 143 234 143 287"/></Shape>
	    <String CONTENT="آيد از آوار آنار يکه نطاع آن پيغمر متعلق باشد فيض بديکرا"
                    HPOS="141"
                    VPOS="234"
                    WIDTH="864"
                    HEIGHT="90"
                    WC="0.8210015555222829"></String>
          </TextLine>

          
          
          <TextLine ID="eSc_line_bc581e47"
                    TAGREFS="LT4837"
                    BASELINE="330 365 994 366" 
                    HPOS="329"
                    VPOS="323"
                    WIDTH="665"
                    HEIGHT="76">
            <Shape><Polygon POINTS="330 365 329 392 333 397 333 398 334 398 336 398 337 399 470 399 470 398 472 398 473 398 484 391 569 398 570 398 572 398 609 384 623 380 638 384 659 390 661 390 662 390 733 383 762 380 765 383 780 397 780 398 782 398 783 398 784 399 801 399 801 398 802 398 804 398 827 381 832 380 901 380 904 380 947 395 948 395 950 395 951 395 993 379 994 366 991 331 879 337 872 331 863 324 863 323 862 323 861 323 811 323 809 323 808 323 793 331 782 337 761 331 755 330 754 330 752 330 751 330 750 330 748 331 743 335 737 331 732 326 730 326 729 326 727 326 726 326 725 326 716 331 711 334 702 331 695 329 694 329 693 329 691 329 690 329 690 330 687 331 682 338 645 338 633 331 619 324 618 324 582 323 580 323 579 323 577 323 565 331 561 334 554 331 533 323 531 323 530 323 529 323 527 323 513 331 504 337 486 331 476 329 475 329 473 329 458 331 437 337 430 331 422 324 420 324 419 324 418 324 416 324 402 330 341 323 340 323 338 323 337 323 330 327 330 365"/></Shape>
	    <String CONTENT="دطالع ايشاناان پيغمر نزديک"
                    HPOS="329"
                    VPOS="323"
                    WIDTH="665"
                    HEIGHT="76"
                    WC="0.920462775688905"></String>
          </TextLine>

          
          
          <TextLine ID="eSc_line_b00860b0"
                    TAGREFS="LT4837"
                    BASELINE="148 354 276 359" 
                    HPOS="147"
                    VPOS="299"
                    WIDTH="129"
                    HEIGHT="80">
            <Shape><Polygon POINTS="148 354 147 367 273 379 276 359 275 312 250 324 222 324 195 306 186 299 184 299 183 299 181 299 150 302 148 354"/></Shape>
	    <String CONTENT="شد"
                    HPOS="147"
                    VPOS="299"
                    WIDTH="129"
                    HEIGHT="80"
                    WC="0.9894217550754547"></String>
          </TextLine>

          
          
          <TextLine ID="eSc_line_e6d91684"
                    TAGREFS="LT4837"
                    BASELINE="140 426 383 435 1001 435" 
                    HPOS="138"
                    VPOS="385"
                    WIDTH="863"
                    HEIGHT="82">
            <Shape><Polygon POINTS="140 426 138 445 191 445 193 445 209 453 211 453 212 453 213 453 237 447 245 453 245 455 247 455 248 455 250 455 276 449 293 463 294 463 295 463 297 465 376 465 376 463 377 463 379 463 379 462 384 458 394 463 395 463 397 463 398 463 476 458 500 465 501 465 502 465 595 448 597 448 602 448 636 448 668 463 669 463 670 463 672 463 711 451 743 465 744 465 745 465 747 465 748 465 766 449 784 449 791 449 812 463 813 463 815 463 816 465 850 465 850 463 851 463 852 463 875 449 895 466 897 466 898 466 900 467 925 467 925 466 926 466 927 466 927 465 938 453 951 460 952 460 954 460 955 460 957 460 969 449 970 449 998 449 1001 435 1001 395 976 390 975 390 973 390 972 390 970 390 970 391 965 395 959 401 951 395 940 390 938 390 876 390 875 390 873 390 872 390 863 395 843 408 800 408 776 394 766 390 765 390 763 390 762 390 751 394 723 405 697 394 694 392 693 392 691 392 690 392 686 394 647 405 634 392 630 390 630 388 629 388 627 388 587 388 586 388 584 388 583 388 577 392 559 406 484 406 448 397 447 397 445 397 381 404 362 391 359 388 358 388 356 388 355 388 354 388 352 388 350 391 336 402 256 390 223 385 222 385 220 385 219 385 213 390 201 398 140 390 140 426"/></Shape>
	    <String CONTENT="را بتنی گويند و گاه باشد که مبتنی دعوای يغمبری می نمايدو"
                    HPOS="138"
                    VPOS="385"
                    WIDTH="863"
                    HEIGHT="82"
                    WC="0.880283135920763"></String>
          </TextLine>

          
          
          <TextLine ID="eSc_line_dfca7419"
                    TAGREFS="LT4837"
                    BASELINE="120 502 376 512 1004 513" 
                    HPOS="120"
                    VPOS="456"
                    WIDTH="884"
                    HEIGHT="91">
            <Shape><Polygon POINTS="120 502 120 522 175 522 176 522 238 535 240 535 241 535 272 524 316 541 318 541 319 541 412 533 433 542 434 542 436 544 544 544 544 542 545 542 579 528 601 535 602 535 604 535 636 528 672 544 673 544 675 545 708 545 708 544 709 544 754 526 802 526 811 526 812 526 838 526 873 545 875 545 876 547 876 545 877 545 912 527 929 527 943 538 943 540 944 540 945 540 947 540 1002 526 1004 513 1004 463 987 463 986 463 984 463 983 463 983 465 961 484 941 484 927 470 927 469 926 469 925 469 923 469 922 469 920 469 904 484 838 484 815 469 813 469 812 469 811 469 809 469 779 478 707 465 687 462 686 462 684 462 683 462 679 465 657 483 626 483 602 466 594 459 593 459 591 459 590 459 530 460 529 460 527 460 519 466 497 480 423 480 400 467 377 458 376 458 338 458 337 458 336 458 312 469 295 476 280 469 270 465 269 465 268 465 266 465 258 469 248 474 243 469 229 456 227 456 226 456 151 456 150 456 148 456 120 469 120 502"/></Shape>
	    <String CONTENT="ثار غريب از وظاهر گرود اتا به ظبوران بيغمبر که فيض اين خض"
                    HPOS="120"
                    VPOS="456"
                    WIDTH="884"
                    HEIGHT="91"
                    WC="0.8559637059245193"></String>
          </TextLine>

          
          
          <TextLine ID="eSc_line_ec5d4e87"
                    TAGREFS="LT4837"
                    BASELINE="125 576 473 585 1004 585" 
                    HPOS="123"
                    VPOS="538"
                    WIDTH="881"
                    HEIGHT="78">
            <Shape><Polygon POINTS="125 576 123 591 177 591 180 591 275 609 276 610 315 610 315 609 316 609 318 609 336 594 384 610 386 610 387 612 459 612 459 610 461 610 462 610 472 602 494 609 495 609 497 609 498 609 500 609 500 608 512 596 540 595 583 612 584 612 586 612 651 596 690 610 691 610 693 610 694 610 695 610 709 599 747 601 762 612 763 612 765 612 766 612 768 612 807 601 837 615 838 615 840 616 876 616 876 615 877 615 930 598 1002 598 1004 585 1001 552 923 556 918 551 912 547 912 545 911 545 909 545 870 545 869 545 868 545 857 551 844 556 832 551 829 549 827 549 826 549 818 549 780 555 758 549 736 544 734 544 733 544 704 549 675 555 665 549 655 542 654 542 652 542 612 542 611 542 609 542 598 548 588 553 568 548 551 544 550 544 548 544 547 544 534 548 518 553 512 548 509 545 508 545 506 545 429 541 427 541 426 541 425 541 416 547 406 553 365 553 355 547 345 540 344 540 343 540 315 540 313 540 312 540 311 540 304 547 297 552 277 552 270 545 265 541 265 540 263 540 262 540 261 540 259 540 247 545 244 547 240 545 222 540 220 540 219 540 218 540 202 545 188 551 179 545 169 538 168 538 166 538 165 538 125 544 125 576"/></Shape>
	    <String CONTENT="ا طره او باشد دغوای او باطل کرود مثل ساهری در"
                    HPOS="123"
                    VPOS="538"
                    WIDTH="881"
                    HEIGHT="78"
                    WC="0.8594334721565247"></String>
          </TextLine>

          
          
          <TextLine ID="eSc_line_a0959e59"
                    TAGREFS="LT4837"
                    BASELINE="125 652 997 659" 
                    HPOS="123"
                    VPOS="606"
                    WIDTH="874"
                    HEIGHT="85">
            <Shape><Polygon POINTS="125 652 123 667 143 677 144 677 145 677 263 669 300 685 301 685 302 685 354 677 383 685 384 685 386 685 387 685 416 670 480 681 481 681 483 681 512 671 527 681 529 681 530 681 531 681 533 681 550 676 561 685 561 687 562 687 563 687 565 687 611 678 647 688 648 688 650 690 676 690 676 688 677 688 679 688 698 673 715 684 716 684 718 684 719 684 720 684 744 677 766 688 768 688 769 688 822 681 855 690 857 690 858 691 938 691 938 690 940 690 941 690 957 676 995 673 997 659 991 616 979 624 950 616 940 613 938 613 937 613 936 613 934 613 932 616 919 626 890 615 880 612 879 612 877 612 876 612 865 615 823 627 790 620 788 620 787 620 768 626 754 613 751 612 751 610 750 610 748 610 747 610 725 613 652 624 601 612 591 610 590 610 588 610 587 610 587 612 586 612 572 626 529 626 519 616 519 615 518 615 516 615 515 615 513 615 512 615 512 616 501 626 475 626 456 616 455 616 454 616 452 616 433 623 422 613 422 612 420 612 419 612 418 612 416 612 415 612 400 624 376 624 362 609 361 609 361 608 359 608 358 608 326 608 325 608 323 608 322 608 320 609 301 621 288 613 287 613 286 613 284 613 283 613 272 619 262 609 261 608 261 606 259 606 258 606 256 606 125 606 125 652"/></Shape>
	    <String CONTENT="زمان موتى عليه السلام تبيهر ممرور شخضى را گويند که افراطب"
                    HPOS="123"
                    VPOS="606"
                    WIDTH="874"
                    HEIGHT="85"
                    WC="0.9555089693320425"></String>
          </TextLine>

          
          
          <TextLine ID="eSc_line_efa9f8e7"
                    TAGREFS="LT4837"
                    BASELINE="131 727 1001 735" 
                    HPOS="130"
                    VPOS="685"
                    WIDTH="871"
                    HEIGHT="78">
            <Shape><Polygon POINTS="131 727 130 738 159 739 188 756 190 756 191 756 193 756 250 741 276 748 277 748 279 748 313 742 333 756 334 756 336 756 337 756 381 746 419 759 420 759 422 760 475 760 475 759 476 759 505 745 534 759 536 759 537 759 591 748 602 755 604 755 605 755 607 755 608 755 629 745 693 745 709 745 715 745 737 745 751 758 751 759 752 759 754 759 755 759 757 759 804 746 825 762 826 762 827 762 829 762 895 755 945 763 947 763 948 763 950 763 950 762 957 756 982 760 983 760 984 760 986 760 1000 748 1001 735 1001 692 951 692 950 692 948 692 947 692 947 694 932 708 894 708 877 694 876 694 875 694 873 694 872 694 870 694 859 702 811 696 809 696 808 696 793 703 757 692 751 691 750 691 748 691 747 691 741 692 709 703 673 692 661 690 659 690 625 690 623 690 622 690 620 690 616 694 601 703 537 702 526 694 526 692 525 692 523 692 522 692 520 692 519 692 518 694 504 702 350 702 343 694 336 688 336 687 334 687 333 687 331 687 330 687 308 694 290 701 277 694 261 685 259 685 156 685 155 685 154 685 131 694 131 727"/></Shape>
	    <String CONTENT="خشکی ديارغ او را پيدا شود و باده پای سودا بر مزان او"
                    HPOS="130"
                    VPOS="685"
                    WIDTH="871"
                    HEIGHT="78"
                    WC="0.8834902048110962"></String>
          </TextLine>

          
          
          <TextLine ID="eSc_line_c9ca9dc0"
                    TAGREFS="LT4837"
                    BASELINE="125 812 1002 809" 
                    HPOS="123"
                    VPOS="760"
                    WIDTH="879"
                    HEIGHT="78">
            <Shape><Polygon POINTS="125 812 125 826 173 831 175 831 200 826 206 824 209 826 220 835 220 837 222 837 223 837 225 838 245 838 245 837 247 837 248 837 266 826 268 824 330 824 331 826 344 835 344 837 345 837 347 837 348 838 379 838 379 837 380 837 413 824 415 824 416 824 438 837 440 837 441 837 443 837 466 830 529 837 530 837 531 837 557 824 558 824 582 835 583 835 584 837 613 837 613 835 615 835 616 835 616 834 629 824 666 834 668 834 669 834 670 834 701 824 712 834 712 835 713 835 715 835 716 837 740 837 740 835 741 835 743 835 758 823 759 823 823 823 825 823 857 835 858 835 859 837 943 837 943 835 944 835 945 835 963 823 1001 823 1002 809 1001 769 987 760 986 760 984 760 983 760 982 760 941 771 934 773 930 771 908 760 907 760 905 760 904 760 902 760 888 771 879 781 829 781 816 773 808 767 807 767 805 767 804 767 802 767 790 773 775 760 773 760 772 760 745 760 744 760 743 760 741 760 741 762 726 774 719 781 676 781 666 776 650 769 648 769 647 769 645 769 644 769 634 776 629 781 584 781 579 777 550 763 548 763 547 763 545 763 544 763 522 778 515 781 486 780 486 778 470 766 469 766 468 766 466 766 465 766 463 766 448 780 445 783 420 783 419 780 406 769 406 767 405 767 404 767 402 767 401 767 400 767 384 780 383 783 350 783 348 781 326 762 325 762 323 762 283 762 281 762 280 762 279 762 279 763 268 773 231 762 230 762 151 762 150 762 148 762 147 762 123 778 125 812"/></Shape>
	    <String CONTENT="الب گردد از فکر در آمور عقلی ماچنه باند و حرکت خيانی"
                    HPOS="123"
                    VPOS="760"
                    WIDTH="879"
                    HEIGHT="78"
                    WC="0.8846355018750677"></String>
          </TextLine>

          
          
          <TextLine ID="eSc_line_e1cba198"
                    TAGREFS="LT4837"
                    BASELINE="113 880 372 892 1005 885" 
                    HPOS="113"
                    VPOS="837"
                    WIDTH="892"
                    HEIGHT="79">
            <Shape><Polygon POINTS="113 901 251 898 255 901 270 914 272 914 273 914 275 914 327 902 361 914 362 914 363 914 365 914 413 902 430 910 431 910 433 910 461 905 470 913 470 914 472 914 473 914 475 916 601 916 601 914 779 896 790 896 793 896 813 912 815 912 816 912 865 913 866 913 868 913 869 913 886 899 957 905 958 905 1004 895 1005 885 1004 851 975 839 973 839 972 839 926 849 911 852 907 849 891 837 890 837 888 837 887 837 886 837 859 848 847 853 836 848 830 845 829 845 827 845 826 845 825 845 822 848 809 855 765 855 752 846 747 842 745 842 744 842 743 842 741 842 740 842 734 846 718 856 675 849 673 849 672 849 670 849 661 857 613 845 612 845 611 845 609 845 608 845 590 859 523 859 501 848 500 848 498 848 497 848 495 848 495 849 486 859 418 859 402 845 402 844 401 844 400 844 398 844 397 844 341 857 309 845 308 845 306 845 305 845 304 845 293 853 272 849 259 838 258 837 256 837 255 837 113 837 113 880 113 901"/></Shape>
	    <String CONTENT="او شاهگاهی باشد به مثال برق و در آن حال از اثر گف"
                    HPOS="113"
                    VPOS="837"
                    WIDTH="892"
                    HEIGHT="79"
                    WC="0.8947653436660766"></String>
          </TextLine>

          
          
          <TextLine ID="eSc_line_bb347888"
                    TAGREFS="LT4837"
                    BASELINE="109 959 1002 959" 
                    HPOS="109"
                    VPOS="912"
                    WIDTH="893"
                    HEIGHT="72">
            <Shape><Polygon POINTS="109 959 109 971 152 982 154 982 155 982 175 973 240 973 259 982 261 982 262 982 323 973 402 980 404 980 405 980 406 980 416 973 437 982 438 982 440 984 529 984 529 982 530 982 531 982 541 974 591 982 593 982 594 982 595 982 608 973 672 982 673 982 675 982 707 973 752 982 754 984 800 984 800 982 801 982 823 973 866 982 868 982 869 982 904 974 920 982 922 982 923 982 925 982 926 982 934 975 975 982 976 982 977 982 1002 971 1002 959 1001 912 952 921 930 913 929 913 927 913 926 913 890 928 862 927 844 913 843 912 841 912 840 912 838 912 818 914 783 919 776 914 775 913 773 913 772 913 770 913 769 913 768 913 766 914 751 927 701 921 700 921 698 921 673 928 658 917 654 913 652 913 651 913 650 913 648 913 647 913 641 917 625 928 558 921 557 921 555 921 540 928 531 919 529 917 529 916 527 916 526 916 525 916 523 916 516 919 500 928 334 926 331 923 327 919 327 917 326 917 325 917 323 917 269 923 259 924 258 923 247 914 247 913 245 913 244 913 243 913 241 913 216 920 205 912 204 912 202 912 127 912 126 912 125 912 123 912 109 921 109 959"/></Shape>
	    <String CONTENT="گل بهعضی متعينات بر نفس او تابد و اورا از آن آمور غيبی"
                    HPOS="109"
                    VPOS="912"
                    WIDTH="893"
                    HEIGHT="72"
                    WC="0.8786253939781871"></String>
          </TextLine>

          
          
          <TextLine ID="eSc_line_5f639de7"
                    TAGREFS="LT4837"
                    BASELINE="122 1025 1001 1035" 
                    HPOS="120"
                    VPOS="980"
                    WIDTH="881"
                    HEIGHT="82">
            <Shape><Polygon POINTS="120 1038 165 1052 166 1052 168 1052 169 1052 170 1052 186 1041 206 1052 208 1052 209 1052 211 1052 212 1052 231 1041 343 1042 372 1056 373 1056 375 1057 443 1057 443 1056 444 1056 477 1044 522 1057 523 1057 525 1057 526 1057 551 1048 598 1057 600 1057 601 1057 625 1045 655 1045 677 1059 679 1059 680 1059 682 1060 732 1060 732 1059 733 1059 734 1059 748 1050 775 1060 776 1060 777 1060 779 1060 780 1060 780 1059 791 1049 823 1060 825 1060 826 1060 869 1050 884 1062 886 1062 887 1062 888 1062 890 1062 922 1052 976 1062 977 1062 979 1062 980 1062 1000 1048 1001 1035 1000 1003 857 1003 852 1000 833 987 832 987 830 987 829 987 827 987 791 999 782 1002 762 999 687 985 630 985 629 985 627 985 626 985 613 996 611 998 604 996 563 987 562 987 561 987 545 995 537 999 501 998 498 994 486 984 486 982 484 982 483 982 481 982 480 982 479 982 461 994 456 996 438 994 373 981 372 981 370 981 338 992 323 998 288 998 273 991 248 980 247 980 183 980 181 980 180 980 163 988 158 992 154 988 148 984 147 984 145 984 144 984 143 984 134 988 129 991 126 988 122 1025 120 1038"/></Shape>
	    <String CONTENT="خبردهد و چون آين شخص هرور بسى آزرده و متانم گرود"
                    HPOS="120"
                    VPOS="980"
                    WIDTH="881"
                    HEIGHT="82"
                    WC="0.9165357661247253"></String>
          </TextLine>

          
          
          <TextLine ID="eSc_line_bef6e803"
                    TAGREFS="LT4837"
                    BASELINE="116 1099 1001 1106" 
                    HPOS="116"
                    VPOS="1053"
                    WIDTH="885"
                    HEIGHT="78">
            <Shape><Polygon POINTS="116 1099 116 1113 168 1110 175 1114 191 1124 193 1124 194 1124 195 1124 197 1124 225 1116 261 1123 262 1123 263 1123 265 1123 265 1121 273 1114 275 1113 276 1114 290 1125 291 1125 293 1125 294 1125 411 1120 497 1127 498 1127 500 1127 530 1114 534 1113 540 1114 568 1127 569 1127 570 1127 572 1127 573 1127 587 1116 591 1113 615 1113 622 1116 645 1125 647 1125 648 1125 693 1118 704 1127 704 1128 705 1128 707 1128 708 1128 765 1116 773 1114 791 1114 794 1116 807 1127 807 1128 808 1128 809 1128 811 1128 812 1128 857 1116 858 1116 872 1128 872 1130 873 1130 875 1130 876 1131 904 1131 904 1130 905 1130 933 1116 934 1116 998 1116 1001 1106 1000 1066 943 1073 908 1064 893 1060 891 1060 890 1060 888 1060 882 1063 865 1071 857 1063 854 1062 854 1060 852 1060 851 1060 850 1060 848 1060 843 1063 834 1067 830 1063 826 1059 825 1059 823 1059 822 1059 820 1059 812 1063 805 1066 795 1062 784 1059 783 1059 782 1059 780 1059 779 1059 779 1060 776 1062 763 1074 718 1074 698 1062 697 1062 695 1062 694 1062 693 1062 691 1062 675 1074 648 1074 597 1059 588 1057 587 1057 586 1057 584 1057 579 1059 557 1067 534 1062 533 1062 531 1062 530 1062 529 1062 529 1063 519 1073 473 1073 445 1057 443 1056 441 1056 400 1056 398 1056 397 1056 395 1056 369 1071 294 1071 262 1055 261 1055 259 1055 258 1055 254 1055 193 1064 180 1055 179 1055 177 1055 176 1055 175 1055 158 1060 116 1053 116 1099"/></Shape>
	    <String CONTENT="و سخنان او ببشتر راست آيد بحهت آنکه درين حالت باده"
                    HPOS="116"
                    VPOS="1053"
                    WIDTH="885"
                    HEIGHT="78"
                    WC="0.8754647912887427"></String>
          </TextLine>

          
          
          <TextLine ID="eSc_line_29219fd9"
                    TAGREFS="LT4837"
                    BASELINE="105 1175 345 1184 1000 1178" 
                    HPOS="104"
                    VPOS="1127"
                    WIDTH="896"
                    HEIGHT="83">
            <Shape><Polygon POINTS="105 1175 105 1198 147 1205 148 1205 193 1198 212 1195 218 1198 243 1209 244 1209 245 1209 247 1209 280 1196 286 1195 291 1196 323 1210 325 1210 326 1210 362 1203 391 1210 393 1210 394 1210 395 1210 438 1199 452 1210 454 1210 455 1210 456 1210 458 1210 481 1202 515 1210 516 1210 518 1210 607 1195 613 1193 615 1195 633 1209 634 1209 636 1209 637 1210 688 1210 688 1209 690 1209 718 1193 720 1193 801 1209 802 1209 804 1209 805 1209 827 1193 855 1193 927 1209 929 1209 930 1209 969 1192 998 1192 1000 1178 995 1148 959 1149 952 1146 932 1138 930 1138 929 1138 891 1145 850 1127 848 1127 847 1127 845 1127 809 1146 800 1152 744 1152 737 1145 729 1138 729 1137 727 1137 726 1137 725 1137 723 1137 708 1145 697 1150 648 1145 637 1143 636 1143 634 1143 632 1145 623 1149 616 1143 593 1128 591 1128 590 1128 588 1128 587 1128 559 1143 545 1152 527 1152 516 1143 498 1130 497 1130 495 1130 494 1130 493 1130 491 1130 491 1131 477 1143 468 1152 401 1142 373 1139 372 1139 370 1139 363 1142 345 1152 333 1142 316 1128 315 1128 313 1128 293 1128 291 1128 290 1128 288 1128 273 1141 258 1128 256 1128 255 1128 141 1128 140 1128 138 1128 104 1139 105 1175"/></Shape>
	    <String CONTENT="سودا و خشکی بردمارغ او غالب گردد عوام الناس شخصن"
                    HPOS="104"
                    VPOS="1127"
                    WIDTH="896"
                    HEIGHT="83"
                    WC="0.9221542080243429"></String>
          </TextLine>

          
          
          <TextLine ID="eSc_line_8c224777"
                    TAGREFS="LT4837"
                    BASELINE="298 1252 998 1256" 
                    HPOS="297"
                    VPOS="1205"
                    WIDTH="701"
                    HEIGHT="77">
            <Shape><Polygon POINTS="298 1252 297 1261 341 1263 356 1278 356 1280 358 1280 359 1280 361 1281 412 1281 412 1280 413 1280 415 1280 438 1264 472 1264 487 1278 487 1280 488 1280 490 1280 491 1280 551 1273 579 1278 580 1278 582 1278 583 1278 600 1266 618 1280 619 1280 620 1280 622 1280 675 1267 691 1281 693 1281 694 1281 765 1282 766 1282 768 1282 823 1268 830 1274 832 1274 833 1274 834 1274 893 1267 895 1267 913 1275 915 1275 916 1275 997 1267 998 1256 998 1221 987 1210 987 1209 986 1209 984 1209 983 1209 982 1209 980 1209 966 1220 904 1209 902 1209 901 1209 858 1220 847 1210 847 1209 845 1209 844 1209 843 1209 841 1209 819 1214 798 1207 797 1207 795 1207 794 1207 765 1220 763 1220 693 1212 691 1212 690 1212 670 1218 640 1206 638 1206 594 1206 593 1206 591 1206 551 1218 540 1209 540 1207 538 1207 537 1207 536 1207 534 1207 533 1207 519 1217 444 1205 443 1205 298 1216 298 1252"/></Shape>
	    <String CONTENT="را پيرىدار گويند و الشر اعلي با الصواب"
                    HPOS="297"
                    VPOS="1205"
                    WIDTH="701"
                    HEIGHT="77"
                    WC="0.9279805782594179"></String>
          </TextLine>

          
          
          <TextLine ID="eSc_line_40879b47"
                    TAGREFS="LT4837"
                    BASELINE="452 1370 622 1361" 
                    HPOS="450"
                    VPOS="1318"
                    WIDTH="172"
                    HEIGHT="74">
            <Shape><Polygon POINTS="452 1370 455 1392 486 1382 512 1388 519 1389 520 1389 522 1389 526 1386 538 1381 545 1386 547 1388 548 1388 550 1388 551 1388 622 1380 622 1361 619 1328 572 1318 570 1318 569 1318 568 1318 568 1320 555 1331 552 1334 516 1334 512 1334 476 1323 475 1323 473 1323 472 1323 450 1334 452 1370"/></Shape>
	    <String CONTENT="فد"
                    HPOS="450"
                    VPOS="1318"
                    WIDTH="172"
                    HEIGHT="74"
                    WC="0.9237810671329498"></String>
          </TextLine>

          
          
          <TextLine ID="eSc_line_553512b0"
                    TAGREFS="LT4837"
                    BASELINE="136 1475 923 1470" 
                    HPOS="134"
                    VPOS="1420"
                    WIDTH="789"
                    HEIGHT="82">
            <Shape><Polygon POINTS="136 1475 136 1488 168 1502 169 1502 170 1502 172 1502 173 1502 190 1491 252 1500 254 1500 255 1500 281 1486 331 1486 336 1486 370 1496 372 1496 373 1496 375 1496 408 1488 434 1499 436 1499 526 1500 527 1500 529 1500 570 1488 597 1499 598 1499 600 1499 601 1499 629 1486 655 1499 657 1499 658 1500 693 1500 693 1499 694 1499 725 1484 726 1484 729 1484 759 1493 761 1493 762 1493 836 1484 837 1484 850 1495 850 1496 851 1496 852 1496 854 1496 922 1482 923 1470 922 1438 877 1425 876 1425 875 1425 873 1425 863 1429 855 1421 855 1420 854 1420 852 1420 851 1420 797 1427 795 1427 794 1427 783 1436 736 1423 734 1423 733 1423 732 1423 730 1423 709 1436 704 1439 694 1436 662 1425 661 1425 659 1425 633 1427 632 1427 630 1427 618 1436 612 1441 568 1441 561 1435 544 1424 543 1424 541 1424 540 1424 538 1424 516 1435 505 1442 484 1442 479 1435 473 1431 473 1429 472 1429 470 1429 469 1429 468 1429 466 1429 466 1431 461 1435 454 1442 340 1442 319 1434 286 1424 284 1424 156 1424 155 1424 154 1424 134 1431 136 1475"/></Shape>
	    <String CONTENT="در بيالسا و حی و لهام و خواب و تاويل و سبب فرستادن انبيا بخلايق"
                    HPOS="134"
                    VPOS="1420"
                    WIDTH="789"
                    HEIGHT="82"
                    WC="0.8804564371941581"></String>
          </TextLine>

          
          
          <TextLine ID="eSc_line_dfb37ad5"
                    TAGREFS="LT4837"
                    BASELINE="98 1546 347 1556 994 1552" 
                    HPOS="97"
                    VPOS="1495"
                    WIDTH="897"
                    HEIGHT="89">
            <Shape><Polygon POINTS="98 1546 98 1570 141 1570 143 1570 155 1581 155 1582 156 1582 158 1582 159 1582 161 1582 162 1582 176 1570 177 1570 225 1570 227 1570 244 1582 245 1582 247 1582 248 1582 308 1570 311 1570 315 1570 369 1582 370 1584 434 1584 434 1582 436 1582 461 1570 462 1570 516 1582 518 1584 638 1584 638 1582 640 1582 641 1582 641 1581 651 1572 686 1582 687 1582 688 1582 690 1582 691 1582 707 1570 715 1577 716 1577 718 1577 719 1577 720 1577 748 1570 762 1581 762 1582 763 1582 765 1582 766 1584 829 1584 829 1582 830 1582 859 1572 883 1581 884 1581 886 1581 887 1581 916 1570 972 1577 973 1577 975 1577 994 1568 994 1552 991 1495 963 1495 962 1495 961 1495 925 1514 891 1502 890 1502 888 1502 887 1502 886 1502 886 1503 873 1514 829 1506 827 1506 826 1506 804 1516 655 1516 623 1502 616 1499 615 1499 613 1499 612 1499 611 1499 607 1502 594 1510 572 1503 568 1502 566 1502 565 1502 557 1503 509 1514 488 1504 473 1498 472 1498 470 1498 469 1498 454 1504 451 1507 450 1504 438 1496 438 1495 437 1495 436 1495 434 1495 390 1504 325 1495 323 1495 322 1495 320 1495 308 1504 301 1499 300 1499 298 1499 297 1499 295 1499 294 1499 283 1506 208 1495 206 1495 205 1495 204 1495 187 1506 176 1496 176 1495 175 1495 173 1495 115 1495 113 1495 112 1495 111 1495 111 1496 97 1509 98 1546"/></Shape>
	    <String CONTENT="بدانکه وحی عبارت است از تاييد عقل گل و نفس گل به نفس ناقه"
                    HPOS="97"
                    VPOS="1495"
                    WIDTH="897"
                    HEIGHT="89"
                    WC="0.8735855059665546"></String>
          </TextLine>

          
        </TextBlock>
        
        <TextBlock HPOS="483"
                   VPOS="44"
                   WIDTH="125"
                   HEIGHT="76"
                   ID="eSc_textblock_a78a077c"
                   TAGREFS="BT16093">
          <Shape><Polygon POINTS="522 44 580 44 608 93 558 120 505 109 483 66 522 44"/></Shape>
          
          
          <TextLine ID="eSc_line_bdb60373"
                    TAGREFS="LT4837"
                    BASELINE="515 77 580 73" 
                    HPOS="512"
                    VPOS="44"
                    WIDTH="68"
                    HEIGHT="54">
            <Shape><Polygon POINTS="569 44 512 55 515 77 515 94 579 98 580 73 576 44 569 44"/></Shape>
	    <String CONTENT=""
                    HPOS="512"
                    VPOS="44"
                    WIDTH="68"
                    HEIGHT="54"></String>
          </TextLine>

          
        </TextBlock>
        

        
      </PrintSpace>
    </Page>
  </Layout>
</alto>
