<?xml version="1.0" encoding="UTF-8"?>
<alto xmlns:xsi="http://www.w3.org/2001/XMLSchema-instance"
      xmlns="http://www.loc.gov/standards/alto/ns-v4#"
      xsi:schemaLocation="http://www.loc.gov/standards/alto/ns-v4# http://www.loc.gov/standards/alto/v4/alto-4-2.xsd">
  <Description>
    <MeasurementUnit>pixel</MeasurementUnit>
    <sourceImageInformation>
      <fileName>Rasail016.jpg</fileName>
      
    </sourceImageInformation>
  </Description>
  
  <Tags>
    <OtherTag ID="BT16094" LABEL="default" DESCRIPTION="block type default"/><OtherTag ID="BT16093" LABEL="NumberingZone:page" DESCRIPTION="block type NumberingZone:page"/><OtherTag ID="BT16092" LABEL="MarginTextZone:note" DESCRIPTION="block type MarginTextZone:note"/><OtherTag ID="BT16091" LABEL="TitlePageZone" DESCRIPTION="block type TitlePageZone"/><OtherTag ID="BT16090" LABEL="QuireMarksZone:catchwords" DESCRIPTION="block type QuireMarksZone:catchwords"/><OtherTag ID="BT16089" LABEL="NumberingZone:other" DESCRIPTION="block type NumberingZone:other"/><OtherTag ID="BT16088" LABEL="NumberingZone" DESCRIPTION="block type NumberingZone"/><OtherTag ID="BT16087" LABEL="MarginTextZone" DESCRIPTION="block type MarginTextZone"/><OtherTag ID="BT16086" LABEL="MainZone" DESCRIPTION="block type MainZone"/><OtherTag ID="BT16085" LABEL="DigitizationArtefactZone" DESCRIPTION="block type DigitizationArtefactZone"/><OtherTag ID="BT2" LABEL="Main" DESCRIPTION="block type Main"/><OtherTag ID="BT1" LABEL="Title" DESCRIPTION="block type Title"/>
    <OtherTag ID="LT4837" LABEL="DefaultLine" DESCRIPTION="line type DefaultLine"/><OtherTag ID="LT4838" LABEL="default" DESCRIPTION="line type default"/><OtherTag ID="LT4839" LABEL="HeadingLine:title" DESCRIPTION="line type HeadingLine:title"/>
  </Tags>
  
  <Layout>
    <Page WIDTH="1080"
          HEIGHT="1703"
          PHYSICAL_IMG_NR="44"
          ID="eSc_dummypage_">
      <PrintSpace HPOS="0"
                  VPOS="0"
                  WIDTH="1080"
                  HEIGHT="1703">
        
        <TextBlock HPOS="56"
                   VPOS="141"
                   WIDTH="967"
                   HEIGHT="1509"
                   ID="eSc_textblock_23e2f9ab"
                   TAGREFS="BT16086">
          <Shape><Polygon POINTS="130 141 909 141 1023 164 1017 679 1000 743 1006 1588 977 1633 915 1650 79 1650 56 1627 62 272 96 219 85 181 130 141"/></Shape>
          
          
          <TextLine ID="eSc_line_c824a1a0"
                    TAGREFS="LT4837"
                    BASELINE="107 208 992 207" 
                    HPOS="106"
                    VPOS="163"
                    WIDTH="886"
                    HEIGHT="75">
            <Shape><Polygon POINTS="107 208 107 225 158 237 160 237 245 229 280 237 282 237 283 237 285 237 300 225 316 237 317 237 319 237 320 238 370 238 370 237 371 237 373 237 391 225 393 225 438 225 439 225 468 237 469 237 471 237 472 237 474 237 492 225 493 225 567 237 569 238 655 238 655 237 657 237 658 237 658 235 665 228 686 237 688 237 689 237 691 237 692 237 708 225 753 232 755 232 810 225 830 234 831 234 833 234 834 234 835 234 847 225 868 234 869 234 871 234 872 234 886 227 967 237 969 237 970 237 972 237 992 224 992 207 986 167 963 177 885 177 861 167 851 163 850 163 848 163 847 163 834 167 806 177 725 177 702 167 692 163 691 163 557 163 556 163 554 163 544 167 527 174 519 167 515 163 513 163 512 163 478 163 476 163 475 163 474 163 468 167 451 177 383 177 373 168 371 168 370 168 368 168 315 175 285 167 272 163 271 163 269 163 268 163 256 167 241 171 232 167 227 163 225 163 224 163 222 163 221 163 208 167 178 175 147 167 133 163 131 163 130 163 106 166 107 208"/></Shape>
	    <String CONTENT="کله بران وجر ملاخظ نمايد که مغايرت ميان ايشان نابت"
                    HPOS="106"
                    VPOS="163"
                    WIDTH="886"
                    HEIGHT="75"
                    WC="0.9259041559696197"></String>
          </TextLine>

          
          
          <TextLine ID="eSc_line_7206bfbd"
                    TAGREFS="LT4837"
                    BASELINE="92 290 992 288" 
                    HPOS="90"
                    VPOS="239"
                    WIDTH="902"
                    HEIGHT="81">
            <Shape><Polygon POINTS="92 290 92 305 140 306 153 316 154 316 156 316 157 316 158 316 175 309 188 320 190 320 191 320 193 320 194 320 219 307 222 306 320 306 330 309 363 320 364 320 366 320 367 320 397 310 410 306 447 306 461 312 485 320 486 320 488 320 489 320 491 320 491 319 499 312 502 309 513 312 518 313 519 313 520 313 522 313 525 312 543 305 577 305 591 313 598 319 600 319 601 319 603 320 654 320 654 319 655 319 668 315 696 305 726 316 736 319 737 319 739 320 898 320 898 319 899 319 901 317 923 306 989 319 992 288 984 239 955 262 926 262 902 242 901 239 899 239 898 239 896 239 895 239 894 239 889 242 857 262 799 262 769 248 767 248 766 248 764 248 740 261 719 246 719 245 718 245 716 245 715 245 713 245 711 246 675 261 611 254 610 254 608 254 607 254 597 261 586 249 576 241 576 239 574 239 573 239 571 239 515 251 456 263 430 263 411 254 397 245 395 245 394 245 393 245 373 254 339 245 337 245 336 245 334 245 333 245 319 255 309 262 298 256 285 249 283 249 282 249 246 256 225 262 219 258 202 242 202 241 201 241 200 241 127 241 126 241 124 241 90 258 92 290"/></Shape>
	    <String CONTENT="گردد بلکد هيولی را صفتی از صفتهای و مرتبه از مرثبه هاى نش"
                    HPOS="90"
                    VPOS="239"
                    WIDTH="902"
                    HEIGHT="81"
                    WC="0.8414107712737301"></String>
          </TextLine>

          
          
          <TextLine ID="eSc_line_60e76620"
                    TAGREFS="LT4837"
                    BASELINE="93 368 984 368" 
                    HPOS="93"
                    VPOS="324"
                    WIDTH="891"
                    HEIGHT="74">
            <Shape><Polygon POINTS="93 368 93 384 110 384 124 395 124 397 126 397 127 397 129 397 130 397 160 384 171 391 173 391 174 391 175 391 276 386 289 395 289 397 290 397 292 397 293 398 381 398 381 397 383 397 384 397 403 384 420 395 421 395 422 395 424 395 425 395 452 384 559 384 571 394 573 394 574 394 576 394 577 394 615 384 628 395 628 397 630 397 631 397 632 398 719 398 719 397 720 397 722 397 735 386 783 397 784 397 786 397 818 384 869 394 871 394 872 394 874 394 885 384 898 391 899 391 901 393 901 391 902 391 916 384 948 397 949 397 950 398 950 397 952 397 984 383 984 368 982 324 953 339 896 336 884 326 882 324 881 324 879 324 878 324 877 324 869 326 845 334 837 327 835 326 835 324 834 324 833 324 804 324 803 324 801 324 800 324 796 327 780 339 720 332 719 332 718 332 688 339 669 330 664 327 662 327 661 327 659 327 658 327 658 329 655 330 647 340 607 340 598 332 594 329 594 327 593 327 591 327 590 327 588 327 587 327 581 332 573 337 566 332 556 324 554 324 553 324 522 324 520 324 519 324 518 324 518 326 510 332 499 324 498 324 496 324 495 324 493 324 492 324 479 333 471 339 447 333 422 329 421 329 388 334 367 339 351 336 306 324 305 324 303 324 302 324 288 336 285 337 283 336 278 332 276 332 275 332 273 332 244 336 229 326 228 326 227 326 225 326 224 326 208 333 201 326 201 324 200 324 198 324 131 324 130 324 129 324 93 339 93 368"/></Shape>
	    <String CONTENT="کل ملاحظه نمايد و هيولی در بساطت وجود دنهنی مرتبه درد"
                    HPOS="93"
                    VPOS="324"
                    WIDTH="891"
                    HEIGHT="74"
                    WC="0.8977026022830099"></String>
          </TextLine>

          
          
          <TextLine ID="eSc_line_fe61e3ab"
                    TAGREFS="LT4837"
                    BASELINE="95 451 980 445" 
                    HPOS="93"
                    VPOS="397"
                    WIDTH="887"
                    HEIGHT="79">
            <Shape><Polygon POINTS="95 451 95 464 146 464 149 465 168 475 170 475 171 476 215 476 215 475 217 475 218 475 218 474 228 465 229 464 288 464 289 465 302 475 303 475 305 475 306 475 347 465 364 462 500 462 512 466 529 474 530 474 532 474 577 466 591 465 605 466 632 471 634 471 635 471 642 466 655 461 674 466 685 471 686 471 688 471 689 471 698 468 713 461 719 468 723 471 723 472 725 472 726 472 728 474 757 474 757 472 759 472 760 472 760 471 764 468 772 461 783 468 787 471 789 471 790 471 791 472 864 472 864 471 865 471 872 468 892 461 909 468 915 471 916 471 918 471 979 468 980 445 976 410 938 414 930 410 926 405 925 405 923 405 922 405 921 405 904 410 891 414 882 411 864 403 862 403 820 403 818 403 817 403 794 412 790 414 787 412 759 397 757 397 756 397 755 397 753 397 740 408 716 408 696 397 695 397 693 397 692 397 691 397 665 414 658 420 604 420 601 415 591 407 591 405 590 405 588 405 559 403 557 403 556 403 554 403 533 417 527 421 485 421 481 417 461 404 459 404 458 404 456 404 455 404 424 418 421 420 421 418 400 400 400 398 398 398 397 398 361 398 360 398 359 398 357 398 324 420 323 421 266 421 265 421 239 403 238 403 237 403 130 400 129 400 127 400 126 400 93 420 95 451"/></Shape>
	    <String CONTENT="مويت يعنى بهستى وكميت يعنى چندى و گيفيت ميعنى چكونگى"
                    HPOS="93"
                    VPOS="397"
                    WIDTH="887"
                    HEIGHT="79"
                    WC="0.9217510429712442"></String>
          </TextLine>

          
          
          <TextLine ID="eSc_line_643ac0b6"
                    TAGREFS="LT4837"
                    BASELINE="93 508 983 527" 
                    HPOS="92"
                    VPOS="461"
                    WIDTH="891"
                    HEIGHT="92">
            <Shape><Polygon POINTS="93 508 92 529 193 536 194 536 195 536 207 532 221 525 246 532 268 537 269 537 271 537 272 537 273 537 273 536 279 532 283 529 288 532 289 535 290 535 292 535 293 535 309 533 346 527 374 533 411 542 412 542 414 542 435 535 448 530 456 535 474 543 475 543 476 543 536 536 550 535 560 536 584 542 586 542 587 542 588 542 596 537 601 533 625 537 685 547 686 547 767 539 791 537 825 537 828 540 840 550 841 550 842 550 844 550 896 544 921 553 922 553 923 553 982 542 983 527 980 482 952 493 922 482 921 482 919 482 918 482 878 495 820 479 810 476 808 476 712 474 711 474 709 474 708 474 705 476 686 493 669 493 588 491 564 479 563 479 561 479 560 479 559 479 559 481 549 489 519 474 513 471 512 471 510 471 509 471 508 471 505 474 498 478 489 474 486 471 485 471 483 471 482 471 481 471 479 471 478 472 461 488 415 488 395 471 390 466 388 466 387 466 386 466 364 471 356 472 350 471 336 465 334 465 333 465 332 465 330 465 330 466 326 469 310 485 288 485 219 468 215 468 214 468 212 468 211 468 187 476 163 466 147 461 146 461 144 461 93 465 93 508"/></Shape>
	    <String CONTENT="چون هويت قبول کيت نمود يعن بهتی را مقداردمعين ملحظ"
                    HPOS="92"
                    VPOS="461"
                    WIDTH="891"
                    HEIGHT="92"
                    WC="0.8792203825712204"></String>
          </TextLine>

          
          
          <TextLine ID="eSc_line_5cfba8f4"
                    TAGREFS="LT4837"
                    BASELINE="82 593 979 597" 
                    HPOS="80"
                    VPOS="544"
                    WIDTH="899"
                    HEIGHT="77">
            <Shape><Polygon POINTS="82 593 80 607 114 618 116 618 117 618 119 618 157 607 164 605 167 607 175 614 177 614 178 614 180 614 259 607 286 605 289 607 300 617 300 618 302 618 303 618 305 620 327 620 327 618 329 618 353 607 356 605 359 607 373 617 374 617 376 617 377 617 378 617 410 607 412 607 424 617 424 618 425 618 427 618 428 618 430 618 439 613 445 618 445 620 447 620 448 620 449 621 503 621 503 620 505 620 506 620 525 608 550 620 552 620 553 621 621 621 621 620 623 620 649 607 651 607 652 607 679 621 681 621 682 621 732 620 733 620 735 620 752 608 780 620 781 620 783 620 784 620 825 608 854 618 855 618 857 618 858 618 860 618 872 608 929 615 930 615 977 607 979 597 979 556 955 549 953 549 952 549 950 549 949 549 940 556 928 566 915 556 913 554 912 554 911 554 909 554 908 554 904 556 878 570 830 570 796 557 790 556 789 556 787 556 786 556 781 557 767 566 759 557 752 552 752 550 750 550 749 550 747 550 746 550 745 550 745 552 737 559 735 560 726 559 713 556 712 556 711 556 705 559 686 569 655 569 645 559 644 559 644 557 642 557 641 557 640 557 638 557 637 557 637 559 635 559 627 569 544 569 536 560 525 550 523 550 522 550 520 550 519 550 500 559 483 546 482 546 481 546 401 546 400 546 398 546 368 561 364 564 356 561 343 559 342 559 340 559 339 559 327 563 319 566 313 563 280 544 279 544 237 544 235 544 234 544 232 544 224 552 215 544 214 544 212 544 164 544 163 544 161 544 160 544 141 557 82 564 82 593"/></Shape>
	    <String CONTENT="شد دروی طول و عرش دلمق که حکمانن را ثلاته گفته اند"
                    HPOS="80"
                    VPOS="544"
                    WIDTH="899"
                    HEIGHT="77"
                    WC="0.8694207572937012"></String>
          </TextLine>

          
          
          <TextLine ID="eSc_line_a5a8d4ef"
                    TAGREFS="LT4837"
                    BASELINE="99 678 977 672" 
                    HPOS="97"
                    VPOS="615"
                    WIDTH="880"
                    HEIGHT="88">
            <Shape><Polygon POINTS="99 678 99 691 120 691 137 703 139 703 140 703 141 703 143 703 144 703 163 692 187 703 188 703 190 703 191 703 224 695 279 703 280 703 282 703 320 688 324 686 422 686 424 686 462 702 464 702 465 703 537 703 537 702 539 702 600 685 630 701 631 701 632 701 735 691 755 701 756 701 757 701 759 701 793 684 803 684 851 684 926 699 928 699 929 699 977 681 977 672 974 624 877 615 875 615 874 615 850 625 827 637 739 637 722 628 696 617 695 617 693 617 692 617 691 617 671 630 657 638 621 638 613 631 598 620 597 620 596 620 594 620 553 630 540 618 540 617 539 617 537 617 536 617 458 634 438 638 434 635 414 618 412 618 411 618 388 618 387 618 386 618 344 637 342 638 340 637 327 627 326 627 324 627 323 627 322 627 300 637 261 621 259 621 258 621 256 621 238 631 227 621 227 620 225 620 224 620 190 620 188 620 187 620 185 620 185 621 166 640 144 630 143 630 141 630 140 630 139 630 139 631 129 641 97 641 99 678"/></Shape>
	    <String CONTENT="ممکن کشت و چون کميت قابل گيفيت شد مينی بيتی که باد"
                    HPOS="97"
                    VPOS="615"
                    WIDTH="880"
                    HEIGHT="88"
                    WC="0.8983185112476348"></String>
          </TextLine>

          
          
          <TextLine ID="eSc_line_43982e1a"
                    TAGREFS="LT4837"
                    BASELINE="89 747 973 754" 
                    HPOS="87"
                    VPOS="696"
                    WIDTH="886"
                    HEIGHT="83">
            <Shape><Polygon POINTS="89 747 87 759 134 773 136 773 137 774 173 774 173 773 174 773 175 773 187 764 266 774 268 774 269 774 303 763 336 772 337 772 339 772 340 772 342 772 353 763 398 763 471 774 472 774 474 774 493 764 518 776 519 776 520 776 522 776 561 764 583 776 584 776 676 777 678 777 679 777 681 777 699 766 718 776 719 776 720 776 852 767 874 779 875 779 877 779 878 779 901 772 946 779 948 779 949 779 972 766 973 754 973 715 965 711 963 711 962 711 960 711 959 711 957 711 948 718 940 722 933 716 913 703 912 703 911 703 909 703 908 703 906 703 891 716 881 723 830 723 820 713 814 709 814 708 813 708 811 708 810 708 779 713 745 719 730 712 713 702 712 702 684 702 682 702 681 702 659 711 631 720 581 712 580 712 444 719 415 705 414 705 412 705 411 705 361 718 340 702 337 699 336 699 334 699 305 699 303 699 302 699 300 699 300 701 299 701 282 718 266 718 215 699 212 698 211 698 190 698 188 698 187 698 185 698 167 712 147 698 146 698 144 698 89 696 89 747"/></Shape>
	    <String CONTENT="ملاخظه معداری رفته چون هموصموف شود و گيفيتی شل راز"
                    HPOS="87"
                    VPOS="696"
                    WIDTH="886"
                    HEIGHT="83"
                    WC="0.8576863694190979"></String>
          </TextLine>

          
          
          <TextLine ID="eSc_line_ff7dbee4"
                    TAGREFS="LT4837"
                    BASELINE="102 821 976 825" 
                    HPOS="100"
                    VPOS="774"
                    WIDTH="876"
                    HEIGHT="78">
            <Shape><Polygon POINTS="100 833 161 848 163 848 164 848 191 841 239 850 241 850 242 850 271 835 288 848 289 848 290 848 292 848 293 848 320 835 391 835 455 835 478 851 479 851 481 851 482 851 519 842 529 851 530 851 532 851 533 851 729 844 742 852 743 852 745 852 746 852 747 852 779 844 789 852 790 852 791 852 793 852 794 852 796 852 810 844 848 852 850 852 851 852 898 838 974 838 976 825 973 777 923 780 922 780 921 780 921 781 912 789 905 783 905 781 904 781 902 781 901 781 899 781 868 794 806 784 804 784 749 794 723 784 722 784 720 784 661 793 637 780 630 777 628 777 627 777 625 777 624 777 620 780 601 793 552 793 537 781 530 776 529 776 527 776 526 776 525 776 510 781 486 793 442 790 434 783 430 779 428 779 427 779 425 779 424 779 405 783 395 774 394 774 393 774 391 774 319 776 317 776 316 776 306 784 298 793 256 793 246 786 234 774 232 774 231 774 229 774 187 776 185 776 184 776 171 786 166 791 150 786 130 780 129 780 127 780 126 780 124 780 124 781 117 787 113 791 103 787 102 821 100 833"/></Shape>
	    <String CONTENT="و کردی ومربعی و جسمی مخصوص شود و مشار اليه باشادت"
                    HPOS="100"
                    VPOS="774"
                    WIDTH="876"
                    HEIGHT="78"
                    WC="0.8976314444931186"></String>
          </TextLine>

          
          
          <TextLine ID="eSc_line_0eb1b971"
                    TAGREFS="LT4837"
                    BASELINE="97 896 536 908 967 904" 
                    HPOS="96"
                    VPOS="847"
                    WIDTH="871"
                    HEIGHT="88">
            <Shape><Polygon POINTS="97 896 96 911 164 912 191 923 193 923 194 923 237 913 254 926 255 926 256 926 258 926 259 926 285 919 322 930 323 930 324 932 386 932 386 930 387 930 388 930 400 921 438 930 439 930 441 930 442 930 471 916 488 929 489 929 491 929 492 929 493 929 509 922 530 932 532 932 533 933 576 933 576 932 577 932 618 918 637 933 638 933 640 933 641 933 642 933 685 918 718 918 742 933 743 933 745 933 746 933 747 933 776 918 810 918 847 935 848 935 850 935 851 935 874 926 919 935 921 935 922 935 923 935 923 933 939 919 966 919 967 904 963 852 946 860 896 854 886 852 885 852 884 852 882 852 882 854 862 871 810 854 797 851 796 851 794 851 793 851 786 855 757 869 729 869 715 855 711 852 711 851 709 851 708 851 682 851 681 851 679 851 678 851 678 852 672 857 658 869 625 862 624 862 539 868 527 858 526 858 526 857 525 857 523 857 485 851 483 851 482 851 465 860 455 865 449 860 442 854 442 852 441 852 439 852 384 850 383 850 381 850 359 861 354 862 351 861 329 851 327 851 326 851 324 851 323 851 306 861 300 865 296 862 278 847 276 847 275 847 273 847 272 847 251 857 225 847 224 847 222 847 221 847 219 847 219 848 202 862 200 865 194 864 164 854 163 854 161 854 97 864 97 896"/></Shape>
	    <String CONTENT="حيى گگردد  وحكما به جهت ترتيب تعليم هيولى را بردو"
                    HPOS="96"
                    VPOS="847"
                    WIDTH="871"
                    HEIGHT="88"
                    WC="0.8526845440572622"></String>
          </TextLine>

          
          
          <TextLine ID="eSc_line_f651b192"
                    TAGREFS="LT4837"
                    BASELINE="86 982 969 982" 
                    HPOS="86"
                    VPOS="929"
                    WIDTH="883"
                    HEIGHT="82">
            <Shape><Polygon POINTS="86 982 86 1000 147 994 161 1000 174 1006 175 1006 177 1006 178 1006 180 1006 180 1004 184 1000 191 994 238 1000 252 1001 254 1001 275 1000 342 994 350 1000 357 1006 359 1006 360 1006 361 1006 363 1006 364 1006 373 1000 380 994 394 1000 421 1010 422 1010 424 1010 425 1010 456 1000 512 1010 513 1010 515 1010 539 999 540 999 542 999 557 1010 559 1010 560 1010 561 1011 723 1011 723 1010 725 1010 726 1010 742 999 746 996 760 999 801 1007 803 1007 804 1007 806 1007 806 1006 814 999 820 994 850 994 864 999 905 1010 906 1010 908 1010 969 997 969 982 969 929 942 929 940 929 939 929 938 929 911 948 884 948 862 933 861 933 860 933 858 933 857 933 855 933 855 935 851 938 844 930 842 930 842 929 841 929 840 929 801 929 800 929 799 929 797 929 797 930 794 932 780 946 730 933 711 929 709 929 708 929 706 929 706 930 702 933 691 946 581 946 566 939 564 939 563 939 527 946 513 938 499 929 498 929 496 929 495 929 493 929 472 939 466 942 465 939 455 930 455 929 454 929 452 929 432 929 431 929 430 929 410 940 400 946 394 940 383 930 381 930 380 930 378 930 377 930 350 940 339 930 339 929 337 929 336 929 256 929 255 929 254 929 229 942 217 930 217 929 215 929 214 929 175 929 174 929 173 929 144 943 86 946 86 982"/></Shape>
	    <String CONTENT="مرتبه واشته أنديکى هولاح أذل که أنرامطفه مطلقة "
                    HPOS="86"
                    VPOS="929"
                    WIDTH="883"
                    HEIGHT="82"
                    WC="0.8519580429792404"></String>
          </TextLine>

          
          
          <TextLine ID="eSc_line_3d719afa"
                    TAGREFS="LT4837"
                    BASELINE="83 1055 969 1062" 
                    HPOS="82"
                    VPOS="1004"
                    WIDTH="887"
                    HEIGHT="85">
            <Shape><Polygon POINTS="83 1055 82 1065 103 1079 105 1079 106 1079 107 1079 109 1079 110 1079 126 1067 245 1067 273 1081 275 1081 276 1081 278 1081 279 1081 295 1070 390 1084 391 1084 393 1084 434 1068 449 1084 449 1085 451 1085 452 1085 454 1085 455 1085 485 1077 529 1085 530 1085 532 1085 554 1074 566 1084 566 1085 567 1085 569 1085 570 1085 647 1078 659 1087 661 1087 662 1087 664 1088 702 1088 702 1087 703 1087 737 1072 752 1085 752 1087 753 1087 755 1087 756 1087 757 1087 783 1078 793 1087 793 1088 794 1088 796 1088 797 1089 837 1089 837 1088 838 1088 840 1088 861 1072 862 1072 889 1072 894 1074 928 1087 929 1087 930 1087 932 1087 967 1074 969 1062 963 1009 939 1026 918 1014 916 1014 862 1013 861 1013 860 1013 858 1013 845 1023 835 1017 834 1017 833 1017 831 1017 813 1027 719 1027 699 1013 693 1007 692 1007 691 1007 689 1007 688 1007 686 1007 678 1013 671 1017 649 1013 618 1007 617 1007 615 1007 614 1007 604 1014 587 1024 543 1016 542 1016 499 1024 472 1016 438 1004 437 1004 290 1004 289 1004 288 1004 259 1018 251 1018 188 1021 184 1020 166 1004 164 1004 163 1004 161 1004 160 1004 120 1020 119 1021 83 1021 83 1055"/></Shape>
	    <String CONTENT="گويند و هيول دوم که آن را هيولاع کلی نيز گفته اند و بعضی"
                    HPOS="82"
                    VPOS="1004"
                    WIDTH="887"
                    HEIGHT="85"
                    WC="0.8775727006427029"></String>
          </TextLine>

          
          
          <TextLine ID="eSc_line_72672239"
                    TAGREFS="LT4837"
                    BASELINE="95 1122 967 1136" 
                    HPOS="93"
                    VPOS="1072"
                    WIDTH="874"
                    HEIGHT="87">
            <Shape><Polygon POINTS="95 1122 93 1135 113 1143 114 1143 116 1143 154 1135 163 1133 167 1135 194 1150 195 1150 197 1150 198 1150 229 1139 244 1152 245 1152 246 1152 248 1152 315 1138 319 1138 322 1138 359 1155 360 1155 361 1155 363 1155 403 1141 410 1138 418 1141 468 1156 469 1156 471 1156 577 1146 604 1158 605 1158 688 1159 689 1159 691 1159 692 1159 713 1146 718 1143 728 1146 749 1153 750 1153 752 1153 797 1148 825 1145 860 1145 868 1149 879 1156 881 1156 882 1156 884 1156 885 1156 886 1156 894 1149 899 1146 965 1150 967 1136 967 1097 956 1085 956 1084 955 1084 953 1084 952 1084 891 1085 889 1085 888 1085 872 1095 847 1082 845 1082 844 1082 842 1082 841 1082 823 1097 817 1102 804 1102 794 1097 766 1081 764 1081 706 1079 705 1079 703 1079 702 1079 682 1095 679 1098 676 1095 671 1091 669 1091 668 1091 667 1091 624 1094 596 1097 593 1094 577 1081 577 1079 576 1079 574 1079 573 1079 571 1079 570 1079 549 1094 547 1094 543 1094 515 1088 513 1088 512 1088 493 1092 483 1095 476 1092 456 1084 455 1084 454 1084 452 1084 451 1084 451 1085 442 1092 439 1094 430 1092 394 1085 393 1085 391 1085 380 1091 374 1094 361 1091 334 1085 333 1085 332 1085 315 1091 312 1091 292 1074 290 1074 289 1074 269 1072 268 1072 211 1082 191 1077 190 1077 188 1077 187 1077 185 1077 170 1088 167 1089 95 1088 95 1122"/></Shape>
	    <String CONTENT="از حکم بهجهت تشخيص مسيله هيولارا چهار هتبه گفته اند"
                    HPOS="93"
                    VPOS="1072"
                    WIDTH="874"
                    HEIGHT="87"
                    WC="0.8731897730453342"></String>
          </TextLine>

          
          
          <TextLine ID="eSc_line_5614aa1f"
                    TAGREFS="LT4837"
                    BASELINE="78 1210 962 1216" 
                    HPOS="76"
                    VPOS="1153"
                    WIDTH="886"
                    HEIGHT="84">
            <Shape><Polygon POINTS="78 1210 76 1224 129 1233 130 1233 183 1226 210 1221 218 1226 235 1233 237 1233 238 1233 239 1233 255 1226 262 1221 289 1221 293 1226 298 1228 298 1230 299 1230 300 1230 302 1230 350 1226 377 1223 381 1226 390 1231 391 1231 393 1231 394 1231 442 1226 465 1223 469 1226 478 1233 478 1234 479 1234 481 1234 482 1234 513 1228 552 1236 553 1236 554 1236 556 1236 569 1226 583 1236 584 1236 586 1236 587 1236 625 1227 642 1236 644 1236 645 1237 698 1237 698 1236 699 1236 732 1226 737 1224 739 1226 750 1236 750 1237 752 1237 753 1237 755 1237 756 1237 781 1228 854 1237 855 1237 857 1237 858 1237 872 1226 874 1226 879 1226 930 1233 932 1233 960 1226 962 1216 960 1172 888 1175 884 1172 869 1159 869 1158 868 1158 867 1158 865 1158 864 1158 862 1158 841 1172 833 1177 824 1172 804 1158 803 1158 801 1158 800 1158 799 1158 797 1158 777 1172 767 1177 652 1177 645 1172 625 1159 624 1159 623 1159 621 1159 620 1159 618 1159 603 1170 593 1163 591 1163 590 1163 588 1163 587 1163 554 1172 540 1176 533 1172 519 1163 518 1163 516 1163 515 1163 513 1163 483 1173 481 1173 479 1173 451 1155 449 1155 448 1155 447 1155 398 1162 350 1155 349 1155 347 1155 289 1173 275 1160 275 1159 273 1159 272 1159 143 1153 141 1153 140 1153 139 1153 139 1155 124 1167 78 1173 78 1210"/></Shape>
	    <String CONTENT="هيولاي أول وهيولا على هيولاي صناعي وهيؤلامي طبيعي"
                    HPOS="76"
                    VPOS="1153"
                    WIDTH="886"
                    HEIGHT="84"
                    WC="0.8729506532351176"></String>
          </TextLine>

          
          
          <TextLine ID="eSc_line_6bd31969"
                    TAGREFS="LT4837"
                    BASELINE="82 1287 962 1292" 
                    HPOS="80"
                    VPOS="1231"
                    WIDTH="882"
                    HEIGHT="81">
            <Shape><Polygon POINTS="80 1305 140 1301 146 1307 147 1307 147 1308 149 1308 150 1308 151 1309 201 1309 201 1308 202 1308 204 1308 205 1307 217 1298 228 1307 229 1307 231 1307 232 1307 234 1307 237 1307 261 1297 292 1305 302 1308 303 1308 305 1308 306 1308 307 1308 310 1305 320 1298 360 1305 364 1305 366 1305 383 1305 496 1298 513 1304 522 1307 523 1307 525 1307 543 1304 564 1299 576 1304 590 1308 591 1308 593 1308 594 1308 614 1302 630 1299 651 1302 688 1308 689 1308 716 1302 726 1299 729 1302 739 1311 739 1312 740 1312 742 1312 743 1312 797 1302 818 1312 820 1312 821 1312 872 1305 911 1312 912 1312 913 1312 960 1299 962 1292 959 1253 803 1258 787 1248 786 1247 784 1247 783 1247 781 1247 780 1247 779 1247 779 1248 777 1248 766 1258 671 1258 651 1247 628 1234 627 1234 625 1234 624 1234 623 1234 607 1246 605 1247 603 1246 588 1234 587 1234 586 1234 543 1234 542 1234 540 1234 539 1234 526 1244 513 1253 500 1244 489 1234 488 1234 486 1234 485 1234 483 1234 462 1243 434 1255 400 1244 398 1244 397 1244 356 1247 346 1241 333 1233 332 1233 330 1233 221 1231 219 1231 218 1231 217 1231 205 1238 200 1243 181 1238 150 1231 112 1231 110 1231 109 1231 107 1231 107 1233 102 1237 97 1241 83 1237 82 1287 80 1305"/></Shape>
	    <String CONTENT="و هيولای اول آتاست كه گفته شد و هيولاى گلی جسم مطلق"
                    HPOS="80"
                    VPOS="1231"
                    WIDTH="882"
                    HEIGHT="81"
                    WC="0.9088942649272772"></String>
          </TextLine>

          
          
          <TextLine ID="eSc_line_619536b5"
                    TAGREFS="LT4837"
                    BASELINE="82 1356 955 1365" 
                    HPOS="80"
                    VPOS="1308"
                    WIDTH="875"
                    HEIGHT="77">
            <Shape><Polygon POINTS="82 1356 80 1365 102 1376 103 1376 105 1376 106 1376 133 1366 158 1378 160 1378 161 1378 204 1372 303 1379 305 1379 306 1379 307 1379 307 1378 317 1369 319 1368 340 1368 343 1370 351 1378 351 1379 353 1379 354 1379 356 1379 357 1379 383 1370 390 1369 491 1369 500 1373 516 1382 518 1382 519 1382 520 1382 539 1375 542 1373 543 1375 552 1382 553 1382 554 1382 556 1382 597 1376 610 1375 624 1378 649 1382 651 1382 675 1378 713 1372 722 1379 725 1382 725 1383 726 1383 728 1383 729 1383 781 1380 918 1373 950 1385 955 1365 950 1318 919 1334 889 1318 884 1315 882 1315 838 1315 837 1315 835 1315 831 1318 807 1331 789 1321 787 1321 786 1321 736 1334 667 1334 651 1325 649 1325 648 1325 607 1331 600 1325 600 1324 598 1324 597 1324 596 1324 594 1324 567 1331 549 1322 547 1322 546 1322 544 1322 543 1322 530 1331 491 1331 476 1316 472 1312 472 1311 471 1311 469 1311 393 1311 391 1311 390 1311 380 1315 363 1325 344 1316 343 1316 342 1316 340 1316 316 1325 302 1315 295 1309 293 1309 292 1309 290 1309 289 1309 276 1315 252 1326 239 1315 231 1308 229 1308 228 1308 227 1308 225 1308 211 1315 188 1326 173 1315 164 1308 163 1308 161 1308 160 1308 82 1314 82 1356"/></Shape>
	    <String CONTENT="ست که عبارت است از امر و قو تبکه تفضیل صورت از"
                    HPOS="80"
                    VPOS="1308"
                    WIDTH="875"
                    HEIGHT="77"
                    WC="0.936832624932994"></String>
          </TextLine>

          
          
          <TextLine ID="eSc_line_750a66c9"
                    TAGREFS="LT4837"
                    BASELINE="83 1433 584 1443 955 1434" 
                    HPOS="82"
                    VPOS="1383"
                    WIDTH="873"
                    HEIGHT="81">
            <Shape><Polygon POINTS="83 1433 82 1447 157 1448 171 1461 173 1461 174 1461 175 1463 210 1463 210 1461 211 1461 212 1461 212 1460 225 1448 327 1448 329 1448 353 1461 354 1461 356 1461 405 1450 417 1458 417 1460 418 1460 420 1460 421 1460 422 1460 439 1451 468 1458 469 1458 471 1458 472 1458 486 1453 496 1461 496 1463 498 1463 499 1463 500 1463 678 1456 698 1464 699 1464 701 1464 797 1457 834 1464 835 1464 837 1464 838 1464 854 1453 895 1464 896 1464 898 1464 953 1450 955 1434 953 1397 925 1386 923 1386 922 1386 851 1397 845 1397 844 1397 823 1386 821 1386 820 1386 818 1386 794 1393 772 1386 770 1386 769 1386 722 1397 713 1399 706 1397 671 1386 669 1386 668 1386 667 1386 641 1397 640 1399 600 1399 598 1397 586 1386 586 1385 584 1385 583 1385 581 1385 525 1395 498 1385 496 1385 495 1385 493 1385 492 1385 472 1397 469 1399 441 1399 439 1397 432 1390 432 1389 431 1389 430 1389 428 1389 394 1396 383 1387 383 1386 381 1386 380 1386 378 1386 377 1386 353 1397 351 1397 350 1397 330 1383 329 1383 327 1383 252 1383 251 1383 249 1383 248 1383 248 1385 234 1396 133 1389 131 1389 83 1396 83 1433"/></Shape>
	    <String CONTENT="اعلى اتا بأسفل السافلين قبول گردد و هيولاثى طبيعى عنامر"
                    HPOS="82"
                    VPOS="1383"
                    WIDTH="873"
                    HEIGHT="81"
                    WC="0.8924604292426791"></String>
          </TextLine>

          
          
          <TextLine ID="eSc_line_af119699"
                    TAGREFS="LT4837"
                    BASELINE="87 1507 956 1512" 
                    HPOS="86"
                    VPOS="1464"
                    WIDTH="870"
                    HEIGHT="71">
            <Shape><Polygon POINTS="87 1507 86 1514 130 1515 158 1529 160 1529 161 1531 244 1531 244 1529 245 1529 246 1529 266 1517 268 1517 271 1517 337 1531 339 1532 367 1532 367 1531 368 1531 370 1531 388 1518 390 1518 408 1518 411 1518 427 1531 428 1531 430 1531 431 1531 432 1531 464 1521 502 1531 503 1531 505 1531 506 1531 508 1531 520 1519 522 1518 527 1521 560 1532 561 1532 563 1532 620 1525 718 1532 719 1532 720 1532 722 1532 735 1522 739 1519 747 1524 774 1534 776 1534 777 1535 803 1535 803 1534 804 1534 806 1534 818 1524 824 1521 860 1521 867 1525 879 1531 881 1531 882 1531 884 1531 885 1531 892 1525 898 1521 953 1525 956 1512 956 1468 901 1468 899 1468 898 1468 896 1468 885 1477 857 1470 855 1470 854 1470 852 1470 828 1483 794 1470 793 1470 791 1470 790 1470 789 1470 773 1483 657 1483 642 1471 638 1467 637 1467 635 1467 588 1467 587 1467 586 1467 584 1467 579 1473 569 1480 542 1473 518 1465 516 1465 447 1465 445 1465 444 1465 442 1465 432 1474 424 1480 407 1474 387 1467 386 1467 384 1467 383 1467 381 1467 371 1474 364 1480 350 1474 343 1473 342 1473 340 1473 339 1473 332 1475 319 1480 313 1475 303 1465 303 1464 302 1464 300 1464 299 1464 298 1464 265 1475 263 1475 227 1464 225 1464 224 1464 222 1464 177 1477 170 1478 166 1477 141 1464 140 1464 139 1464 137 1464 112 1477 109 1478 87 1478 87 1507"/></Shape>
	    <String CONTENT="اربعاست نست کلی در ايشان تصرف مسنمايد و"
                    HPOS="86"
                    VPOS="1464"
                    WIDTH="870"
                    HEIGHT="71"
                    WC="0.9254647371096488"></String>
          </TextLine>

          
          
          <TextLine ID="eSc_line_20362fcb"
                    TAGREFS="LT4837"
                    BASELINE="78 1593 952 1586" 
                    HPOS="76"
                    VPOS="1534"
                    WIDTH="876"
                    HEIGHT="88">
            <Shape><Polygon POINTS="78 1593 78 1619 130 1622 131 1622 133 1622 140 1619 177 1605 285 1615 286 1615 288 1615 289 1615 303 1603 397 1609 398 1609 400 1609 428 1602 445 1609 447 1609 448 1609 449 1609 465 1602 559 1602 567 1609 567 1610 569 1610 570 1610 571 1610 573 1610 587 1605 669 1616 679 1617 681 1617 682 1617 685 1616 696 1610 718 1616 722 1617 723 1617 725 1617 733 1616 769 1610 837 1616 847 1616 848 1616 850 1616 851 1616 865 1607 879 1616 881 1616 882 1616 884 1616 952 1615 952 1586 943 1544 939 1549 919 1544 895 1538 894 1538 892 1538 891 1538 874 1545 861 1549 852 1545 850 1544 848 1544 847 1544 804 1545 708 1551 699 1546 671 1534 669 1534 668 1534 667 1534 665 1534 665 1535 651 1548 647 1552 574 1552 567 1549 549 1539 547 1539 546 1539 502 1548 482 1535 481 1535 479 1535 420 1535 418 1535 417 1535 378 1545 368 1536 367 1536 366 1536 364 1536 363 1536 361 1536 336 1552 313 1552 309 1552 288 1536 286 1536 285 1536 249 1536 248 1536 246 1536 194 1553 177 1538 175 1538 174 1538 134 1538 133 1538 131 1538 76 1555 78 1593"/></Shape>
	    <String CONTENT="ايشان صورت مختلفه از معادن و نبات دعيوان ظاهر"
                    HPOS="76"
                    VPOS="1534"
                    WIDTH="876"
                    HEIGHT="88"
                    WC="0.901901015970442"></String>
          </TextLine>

          
        </TextBlock>
        
        <TextBlock HPOS="498"
                   VPOS="51"
                   WIDTH="95"
                   HEIGHT="66"
                   ID="eSc_textblock_38dc7c7e"
                   TAGREFS="BT16093">
          <Shape><Polygon POINTS="526 51 587 51 593 95 564 117 526 112 498 89 526 51"/></Shape>
          
          
          <TextLine ID="eSc_line_e8296725"
                    TAGREFS="LT4837"
                    BASELINE="525 82 576 79" 
                    HPOS="522"
                    VPOS="51"
                    WIDTH="54"
                    HEIGHT="49">
            <Shape><Polygon POINTS="536 51 522 52 525 82 525 96 574 100 576 79 573 52 547 51 536 51"/></Shape>
	    <String CONTENT=""
                    HPOS="522"
                    VPOS="51"
                    WIDTH="54"
                    HEIGHT="49"></String>
          </TextLine>

          
        </TextBlock>
        

        
      </PrintSpace>
    </Page>
  </Layout>
</alto>
