<?xml version="1.0" encoding="UTF-8"?>
<alto xmlns:xsi="http://www.w3.org/2001/XMLSchema-instance"
      xmlns="http://www.loc.gov/standards/alto/ns-v4#"
      xsi:schemaLocation="http://www.loc.gov/standards/alto/ns-v4# http://www.loc.gov/standards/alto/v4/alto-4-2.xsd">
  <Description>
    <MeasurementUnit>pixel</MeasurementUnit>
    <sourceImageInformation>
      <fileName>Rasail117.jpg</fileName>
      
    </sourceImageInformation>
  </Description>
  
  <Tags>
    <OtherTag ID="BT16094" LABEL="default" DESCRIPTION="block type default"/><OtherTag ID="BT16093" LABEL="NumberingZone:page" DESCRIPTION="block type NumberingZone:page"/><OtherTag ID="BT16092" LABEL="MarginTextZone:note" DESCRIPTION="block type MarginTextZone:note"/><OtherTag ID="BT16091" LABEL="TitlePageZone" DESCRIPTION="block type TitlePageZone"/><OtherTag ID="BT16090" LABEL="QuireMarksZone:catchwords" DESCRIPTION="block type QuireMarksZone:catchwords"/><OtherTag ID="BT16089" LABEL="NumberingZone:other" DESCRIPTION="block type NumberingZone:other"/><OtherTag ID="BT16088" LABEL="NumberingZone" DESCRIPTION="block type NumberingZone"/><OtherTag ID="BT16087" LABEL="MarginTextZone" DESCRIPTION="block type MarginTextZone"/><OtherTag ID="BT16086" LABEL="MainZone" DESCRIPTION="block type MainZone"/><OtherTag ID="BT16085" LABEL="DigitizationArtefactZone" DESCRIPTION="block type DigitizationArtefactZone"/><OtherTag ID="BT2" LABEL="Main" DESCRIPTION="block type Main"/><OtherTag ID="BT1" LABEL="Title" DESCRIPTION="block type Title"/>
    <OtherTag ID="LT4837" LABEL="DefaultLine" DESCRIPTION="line type DefaultLine"/><OtherTag ID="LT4838" LABEL="default" DESCRIPTION="line type default"/><OtherTag ID="LT4839" LABEL="HeadingLine:title" DESCRIPTION="line type HeadingLine:title"/>
  </Tags>
  
  <Layout>
    <Page WIDTH="1188"
          HEIGHT="1695"
          PHYSICAL_IMG_NR="145"
          ID="eSc_dummypage_">
      <PrintSpace HPOS="0"
                  VPOS="0"
                  WIDTH="1188"
                  HEIGHT="1695">
        
        <TextBlock HPOS="5"
                   VPOS="152"
                   WIDTH="1013"
                   HEIGHT="1485"
                   ID="eSc_textblock_e256aa73"
                   TAGREFS="BT16086">
          <Shape><Polygon POINTS="299 152 916 158 978 180 995 327 984 597 1001 621 990 1049 1012 1254 1001 1518 1018 1559 978 1631 50 1637 16 1597 5 661 28 180 50 158 299 152"/></Shape>
          
          
          <TextLine ID="eSc_line_26f2fceb"
                    TAGREFS="LT4837"
                    BASELINE="40 211 950 224" 
                    HPOS="39"
                    VPOS="155"
                    WIDTH="911"
                    HEIGHT="96">
            <Shape><Polygon POINTS="113 155 111 155 97 156 86 156 59 176 56 176 40 176 40 211 39 235 48 240 49 240 50 240 52 240 63 234 70 230 76 234 83 240 84 240 86 240 87 240 88 240 90 240 90 238 96 234 105 226 224 226 237 234 250 242 251 242 252 242 254 244 296 244 296 242 298 242 299 242 307 234 315 230 322 234 333 242 334 242 336 242 389 244 391 244 392 244 425 234 443 230 522 230 529 234 546 245 548 245 549 245 597 247 598 247 648 234 652 234 654 234 672 248 673 248 675 248 676 250 724 250 724 248 726 248 761 235 786 248 788 248 789 248 791 248 810 238 846 238 865 251 867 251 868 251 870 251 933 248 935 248 936 248 949 235 950 224 950 189 868 189 867 187 846 166 846 165 844 165 843 165 841 165 840 165 781 180 764 172 762 172 761 172 759 172 758 172 744 183 707 163 706 163 646 162 645 162 644 162 611 170 598 165 597 165 596 165 594 165 557 183 556 183 518 183 517 182 484 165 483 165 481 165 480 165 436 179 416 165 415 165 413 165 412 165 411 165 374 180 372 180 371 180 315 158 313 158 312 158 231 173 213 158 211 158 210 158 209 158 207 158 148 177 145 177 144 177 114 155 113 155"/></Shape>
	    <String CONTENT="داعی داعات و باقی ختان نيز در آمور حجت اعظم باشنددهمر"
                    HPOS="39"
                    VPOS="155"
                    WIDTH="911"
                    HEIGHT="96"
                    WC="0.8796724014812045"></String>
          </TextLine>

          
          
          <TextLine ID="eSc_line_097a5f66"
                    TAGREFS="LT4837"
                    BASELINE="36 293 357 289 949 302" 
                    HPOS="35"
                    VPOS="241"
                    WIDTH="914"
                    HEIGHT="86">
            <Shape><Polygon POINTS="36 293 35 310 66 314 67 314 69 314 76 312 90 305 107 312 117 316 118 316 120 316 121 316 122 316 122 314 125 313 138 302 156 302 204 314 213 316 214 316 216 316 217 316 218 316 220 314 235 303 271 310 272 310 274 310 296 303 309 313 310 313 312 313 313 313 315 313 346 305 360 316 360 317 361 317 363 317 394 319 395 319 396 319 401 317 429 305 521 319 539 322 541 322 542 322 543 322 543 320 545 320 555 310 589 307 608 320 608 322 610 322 611 322 613 322 614 322 617 322 637 312 658 322 662 323 663 323 665 324 719 324 719 323 720 323 721 323 758 310 816 314 826 324 827 324 829 324 830 324 832 324 868 312 885 326 887 326 888 326 889 327 947 327 949 302 945 254 919 274 881 274 850 255 844 251 843 251 841 251 840 251 839 251 829 255 795 271 776 255 769 250 768 250 767 250 765 250 737 255 696 265 658 259 656 259 594 268 583 259 583 258 581 258 580 258 579 258 545 265 528 258 502 245 501 245 409 244 408 244 406 244 405 244 405 245 389 258 381 266 360 266 350 259 329 242 327 242 326 242 324 242 323 242 283 259 274 264 268 259 242 242 241 242 240 242 202 241 200 241 199 241 197 241 189 250 173 241 172 241 170 241 169 241 168 241 144 259 120 252 118 252 117 252 115 252 114 252 104 261 103 262 36 262 36 293"/></Shape>
	    <String CONTENT="اين مراتب جمع بذات ايام بود و اين مراتب صيرات پدر "
                    HPOS="35"
                    VPOS="241"
                    WIDTH="914"
                    HEIGHT="86"
                    WC="0.9471770477294922"></String>
          </TextLine>

          
          
          <TextLine ID="eSc_line_a5cb0d70"
                    TAGREFS="LT4837"
                    BASELINE="76 363 947 371" 
                    HPOS="74"
                    VPOS="309"
                    WIDTH="873"
                    HEIGHT="86">
            <Shape><Polygon POINTS="76 363 74 387 101 388 103 388 104 388 105 388 107 387 129 374 207 374 244 385 245 385 247 385 290 375 309 385 317 389 319 389 320 391 360 391 360 389 361 389 372 385 391 377 398 384 404 389 404 391 405 391 406 391 408 392 459 392 459 391 460 391 485 384 509 377 525 384 529 385 531 385 532 385 533 385 535 385 536 384 541 381 543 384 552 391 552 392 553 392 555 392 556 392 598 382 617 378 621 382 630 389 630 391 631 391 632 391 656 394 658 394 713 382 723 379 726 381 733 388 734 388 735 388 737 388 793 382 823 395 824 395 826 395 827 395 829 395 841 387 913 395 915 395 916 395 946 379 947 371 947 341 916 333 915 333 913 333 912 333 911 333 904 340 902 341 844 341 839 337 833 333 832 333 830 333 829 333 827 333 819 336 810 340 806 336 788 317 788 316 786 316 785 316 783 316 761 317 759 317 758 317 738 333 734 336 730 333 719 323 717 323 716 323 714 323 713 323 711 323 700 331 689 340 661 340 645 330 621 314 620 314 618 314 596 314 594 314 593 314 591 314 577 327 569 333 526 324 521 324 511 314 511 313 509 313 508 313 507 313 460 314 459 314 457 314 457 316 450 322 440 314 439 314 437 314 436 314 435 314 416 322 404 326 388 320 368 312 367 312 365 312 364 312 343 319 319 326 306 317 300 312 299 312 298 312 296 312 295 312 293 312 293 313 289 316 279 324 255 323 254 323 252 323 251 323 235 334 186 334 151 312 151 310 149 310 148 310 76 309 76 363"/></Shape>
	    <String CONTENT="فرزند رسد که قص به نص تا انقراض عالم خوايد بود و اين"
                    HPOS="74"
                    VPOS="309"
                    WIDTH="873"
                    HEIGHT="86"
                    WC="0.9264752945074668"></String>
          </TextLine>

          
          
          <TextLine ID="eSc_line_9b54b8f7"
                    TAGREFS="LT4837"
                    BASELINE="26 435 922 440" 
                    HPOS="25"
                    VPOS="385"
                    WIDTH="897"
                    HEIGHT="83">
            <Shape><Polygon POINTS="26 435 25 461 108 463 110 463 111 463 113 463 113 461 114 461 120 454 135 460 137 460 138 460 139 460 141 460 165 446 185 446 204 460 206 461 207 461 209 461 210 461 211 461 213 461 214 460 230 449 245 459 252 464 254 464 255 464 257 466 298 466 298 464 299 464 300 464 309 459 326 447 351 457 354 459 355 459 357 460 357 459 358 459 363 457 388 447 440 447 452 454 453 454 454 454 456 454 514 449 524 454 539 466 541 466 542 466 543 466 545 466 579 454 580 453 696 449 700 453 714 466 714 467 716 467 717 467 719 468 745 468 745 467 747 467 781 452 783 450 785 452 803 467 805 467 806 467 808 468 870 468 870 467 871 467 872 467 872 466 885 454 921 449 922 440 922 413 905 402 904 402 902 402 901 402 899 402 875 412 853 405 851 405 850 405 848 405 847 405 847 406 836 416 806 416 796 406 795 406 793 406 792 406 791 406 789 406 775 415 774 416 731 416 730 415 689 388 687 388 686 388 685 388 683 388 682 388 651 415 615 415 615 413 591 394 590 394 589 394 587 394 545 402 533 392 533 391 532 391 531 391 529 391 528 391 526 391 507 405 483 398 481 398 480 398 478 398 446 412 296 396 295 396 293 396 265 412 264 412 211 385 210 385 63 385 62 385 60 385 59 385 26 406 26 435"/></Shape>
	    <String CONTENT="داغيان همر به نصب امام منصوب و به عزل او معزدلند"
                    HPOS="25"
                    VPOS="385"
                    WIDTH="897"
                    HEIGHT="83"
                    WC="0.8900119339426359"></String>
          </TextLine>

          
          
          <TextLine ID="eSc_line_2c2419cf"
                    TAGREFS="LT4837"
                    BASELINE="33 518 364 512 800 512 942 518" 
                    HPOS="32"
                    VPOS="468"
                    WIDTH="910"
                    HEIGHT="71">
            <Shape><Polygon POINTS="33 518 33 533 104 539 105 539 107 539 108 539 108 538 113 533 122 524 177 522 204 533 210 536 211 536 213 536 214 536 220 533 237 524 281 524 337 524 355 532 357 532 358 532 460 521 490 533 494 535 495 535 497 535 498 535 502 533 533 521 546 533 550 536 550 538 552 538 553 538 555 539 573 539 573 538 574 538 576 538 580 533 597 521 624 521 638 533 642 536 642 538 644 538 645 538 646 539 689 539 689 538 690 538 692 538 692 536 696 533 710 521 741 521 761 533 765 536 767 536 768 536 803 538 805 538 806 538 808 538 813 533 824 525 836 532 841 538 843 538 844 538 846 538 901 536 902 536 904 536 904 535 908 532 915 526 937 532 942 518 940 484 904 476 902 476 901 476 848 485 847 485 829 470 829 468 827 468 826 468 791 468 789 468 788 468 786 468 759 485 745 473 745 471 744 471 743 471 741 471 740 471 717 478 702 468 700 468 699 468 607 468 606 468 604 468 603 468 581 485 519 476 518 476 517 476 497 485 481 474 480 474 478 474 477 474 476 474 452 480 422 470 420 470 419 470 418 470 416 470 398 487 339 487 329 478 327 478 326 478 324 478 286 487 226 470 224 470 223 470 221 470 220 470 192 487 129 470 128 470 127 470 125 470 98 481 56 476 55 476 53 476 52 476 32 485 33 518"/></Shape>
	    <String CONTENT="واين بخت اظم را سخن دين و دعوت در افاق روانبو"
                    HPOS="32"
                    VPOS="468"
                    WIDTH="910"
                    HEIGHT="71"
                    WC="0.8988996240827772"></String>
          </TextLine>

          
          
          <TextLine ID="eSc_line_f2b820b1"
                    TAGREFS="LT4837"
                    BASELINE="53 593 446 584 945 591" 
                    HPOS="53"
                    VPOS="535"
                    WIDTH="892"
                    HEIGHT="75">
            <Shape><Polygon POINTS="53 593 53 610 103 610 103 608 104 608 139 594 149 603 149 604 151 604 152 604 153 604 155 604 156 604 172 594 210 604 211 604 213 604 214 604 233 594 247 603 248 603 250 603 251 603 315 594 343 607 347 608 348 608 350 610 371 610 371 608 372 608 374 608 375 607 389 594 408 603 409 603 411 603 412 603 413 603 423 594 473 601 474 601 518 594 541 605 548 608 549 608 550 608 552 608 553 608 556 605 570 594 645 594 661 604 666 608 668 608 669 608 670 608 672 608 683 604 709 594 744 604 762 608 764 608 765 608 795 603 815 600 824 603 839 608 840 608 841 608 943 601 945 591 945 557 929 549 928 549 926 549 868 556 857 548 857 546 856 546 854 546 853 546 851 546 833 556 819 545 817 545 816 545 815 545 813 545 791 553 767 535 765 535 764 535 726 535 724 535 723 535 721 535 689 556 648 535 646 535 645 535 644 535 622 542 615 536 615 535 614 535 613 535 413 535 412 535 411 535 409 535 375 557 340 557 315 536 313 536 312 536 310 536 309 536 307 536 283 557 224 557 200 538 199 538 197 538 196 538 194 538 166 552 151 542 149 542 148 542 146 542 53 556 53 593"/></Shape>
	    <String CONTENT="رجاد عوت کند از امام زمان مرخص باشد و او در"
                    HPOS="53"
                    VPOS="535"
                    WIDTH="892"
                    HEIGHT="75"
                    WC="0.9133045271385548"></String>
          </TextLine>

          
          
          <TextLine ID="eSc_line_f8d14ba9"
                    TAGREFS="LT4837"
                    BASELINE="19 673 447 658 947 661" 
                    HPOS="18"
                    VPOS="601"
                    WIDTH="929"
                    HEIGHT="93">
            <Shape><Polygon POINTS="19 673 19 694 62 694 62 693 63 693 64 693 76 685 96 692 97 692 98 692 100 692 118 682 166 690 177 692 179 692 180 692 186 690 221 678 274 687 289 690 290 690 292 690 293 690 296 687 309 678 344 685 346 685 347 685 379 676 405 685 409 686 411 686 412 686 413 686 415 686 416 685 432 673 502 673 514 680 515 680 517 680 518 680 644 672 655 679 663 686 665 686 666 686 668 687 714 687 714 686 716 686 738 678 752 670 767 676 785 685 786 685 788 685 850 678 928 682 929 682 930 682 947 672 947 661 946 627 834 627 820 617 819 617 817 617 816 617 815 617 813 617 800 628 768 628 740 603 740 601 738 601 737 601 717 601 716 601 638 610 573 605 572 605 570 605 569 605 549 622 531 608 529 608 528 608 526 608 525 608 491 618 476 605 474 605 473 605 471 605 411 613 333 607 331 607 330 607 283 631 234 624 233 624 231 624 203 634 203 635 186 635 186 634 166 617 166 615 165 615 163 615 162 615 161 615 144 621 101 610 100 610 98 610 97 610 18 635 19 673"/></Shape>
	    <String CONTENT="رحاف زياده از يكى نه تواند بود داين حجتان دويه اييشان"
                    HPOS="18"
                    VPOS="601"
                    WIDTH="929"
                    HEIGHT="93"
                    WC="0.9170795409184582"></String>
          </TextLine>

          
          
          <TextLine ID="eSc_line_cb4ef923"
                    TAGREFS="LT4837"
                    BASELINE="638 731 950 738" 
                    HPOS="637"
                    VPOS="682"
                    WIDTH="313"
                    HEIGHT="83">
            <Shape><Polygon POINTS="638 731 637 747 727 747 738 751 767 762 768 762 769 762 836 755 846 754 847 755 856 762 856 764 857 764 858 764 895 765 897 765 898 765 899 765 911 757 919 751 946 758 950 738 950 704 857 704 851 699 833 685 832 685 830 685 829 685 827 685 799 693 745 683 744 683 743 683 741 683 724 693 713 700 692 700 683 692 673 683 673 682 672 682 670 682 669 682 668 682 638 689 638 731"/></Shape>
	    <String CONTENT="اصحاب اليمين اند"
                    HPOS="637"
                    VPOS="682"
                    WIDTH="313"
                    HEIGHT="83"
                    WC="0.9578840173780918"></String>
          </TextLine>

          
          
          <TextLine ID="eSc_line_4ea1053b"
                    TAGREFS="LT4837"
                    BASELINE="519 833 589 827" 
                    HPOS="515"
                    VPOS="788"
                    WIDTH="74"
                    HEIGHT="72">
            <Shape><Polygon POINTS="519 833 522 860 543 851 545 853 549 857 549 858 550 858 552 858 553 858 555 858 589 839 589 827 583 788 515 795 519 833"/></Shape>
	    <String CONTENT="وصل"
                    HPOS="515"
                    VPOS="788"
                    WIDTH="74"
                    HEIGHT="72"
                    WC="0.958879272143046"></String>
          </TextLine>

          
          
          <TextLine ID="eSc_line_3e02c286"
                    TAGREFS="LT4837"
                    BASELINE="508 950 610 950" 
                    HPOS="508"
                    VPOS="911"
                    WIDTH="102"
                    HEIGHT="72">
            <Shape><Polygon POINTS="508 976 514 981 514 983 515 983 517 983 518 983 610 973 610 950 610 913 555 911 553 911 552 911 550 911 550 912 549 913 538 923 521 923 511 913 508 950 508 976"/></Shape>
	    <String CONTENT="ر بيان"
                    HPOS="508"
                    VPOS="911"
                    WIDTH="102"
                    HEIGHT="72"
                    WC="0.8545258641242981"></String>
          </TextLine>

          
          
          <TextLine ID="eSc_line_8e6e43d9"
                    TAGREFS="LT4837"
                    BASELINE="377 950 395 949" 
                    HPOS="370"
                    VPOS="871"
                    WIDTH="25"
                    HEIGHT="93">
            <Shape><Polygon POINTS="377 950 377 964 395 964 395 949 387 871 370 871 377 950"/></Shape>
	    <String CONTENT=""
                    HPOS="370"
                    VPOS="871"
                    WIDTH="25"
                    HEIGHT="93"></String>
          </TextLine>

          
          
          <TextLine ID="eSc_line_90512fed"
                    TAGREFS="LT4837"
                    BASELINE="38 1120 384 1113 874 1115" 
                    HPOS="36"
                    VPOS="1045"
                    WIDTH="838"
                    HEIGHT="93">
            <Shape><Polygon POINTS="38 1120 38 1138 129 1137 131 1137 132 1137 132 1135 142 1127 151 1135 151 1137 152 1137 153 1137 155 1138 177 1138 177 1137 179 1137 180 1137 180 1135 192 1125 221 1135 223 1135 224 1135 226 1135 264 1122 336 1134 337 1134 339 1134 340 1134 340 1132 353 1121 515 1121 598 1132 600 1132 601 1132 622 1122 678 1132 679 1132 680 1132 710 1122 727 1135 728 1135 730 1135 731 1137 769 1137 769 1135 771 1135 772 1135 785 1125 798 1135 799 1135 800 1135 802 1135 803 1135 833 1127 871 1135 874 1115 872 1060 854 1045 853 1045 851 1045 850 1045 848 1045 847 1045 826 1059 791 1045 789 1045 788 1045 786 1045 769 1052 765 1048 765 1046 764 1046 762 1046 761 1046 759 1046 758 1046 758 1048 741 1063 737 1067 710 1063 665 1057 654 1046 654 1045 652 1045 651 1045 649 1045 648 1045 581 1065 577 1066 576 1065 555 1049 553 1049 552 1049 550 1049 549 1049 517 1062 478 1046 477 1046 339 1046 337 1046 336 1046 334 1046 334 1048 315 1066 305 1067 290 1070 170 1070 168 1069 145 1056 144 1056 142 1056 141 1056 139 1056 127 1066 97 1059 96 1059 94 1059 93 1059 91 1059 79 1069 77 1070 36 1070 38 1120"/></Shape>
	    <String CONTENT="بر آنکه ححت محدود نيز از عارفان اسرار امامت باشد و"
                    HPOS="36"
                    VPOS="1045"
                    WIDTH="838"
                    HEIGHT="93"
                    WC="0.8591140245690065"></String>
          </TextLine>

          
          
          <TextLine ID="eSc_line_f826750b"
                    TAGREFS="LT4837"
                    BASELINE="31 1199 645 1190 956 1200" 
                    HPOS="29"
                    VPOS="1145"
                    WIDTH="927"
                    HEIGHT="73">
            <Shape><Polygon POINTS="31 1199 32 1218 63 1206 73 1214 73 1216 74 1216 76 1216 114 1217 115 1217 117 1217 156 1204 176 1217 177 1217 179 1217 180 1218 233 1218 233 1217 234 1217 235 1217 266 1203 302 1203 320 1214 322 1214 323 1214 324 1214 326 1214 327 1214 348 1202 461 1209 463 1209 514 1202 543 1213 545 1213 546 1213 548 1213 549 1213 559 1206 630 1213 631 1213 632 1213 659 1204 693 1213 695 1213 696 1213 697 1213 726 1200 754 1213 758 1214 759 1214 761 1216 802 1216 802 1214 803 1214 809 1211 827 1203 841 1211 844 1214 846 1214 847 1214 848 1214 954 1210 956 1200 953 1155 858 1162 848 1156 833 1145 832 1145 830 1145 829 1145 827 1145 826 1145 810 1156 802 1163 768 1163 755 1158 728 1146 727 1146 726 1146 635 1158 621 1146 620 1146 618 1146 529 1146 528 1146 526 1146 509 1155 501 1146 500 1146 498 1146 439 1146 437 1146 436 1146 435 1146 423 1156 412 1148 412 1146 411 1146 409 1146 408 1146 406 1146 379 1154 364 1146 363 1146 361 1146 360 1146 358 1146 340 1162 312 1148 310 1148 309 1148 307 1148 251 1165 247 1166 176 1166 135 1166 124 1156 124 1155 122 1155 121 1155 120 1155 118 1155 98 1165 64 1148 63 1148 62 1148 60 1148 59 1148 29 1163 31 1199"/></Shape>
	    <String CONTENT="سکن به سخن دعوت ايشان درهه افاق منصوب نه بود بلکه"
                    HPOS="29"
                    VPOS="1145"
                    WIDTH="927"
                    HEIGHT="73"
                    WC="0.9130884633988751"></String>
          </TextLine>

          
          
          <TextLine ID="eSc_line_2fa73e02"
                    TAGREFS="LT4837"
                    BASELINE="28 1275 562 1264 960 1275" 
                    HPOS="26"
                    VPOS="1217"
                    WIDTH="934"
                    HEIGHT="75">
            <Shape><Polygon POINTS="28 1275 28 1285 35 1291 36 1291 38 1291 39 1292 145 1292 145 1291 146 1291 148 1291 158 1282 168 1275 197 1283 227 1291 228 1291 230 1291 231 1291 233 1291 242 1283 258 1274 285 1283 296 1288 298 1288 299 1288 300 1288 310 1283 336 1274 360 1283 365 1286 367 1286 368 1286 370 1286 371 1286 374 1283 392 1274 423 1279 425 1279 426 1279 428 1279 439 1272 519 1272 529 1279 531 1279 532 1279 533 1279 535 1279 562 1272 580 1282 581 1282 583 1282 584 1282 586 1282 603 1272 638 1272 673 1282 675 1282 676 1282 678 1282 704 1272 723 1286 724 1286 726 1286 727 1286 728 1286 796 1276 809 1285 810 1285 812 1285 957 1288 960 1275 959 1233 928 1224 926 1224 925 1224 847 1233 834 1224 833 1224 832 1224 830 1224 829 1224 827 1224 813 1233 810 1235 744 1235 743 1233 726 1218 726 1217 724 1217 723 1217 608 1217 607 1217 606 1217 604 1217 594 1226 521 1217 519 1217 459 1231 426 1218 425 1218 423 1218 422 1218 401 1228 382 1220 381 1220 379 1220 378 1220 377 1220 361 1231 355 1237 315 1237 307 1231 289 1218 288 1218 286 1218 285 1218 283 1218 252 1231 242 1235 235 1231 230 1227 228 1227 227 1227 226 1227 224 1227 223 1227 218 1231 213 1237 86 1237 80 1231 67 1220 67 1218 66 1218 64 1218 63 1218 62 1218 26 1230 28 1275"/></Shape>
	    <String CONTENT="درك ولات به مقدار يك با مورشد باشد سخن دعوت الان"
                    HPOS="26"
                    VPOS="1217"
                    WIDTH="934"
                    HEIGHT="75"
                    WC="0.8462690096348524"></String>
          </TextLine>

          
          
          <TextLine ID="eSc_line_226429c0"
                    TAGREFS="LT4837"
                    BASELINE="31 1353 562 1347 966 1356" 
                    HPOS="29"
                    VPOS="1292"
                    WIDTH="937"
                    HEIGHT="83">
            <Shape><Polygon POINTS="31 1353 29 1364 48 1374 49 1374 50 1375 145 1375 145 1374 146 1374 179 1364 187 1361 207 1364 230 1367 231 1367 233 1367 234 1367 237 1364 250 1356 288 1363 289 1363 290 1363 306 1356 392 1356 406 1365 412 1370 413 1370 415 1370 416 1370 418 1370 419 1370 425 1365 437 1356 485 1356 518 1365 542 1374 543 1374 545 1374 546 1374 567 1367 586 1360 613 1367 620 1368 621 1368 622 1368 624 1368 628 1367 649 1356 683 1367 703 1374 704 1374 706 1374 707 1374 721 1367 745 1356 772 1365 774 1365 775 1365 817 1357 830 1368 836 1372 836 1374 837 1374 839 1374 840 1374 841 1374 857 1368 863 1367 963 1368 966 1356 966 1315 874 1315 820 1293 819 1293 817 1293 816 1293 815 1293 783 1315 751 1315 723 1296 721 1296 720 1296 656 1295 655 1295 654 1295 614 1313 604 1305 604 1303 603 1303 601 1303 600 1303 598 1303 597 1303 590 1310 567 1300 566 1300 565 1300 563 1300 562 1300 546 1315 525 1315 497 1292 495 1292 494 1292 368 1292 367 1292 365 1292 364 1292 355 1299 319 1292 317 1292 207 1313 172 1292 170 1292 169 1292 121 1292 120 1292 118 1292 117 1292 81 1315 31 1315 31 1353"/></Shape>
	    <String CONTENT="درست باشد و ايشان فيفن از انام بواسطه وت اعظم گيرند"
                    HPOS="29"
                    VPOS="1292"
                    WIDTH="937"
                    HEIGHT="83"
                    WC="0.8627242042737848"></String>
          </TextLine>

          
          
          <TextLine ID="eSc_line_634cfa20"
                    TAGREFS="LT4837"
                    BASELINE="22 1432 597 1426 966 1433" 
                    HPOS="21"
                    VPOS="1377"
                    WIDTH="945"
                    HEIGHT="75">
            <Shape><Polygon POINTS="22 1432 22 1449 127 1449 127 1447 128 1447 129 1447 144 1436 170 1440 172 1440 173 1440 175 1440 182 1433 203 1447 207 1450 209 1450 210 1450 211 1450 213 1450 221 1447 265 1433 341 1443 343 1443 344 1443 346 1443 363 1433 401 1433 440 1444 442 1444 443 1444 444 1444 446 1444 464 1433 546 1433 557 1440 559 1440 560 1440 562 1440 563 1440 581 1435 611 1446 615 1447 617 1447 618 1447 620 1447 621 1447 621 1446 622 1446 632 1437 666 1446 686 1450 687 1452 728 1452 728 1450 730 1450 741 1446 769 1433 796 1446 808 1450 809 1450 810 1452 895 1452 895 1450 897 1450 908 1444 923 1437 936 1444 943 1450 945 1450 946 1450 947 1450 949 1450 966 1444 966 1433 964 1396 899 1387 898 1387 897 1387 895 1387 885 1396 810 1396 796 1384 796 1382 795 1382 793 1382 737 1377 735 1377 734 1377 699 1394 659 1395 638 1377 637 1377 635 1377 596 1377 594 1377 593 1377 591 1377 574 1391 538 1377 536 1377 535 1377 533 1377 494 1396 466 1396 437 1377 436 1377 435 1377 433 1377 432 1377 408 1388 377 1377 375 1377 374 1377 372 1377 357 1384 302 1377 300 1377 299 1377 240 1395 204 1377 203 1377 180 1377 179 1377 177 1377 176 1377 176 1378 156 1396 114 1396 94 1378 94 1377 93 1377 91 1377 72 1377 70 1377 69 1377 67 1377 46 1396 21 1396 22 1432"/></Shape>
	    <String CONTENT="وايشان را منزلت بزرگ است در دين و حخت محدودگايی"
                    HPOS="21"
                    VPOS="1377"
                    WIDTH="945"
                    HEIGHT="75"
                    WC="0.9501458901040097"></String>
          </TextLine>

          
          
          <TextLine ID="eSc_line_12e25103"
                    TAGREFS="LT4837"
                    BASELINE="35 1505 966 1514" 
                    HPOS="33"
                    VPOS="1453"
                    WIDTH="933"
                    HEIGHT="79">
            <Shape><Polygon POINTS="35 1505 33 1518 103 1525 104 1525 105 1525 127 1519 135 1517 139 1519 148 1525 149 1525 151 1525 213 1526 214 1526 216 1526 230 1519 238 1515 333 1515 339 1519 348 1528 350 1528 351 1528 353 1529 401 1529 401 1528 444 1519 460 1517 470 1519 494 1528 495 1528 497 1528 498 1528 522 1519 528 1518 529 1519 539 1528 539 1529 541 1529 542 1529 543 1529 545 1529 572 1519 579 1518 594 1519 644 1526 645 1526 685 1519 689 1519 690 1519 702 1529 702 1531 703 1531 704 1531 706 1531 795 1522 853 1532 854 1532 898 1525 946 1532 947 1532 949 1532 950 1532 964 1521 966 1514 966 1474 945 1460 943 1460 942 1460 940 1460 939 1460 899 1476 888 1480 881 1476 865 1466 864 1466 863 1466 861 1466 860 1466 858 1466 844 1476 834 1481 792 1481 783 1476 759 1459 758 1459 757 1459 755 1459 754 1459 752 1459 726 1476 724 1476 709 1463 707 1463 706 1463 704 1463 703 1463 702 1463 689 1474 682 1480 601 1480 593 1474 565 1456 563 1456 562 1456 536 1456 535 1456 533 1456 502 1471 460 1454 459 1454 382 1454 381 1454 379 1454 353 1469 339 1454 339 1453 337 1453 336 1453 334 1453 333 1453 286 1473 281 1476 276 1473 250 1454 248 1454 247 1454 245 1454 224 1456 223 1456 221 1456 197 1473 194 1476 190 1473 168 1456 166 1456 165 1456 163 1456 162 1456 161 1456 149 1466 131 1457 129 1457 128 1457 127 1457 125 1457 125 1459 110 1473 107 1474 35 1473 35 1505"/></Shape>
	    <String CONTENT="ود که يازده تن باشند و بابخت اعظم درازد تف باشند و"
                    HPOS="33"
                    VPOS="1453"
                    WIDTH="933"
                    HEIGHT="79"
                    WC="0.8829514956474305"></String>
          </TextLine>

          
          
          <TextLine ID="eSc_line_2dcfa281"
                    TAGREFS="LT4837"
                    BASELINE="32 1577 502 1580 967 1591" 
                    HPOS="31"
                    VPOS="1525"
                    WIDTH="936"
                    HEIGHT="92">
            <Shape><Polygon POINTS="32 1577 31 1598 76 1604 77 1604 79 1604 80 1604 80 1603 84 1600 93 1593 128 1601 151 1606 152 1606 153 1606 162 1601 192 1589 206 1603 207 1603 207 1604 209 1604 210 1604 211 1604 213 1604 217 1603 233 1598 300 1604 333 1607 334 1607 336 1607 337 1607 339 1606 355 1591 569 1593 596 1601 597 1601 598 1601 639 1597 656 1611 656 1613 658 1613 659 1613 731 1614 733 1614 734 1614 735 1614 737 1613 759 1600 785 1614 788 1615 789 1615 791 1615 799 1614 848 1603 865 1615 867 1615 868 1615 964 1617 967 1591 966 1553 895 1553 894 1552 854 1532 853 1532 774 1531 772 1531 771 1531 769 1531 757 1541 693 1529 596 1529 594 1529 593 1529 539 1545 531 1538 529 1538 528 1538 526 1538 488 1545 463 1529 461 1529 460 1529 459 1529 457 1529 456 1529 440 1541 378 1541 355 1529 354 1529 353 1529 351 1529 350 1529 350 1531 336 1543 334 1543 290 1543 289 1542 268 1529 266 1529 265 1529 264 1529 262 1529 230 1541 180 1526 179 1526 177 1526 176 1526 175 1526 159 1541 158 1541 100 1525 98 1525 97 1525 96 1525 70 1538 63 1531 62 1531 60 1531 59 1531 57 1531 32 1538 32 1577"/></Shape>
	    <String CONTENT="عدد ايشان کمتر نيز تواند بود به قدر خصت واهر ايام زمان انا"
                    HPOS="31"
                    VPOS="1525"
                    WIDTH="936"
                    HEIGHT="92"
                    WC="0.873981256680242"></String>
          </TextLine>

          
        </TextBlock>
        
        <TextBlock HPOS="0"
                   VPOS="1"
                   WIDTH="1"
                   HEIGHT="1"
                   ID="eSc_textblock_07c9c035"
                   TAGREFS="BT16085">
          <Shape><Polygon POINTS="1 2 0 2 0 1 1 1 1 2"/></Shape>
          
        </TextBlock>
        
        <TextBlock HPOS="237"
                   VPOS="22"
                   WIDTH="78"
                   HEIGHT="21"
                   ID="eSc_textblock_47ea4bf9"
                   TAGREFS="BT16085">
          <Shape><Polygon POINTS="251 22 315 28 315 32 259 43 237 32 251 22"/></Shape>
          
        </TextBlock>
        
        <TextBlock HPOS="997"
                   VPOS="0"
                   WIDTH="188"
                   HEIGHT="83"
                   ID="eSc_textblock_38ef249a"
                   TAGREFS="BT16085">
          <Shape><Polygon POINTS="1185 0 1182 83 1108 38 997 32 1148 22 1185 0"/></Shape>
          
        </TextBlock>
        
        <TextBlock HPOS="135"
                   VPOS="67"
                   WIDTH="61"
                   HEIGHT="27"
                   ID="eSc_textblock_e0c3073d"
                   TAGREFS="BT16093">
          <Shape><Polygon POINTS="142 67 179 73 196 94 135 94 142 67"/></Shape>
          
        </TextBlock>
        
        <TextBlock HPOS="399"
                   VPOS="79"
                   WIDTH="157"
                   HEIGHT="55"
                   ID="eSc_textblock_5c73773c"
                   TAGREFS="BT16093">
          <Shape><Polygon POINTS="502 79 556 100 505 134 399 105 439 84 494 96 502 79"/></Shape>
          
        </TextBlock>
        

        
        <TextBlock ID="eSc_dummyblock_">
          
          
          <TextLine ID="eSc_line_193ed37b"
                    TAGREFS="LT4837"
                    BASELINE="471 86 526 86" 
                    HPOS="471"
                    VPOS="60"
                    WIDTH="55"
                    HEIGHT="48">
            <Shape><Polygon POINTS="514 83 500 83 495 64 471 67 471 86 471 104 509 108 511 108 512 108 526 100 526 86 525 60 517 60 514 83"/></Shape>
	    <String CONTENT=""
                    HPOS="471"
                    VPOS="60"
                    WIDTH="55"
                    HEIGHT="48"></String>
          </TextLine>

          
        </TextBlock>
        
      </PrintSpace>
    </Page>
  </Layout>
</alto>
