<?xml version="1.0" encoding="UTF-8"?>
<alto xmlns:xsi="http://www.w3.org/2001/XMLSchema-instance"
      xmlns="http://www.loc.gov/standards/alto/ns-v4#"
      xsi:schemaLocation="http://www.loc.gov/standards/alto/ns-v4# http://www.loc.gov/standards/alto/v4/alto-4-2.xsd">
  <Description>
    <MeasurementUnit>pixel</MeasurementUnit>
    <sourceImageInformation>
      <fileName>Rasail035.jpg</fileName>
      
    </sourceImageInformation>
  </Description>
  
  <Tags>
    <OtherTag ID="BT16094" LABEL="default" DESCRIPTION="block type default"/><OtherTag ID="BT16093" LABEL="NumberingZone:page" DESCRIPTION="block type NumberingZone:page"/><OtherTag ID="BT16092" LABEL="MarginTextZone:note" DESCRIPTION="block type MarginTextZone:note"/><OtherTag ID="BT16091" LABEL="TitlePageZone" DESCRIPTION="block type TitlePageZone"/><OtherTag ID="BT16090" LABEL="QuireMarksZone:catchwords" DESCRIPTION="block type QuireMarksZone:catchwords"/><OtherTag ID="BT16089" LABEL="NumberingZone:other" DESCRIPTION="block type NumberingZone:other"/><OtherTag ID="BT16088" LABEL="NumberingZone" DESCRIPTION="block type NumberingZone"/><OtherTag ID="BT16087" LABEL="MarginTextZone" DESCRIPTION="block type MarginTextZone"/><OtherTag ID="BT16086" LABEL="MainZone" DESCRIPTION="block type MainZone"/><OtherTag ID="BT16085" LABEL="DigitizationArtefactZone" DESCRIPTION="block type DigitizationArtefactZone"/><OtherTag ID="BT2" LABEL="Main" DESCRIPTION="block type Main"/><OtherTag ID="BT1" LABEL="Title" DESCRIPTION="block type Title"/>
    <OtherTag ID="LT4837" LABEL="DefaultLine" DESCRIPTION="line type DefaultLine"/><OtherTag ID="LT4838" LABEL="default" DESCRIPTION="line type default"/><OtherTag ID="LT4839" LABEL="HeadingLine:title" DESCRIPTION="line type HeadingLine:title"/>
  </Tags>
  
  <Layout>
    <Page WIDTH="1084"
          HEIGHT="1703"
          PHYSICAL_IMG_NR="63"
          ID="eSc_dummypage_">
      <PrintSpace HPOS="0"
                  VPOS="0"
                  WIDTH="1084"
                  HEIGHT="1703">
        
        <TextBlock HPOS="28"
                   VPOS="181"
                   WIDTH="948"
                   HEIGHT="1486"
                   ID="eSc_textblock_6de3e9b3"
                   TAGREFS="BT16086">
          <Shape><Polygon POINTS="698 181 913 193 976 215 953 1639 907 1667 62 1667 28 1639 28 215 51 198 698 181"/></Shape>
          
          
          <TextLine ID="eSc_line_c8b95cc2"
                    TAGREFS="LT4837"
                    BASELINE="29 268 960 259" 
                    HPOS="28"
                    VPOS="207"
                    WIDTH="932"
                    HEIGHT="88">
            <Shape><Polygon POINTS="29 268 29 283 98 279 107 285 119 292 120 292 122 292 123 292 160 288 181 295 183 295 184 295 186 295 225 283 244 278 254 283 272 293 274 293 275 295 338 295 338 293 397 280 420 276 431 280 457 292 458 292 460 292 561 279 596 275 605 279 629 290 630 290 632 290 633 290 635 290 650 278 656 273 693 273 701 278 720 289 721 289 723 289 724 289 770 280 801 289 802 289 804 289 846 288 848 288 849 288 866 275 872 272 957 273 960 259 956 228 711 231 700 225 681 214 680 214 679 214 677 214 676 214 674 214 663 221 606 207 605 207 544 207 542 207 541 207 511 224 490 235 468 235 451 222 444 217 443 217 441 217 440 217 366 221 365 221 363 221 363 222 348 232 336 222 335 222 333 222 332 222 331 222 304 235 271 221 244 210 242 210 241 210 28 218 29 268"/></Shape>
	    <String CONTENT="نمايد واين قوت متصرفه اگر متابعت عقل اين عمل نمايد آن"
                    HPOS="28"
                    VPOS="207"
                    WIDTH="932"
                    HEIGHT="88"
                    WC="0.8657566833275335"></String>
          </TextLine>

          
          
          <TextLine ID="eSc_line_08195c64"
                    TAGREFS="LT4837"
                    BASELINE="32 343 954 333" 
                    HPOS="31"
                    VPOS="288"
                    WIDTH="923"
                    HEIGHT="83">
            <Shape><Polygon POINTS="32 343 32 356 95 356 96 356 125 371 126 371 127 371 129 371 153 360 164 370 166 370 167 370 169 370 251 363 291 370 292 370 294 370 326 356 332 354 343 356 400 368 402 368 403 368 433 356 446 351 457 356 474 363 475 363 477 363 478 363 498 356 515 351 539 356 545 357 546 357 552 356 582 350 589 356 600 366 602 366 603 366 605 366 606 366 608 366 620 357 632 366 633 366 635 366 636 367 690 367 690 366 691 366 720 356 734 351 750 356 768 363 770 363 771 363 772 363 774 363 782 356 792 349 815 356 829 361 831 361 832 361 833 361 848 356 872 347 951 356 954 333 951 295 821 288 819 288 818 288 792 298 767 309 724 309 710 300 691 289 690 289 689 289 687 289 686 289 645 302 622 309 615 302 603 293 603 292 602 292 600 292 599 292 598 292 596 292 585 299 569 292 568 292 566 292 565 292 532 305 515 312 426 312 419 307 410 302 409 302 407 302 406 302 404 302 385 307 373 312 370 309 353 293 352 293 350 293 333 293 332 293 331 293 278 310 269 313 265 310 238 295 237 295 235 295 234 295 232 295 231 295 208 312 207 313 206 312 188 305 187 305 186 305 184 305 150 313 146 315 144 315 132 305 130 305 129 305 127 305 31 316 32 343"/></Shape>
	    <String CONTENT="امتفكره لوييد واكر به متابعت واهمه أن عمل نمايد أن"
                    HPOS="31"
                    VPOS="288"
                    WIDTH="923"
                    HEIGHT="83"
                    WC="0.8518768938688132"></String>
          </TextLine>

          
          
          <TextLine ID="eSc_line_528d30d2"
                    TAGREFS="LT4837"
                    BASELINE="32 420 950 411" 
                    HPOS="31"
                    VPOS="357"
                    WIDTH="919"
                    HEIGHT="90">
            <Shape><Polygon POINTS="32 420 32 438 137 447 139 447 140 447 142 447 152 438 160 431 204 437 206 437 247 430 262 437 277 444 278 444 279 444 322 437 369 428 379 437 389 444 390 444 392 444 393 445 419 445 419 444 420 444 421 444 421 442 430 435 437 430 467 435 470 435 471 435 473 435 474 435 502 427 527 435 539 439 541 439 542 439 544 439 545 439 551 435 559 427 575 434 578 435 579 435 581 435 592 434 660 425 680 434 696 441 697 441 698 441 700 441 717 434 727 428 735 434 747 441 748 441 750 441 751 442 778 442 778 441 779 441 797 432 815 424 825 432 831 438 832 438 833 438 872 439 873 439 875 439 876 439 885 432 895 424 947 431 950 411 943 361 939 366 930 361 920 357 919 357 812 357 811 357 809 357 794 366 785 370 775 366 758 359 757 359 708 359 707 359 706 359 704 359 694 367 657 359 656 359 654 359 653 359 636 370 616 383 500 383 485 374 460 361 458 361 457 361 456 361 454 361 430 376 423 381 417 377 410 370 409 370 407 370 406 370 404 370 383 377 380 378 379 377 365 368 363 368 362 368 360 368 359 368 358 368 343 378 333 386 321 386 313 380 295 364 294 364 292 364 291 364 289 364 288 364 265 381 261 384 248 381 221 376 220 376 218 376 194 383 188 384 184 383 113 364 112 364 110 364 109 364 107 364 79 383 62 378 61 378 59 378 58 378 31 387 32 420"/></Shape>
	    <String CONTENT="را متخيله گويند اين قوت نيز مدرك آمور نيست دهمچنين"
                    HPOS="31"
                    VPOS="357"
                    WIDTH="919"
                    HEIGHT="90"
                    WC="0.9349106702150083"></String>
          </TextLine>

          
          
          <TextLine ID="eSc_line_132536bd"
                    TAGREFS="LT4837"
                    BASELINE="32 489 949 492" 
                    HPOS="31"
                    VPOS="438"
                    WIDTH="918"
                    HEIGHT="81">
            <Shape><Polygon POINTS="32 489 31 498 48 506 49 506 51 506 93 503 107 515 107 516 109 516 110 516 112 517 275 517 275 516 277 516 278 516 296 503 298 502 353 500 370 505 390 512 392 512 393 512 394 512 407 506 417 500 470 500 481 508 491 516 492 516 494 516 495 516 497 516 525 509 555 502 585 502 600 510 603 513 605 513 606 513 608 513 626 510 691 502 707 513 713 517 714 517 716 517 717 519 748 519 748 517 750 517 751 517 755 513 772 502 824 502 946 517 949 492 946 458 872 458 865 455 831 441 829 441 775 441 774 441 772 441 771 441 757 454 750 459 725 452 724 452 723 452 721 452 720 452 718 452 718 454 713 458 707 452 696 442 696 441 694 441 693 441 649 441 647 441 646 441 645 441 632 451 612 441 610 441 609 441 535 448 521 449 518 448 508 441 507 441 505 441 504 441 502 441 484 447 453 458 409 451 407 451 285 456 267 447 265 447 264 447 262 447 240 456 200 445 198 445 197 445 196 445 194 445 173 458 122 451 120 451 119 451 106 458 83 439 82 439 80 439 32 438 32 489"/></Shape>
	    <String CONTENT="يز قوت غضی دتوت شيوانیاست و در جمع بهجموعن"
                    HPOS="31"
                    VPOS="438"
                    WIDTH="918"
                    HEIGHT="81"
                    WC="0.9005686413674128"></String>
          </TextLine>

          
          
          <TextLine ID="eSc_line_f0a0d139"
                    TAGREFS="LT4837"
                    BASELINE="45 560 944 567" 
                    HPOS="44"
                    VPOS="506"
                    WIDTH="900"
                    HEIGHT="85">
            <Shape><Polygon POINTS="45 560 44 586 134 586 134 584 136 584 161 573 184 581 186 581 187 581 275 574 299 584 306 587 308 587 309 587 323 584 370 574 440 583 441 583 443 583 444 583 453 576 518 576 534 584 544 588 545 588 546 588 572 584 605 577 616 584 626 590 627 590 629 590 630 591 667 591 667 590 669 590 670 590 670 588 677 584 681 580 687 583 696 590 697 590 698 590 700 591 740 591 740 590 741 590 743 590 751 583 757 580 761 583 765 587 767 587 768 587 770 587 771 587 772 587 777 583 784 579 794 583 814 591 815 591 816 591 818 591 819 591 831 583 836 580 866 583 927 590 929 590 930 590 943 583 944 567 941 526 885 529 876 523 860 515 859 515 858 515 856 515 855 515 853 515 841 523 831 529 785 522 754 517 752 517 751 517 750 517 750 519 747 520 738 529 708 529 687 520 666 512 664 512 663 512 662 512 645 519 633 523 613 517 583 510 582 510 581 510 579 510 566 517 548 526 508 516 491 512 490 512 488 512 487 512 485 512 481 515 467 525 410 526 397 513 393 510 393 509 392 509 390 509 389 509 348 512 302 516 285 510 278 509 277 509 275 509 274 509 269 510 238 525 179 525 146 508 144 508 143 508 142 508 140 508 139 508 105 519 45 506 45 560"/></Shape>
	    <String CONTENT="با حيوانات و تمام خلق شريک اند و ساير قوا که در مرتير"
                    HPOS="44"
                    VPOS="506"
                    WIDTH="900"
                    HEIGHT="85"
                    WC="0.9011664795425703"></String>
          </TextLine>

          
          
          <TextLine ID="eSc_line_f5450142"
                    TAGREFS="LT4837"
                    BASELINE="36 635 949 638" 
                    HPOS="35"
                    VPOS="586"
                    WIDTH="914"
                    HEIGHT="72">
            <Shape><Polygon POINTS="36 635 35 651 90 657 92 657 93 657 95 657 95 655 100 651 107 645 146 645 157 651 166 655 167 655 169 655 170 655 184 651 201 645 224 651 251 657 252 657 254 657 267 649 277 645 309 645 315 649 322 655 322 657 323 657 325 657 326 657 328 657 329 657 338 649 339 649 360 657 362 657 363 657 421 649 424 649 426 649 497 658 498 658 549 648 562 647 578 648 647 657 649 657 700 648 707 647 716 647 775 655 777 655 778 655 799 647 801 647 802 647 843 658 845 658 846 658 848 658 849 658 849 657 860 648 892 654 893 654 947 645 949 638 949 603 926 594 924 594 923 594 922 594 907 600 880 587 879 587 819 587 818 587 816 587 815 587 815 588 801 601 801 603 762 603 762 601 720 587 718 587 717 587 716 587 714 587 698 601 674 593 673 593 671 593 629 601 627 601 615 590 615 588 613 588 612 588 610 588 558 596 546 588 545 588 544 588 542 588 541 588 539 588 524 601 519 601 494 601 491 601 450 586 448 586 447 586 412 593 392 586 390 586 389 586 387 586 367 596 352 586 350 586 349 586 245 586 244 586 181 600 179 600 161 586 160 586 159 586 137 586 136 586 134 586 133 586 119 598 86 588 85 588 83 588 82 588 80 588 80 590 69 600 68 600 36 600 36 635"/></Shape>
	    <String CONTENT="و جمادی ثايت است در آفسان نيزهست ه و فضل"
                    HPOS="35"
                    VPOS="586"
                    WIDTH="914"
                    HEIGHT="72"
                    WC="0.8838987612142796"></String>
          </TextLine>

          
          
          <TextLine ID="eSc_line_8c200bc6"
                    TAGREFS="LT4837"
                    BASELINE="41 718 950 709" 
                    HPOS="39"
                    VPOS="654"
                    WIDTH="911"
                    HEIGHT="88">
            <Shape><Polygon POINTS="41 718 41 733 53 742 55 742 56 742 58 742 59 742 86 730 120 742 122 742 123 742 190 729 191 729 193 729 221 740 223 740 224 740 225 740 255 733 285 740 286 740 288 740 346 728 348 728 349 728 383 739 385 739 386 739 387 739 404 732 480 739 481 739 595 726 610 737 612 737 613 737 615 739 645 739 645 737 737 729 792 736 794 736 795 736 835 723 838 723 841 723 885 733 886 733 949 722 950 709 943 654 926 665 887 657 886 657 885 657 883 657 853 676 791 676 782 669 782 668 781 668 779 668 778 668 755 672 710 662 708 662 707 662 706 662 676 678 625 678 608 665 599 658 598 658 596 658 595 658 593 658 576 667 554 679 527 679 498 669 478 662 477 662 390 659 389 659 387 659 386 659 376 668 356 658 355 658 353 658 352 658 350 658 350 659 333 675 328 681 316 675 312 674 311 674 309 674 296 675 278 679 274 676 259 665 258 665 257 665 255 665 254 665 201 679 187 682 184 679 163 661 161 661 160 661 63 661 62 661 61 661 59 661 59 662 39 679 41 718"/></Shape>
	    <String CONTENT="ذاتی آنسان يعنی آنچه خاصيت بانسان که حيوان درآن شرک"
                    HPOS="39"
                    VPOS="654"
                    WIDTH="911"
                    HEIGHT="88"
                    WC="0.91434524235902"></String>
          </TextLine>

          
          
          <TextLine ID="eSc_line_cbdec16e"
                    TAGREFS="LT4837"
                    BASELINE="35 793 941 784" 
                    HPOS="34"
                    VPOS="733"
                    WIDTH="907"
                    HEIGHT="83">
            <Shape><Polygon POINTS="35 793 35 806 56 813 58 813 59 813 93 806 95 806 96 806 132 816 133 816 134 816 181 804 186 804 191 804 244 811 245 811 279 804 291 814 292 814 294 814 295 816 335 816 335 814 336 814 366 803 367 803 389 803 399 811 399 813 400 813 402 813 403 813 461 803 483 813 484 813 485 813 487 813 488 813 488 811 497 803 510 808 511 808 512 808 552 801 564 810 564 811 565 811 566 811 568 811 612 801 635 811 636 811 637 811 639 811 671 801 765 810 767 810 768 810 770 810 770 808 779 800 804 808 805 808 806 808 808 808 809 808 824 798 856 804 858 804 941 796 941 784 934 736 912 754 865 754 843 739 836 733 835 733 833 733 832 733 768 740 733 735 731 735 730 735 728 735 718 742 706 752 681 743 654 735 653 735 652 735 650 735 618 743 602 736 600 736 599 736 598 736 578 746 559 756 542 747 521 736 519 736 518 736 517 736 515 736 497 749 488 754 481 749 467 737 465 737 464 737 463 737 406 750 402 752 399 752 375 739 373 739 372 739 370 739 369 739 356 747 312 745 311 745 309 745 308 745 296 753 289 760 188 760 184 757 163 740 161 740 160 740 83 740 82 740 80 740 79 740 56 760 34 760 35 793"/></Shape>
	    <String CONTENT="نيستند و بعضی از عقلا گفته اند که نطق ظاهر بست و در حقيقت"
                    HPOS="34"
                    VPOS="733"
                    WIDTH="907"
                    HEIGHT="83"
                    WC="0.8836475213368734"></String>
          </TextLine>

          
          
          <TextLine ID="eSc_line_a7a4cbb3"
                    TAGREFS="LT4837"
                    BASELINE="38 874 943 860" 
                    HPOS="36"
                    VPOS="810"
                    WIDTH="907"
                    HEIGHT="88">
            <Shape><Polygon POINTS="38 874 38 884 126 898 127 898 211 896 213 896 214 896 214 895 227 882 227 881 247 881 387 881 417 892 419 892 420 892 421 892 450 878 458 878 488 878 490 878 505 891 507 891 508 891 510 892 545 892 545 891 618 877 632 888 632 889 633 889 635 889 636 891 670 891 670 889 671 889 673 889 673 888 687 875 711 888 713 888 714 889 761 889 761 888 809 886 811 886 841 874 889 885 890 885 892 885 893 885 910 872 912 872 941 872 943 860 939 810 900 817 866 811 851 810 849 810 848 810 846 810 842 813 832 818 797 814 767 811 765 811 764 811 754 816 727 830 697 830 684 818 683 818 681 818 680 818 679 818 677 818 669 825 663 821 663 820 662 820 660 820 659 820 657 820 636 823 632 820 625 814 623 814 622 814 620 814 544 816 542 816 515 824 488 834 471 825 456 818 454 818 453 818 451 818 450 818 440 827 430 835 403 835 396 828 390 824 389 824 387 824 386 824 385 824 372 830 360 834 352 830 329 821 328 821 326 821 325 821 323 821 311 833 305 837 295 833 265 820 264 820 262 820 261 820 224 835 215 838 197 835 159 831 157 831 36 841 38 874"/></Shape>
	    <String CONTENT="اگرچه كمال اين لطق مخصوص إنساني است أنا جزميات آن"
                    HPOS="36"
                    VPOS="810"
                    WIDTH="907"
                    HEIGHT="88"
                    WC="0.8865953403023573"></String>
          </TextLine>

          
          
          <TextLine ID="eSc_line_cd9a26d7"
                    TAGREFS="LT4837"
                    BASELINE="34 939 936 930" 
                    HPOS="32"
                    VPOS="882"
                    WIDTH="904"
                    HEIGHT="83">
            <Shape><Polygon POINTS="34 939 34 953 58 965 59 965 61 965 134 957 153 965 154 965 156 965 157 965 159 965 159 963 170 953 217 963 218 963 220 963 255 952 257 952 298 952 309 952 329 963 331 963 332 963 333 963 473 949 484 949 485 949 507 960 508 960 510 960 511 960 512 960 531 949 535 949 619 960 620 960 679 949 691 959 693 959 694 959 696 960 725 960 725 959 727 959 764 948 832 957 833 957 934 945 936 930 934 898 902 882 900 882 876 882 875 882 873 882 872 882 872 884 860 894 839 882 838 882 791 882 789 882 788 882 750 899 701 888 700 888 698 888 697 888 679 901 645 901 609 901 608 901 586 889 585 889 583 889 582 889 581 889 566 902 539 902 483 885 481 885 480 885 421 886 420 886 419 886 406 896 360 886 359 886 358 886 319 904 238 888 237 888 235 888 234 888 214 905 186 905 180 905 179 905 136 895 134 895 133 895 116 905 100 891 100 889 99 889 98 889 52 889 51 889 49 889 48 889 32 901 34 939"/></Shape>
	    <String CONTENT="در بعضی از حيوانات يافته می شود چنانچه در طوطی دچنديو"
                    HPOS="32"
                    VPOS="882"
                    WIDTH="904"
                    HEIGHT="83"
                    WC="0.8947710361120835"></String>
          </TextLine>

          
          
          <TextLine ID="eSc_line_c8dce0bc"
                    TAGREFS="LT4837"
                    BASELINE="26 1011 937 1006" 
                    HPOS="25"
                    VPOS="956"
                    WIDTH="912"
                    HEIGHT="78">
            <Shape><Polygon POINTS="26 1011 26 1028 109 1034 110 1034 112 1034 113 1034 120 1027 130 1018 157 1027 159 1027 160 1027 161 1027 169 1027 218 1018 231 1026 237 1028 238 1028 240 1028 258 1024 294 1017 356 1017 363 1023 367 1026 367 1027 369 1027 370 1027 372 1027 399 1023 426 1017 434 1021 448 1028 450 1028 451 1028 491 1020 514 1016 525 1020 554 1031 555 1031 556 1031 616 1030 618 1030 619 1030 632 1020 659 1031 660 1031 662 1033 707 1033 707 1031 708 1031 744 1016 747 1014 748 1016 764 1030 765 1030 767 1030 768 1031 826 1031 826 1030 828 1030 829 1030 848 1016 863 1027 865 1027 866 1027 868 1027 869 1027 897 1013 937 1011 937 1006 933 956 883 959 882 959 880 959 858 973 805 966 804 966 747 973 734 963 733 963 731 963 713 960 681 959 680 959 679 959 669 962 632 976 585 976 566 965 562 962 561 962 559 962 498 957 497 957 495 957 474 967 453 976 427 967 420 966 419 966 417 966 416 966 414 966 414 967 413 969 404 977 333 977 326 970 312 959 311 959 309 959 257 959 255 959 254 959 252 959 252 960 240 973 235 977 225 973 213 967 211 967 122 960 120 960 119 960 117 960 106 970 90 962 89 962 88 962 86 962 85 962 85 963 73 974 25 977 26 1011"/></Shape>
	    <String CONTENT="ديگر بنا برين بعضی از عقلای وقعت نموده اند که خاصشی آن"
                    HPOS="25"
                    VPOS="956"
                    WIDTH="912"
                    HEIGHT="78"
                    WC="0.8773468949578025"></String>
          </TextLine>

          
          
          <TextLine ID="eSc_line_2177c3b6"
                    TAGREFS="LT4837"
                    BASELINE="38 1088 939 1081" 
                    HPOS="36"
                    VPOS="1028"
                    WIDTH="903"
                    HEIGHT="80">
            <Shape><Polygon POINTS="38 1088 38 1098 51 1106 52 1106 53 1106 55 1108 170 1108 170 1106 171 1106 173 1106 173 1105 183 1097 228 1105 230 1106 285 1106 285 1105 286 1105 288 1105 296 1098 367 1105 369 1105 370 1105 400 1094 402 1094 510 1094 511 1094 559 1104 561 1104 562 1104 583 1095 660 1102 662 1102 663 1102 696 1092 723 1102 724 1102 725 1102 727 1102 755 1091 758 1091 770 1091 880 1101 882 1101 883 1101 885 1101 896 1091 937 1089 939 1081 934 1040 876 1048 865 1040 849 1028 848 1028 846 1028 845 1028 843 1028 842 1028 824 1041 812 1050 784 1050 772 1043 754 1030 752 1030 751 1030 750 1030 748 1030 747 1030 730 1043 724 1047 710 1044 696 1040 694 1040 693 1040 691 1040 683 1044 670 1050 623 1045 608 1044 606 1044 585 1045 532 1051 527 1047 505 1030 504 1030 502 1030 460 1030 458 1030 457 1030 456 1030 456 1031 438 1045 416 1030 414 1030 413 1030 412 1030 410 1030 389 1041 356 1031 355 1031 288 1031 286 1031 285 1031 284 1031 267 1047 215 1033 214 1033 213 1033 211 1033 191 1040 127 1033 126 1033 125 1033 36 1055 38 1088"/></Shape>
	    <String CONTENT="است که در غير اصلايافت نه شود و اين طايفه خاصه النسان"
                    HPOS="36"
                    VPOS="1028"
                    WIDTH="903"
                    HEIGHT="80"
                    WC="0.8976552666358228"></String>
          </TextLine>

          
          
          <TextLine ID="eSc_line_656a0e35"
                    TAGREFS="LT4837"
                    BASELINE="44 1167 933 1158" 
                    HPOS="42"
                    VPOS="1101"
                    WIDTH="891"
                    HEIGHT="89">
            <Shape><Polygon POINTS="44 1167 44 1175 86 1185 88 1185 89 1185 109 1176 136 1190 137 1190 139 1190 140 1190 142 1190 161 1176 186 1189 187 1189 188 1190 291 1190 291 1189 292 1189 323 1177 348 1186 349 1186 350 1186 352 1186 397 1173 419 1187 420 1187 421 1187 423 1187 424 1187 426 1187 438 1179 494 1183 495 1183 497 1183 498 1183 512 1172 562 1180 564 1180 565 1180 592 1170 643 1170 666 1183 667 1183 669 1183 670 1183 671 1183 701 1169 745 1169 758 1180 758 1182 760 1182 761 1182 785 1183 787 1183 788 1183 815 1167 838 1182 839 1182 841 1182 842 1183 889 1183 889 1182 890 1182 892 1182 892 1180 906 1166 933 1165 933 1158 927 1101 906 1112 895 1102 895 1101 893 1101 892 1101 890 1101 785 1102 784 1102 782 1102 778 1106 754 1125 733 1108 727 1104 725 1104 724 1104 700 1102 698 1102 697 1102 681 1111 650 1128 564 1128 548 1115 542 1111 541 1111 539 1111 517 1109 515 1109 514 1109 498 1116 477 1129 431 1129 416 1121 389 1106 387 1106 386 1106 385 1106 356 1116 331 1106 329 1106 328 1106 326 1106 292 1125 282 1131 262 1126 244 1122 242 1122 241 1122 231 1128 225 1131 220 1128 194 1112 193 1112 191 1112 190 1112 188 1112 166 1118 134 1109 133 1109 132 1109 130 1109 110 1118 96 1111 95 1111 93 1111 92 1111 42 1132 44 1167"/></Shape>
	    <String CONTENT="را تميز فکری داشته اند در حقيقت چه اگر کمال اين تميز فکری"
                    HPOS="42"
                    VPOS="1101"
                    WIDTH="891"
                    HEIGHT="89"
                    WC="0.8984478816651461"></String>
          </TextLine>

          
          
          <TextLine ID="eSc_line_38467ecd"
                    TAGREFS="LT4837"
                    BASELINE="35 1247 937 1237" 
                    HPOS="34"
                    VPOS="1190"
                    WIDTH="903"
                    HEIGHT="78">
            <Shape><Polygon POINTS="35 1247 35 1260 147 1268 149 1268 150 1268 152 1268 166 1258 170 1255 193 1258 255 1267 257 1267 258 1267 291 1257 301 1254 345 1254 348 1255 356 1263 356 1264 358 1264 359 1264 360 1264 397 1255 403 1254 409 1255 438 1264 440 1264 441 1264 443 1264 444 1264 456 1254 457 1253 495 1253 500 1254 512 1263 514 1263 515 1263 517 1263 518 1263 519 1263 531 1254 532 1253 539 1253 582 1258 583 1258 585 1258 596 1253 598 1251 599 1253 608 1260 609 1260 610 1260 612 1260 677 1254 740 1261 741 1261 743 1261 757 1254 787 1261 788 1261 789 1261 791 1261 792 1261 806 1250 808 1250 819 1260 821 1260 822 1260 824 1260 936 1247 937 1237 930 1190 910 1206 870 1199 869 1199 868 1199 852 1207 711 1207 700 1200 698 1200 697 1200 696 1200 694 1200 674 1209 645 1202 643 1202 642 1202 600 1209 528 1197 504 1194 502 1194 480 1199 417 1211 382 1200 367 1196 366 1196 365 1196 340 1202 315 1207 308 1202 301 1196 299 1196 298 1196 296 1196 176 1197 174 1197 173 1197 173 1199 167 1204 156 1214 129 1204 110 1199 109 1199 107 1199 34 1206 35 1247"/></Shape>
	    <String CONTENT="مخصوص الساناست اما چثيات آن در بعضی حيوانات يافته"
                    HPOS="34"
                    VPOS="1190"
                    WIDTH="903"
                    HEIGHT="78"
                    WC="0.8856342262029648"></String>
          </TextLine>

          
          
          <TextLine ID="eSc_line_9369b1b3"
                    TAGREFS="LT4837"
                    BASELINE="51 1326 936 1314" 
                    HPOS="49"
                    VPOS="1263"
                    WIDTH="887"
                    HEIGHT="86">
            <Shape><Polygon POINTS="51 1326 53 1345 59 1339 76 1343 92 1348 93 1348 95 1348 96 1348 113 1343 130 1338 137 1342 144 1348 146 1348 147 1348 149 1349 230 1349 230 1348 231 1348 262 1339 281 1335 306 1338 342 1343 343 1343 345 1343 356 1338 362 1334 367 1336 379 1345 380 1345 382 1345 383 1345 464 1343 465 1343 467 1343 475 1336 485 1343 487 1343 488 1343 490 1345 542 1345 542 1343 625 1331 640 1329 723 1329 754 1339 755 1339 757 1339 758 1339 760 1339 775 1328 792 1336 794 1336 795 1336 797 1336 836 1326 838 1326 858 1326 883 1326 900 1336 902 1336 903 1336 904 1336 906 1336 936 1324 936 1314 933 1265 868 1263 866 1263 865 1263 863 1263 863 1264 859 1267 842 1285 831 1285 806 1270 799 1264 798 1264 797 1264 795 1264 725 1265 724 1265 710 1272 706 1275 703 1272 694 1265 693 1265 691 1265 646 1265 645 1265 643 1265 642 1265 642 1267 630 1275 627 1278 626 1275 616 1268 616 1267 615 1267 613 1267 612 1267 588 1268 586 1268 585 1268 572 1278 558 1290 538 1291 495 1291 481 1281 468 1272 467 1272 465 1272 464 1272 463 1272 461 1272 450 1282 440 1292 387 1292 376 1285 362 1275 360 1275 359 1275 358 1275 356 1275 355 1275 342 1287 336 1291 331 1287 309 1272 308 1272 306 1272 305 1272 304 1272 302 1272 302 1274 286 1288 279 1290 242 1295 197 1295 193 1292 150 1272 149 1272 147 1272 146 1272 144 1272 144 1274 125 1294 49 1297 51 1326"/></Shape>
	    <String CONTENT="میشود چنانچه محافظت کردن طيور بيضه را در زير پر"
                    HPOS="49"
                    VPOS="1263"
                    WIDTH="887"
                    HEIGHT="86"
                    WC="0.9007307874395493"></String>
          </TextLine>

          
          
          <TextLine ID="eSc_line_22b1dbeb"
                    TAGREFS="LT4837"
                    BASELINE="62 1403 649 1399 939 1386" 
                    HPOS="61"
                    VPOS="1343"
                    WIDTH="878"
                    HEIGHT="83">
            <Shape><Polygon POINTS="62 1403 62 1419 120 1424 122 1424 123 1424 125 1424 133 1417 140 1412 218 1412 228 1416 237 1420 238 1420 240 1420 241 1420 242 1420 250 1416 255 1412 261 1416 279 1424 281 1424 282 1426 321 1426 321 1424 322 1424 323 1424 323 1423 332 1414 349 1424 350 1424 352 1424 353 1424 387 1413 390 1412 392 1413 406 1423 407 1423 409 1423 410 1423 412 1423 434 1412 463 1422 464 1422 465 1422 511 1412 541 1422 542 1422 544 1422 545 1422 546 1422 546 1420 558 1409 582 1420 583 1420 585 1422 649 1422 649 1420 650 1420 652 1420 652 1419 664 1409 743 1419 744 1419 745 1419 762 1412 802 1417 804 1417 805 1417 806 1417 806 1416 819 1403 821 1402 937 1400 939 1386 936 1345 879 1343 877 1343 876 1343 870 1346 855 1355 826 1351 825 1351 824 1351 789 1360 774 1349 768 1345 767 1345 765 1345 764 1345 762 1345 761 1345 761 1346 757 1351 744 1362 713 1352 696 1346 694 1346 693 1346 691 1346 690 1346 690 1348 684 1352 674 1363 640 1365 626 1365 616 1355 609 1349 609 1348 608 1348 606 1348 605 1348 552 1356 544 1358 539 1358 515 1349 514 1349 512 1349 511 1349 510 1349 510 1351 501 1358 495 1365 481 1359 456 1349 454 1349 453 1349 451 1349 450 1349 434 1360 427 1366 400 1362 390 1360 389 1360 377 1362 353 1368 343 1363 323 1355 322 1355 321 1355 319 1355 318 1355 302 1365 301 1366 301 1365 288 1355 288 1353 286 1353 285 1353 284 1353 282 1353 242 1365 228 1353 227 1353 225 1353 224 1353 223 1353 197 1363 163 1353 161 1353 160 1353 159 1353 157 1353 157 1355 140 1370 139 1370 136 1370 92 1363 90 1363 89 1363 61 1372 62 1403"/></Shape>
	    <String CONTENT="حفظ بقاى نوع خود چنانچه محافظت کردن طييور بيضه را بندم"
                    HPOS="61"
                    VPOS="1343"
                    WIDTH="878"
                    HEIGHT="83"
                    WC="0.8963894010693939"></String>
          </TextLine>

          
          
          <TextLine ID="eSc_line_8600c21c"
                    TAGREFS="LT4837"
                    BASELINE="59 1481 659 1478 934 1468" 
                    HPOS="58"
                    VPOS="1422"
                    WIDTH="876"
                    HEIGHT="82">
            <Shape><Polygon POINTS="59 1481 59 1492 75 1504 76 1504 78 1504 79 1504 174 1492 213 1500 214 1500 215 1500 232 1492 247 1502 248 1502 250 1502 251 1502 252 1502 288 1492 335 1502 336 1502 338 1502 373 1490 468 1501 470 1501 471 1501 473 1501 491 1488 529 1497 531 1497 532 1497 556 1488 568 1498 568 1500 569 1500 571 1500 572 1501 600 1501 600 1500 667 1498 669 1498 693 1487 774 1497 775 1497 777 1497 778 1497 795 1485 858 1494 859 1494 934 1483 934 1468 931 1427 893 1422 892 1422 890 1422 869 1427 833 1439 799 1430 795 1429 794 1429 792 1429 791 1429 787 1430 751 1440 734 1430 727 1426 725 1426 724 1426 723 1426 721 1426 720 1426 713 1431 700 1441 646 1441 633 1433 630 1430 629 1430 627 1430 626 1430 625 1430 623 1430 619 1433 606 1441 596 1434 586 1426 585 1426 583 1426 582 1426 581 1426 564 1434 562 1434 545 1426 544 1426 474 1426 473 1426 471 1426 450 1437 438 1443 420 1437 413 1436 412 1436 410 1436 397 1437 372 1443 366 1439 356 1430 356 1429 355 1429 353 1429 352 1429 350 1429 349 1429 349 1430 338 1439 332 1446 306 1446 301 1440 288 1429 286 1429 285 1429 284 1429 224 1441 210 1444 204 1441 177 1430 176 1430 99 1430 98 1430 96 1430 95 1430 95 1431 79 1444 78 1446 58 1446 59 1481"/></Shape>
	    <String CONTENT="دبال و پير چه دانش حيوانات که بی اتصال حرارت بيضه بچر"
                    HPOS="58"
                    VPOS="1422"
                    WIDTH="876"
                    HEIGHT="82"
                    WC="0.9268193874719008"></String>
          </TextLine>

          
          
          <TextLine ID="eSc_line_d0fc0728"
                    TAGREFS="LT4837"
                    BASELINE="58 1552 600 1555 929 1546" 
                    HPOS="56"
                    VPOS="1497"
                    WIDTH="873"
                    HEIGHT="82">
            <Shape><Polygon POINTS="58 1552 58 1562 106 1572 107 1572 109 1572 133 1562 134 1562 197 1562 198 1562 214 1572 215 1572 217 1572 218 1572 220 1572 252 1562 268 1576 268 1578 269 1578 271 1578 272 1578 326 1569 336 1578 338 1578 339 1578 340 1579 433 1579 433 1578 434 1578 436 1578 453 1563 468 1575 470 1575 471 1575 473 1575 474 1575 498 1562 538 1576 539 1576 541 1578 582 1578 582 1576 583 1576 585 1576 602 1563 622 1576 623 1576 625 1576 626 1576 677 1569 696 1576 697 1576 698 1576 700 1576 701 1576 724 1561 727 1561 799 1573 801 1573 802 1573 841 1562 859 1573 860 1573 862 1573 863 1573 865 1573 866 1573 882 1561 927 1561 929 1546 926 1497 895 1497 893 1497 892 1497 890 1497 872 1511 860 1502 860 1501 859 1501 858 1501 856 1501 855 1501 853 1501 853 1502 838 1518 784 1518 772 1508 772 1507 771 1507 770 1507 731 1500 713 1497 711 1497 677 1500 642 1504 627 1501 610 1497 609 1497 608 1497 606 1497 605 1497 599 1501 583 1515 508 1519 380 1519 355 1505 340 1498 339 1498 318 1498 316 1498 315 1498 313 1498 304 1507 295 1514 285 1507 277 1498 275 1498 274 1498 272 1498 214 1505 183 1498 181 1498 180 1498 179 1498 157 1509 154 1509 152 1509 133 1504 132 1504 130 1504 129 1504 127 1504 120 1509 110 1518 100 1509 88 1501 86 1501 85 1501 83 1501 82 1501 56 1509 58 1552"/></Shape>
	    <String CONTENT="نهمی شود و ازين تميز فكريست بنا برين بعضی ديگر از عقلااز"
                    HPOS="56"
                    VPOS="1497"
                    WIDTH="873"
                    HEIGHT="82"
                    WC="0.8521365214671407"></String>
          </TextLine>

          
          
          <TextLine ID="eSc_line_621574b6"
                    TAGREFS="LT4837"
                    BASELINE="62 1624 930 1624" 
                    HPOS="62"
                    VPOS="1576"
                    WIDTH="868"
                    HEIGHT="78">
            <Shape><Polygon POINTS="62 1624 62 1641 98 1641 109 1651 109 1653 110 1653 112 1653 113 1654 150 1654 150 1653 152 1653 153 1653 153 1651 164 1641 197 1653 198 1653 200 1653 201 1653 245 1641 258 1653 259 1653 261 1653 262 1653 350 1641 400 1649 402 1649 403 1649 427 1641 450 1653 451 1653 453 1653 454 1653 478 1641 497 1653 498 1653 500 1653 501 1653 502 1653 504 1653 514 1646 559 1653 561 1653 562 1653 591 1641 640 1653 642 1653 643 1653 645 1653 663 1641 802 1653 804 1653 805 1653 848 1641 886 1653 887 1653 889 1653 890 1653 930 1640 930 1624 926 1576 897 1593 877 1580 876 1580 875 1580 873 1580 832 1589 821 1578 819 1578 819 1576 818 1576 816 1576 815 1576 814 1576 812 1576 809 1579 794 1592 770 1583 768 1583 767 1583 765 1583 764 1583 764 1585 754 1595 653 1595 637 1582 632 1576 630 1576 629 1576 595 1576 593 1576 592 1576 591 1576 582 1583 566 1595 517 1595 502 1585 492 1576 491 1576 490 1576 468 1576 467 1576 465 1576 464 1576 454 1585 447 1592 438 1586 429 1576 427 1576 426 1576 424 1576 423 1576 402 1586 387 1593 346 1593 339 1588 325 1578 323 1578 322 1578 321 1578 319 1578 299 1588 296 1590 295 1589 285 1579 285 1578 284 1578 282 1578 281 1578 279 1578 257 1586 234 1576 232 1576 117 1576 116 1576 115 1576 62 1592 62 1624"/></Shape>
	    <String CONTENT="ينا عدول مموره أند وكفته أند خاصة السان إد أي علم است"
                    HPOS="62"
                    VPOS="1576"
                    WIDTH="868"
                    HEIGHT="78"
                    WC="0.8789937355016407"></String>
          </TextLine>

          
        </TextBlock>
        
        <TextBlock HPOS="443"
                   VPOS="90"
                   WIDTH="140"
                   HEIGHT="84"
                   ID="eSc_textblock_409a4a5a"
                   TAGREFS="BT16093">
          <Shape><Polygon POINTS="471 90 555 90 583 140 532 174 471 168 443 134 471 90"/></Shape>
          
          
          <TextLine ID="eSc_line_3e772a88"
                    TAGREFS="LT4837"
                    BASELINE="475 129 545 129" 
                    HPOS="475"
                    VPOS="103"
                    WIDTH="70"
                    HEIGHT="48">
            <Shape><Polygon POINTS="475 129 475 143 488 151 490 151 491 151 492 151 545 141 545 129 544 103 475 105 475 129"/></Shape>
	    <String CONTENT="م"
                    HPOS="475"
                    VPOS="103"
                    WIDTH="70"
                    HEIGHT="48"
                    WC="0.9577181339263916"></String>
          </TextLine>

          
        </TextBlock>
        

        
      </PrintSpace>
    </Page>
  </Layout>
</alto>
