<?xml version="1.0" encoding="UTF-8"?>
<alto xmlns:xsi="http://www.w3.org/2001/XMLSchema-instance"
      xmlns="http://www.loc.gov/standards/alto/ns-v4#"
      xsi:schemaLocation="http://www.loc.gov/standards/alto/ns-v4# http://www.loc.gov/standards/alto/v4/alto-4-2.xsd">
  <Description>
    <MeasurementUnit>pixel</MeasurementUnit>
    <sourceImageInformation>
      <fileName>Rasail163.jpg</fileName>
      
    </sourceImageInformation>
  </Description>
  
  <Tags>
    <OtherTag ID="BT16094" LABEL="default" DESCRIPTION="block type default"/><OtherTag ID="BT16093" LABEL="NumberingZone:page" DESCRIPTION="block type NumberingZone:page"/><OtherTag ID="BT16092" LABEL="MarginTextZone:note" DESCRIPTION="block type MarginTextZone:note"/><OtherTag ID="BT16091" LABEL="TitlePageZone" DESCRIPTION="block type TitlePageZone"/><OtherTag ID="BT16090" LABEL="QuireMarksZone:catchwords" DESCRIPTION="block type QuireMarksZone:catchwords"/><OtherTag ID="BT16089" LABEL="NumberingZone:other" DESCRIPTION="block type NumberingZone:other"/><OtherTag ID="BT16088" LABEL="NumberingZone" DESCRIPTION="block type NumberingZone"/><OtherTag ID="BT16087" LABEL="MarginTextZone" DESCRIPTION="block type MarginTextZone"/><OtherTag ID="BT16086" LABEL="MainZone" DESCRIPTION="block type MainZone"/><OtherTag ID="BT16085" LABEL="DigitizationArtefactZone" DESCRIPTION="block type DigitizationArtefactZone"/><OtherTag ID="BT2" LABEL="Main" DESCRIPTION="block type Main"/><OtherTag ID="BT1" LABEL="Title" DESCRIPTION="block type Title"/>
    <OtherTag ID="LT4837" LABEL="DefaultLine" DESCRIPTION="line type DefaultLine"/><OtherTag ID="LT4838" LABEL="default" DESCRIPTION="line type default"/><OtherTag ID="LT4839" LABEL="HeadingLine:title" DESCRIPTION="line type HeadingLine:title"/>
  </Tags>
  
  <Layout>
    <Page WIDTH="1104"
          HEIGHT="1725"
          PHYSICAL_IMG_NR="26"
          ID="eSc_dummypage_">
      <PrintSpace HPOS="0"
                  VPOS="0"
                  WIDTH="1104"
                  HEIGHT="1725">
        
        <TextBlock HPOS="0"
                   VPOS="155"
                   WIDTH="1073"
                   HEIGHT="752"
                   ID="eSc_textblock_f3c0f3ee"
                   TAGREFS="BT16086">
          <Shape><Polygon POINTS="113 155 1073 172 1068 205 983 222 987 251 866 327 866 383 935 396 866 447 964 477 970 544 1062 585 1033 598 1033 625 470 632 970 649 970 665 299 671 280 682 636 695 442 700 401 723 613 730 642 757 602 774 665 809 590 826 161 826 113 851 136 907 102 884 51 895 23 822 0 815 0 776 40 723 28 695 126 672 0 649 79 644 51 609 86 575 297 546 287 511 327 448 516 448 552 389 356 332 391 303 383 286 92 251 0 199 28 166 113 155"/></Shape>
          
          
          <TextLine ID="eSc_line_1263a532"
                    TAGREFS="LT4837"
                    BASELINE="480 644 741 646" 
                    HPOS="478"
                    VPOS="632"
                    WIDTH="263"
                    HEIGHT="60">
            <Shape><Polygon POINTS="738 641 724 641 710 639 695 639 681 639 667 638 652 638 638 642 623 642 609 642 595 642 580 642 566 642 552 642 537 633 523 633 508 632 494 632 480 632 480 644 478 671 510 690 511 690 513 690 514 690 537 688 539 688 540 688 540 687 559 671 590 671 609 690 609 691 610 691 612 691 613 692 672 692 672 691 674 691 675 691 697 674 698 674 715 687 717 687 718 687 720 687 721 687 740 675 741 646 741 641 738 641"/></Shape>
	    <String CONTENT=""
                    HPOS="478"
                    VPOS="632"
                    WIDTH="263"
                    HEIGHT="60"></String>
          </TextLine>

          
          
          <TextLine ID="eSc_line_d7d0d5d2"
                    TAGREFS="LT4837"
                    BASELINE="380 796 552 796" 
                    HPOS="380"
                    VPOS="751"
                    WIDTH="172"
                    HEIGHT="89">
            <Shape><Polygon POINTS="380 796 380 832 452 840 454 840 455 840 503 822 513 817 552 817 552 796 552 767 507 751 506 751 504 751 503 751 501 751 501 753 490 761 454 751 452 751 451 751 449 751 448 751 429 764 425 767 380 764 380 796"/></Shape>
	    <String CONTENT=""
                    HPOS="380"
                    VPOS="751"
                    WIDTH="172"
                    HEIGHT="89"></String>
          </TextLine>

          
          
          <TextLine ID="eSc_line_71860864"
                    TAGREFS="LT4837"
                    BASELINE="1 773 127 776" 
                    HPOS="0"
                    VPOS="747"
                    WIDTH="127"
                    HEIGHT="70">
            <Shape><Polygon POINTS="15 754 1 769 1 773 0 802 54 800 80 812 89 816 90 816 92 817 126 817 127 776 125 747 100 754 81 748 76 747 74 747 73 747 17 751 15 754"/></Shape>
	    <String CONTENT=""
                    HPOS="0"
                    VPOS="747"
                    WIDTH="127"
                    HEIGHT="70"></String>
          </TextLine>

          
        </TextBlock>
        
        <TextBlock HPOS="379"
                   VPOS="1477"
                   WIDTH="723"
                   HEIGHT="246"
                   ID="eSc_textblock_09c1cf4a"
                   TAGREFS="BT16091">
          <Shape><Polygon POINTS="805 1477 941 1483 966 1564 1056 1564 1073 1500 1086 1546 1102 1529 1102 1660 1086 1654 1068 1694 1000 1694 976 1671 826 1706 690 1683 602 1713 636 1723 385 1723 442 1712 435 1683 396 1683 408 1644 379 1620 402 1569 437 1562 442 1495 458 1562 475 1552 488 1575 608 1552 631 1512 648 1562 700 1581 724 1552 751 1564 764 1512 805 1477"/></Shape>
          
          
          <TextLine ID="eSc_line_eebf0aae"
                    TAGREFS="LT4837"
                    BASELINE="447 1709 455 1697" 
                    HPOS="441"
                    VPOS="1690"
                    WIDTH="27"
                    HEIGHT="26">
            <Shape><Polygon POINTS="441 1704 447 1709 455 1716 468 1710 455 1697 442 1690 441 1704"/></Shape>
	    <String CONTENT=""
                    HPOS="441"
                    VPOS="1690"
                    WIDTH="27"
                    HEIGHT="26"></String>
          </TextLine>

          
        </TextBlock>
        
        <TextBlock HPOS="1081"
                   VPOS="155"
                   WIDTH="21"
                   HEIGHT="10"
                   ID="eSc_textblock_ebcbdbb5"
                   TAGREFS="BT16092">
          <Shape><Polygon POINTS="1083 155 1102 155 1102 165 1081 165 1083 155"/></Shape>
          
        </TextBlock>
        
        <TextBlock HPOS="1098"
                   VPOS="368"
                   WIDTH="4"
                   HEIGHT="10"
                   ID="eSc_textblock_a63363f1"
                   TAGREFS="BT16092">
          <Shape><Polygon POINTS="1101 368 1102 378 1098 378 1098 368 1101 368"/></Shape>
          
        </TextBlock>
        
        <TextBlock HPOS="40"
                   VPOS="1017"
                   WIDTH="33"
                   HEIGHT="33"
                   ID="eSc_textblock_5a158c9e"
                   TAGREFS="BT16086">
          <Shape><Polygon POINTS="60 1017 73 1045 51 1050 40 1035 60 1017"/></Shape>
          
        </TextBlock>
        
        <TextBlock HPOS="46"
                   VPOS="925"
                   WIDTH="96"
                   HEIGHT="79"
                   ID="eSc_textblock_e0529466"
                   TAGREFS="BT16086">
          <Shape><Polygon POINTS="71 925 142 931 136 1004 80 999 46 941 71 925"/></Shape>
          
        </TextBlock>
        
        <TextBlock HPOS="247"
                   VPOS="511"
                   WIDTH="27"
                   HEIGHT="22"
                   ID="eSc_textblock_06be6026"
                   TAGREFS="BT16086">
          <Shape><Polygon POINTS="255 511 274 516 247 533 247 517 255 511"/></Shape>
          
        </TextBlock>
        
        <TextBlock HPOS="1081"
                   VPOS="172"
                   WIDTH="21"
                   HEIGHT="22"
                   ID="eSc_textblock_ea00b6ac"
                   TAGREFS="BT16086">
          <Shape><Polygon POINTS="1102 172 1102 194 1081 188 1081 178 1102 172"/></Shape>
          
        </TextBlock>
        
        <TextBlock HPOS="402"
                   VPOS="1650"
                   WIDTH="56"
                   HEIGHT="33"
                   ID="eSc_textblock_57530462"
                   TAGREFS="BT16090">
          <Shape><Polygon POINTS="419 1650 452 1656 458 1683 414 1677 402 1661 419 1650"/></Shape>
          
        </TextBlock>
        
        <TextBlock HPOS="402"
                   VPOS="1638"
                   WIDTH="79"
                   HEIGHT="79"
                   ID="eSc_textblock_5286df1f"
                   TAGREFS="BT16089">
          <Shape><Polygon POINTS="455 1638 481 1656 458 1717 441 1683 402 1677 455 1638"/></Shape>
          
        </TextBlock>
        
        <TextBlock HPOS="782"
                   VPOS="40"
                   WIDTH="84"
                   HEIGHT="10"
                   ID="eSc_textblock_42bb3d08"
                   TAGREFS="BT16089">
          <Shape><Polygon POINTS="806 40 861 40 866 50 782 50 806 40"/></Shape>
          
        </TextBlock>
        
        <TextBlock HPOS="0"
                   VPOS="1029"
                   WIDTH="1"
                   HEIGHT="1"
                   ID="eSc_textblock_59977a13"
                   TAGREFS="BT16091">
          <Shape><Polygon POINTS="0 1029 1 1029 1 1030 0 1030 0 1029"/></Shape>
          
        </TextBlock>
        
        <TextBlock HPOS="57"
                   VPOS="1065"
                   WIDTH="183"
                   HEIGHT="227"
                   ID="eSc_textblock_2ff2bfe3"
                   TAGREFS="BT16091">
          <Shape><Polygon POINTS="90 1065 165 1086 165 1142 240 1219 240 1275 161 1292 109 1234 103 1144 57 1102 90 1065"/></Shape>
          
        </TextBlock>
        
        <TextBlock HPOS="540"
                   VPOS="644"
                   WIDTH="102"
                   HEIGHT="4"
                   ID="eSc_textblock_20194d80"
                   TAGREFS="BT16091">
          <Shape><Polygon POINTS="546 644 642 644 642 648 540 648 546 644"/></Shape>
          
        </TextBlock>
        
        <TextBlock HPOS="546"
                   VPOS="632"
                   WIDTH="148"
                   HEIGHT="4"
                   ID="eSc_textblock_c3e82efc"
                   TAGREFS="BT16091">
          <Shape><Polygon POINTS="550 632 694 632 694 636 546 636 550 632"/></Shape>
          
        </TextBlock>
        
        <TextBlock HPOS="793"
                   VPOS="1305"
                   WIDTH="125"
                   HEIGHT="27"
                   ID="eSc_textblock_6cab91e7"
                   TAGREFS="BT16091">
          <Shape><Polygon POINTS="793 1305 918 1305 918 1315 907 1332 833 1332 793 1305"/></Shape>
          
        </TextBlock>
        
        <TextBlock HPOS="816"
                   VPOS="1242"
                   WIDTH="91"
                   HEIGHT="10"
                   ID="eSc_textblock_16a10e52"
                   TAGREFS="BT16091">
          <Shape><Polygon POINTS="816 1242 907 1242 907 1246 816 1252 816 1242"/></Shape>
          
        </TextBlock>
        
        <TextBlock HPOS="184"
                   VPOS="1587"
                   WIDTH="136"
                   HEIGHT="50"
                   ID="eSc_textblock_409c8259"
                   TAGREFS="BT16091">
          <Shape><Polygon POINTS="251 1587 320 1608 274 1637 184 1614 251 1587"/></Shape>
          
        </TextBlock>
        
        <TextBlock HPOS="258"
                   VPOS="1656"
                   WIDTH="16"
                   HEIGHT="15"
                   ID="eSc_textblock_97041538"
                   TAGREFS="BT16091">
          <Shape><Polygon POINTS="270 1656 274 1666 264 1671 258 1661 270 1656"/></Shape>
          
        </TextBlock>
        
        <TextBlock HPOS="264"
                   VPOS="1696"
                   WIDTH="4"
                   HEIGHT="10"
                   ID="eSc_textblock_d84cedc9"
                   TAGREFS="BT16091">
          <Shape><Polygon POINTS="268 1697 268 1706 264 1706 264 1696 268 1697"/></Shape>
          
        </TextBlock>
        
        <TextBlock HPOS="264"
                   VPOS="1719"
                   WIDTH="16"
                   HEIGHT="4"
                   ID="eSc_textblock_fa322b4a"
                   TAGREFS="BT16091">
          <Shape><Polygon POINTS="268 1719 280 1719 280 1723 264 1723 268 1719"/></Shape>
          
        </TextBlock>
        
        <TextBlock HPOS="454"
                   VPOS="1483"
                   WIDTH="4"
                   HEIGHT="10"
                   ID="eSc_textblock_e0bdd1d8"
                   TAGREFS="BT16091">
          <Shape><Polygon POINTS="454 1487 458 1483 458 1493 454 1493 454 1487"/></Shape>
          
        </TextBlock>
        
        <TextBlock HPOS="805"
                   VPOS="1351"
                   WIDTH="125"
                   HEIGHT="102"
                   ID="eSc_textblock_4509a680"
                   TAGREFS="BT16091">
          <Shape><Polygon POINTS="851 1351 901 1374 930 1453 805 1453 805 1414 851 1351"/></Shape>
          
        </TextBlock>
        
        <TextBlock HPOS="240"
                   VPOS="115"
                   WIDTH="207"
                   HEIGHT="21"
                   ID="eSc_textblock_d4e14899"
                   TAGREFS="BT16094">
          <Shape><Polygon POINTS="240 115 424 115 447 125 253 136 240 115"/></Shape>
          
        </TextBlock>
        
        <TextBlock HPOS="477"
                   VPOS="109"
                   WIDTH="257"
                   HEIGHT="27"
                   ID="eSc_textblock_bdf7f71f"
                   TAGREFS="BT16094">
          <Shape><Polygon POINTS="602 109 705 109 734 125 477 136 506 115 602 109"/></Shape>
          
        </TextBlock>
        
        <TextBlock HPOS="684"
                   VPOS="138"
                   WIDTH="10"
                   HEIGHT="4"
                   ID="eSc_textblock_bf0fb300"
                   TAGREFS="BT16094">
          <Shape><Polygon POINTS="688 138 694 138 694 142 684 142 688 138"/></Shape>
          
        </TextBlock>
        
        <TextBlock HPOS="724"
                   VPOS="138"
                   WIDTH="91"
                   HEIGHT="4"
                   ID="eSc_textblock_27895142"
                   TAGREFS="BT16094">
          <Shape><Polygon POINTS="728 138 815 138 815 142 724 142 728 138"/></Shape>
          
        </TextBlock>
        
        <TextBlock HPOS="822"
                   VPOS="138"
                   WIDTH="108"
                   HEIGHT="4"
                   ID="eSc_textblock_bd616841"
                   TAGREFS="BT16094">
          <Shape><Polygon POINTS="826 138 930 138 930 142 822 142 826 138"/></Shape>
          
        </TextBlock>
        
        <TextBlock HPOS="872"
                   VPOS="115"
                   WIDTH="52"
                   HEIGHT="10"
                   ID="eSc_textblock_7976dd65"
                   TAGREFS="BT16094">
          <Shape><Polygon POINTS="872 115 924 115 924 119 879 125 872 115"/></Shape>
          
        </TextBlock>
        
        <TextBlock HPOS="1000"
                   VPOS="115"
                   WIDTH="22"
                   HEIGHT="4"
                   ID="eSc_textblock_dbf41a7d"
                   TAGREFS="BT16094">
          <Shape><Polygon POINTS="1004 115 1022 115 1022 119 1000 119 1004 115"/></Shape>
          
        </TextBlock>
        
        <TextBlock HPOS="1056"
                   VPOS="115"
                   WIDTH="29"
                   HEIGHT="10"
                   ID="eSc_textblock_10aabd53"
                   TAGREFS="BT16094">
          <Shape><Polygon POINTS="1056 115 1085 115 1085 119 1063 125 1056 115"/></Shape>
          
        </TextBlock>
        
        <TextBlock HPOS="787"
                   VPOS="155"
                   WIDTH="39"
                   HEIGHT="4"
                   ID="eSc_textblock_b6ae415b"
                   TAGREFS="BT16092">
          <Shape><Polygon POINTS="790 155 826 155 826 159 787 159 790 155"/></Shape>
          
        </TextBlock>
        
        <TextBlock HPOS="1062"
                   VPOS="155"
                   WIDTH="40"
                   HEIGHT="10"
                   ID="eSc_textblock_7a46364c"
                   TAGREFS="BT16094">
          <Shape><Polygon POINTS="1062 155 1102 155 1102 165 1069 165 1062 155"/></Shape>
          
        </TextBlock>
        
        <TextBlock HPOS="1058"
                   VPOS="155"
                   WIDTH="15"
                   HEIGHT="10"
                   ID="eSc_textblock_031bf8b2"
                   TAGREFS="BT16092">
          <Shape><Polygon POINTS="1066 155 1073 165 1058 165 1058 161 1066 155"/></Shape>
          
        </TextBlock>
        

        
        <TextBlock ID="eSc_dummyblock_">
          
          
          <TextLine ID="eSc_line_630dc713"
                    TAGREFS="LT4837"
                    BASELINE="8 161 242 146 549 145 1040 156" 
                    HPOS="7"
                    VPOS="112"
                    WIDTH="1033"
                    HEIGHT="76">
            <Shape><Polygon POINTS="8 161 7 182 146 184 148 184 149 184 150 184 161 175 178 179 179 179 181 179 182 179 184 179 218 156 267 165 268 165 270 165 290 158 323 175 324 175 326 176 326 175 327 175 362 158 458 158 477 173 478 173 480 173 481 173 483 173 552 156 600 156 610 165 612 165 613 165 615 165 713 156 761 172 763 172 764 172 766 172 789 162 816 171 817 171 819 171 866 163 898 175 899 175 901 175 957 171 976 186 977 186 978 186 980 188 1039 188 1040 156 1039 125 803 123 727 113 449 113 448 113 395 120 327 113 326 113 324 113 323 113 314 120 138 112 136 112 8 119 8 161"/></Shape>
	    <String CONTENT=""
                    HPOS="7"
                    VPOS="112"
                    WIDTH="1033"
                    HEIGHT="76"></String>
          </TextLine>

          
          
          <TextLine ID="eSc_line_bd54a585"
                    TAGREFS="LT4837"
                    BASELINE="789 51 852 50" 
                    HPOS="787"
                    VPOS="30"
                    WIDTH="65"
                    HEIGHT="64">
            <Shape><Polygon POINTS="789 51 790 87 809 81 817 90 822 93 822 94 823 94 825 94 826 94 852 93 852 50 848 30 787 33 789 51"/></Shape>
	    <String CONTENT=""
                    HPOS="787"
                    VPOS="30"
                    WIDTH="65"
                    HEIGHT="64"></String>
          </TextLine>

          
          
          <TextLine ID="eSc_line_2d880c40"
                    TAGREFS="LT4837"
                    BASELINE="615 50 639 50" 
                    HPOS="615"
                    VPOS="33"
                    WIDTH="24"
                    HEIGHT="37">
            <Shape><Polygon POINTS="615 50 615 70 639 67 639 50 639 33 615 33 615 50"/></Shape>
	    <String CONTENT=""
                    HPOS="615"
                    VPOS="33"
                    WIDTH="24"
                    HEIGHT="37"></String>
          </TextLine>

          
          
          <TextLine ID="eSc_line_36c6b7a4"
                    TAGREFS="LT4837"
                    BASELINE="562 50 599 48" 
                    HPOS="560"
                    VPOS="28"
                    WIDTH="39"
                    HEIGHT="42">
            <Shape><Polygon POINTS="562 50 562 69 598 70 599 48 595 28 560 30 562 50"/></Shape>
	    <String CONTENT=""
                    HPOS="560"
                    VPOS="28"
                    WIDTH="39"
                    HEIGHT="42"></String>
          </TextLine>

          
          
          <TextLine ID="eSc_line_db502069"
                    TAGREFS="LT4837"
                    BASELINE="477 48 554 50" 
                    HPOS="475"
                    VPOS="27"
                    WIDTH="79"
                    HEIGHT="62">
            <Shape><Polygon POINTS="477 48 475 79 498 89 500 89 501 89 553 81 554 50 553 30 477 27 477 48"/></Shape>
	    <String CONTENT=""
                    HPOS="475"
                    VPOS="27"
                    WIDTH="79"
                    HEIGHT="62"></String>
          </TextLine>

          
          
          <TextLine ID="eSc_line_a1168ef0"
                    TAGREFS="LT4837"
                    BASELINE="322 724 603 724" 
                    HPOS="322"
                    VPOS="694"
                    WIDTH="281"
                    HEIGHT="72">
            <Shape><Polygon POINTS="552 697 537 697 523 723 508 723 494 723 480 721 465 721 451 721 437 723 422 723 408 723 401 704 353 694 352 694 350 694 322 708 322 724 322 754 337 754 339 756 349 764 349 766 350 766 352 766 353 766 355 766 382 757 385 757 391 757 437 766 438 766 439 766 458 760 483 754 602 766 603 724 603 701 563 697 552 697"/></Shape>
	    <String CONTENT="بز"
                    HPOS="322"
                    VPOS="694"
                    WIDTH="281"
                    HEIGHT="72"
                    WC="0.9888176023960114"></String>
          </TextLine>

          
          
          <TextLine ID="eSc_line_a7d53de0"
                    TAGREFS="LT4837"
                    BASELINE="1 685 110 690" 
                    HPOS="0"
                    VPOS="658"
                    WIDTH="110"
                    HEIGHT="43">
            <Shape><Polygon POINTS="102 677 87 681 73 684 58 684 47 662 38 658 37 658 35 658 1 664 1 685 0 691 107 701 110 690 110 675 102 677"/></Shape>
	    <String CONTENT=""
                    HPOS="0"
                    VPOS="658"
                    WIDTH="110"
                    HEIGHT="43"></String>
          </TextLine>

          
          
          <TextLine ID="eSc_line_1bc8a774"
                    TAGREFS="LT4837"
                    BASELINE="1 1329 276 1326" 
                    HPOS="0"
                    VPOS="1295"
                    WIDTH="276"
                    HEIGHT="66">
            <Shape><Polygon POINTS="1 1329 2 1361 34 1349 74 1349 87 1358 90 1361 92 1361 93 1361 94 1361 109 1358 136 1352 162 1357 182 1359 184 1359 185 1359 198 1355 215 1349 222 1355 228 1359 230 1359 231 1359 232 1359 276 1352 276 1326 273 1308 189 1308 189 1306 163 1295 162 1295 161 1295 0 1305 1 1329"/></Shape>
	    <String CONTENT=""
                    HPOS="0"
                    VPOS="1295"
                    WIDTH="276"
                    HEIGHT="66"></String>
          </TextLine>

          
        </TextBlock>
        
      </PrintSpace>
    </Page>
  </Layout>
</alto>
