<?xml version="1.0" encoding="UTF-8"?>
<alto xmlns:xsi="http://www.w3.org/2001/XMLSchema-instance"
      xmlns="http://www.loc.gov/standards/alto/ns-v4#"
      xsi:schemaLocation="http://www.loc.gov/standards/alto/ns-v4# http://www.loc.gov/standards/alto/v4/alto-4-2.xsd">
  <Description>
    <MeasurementUnit>pixel</MeasurementUnit>
    <sourceImageInformation>
      <fileName>Rasail083.jpg</fileName>
      
    </sourceImageInformation>
  </Description>
  
  <Tags>
    <OtherTag ID="BT16094" LABEL="default" DESCRIPTION="block type default"/><OtherTag ID="BT16093" LABEL="NumberingZone:page" DESCRIPTION="block type NumberingZone:page"/><OtherTag ID="BT16092" LABEL="MarginTextZone:note" DESCRIPTION="block type MarginTextZone:note"/><OtherTag ID="BT16091" LABEL="TitlePageZone" DESCRIPTION="block type TitlePageZone"/><OtherTag ID="BT16090" LABEL="QuireMarksZone:catchwords" DESCRIPTION="block type QuireMarksZone:catchwords"/><OtherTag ID="BT16089" LABEL="NumberingZone:other" DESCRIPTION="block type NumberingZone:other"/><OtherTag ID="BT16088" LABEL="NumberingZone" DESCRIPTION="block type NumberingZone"/><OtherTag ID="BT16087" LABEL="MarginTextZone" DESCRIPTION="block type MarginTextZone"/><OtherTag ID="BT16086" LABEL="MainZone" DESCRIPTION="block type MainZone"/><OtherTag ID="BT16085" LABEL="DigitizationArtefactZone" DESCRIPTION="block type DigitizationArtefactZone"/><OtherTag ID="BT2" LABEL="Main" DESCRIPTION="block type Main"/><OtherTag ID="BT1" LABEL="Title" DESCRIPTION="block type Title"/>
    <OtherTag ID="LT4837" LABEL="DefaultLine" DESCRIPTION="line type DefaultLine"/><OtherTag ID="LT4838" LABEL="default" DESCRIPTION="line type default"/><OtherTag ID="LT4839" LABEL="HeadingLine:title" DESCRIPTION="line type HeadingLine:title"/>
  </Tags>
  
  <Layout>
    <Page WIDTH="1244"
          HEIGHT="1721"
          PHYSICAL_IMG_NR="111"
          ID="eSc_dummypage_">
      <PrintSpace HPOS="0"
                  VPOS="0"
                  WIDTH="1244"
                  HEIGHT="1721">
        
        <TextBlock HPOS="45"
                   VPOS="177"
                   WIDTH="952"
                   HEIGHT="1445"
                   ID="eSc_textblock_644bd470"
                   TAGREFS="BT16086">
          <Shape><Polygon POINTS="104 177 962 183 979 200 997 326 985 956 945 1203 916 1250 945 1388 945 1553 922 1622 143 1622 51 1599 45 1416 68 1272 45 1031 51 504 74 195 104 177"/></Shape>
          
          
          <TextLine ID="eSc_line_1743bb88"
                    TAGREFS="LT4837"
                    BASELINE="86 230 804 235" 
                    HPOS="84"
                    VPOS="185"
                    WIDTH="720"
                    HEIGHT="80">
            <Shape><Polygon POINTS="86 230 84 252 100 262 101 262 103 262 104 263 245 263 245 262 246 262 269 252 272 250 275 252 305 262 307 262 308 262 309 262 345 252 352 250 360 252 387 263 388 263 390 265 463 265 463 263 464 263 466 263 477 255 479 253 487 255 556 263 558 263 559 263 561 263 561 262 569 255 573 252 802 258 804 235 803 197 767 190 766 190 764 190 750 197 743 200 733 197 721 193 720 193 718 193 695 197 675 200 671 197 661 189 660 189 658 189 657 189 655 189 639 197 638 197 635 197 594 187 592 187 591 187 568 197 563 199 559 197 546 190 545 190 543 190 542 190 517 197 510 199 507 197 495 186 493 186 492 186 460 186 459 186 457 186 416 197 407 199 398 197 351 186 245 185 243 185 242 185 241 185 223 197 222 199 147 199 146 197 119 185 117 185 116 185 114 185 86 196 86 230"/></Shape>
	    <String CONTENT="طاست و تأويل متشابهات که متضمين"
                    HPOS="84"
                    VPOS="185"
                    WIDTH="720"
                    HEIGHT="80"
                    WC="0.94565125182271"></String>
          </TextLine>

          
          
          <TextLine ID="eSc_line_c5d4fcbd"
                    TAGREFS="LT4837"
                    BASELINE="78 315 594 311 936 321" 
                    HPOS="77"
                    VPOS="266"
                    WIDTH="859"
                    HEIGHT="79">
            <Shape><Polygon POINTS="78 315 77 334 216 342 218 342 219 342 220 342 228 337 239 326 249 334 251 334 252 334 253 334 255 334 276 326 437 326 473 338 489 344 490 344 492 344 515 339 545 332 566 339 579 344 581 344 582 345 618 345 618 344 619 344 621 344 621 342 624 341 629 335 654 341 671 344 672 344 674 344 685 341 734 328 756 341 759 344 760 344 761 344 763 344 776 342 814 334 846 342 850 344 852 344 853 344 865 342 919 335 931 344 936 321 935 288 880 288 879 286 860 269 860 268 859 268 858 268 856 268 855 268 813 283 807 286 800 283 786 278 784 278 783 278 781 278 764 283 753 286 748 282 740 275 740 273 738 273 737 273 705 271 704 271 703 271 701 271 684 281 681 283 677 281 657 268 655 268 654 268 612 268 611 268 609 268 608 268 595 279 583 288 556 288 515 276 495 272 493 272 492 272 482 276 464 283 457 275 453 272 453 271 451 271 450 271 449 271 447 271 434 275 408 283 391 273 383 268 381 268 380 268 378 268 377 268 365 273 351 281 342 272 340 271 340 269 338 269 337 269 335 269 334 269 332 269 330 272 309 285 292 271 289 268 288 268 286 268 285 268 284 268 282 268 278 271 264 279 248 272 246 272 245 272 186 285 165 268 163 266 162 266 160 266 78 266 78 315"/></Shape>
	    <String CONTENT="نکته و جوی خمر که خاص ترست از عسل چه مخصو"
                    HPOS="77"
                    VPOS="266"
                    WIDTH="859"
                    HEIGHT="79"
                    WC="0.9281018041982884"></String>
          </TextLine>

          
          
          <TextLine ID="eSc_line_f6894140"
                    TAGREFS="LT4837"
                    BASELINE="88 388 733 387" 
                    HPOS="87"
                    VPOS="344"
                    WIDTH="646"
                    HEIGHT="69">
            <Shape><Polygon POINTS="88 388 88 407 206 410 208 410 209 410 223 405 246 400 266 405 288 411 289 411 291 413 360 413 360 411 361 411 363 411 371 404 377 400 460 400 464 403 470 407 472 407 473 407 474 407 476 407 477 407 482 403 484 400 493 403 510 407 512 407 513 407 543 401 550 400 553 401 565 411 566 411 568 411 569 413 595 413 595 411 596 411 598 411 598 410 608 400 609 400 631 400 632 400 644 410 644 411 645 411 647 411 648 411 649 411 674 404 697 411 698 411 700 411 701 411 733 398 733 387 727 352 704 358 682 351 660 344 658 344 657 344 655 344 654 344 654 345 647 351 641 357 635 351 632 349 632 348 631 348 629 348 628 348 627 348 619 351 605 357 588 351 578 347 576 347 575 347 573 347 565 349 543 358 500 349 477 345 476 345 474 345 473 345 469 349 456 359 427 359 373 348 350 344 348 344 347 344 345 344 341 348 327 358 292 349 291 349 289 349 288 349 261 358 249 349 248 349 246 349 245 349 243 349 215 358 187 347 186 347 87 345 88 388"/></Shape>
	    <String CONTENT="نسان است و سبب خلاص ازاندوه"
                    HPOS="87"
                    VPOS="344"
                    WIDTH="646"
                    HEIGHT="69"
                    WC="0.912938466778508"></String>
          </TextLine>

          
          
          <TextLine ID="eSc_line_c4afbb6e"
                    TAGREFS="LT4837"
                    BASELINE="80 461 780 461" 
                    HPOS="80"
                    VPOS="415"
                    WIDTH="700"
                    HEIGHT="78">
            <Shape><Polygon POINTS="80 461 80 476 149 491 150 491 152 491 180 479 185 477 187 479 222 491 223 491 225 493 319 493 319 491 321 491 322 491 334 481 340 477 380 477 388 483 391 486 393 486 394 486 396 486 397 486 398 486 403 483 410 477 418 483 429 491 430 491 431 491 433 493 495 493 495 491 496 491 497 491 497 490 503 484 509 480 529 486 538 487 539 487 540 487 542 487 545 486 563 477 586 487 589 487 591 487 592 487 601 487 684 477 711 489 717 491 718 491 720 491 721 491 726 490 746 479 777 490 780 461 779 430 717 430 714 428 694 420 693 420 691 420 690 420 667 428 664 430 662 428 647 415 645 415 644 415 642 415 641 415 614 428 605 421 604 421 602 421 601 421 599 421 583 428 568 415 566 415 565 415 563 415 509 428 500 430 493 428 463 423 462 423 460 423 439 428 434 430 433 428 420 417 420 415 418 415 417 415 416 415 414 415 385 424 377 415 375 415 374 415 373 415 314 418 312 418 292 428 288 431 228 431 225 428 213 417 213 415 212 415 210 415 209 415 80 427 80 461"/></Shape>
	    <String CONTENT="ارت است نباشد باب که مخصوص از دشخاص"
                    HPOS="80"
                    VPOS="415"
                    WIDTH="700"
                    HEIGHT="78"
                    WC="0.9236834900719779"></String>
          </TextLine>

          
          
          <TextLine ID="eSc_line_4f39b077"
                    TAGREFS="LT4837"
                    BASELINE="902 468 955 470" 
                    HPOS="901"
                    VPOS="425"
                    WIDTH="54"
                    HEIGHT="79">
            <Shape><Polygon POINTS="901 489 951 504 955 470 955 443 903 425 902 468 901 489"/></Shape>
	    <String CONTENT=""
                    HPOS="901"
                    VPOS="425"
                    WIDTH="54"
                    HEIGHT="79"></String>
          </TextLine>

          
          
          <TextLine ID="eSc_line_29f073f3"
                    TAGREFS="LT4837"
                    BASELINE="84 532 726 534" 
                    HPOS="83"
                    VPOS="489"
                    WIDTH="643"
                    HEIGHT="76">
            <Shape><Polygon POINTS="84 532 83 543 189 563 190 565 231 565 231 563 232 563 233 563 233 562 248 549 249 549 261 559 261 560 262 560 264 560 265 560 266 560 268 560 282 550 284 549 289 550 330 562 331 562 332 562 380 553 413 547 480 547 497 557 509 565 510 565 512 565 513 565 555 559 628 547 652 562 657 565 658 565 660 565 661 565 724 563 726 534 726 506 691 496 690 496 688 496 687 496 665 506 664 506 662 506 642 490 641 490 639 490 579 490 578 490 576 490 575 490 553 504 512 491 510 491 509 491 450 503 406 489 404 489 403 489 401 489 360 504 358 504 355 504 284 490 282 490 281 490 251 504 249 504 84 504 84 532"/></Shape>
	    <String CONTENT="سبب فراغ است از خوف دنيا و اخرت"
                    HPOS="83"
                    VPOS="489"
                    WIDTH="643"
                    HEIGHT="76"
                    WC="0.9477492244012894"></String>
          </TextLine>

          
          
          <TextLine ID="eSc_line_b84e8905"
                    TAGREFS="LT4837"
                    BASELINE="911 543 951 544" 
                    HPOS="909"
                    VPOS="516"
                    WIDTH="42"
                    HEIGHT="44">
            <Shape><Polygon POINTS="909 560 949 559 951 544 948 517 928 523 912 516 911 543 909 560"/></Shape>
	    <String CONTENT="مس"
                    HPOS="909"
                    VPOS="516"
                    WIDTH="42"
                    HEIGHT="44"
                    WC="0.9621700346469879"></String>
          </TextLine>

          
          
          <TextLine ID="eSc_line_315ee4ff"
                    TAGREFS="LT4837"
                    BASELINE="88 619 301 612 734 612 961 619" 
                    HPOS="87"
                    VPOS="566"
                    WIDTH="874"
                    HEIGHT="75">
            <Shape><Polygon POINTS="88 619 87 636 196 639 198 639 199 639 206 636 231 626 322 626 342 635 351 639 352 639 354 639 373 635 413 626 451 635 473 639 474 639 502 635 549 626 592 635 622 639 624 641 674 641 674 639 675 639 677 639 682 633 693 626 738 633 743 633 744 633 746 633 747 633 766 626 774 633 781 639 783 639 784 639 786 639 858 635 859 635 860 635 862 632 870 626 893 632 919 639 921 639 922 639 924 639 925 639 925 638 931 632 934 631 936 632 944 638 945 638 946 638 948 638 949 638 959 632 961 619 959 583 869 583 850 566 849 566 847 566 804 566 803 566 802 566 800 566 790 575 759 566 757 566 756 566 754 566 753 566 733 582 705 582 690 567 690 566 688 566 687 566 685 566 684 566 635 580 608 566 606 566 545 566 543 566 542 566 492 582 472 566 470 566 469 566 467 566 466 566 440 575 390 567 388 567 387 567 385 567 373 577 355 566 354 566 352 566 351 566 350 566 319 582 278 569 276 569 275 569 274 569 272 569 272 570 258 583 208 583 172 567 170 567 169 567 167 567 166 567 154 576 146 569 144 569 143 569 142 569 140 569 139 569 139 570 126 583 88 583 88 619"/></Shape>
	    <String CONTENT="است چنانچه خمر بر ابل ديار جس و حرام است و برايل"
                    HPOS="87"
                    VPOS="566"
                    WIDTH="874"
                    HEIGHT="75"
                    WC="0.9021761106948057"></String>
          </TextLine>

          
          
          <TextLine ID="eSc_line_bcd1bc6c"
                    TAGREFS="LT4837"
                    BASELINE="77 691 484 682 957 688" 
                    HPOS="76"
                    VPOS="633"
                    WIDTH="881"
                    HEIGHT="84">
            <Shape><Polygon POINTS="77 691 77 707 203 715 205 715 206 715 223 708 231 705 233 708 238 712 238 714 239 714 241 714 242 715 242 714 243 714 245 714 245 712 249 708 265 694 288 694 301 704 301 705 302 705 304 705 305 705 307 705 338 695 370 709 383 715 384 715 385 717 426 717 426 715 427 715 429 715 436 711 459 697 474 702 476 702 477 702 631 694 681 712 690 715 691 715 693 715 694 715 701 712 721 704 743 712 746 714 747 714 748 714 750 714 751 714 751 712 783 692 840 692 899 714 901 714 902 715 955 715 957 688 955 651 922 642 921 642 919 642 918 642 916 642 916 643 908 652 810 652 776 633 774 633 773 633 771 633 770 633 770 635 750 652 750 653 728 653 728 652 707 635 705 635 704 635 677 635 675 635 674 635 672 635 672 636 654 652 654 653 647 653 638 653 621 639 619 639 618 639 616 639 585 645 559 635 558 635 556 635 555 635 530 643 515 638 513 638 512 638 510 638 509 638 509 639 499 648 483 638 482 638 480 638 431 635 430 635 429 635 427 635 403 651 365 635 364 635 363 635 361 635 360 635 334 651 318 638 318 636 317 636 315 636 314 636 312 636 291 648 274 635 272 635 271 635 269 635 268 635 266 635 246 653 205 653 179 636 177 636 176 636 175 636 173 636 172 636 157 645 134 635 133 635 132 635 130 635 129 635 120 643 110 636 109 636 107 636 106 636 104 636 103 636 76 651 77 691"/></Shape>
	    <String CONTENT="بهشت حلال و پاك و مرتبد با گاه منقتم نمى شود"
                    HPOS="76"
                    VPOS="633"
                    WIDTH="881"
                    HEIGHT="84"
                    WC="0.917790101333098"></String>
          </TextLine>

          
          
          <TextLine ID="eSc_line_fe04f467"
                    TAGREFS="LT4837"
                    BASELINE="84 767 586 757 959 764" 
                    HPOS="83"
                    VPOS="711"
                    WIDTH="876"
                    HEIGHT="80">
            <Shape><Polygon POINTS="84 767 84 780 99 787 100 787 101 787 103 787 104 787 111 780 127 791 129 791 130 791 132 791 189 784 305 791 307 791 308 791 309 791 309 790 319 780 327 773 348 780 377 788 378 788 380 788 381 788 383 788 397 780 410 773 499 773 513 780 515 780 516 780 517 781 517 780 519 780 520 780 532 773 538 780 539 780 539 781 540 781 542 781 543 781 545 781 546 781 549 780 561 773 572 780 576 781 578 781 579 781 581 781 588 780 612 771 635 778 664 788 665 788 667 788 715 778 748 773 756 778 764 785 766 785 767 785 769 785 770 785 771 785 781 778 796 770 820 778 843 787 845 787 846 788 942 788 942 787 944 787 959 778 959 764 957 727 905 728 902 727 895 721 893 721 892 721 891 721 860 727 855 728 853 727 842 718 842 717 840 717 839 717 837 717 836 717 817 724 799 717 797 717 796 717 794 717 770 728 766 729 724 728 708 728 688 711 687 711 685 711 684 711 637 718 605 712 604 712 602 712 601 712 585 724 559 711 558 711 556 711 466 715 464 715 436 731 404 718 403 718 401 718 400 718 398 718 398 719 393 724 375 712 374 712 373 712 371 712 370 712 345 722 321 712 319 712 318 712 295 714 294 714 292 714 292 715 272 732 219 717 218 717 216 717 215 717 198 727 190 721 189 721 187 721 186 721 185 721 183 721 183 722 172 734 83 734 84 767"/></Shape>
	    <String CONTENT="که حرام است و برديگری و گاه منفد می شود خلال"
                    HPOS="83"
                    VPOS="711"
                    WIDTH="876"
                    HEIGHT="80"
                    WC="0.9153067076748068"></String>
          </TextLine>

          
          
          <TextLine ID="eSc_line_db08a120"
                    TAGREFS="LT4837"
                    BASELINE="80 843 703 836 944 847" 
                    HPOS="78"
                    VPOS="784"
                    WIDTH="866"
                    HEIGHT="90">
            <Shape><Polygon POINTS="80 843 80 870 109 874 110 874 111 874 120 871 143 861 157 871 162 874 163 874 165 874 166 874 167 874 177 871 195 864 252 869 253 869 289 861 317 871 327 874 328 874 330 874 331 874 337 871 357 860 367 871 370 873 370 874 371 874 373 874 374 874 375 874 385 871 408 864 439 871 454 874 456 874 457 874 459 874 462 871 480 859 510 859 529 871 530 873 532 873 533 873 535 874 569 874 569 873 571 873 572 873 573 871 589 859 664 859 687 870 688 870 690 870 691 870 718 859 756 859 810 870 942 871 944 847 941 797 860 804 852 797 836 784 835 784 833 784 832 784 830 784 829 784 829 785 816 798 810 804 784 798 780 798 779 798 774 798 744 806 734 800 727 794 726 794 724 794 723 794 721 794 698 800 675 806 665 800 639 787 638 787 637 787 635 787 615 797 594 784 592 784 591 784 559 784 558 784 556 784 555 784 555 785 540 798 532 791 532 790 530 790 529 790 528 790 497 795 480 784 479 784 477 784 476 784 321 785 319 785 318 785 294 806 291 807 284 806 243 800 242 800 209 807 199 800 198 800 196 800 195 800 143 807 117 791 116 791 114 791 113 791 111 791 110 791 110 793 94 808 78 808 80 843"/></Shape>
	    <String CONTENT="پاک می گررد بر ايل بهشت اصل كه خختان اند چننچه"
                    HPOS="78"
                    VPOS="784"
                    WIDTH="866"
                    HEIGHT="90"
                    WC="0.8725031789230264"></String>
          </TextLine>

          
          
          <TextLine ID="eSc_line_6c69a74f"
                    TAGREFS="LT4837"
                    BASELINE="592 906 767 904 944 913" 
                    HPOS="591"
                    VPOS="847"
                    WIDTH="353"
                    HEIGHT="98">
            <Shape><Polygon POINTS="592 906 591 937 609 939 611 939 612 939 614 939 614 937 624 929 654 937 662 940 664 940 665 940 678 937 701 933 720 937 733 942 734 942 736 942 783 937 840 933 875 937 921 945 922 945 924 945 942 937 944 913 944 874 883 866 882 866 880 866 860 871 847 861 846 861 845 861 843 861 842 861 820 871 802 854 800 854 799 854 797 854 796 854 771 861 736 849 734 849 733 849 731 849 681 864 664 849 664 847 662 847 661 847 621 847 619 847 618 847 616 847 592 863 592 906"/></Shape>
	    <String CONTENT="حافظ شيرازى گفته ظم"
                    HPOS="591"
                    VPOS="847"
                    WIDTH="353"
                    HEIGHT="98"
                    WC="0.9466430387998882"></String>
          </TextLine>

          
          
          <TextLine ID="eSc_line_0aceef2d"
                    TAGREFS="LT4837"
                    BASELINE="265 982 759 976" 
                    HPOS="264"
                    VPOS="925"
                    WIDTH="495"
                    HEIGHT="80">
            <Shape><Polygon POINTS="265 982 265 1005 307 998 330 1003 331 1003 332 1003 334 1003 335 1003 355 991 400 999 401 999 403 999 430 989 483 996 484 996 486 996 512 988 553 988 569 1002 569 1003 571 1003 572 1003 573 1003 575 1003 576 1003 601 988 627 1003 628 1003 629 1003 631 1003 680 1002 681 1002 682 1002 694 992 705 1001 705 1002 707 1002 708 1002 710 1002 759 1001 759 976 754 945 637 945 635 945 615 930 614 930 612 930 611 930 609 930 592 940 582 930 582 929 581 929 579 929 578 929 576 929 558 939 520 925 519 925 517 925 453 935 433 927 431 927 430 927 429 927 404 939 381 927 380 927 322 927 321 927 319 927 318 927 289 946 285 949 264 947 265 982"/></Shape>
	    <String CONTENT="در مذهب ما باده خلالست وليكن"
                    HPOS="264"
                    VPOS="925"
                    WIDTH="495"
                    HEIGHT="80"
                    WC="0.9276360848120281"></String>
          </TextLine>

          
          
          <TextLine ID="eSc_line_4d8f43ab"
                    TAGREFS="LT4837"
                    BASELINE="341 1051 754 1054" 
                    HPOS="340"
                    VPOS="998"
                    WIDTH="414"
                    HEIGHT="87">
            <Shape><Polygon POINTS="341 1051 340 1081 480 1084 482 1084 483 1084 497 1079 526 1072 578 1079 595 1081 596 1081 612 1079 642 1074 651 1078 662 1084 664 1084 665 1085 665 1084 667 1084 678 1078 687 1074 751 1077 754 1054 754 1016 733 1009 731 1009 730 1009 697 1016 688 1018 685 1016 668 1005 667 1005 665 1005 664 1005 662 1005 661 1005 651 1013 618 999 616 999 615 999 614 999 558 1016 548 1019 533 1019 532 1016 513 999 513 998 512 998 510 998 429 998 427 998 426 998 424 998 424 999 406 1016 404 1018 341 1018 341 1051"/></Shape>
	    <String CONTENT="بی روی تو اپسر و گل اندام خرام"
                    HPOS="340"
                    VPOS="998"
                    WIDTH="414"
                    HEIGHT="87"
                    WC="0.8788846979538599"></String>
          </TextLine>

          
          
          <TextLine ID="eSc_line_78a25592"
                    TAGREFS="LT4837"
                    BASELINE="565 1190 596 1183" 
                    HPOS="556"
                    VPOS="1145"
                    WIDTH="45"
                    HEIGHT="72">
            <Shape><Polygon POINTS="565 1190 569 1214 601 1217 596 1183 585 1145 556 1153 565 1190"/></Shape>
	    <String CONTENT=""
                    HPOS="556"
                    VPOS="1145"
                    WIDTH="45"
                    HEIGHT="72"></String>
          </TextLine>

          
          
          <TextLine ID="eSc_line_ebcd293b"
                    TAGREFS="LT4837"
                    BASELINE="459 1196 493 1194" 
                    HPOS="454"
                    VPOS="1121"
                    WIDTH="39"
                    HEIGHT="119">
            <Shape><Polygon POINTS="459 1196 459 1230 492 1240 493 1194 487 1121 454 1125 459 1196"/></Shape>
	    <String CONTENT=""
                    HPOS="454"
                    VPOS="1121"
                    WIDTH="39"
                    HEIGHT="119"></String>
          </TextLine>

          
          
          <TextLine ID="eSc_line_fecc034a"
                    TAGREFS="LT4837"
                    BASELINE="281 1332 713 1329" 
                    HPOS="281"
                    VPOS="1273"
                    WIDTH="432"
                    HEIGHT="83">
            <Shape><Polygon POINTS="281 1356 328 1355 330 1355 331 1355 347 1342 489 1342 515 1348 543 1353 545 1353 546 1353 575 1345 589 1340 594 1345 602 1352 602 1353 604 1353 605 1353 606 1355 665 1355 665 1353 667 1353 713 1339 713 1329 708 1293 681 1293 678 1292 661 1277 660 1277 658 1277 657 1277 655 1277 632 1289 625 1293 618 1289 595 1273 594 1273 592 1273 553 1273 552 1273 550 1273 549 1273 535 1285 523 1295 493 1295 479 1283 477 1282 476 1282 474 1282 473 1282 472 1282 470 1282 470 1283 453 1295 400 1295 380 1279 375 1274 374 1274 373 1274 371 1274 347 1277 295 1285 281 1274 281 1332 281 1356"/></Shape>
	    <String CONTENT="در بيان خور العين و درخت طوبی"
                    HPOS="281"
                    VPOS="1273"
                    WIDTH="432"
                    HEIGHT="83"
                    WC="0.8700212569072329"></String>
          </TextLine>

          
          
          <TextLine ID="eSc_line_cf42262c"
                    TAGREFS="LT4837"
                    BASELINE="58 1434 872 1439" 
                    HPOS="57"
                    VPOS="1383"
                    WIDTH="815"
                    HEIGHT="92">
            <Shape><Polygon POINTS="57 1451 74 1464 76 1464 77 1464 119 1471 120 1472 231 1472 231 1471 232 1471 233 1471 233 1470 246 1458 259 1465 261 1465 262 1465 264 1465 292 1455 315 1472 317 1472 318 1472 319 1474 396 1474 396 1472 397 1472 429 1455 480 1470 482 1470 483 1470 484 1470 486 1470 510 1452 553 1467 555 1467 556 1467 558 1467 559 1467 581 1452 628 1452 635 1458 635 1459 637 1459 638 1459 639 1459 718 1454 760 1475 761 1475 763 1475 764 1475 802 1457 817 1467 819 1467 820 1467 822 1467 823 1467 870 1452 872 1439 872 1395 829 1388 827 1388 826 1388 825 1388 825 1389 819 1395 809 1404 693 1396 691 1396 690 1396 688 1396 680 1404 649 1395 622 1386 621 1386 550 1386 549 1386 548 1386 546 1386 533 1395 523 1401 506 1395 484 1386 483 1386 482 1386 480 1386 479 1386 466 1395 456 1401 449 1395 440 1388 439 1388 437 1388 407 1388 406 1388 404 1388 403 1388 403 1389 396 1395 391 1398 380 1395 354 1388 352 1388 351 1388 350 1388 348 1388 338 1395 327 1402 264 1402 239 1401 232 1395 218 1383 216 1383 215 1383 213 1383 167 1395 163 1395 159 1395 96 1383 94 1383 93 1383 91 1383 78 1395 74 1399 60 1395 58 1434 57 1451"/></Shape>
	    <String CONTENT="بدان که چون صاحب توفيق ابل عيان گردد و اثری عيض"
                    HPOS="57"
                    VPOS="1383"
                    WIDTH="815"
                    HEIGHT="92"
                    WC="0.9159025473797575"></String>
          </TextLine>

          
          
          <TextLine ID="eSc_line_98270b9b"
                    TAGREFS="LT4837"
                    BASELINE="71 1521 684 1520 918 1525" 
                    HPOS="70"
                    VPOS="1468"
                    WIDTH="848"
                    HEIGHT="80">
            <Shape><Polygon POINTS="71 1521 70 1548 222 1548 222 1547 223 1547 225 1547 225 1546 236 1537 262 1543 264 1543 265 1543 266 1543 266 1541 278 1531 324 1531 340 1546 340 1547 341 1547 342 1547 344 1547 368 1547 418 1544 420 1544 464 1531 495 1531 506 1540 506 1541 507 1541 509 1541 510 1541 556 1531 566 1540 568 1540 569 1540 571 1540 591 1535 604 1546 604 1547 605 1547 606 1547 608 1547 609 1547 611 1547 612 1546 632 1531 657 1543 658 1543 660 1543 661 1543 662 1543 681 1531 767 1531 800 1546 804 1547 806 1547 807 1548 836 1548 836 1547 837 1547 839 1547 839 1546 840 1546 849 1537 866 1546 870 1547 872 1547 873 1547 883 1546 905 1540 912 1546 918 1525 918 1488 835 1488 796 1468 794 1468 793 1468 714 1482 694 1468 693 1468 691 1468 690 1468 652 1470 651 1470 649 1470 631 1484 598 1468 596 1468 545 1468 543 1468 542 1468 540 1468 516 1488 486 1488 462 1468 460 1468 459 1468 427 1468 426 1468 424 1468 390 1487 370 1480 368 1480 367 1480 365 1480 351 1487 278 1468 276 1468 275 1468 274 1468 272 1468 259 1478 236 1474 235 1474 233 1474 232 1474 232 1475 220 1487 203 1477 202 1477 200 1477 149 1487 120 1475 119 1475 117 1475 116 1475 114 1475 101 1487 71 1487 71 1521"/></Shape>
	    <String CONTENT="را در هرذره از ذرات ملک و ملکوت مشابده نمايد"
                    HPOS="70"
                    VPOS="1468"
                    WIDTH="848"
                    HEIGHT="80"
                    WC="0.9179538691585715"></String>
          </TextLine>

          
          
          <TextLine ID="eSc_line_0cad641a"
                    TAGREFS="LT4837"
                    BASELINE="61 1596 912 1601" 
                    HPOS="60"
                    VPOS="1544"
                    WIDTH="852"
                    HEIGHT="98">
            <Shape><Polygon POINTS="61 1596 60 1620 121 1637 123 1637 124 1637 186 1623 231 1623 242 1632 243 1632 245 1632 246 1632 248 1632 265 1623 322 1639 324 1639 325 1640 370 1640 370 1639 371 1639 373 1639 391 1624 421 1624 441 1636 443 1636 444 1636 446 1636 447 1636 483 1624 517 1640 519 1640 520 1642 562 1642 562 1640 563 1640 565 1640 582 1626 605 1626 621 1639 621 1640 622 1640 624 1640 625 1642 684 1642 684 1640 685 1640 687 1640 687 1639 698 1630 816 1640 817 1640 819 1640 820 1640 820 1639 830 1629 911 1626 912 1601 912 1567 879 1557 878 1557 876 1557 875 1557 855 1567 822 1566 810 1556 810 1554 809 1554 807 1554 806 1554 804 1554 803 1554 789 1567 747 1550 746 1550 700 1547 698 1547 697 1547 652 1561 638 1548 638 1547 637 1547 635 1547 606 1547 605 1547 604 1547 569 1560 540 1551 539 1551 538 1551 536 1551 535 1551 519 1566 502 1566 482 1547 482 1546 480 1546 479 1546 460 1546 459 1546 457 1546 421 1563 380 1564 371 1564 370 1564 357 1556 355 1556 354 1556 352 1556 351 1556 350 1556 350 1557 341 1564 341 1566 275 1566 272 1564 215 1544 213 1544 142 1544 140 1544 139 1544 137 1544 137 1546 120 1561 107 1554 106 1554 104 1554 103 1554 61 1561 61 1596"/></Shape>
	    <String CONTENT="چون مشايده انوار ذات مبلاغ در هرززه متمثل كردو"
                    HPOS="60"
                    VPOS="1544"
                    WIDTH="852"
                    HEIGHT="98"
                    WC="0.9243311260057532"></String>
          </TextLine>

          
        </TextBlock>
        
        <TextBlock HPOS="464"
                   VPOS="97"
                   WIDTH="125"
                   HEIGHT="56"
                   ID="eSc_textblock_c94c56f6"
                   TAGREFS="BT16093">
          <Shape><Polygon POINTS="495 97 583 97 589 130 566 153 464 130 495 97"/></Shape>
          
          
          <TextLine ID="eSc_line_b262ed4f"
                    TAGREFS="LT4837"
                    BASELINE="530 116 575 111" 
                    HPOS="528"
                    VPOS="97"
                    WIDTH="47"
                    HEIGHT="42">
            <Shape><Polygon POINTS="571 97 556 97 542 97 528 97 530 116 530 126 573 139 575 111 572 97 571 97"/></Shape>
	    <String CONTENT=""
                    HPOS="528"
                    VPOS="97"
                    WIDTH="47"
                    HEIGHT="42"></String>
          </TextLine>

          
        </TextBlock>
        
        <TextBlock HPOS="57"
                   VPOS="40"
                   WIDTH="56"
                   HEIGHT="21"
                   ID="eSc_textblock_1c326d12"
                   TAGREFS="BT16085">
          <Shape><Polygon POINTS="70 40 84 40 113 55 74 61 57 50 70 40"/></Shape>
          
        </TextBlock>
        
        <TextBlock HPOS="998"
                   VPOS="51"
                   WIDTH="244"
                   HEIGHT="39"
                   ID="eSc_textblock_fde528a2"
                   TAGREFS="BT16085">
          <Shape><Polygon POINTS="1114 51 1242 51 1242 90 998 67 1114 51"/></Shape>
          
        </TextBlock>
        
        <TextBlock HPOS="229"
                   VPOS="126"
                   WIDTH="16"
                   HEIGHT="4"
                   ID="eSc_textblock_18f4e2f6"
                   TAGREFS="BT16093">
          <Shape><Polygon POINTS="231 126 245 126 245 130 229 130 231 126"/></Shape>
          
        </TextBlock>
        
        <TextBlock HPOS="792"
                   VPOS="86"
                   WIDTH="113"
                   HEIGHT="10"
                   ID="eSc_textblock_95857aa4"
                   TAGREFS="BT16086">
          <Shape><Polygon POINTS="822 86 870 86 905 96 792 96 822 86"/></Shape>
          
        </TextBlock>
        

        
      </PrintSpace>
    </Page>
  </Layout>
</alto>
