<?xml version="1.0" encoding="UTF-8"?>
<alto xmlns:xsi="http://www.w3.org/2001/XMLSchema-instance"
      xmlns="http://www.loc.gov/standards/alto/ns-v4#"
      xsi:schemaLocation="http://www.loc.gov/standards/alto/ns-v4# http://www.loc.gov/standards/alto/v4/alto-4-2.xsd">
  <Description>
    <MeasurementUnit>pixel</MeasurementUnit>
    <sourceImageInformation>
      <fileName>Rasail148.jpg</fileName>
      
    </sourceImageInformation>
  </Description>
  
  <Tags>
    <OtherTag ID="BT16094" LABEL="default" DESCRIPTION="block type default"/><OtherTag ID="BT16093" LABEL="NumberingZone:page" DESCRIPTION="block type NumberingZone:page"/><OtherTag ID="BT16092" LABEL="MarginTextZone:note" DESCRIPTION="block type MarginTextZone:note"/><OtherTag ID="BT16091" LABEL="TitlePageZone" DESCRIPTION="block type TitlePageZone"/><OtherTag ID="BT16090" LABEL="QuireMarksZone:catchwords" DESCRIPTION="block type QuireMarksZone:catchwords"/><OtherTag ID="BT16089" LABEL="NumberingZone:other" DESCRIPTION="block type NumberingZone:other"/><OtherTag ID="BT16088" LABEL="NumberingZone" DESCRIPTION="block type NumberingZone"/><OtherTag ID="BT16087" LABEL="MarginTextZone" DESCRIPTION="block type MarginTextZone"/><OtherTag ID="BT16086" LABEL="MainZone" DESCRIPTION="block type MainZone"/><OtherTag ID="BT16085" LABEL="DigitizationArtefactZone" DESCRIPTION="block type DigitizationArtefactZone"/><OtherTag ID="BT2" LABEL="Main" DESCRIPTION="block type Main"/><OtherTag ID="BT1" LABEL="Title" DESCRIPTION="block type Title"/>
    <OtherTag ID="LT4837" LABEL="DefaultLine" DESCRIPTION="line type DefaultLine"/><OtherTag ID="LT4838" LABEL="default" DESCRIPTION="line type default"/><OtherTag ID="LT4839" LABEL="HeadingLine:title" DESCRIPTION="line type HeadingLine:title"/>
  </Tags>
  
  <Layout>
    <Page WIDTH="1223"
          HEIGHT="1674"
          PHYSICAL_IMG_NR="11"
          ID="eSc_dummypage_">
      <PrintSpace HPOS="0"
                  VPOS="0"
                  WIDTH="1223"
                  HEIGHT="1674">
        
        <TextBlock HPOS="39"
                   VPOS="100"
                   WIDTH="1143"
                   HEIGHT="624"
                   ID="eSc_textblock_1d5df78d"
                   TAGREFS="BT16086">
          <Shape><Polygon POINTS="897 100 1104 106 1149 139 1182 290 1182 450 1171 551 1143 584 904 590 786 617 619 612 474 662 473 696 390 724 362 707 385 664 328 601 195 573 173 491 138 456 78 456 39 428 39 245 55 227 39 189 67 172 154 161 223 122 897 100"/></Shape>
          
          
          <TextLine ID="eSc_line_b70a40ea"
                    TAGREFS="LT4837"
                    BASELINE="201 232 1142 234" 
                    HPOS="199"
                    VPOS="182"
                    WIDTH="943"
                    HEIGHT="84">
            <Shape><Polygon POINTS="201 232 199 248 235 252 248 263 248 265 249 265 251 265 252 265 254 265 276 258 332 265 333 265 335 265 336 265 353 252 442 265 443 265 445 265 446 265 467 251 481 263 481 265 483 265 484 265 485 266 512 266 512 265 513 265 515 265 530 252 562 263 564 263 565 263 566 263 608 252 635 265 636 265 638 266 699 266 699 265 700 265 702 265 721 251 777 259 779 259 858 251 903 260 904 260 954 251 1030 265 1031 265 1033 265 1066 252 1093 265 1094 265 1095 265 1097 265 1098 265 1098 263 1114 251 1140 251 1142 234 1140 200 1107 192 1105 192 1104 192 1091 199 1086 202 1066 199 1042 195 1041 195 1040 195 1028 198 1016 202 1009 198 987 182 985 182 984 182 982 182 931 192 918 182 917 182 915 182 857 182 855 182 854 182 853 182 841 191 791 182 790 182 788 182 767 193 763 196 759 193 745 185 744 185 742 185 741 185 707 186 706 186 705 186 696 192 682 202 636 195 635 195 633 195 617 203 512 203 474 189 466 186 464 186 463 186 462 186 453 189 409 202 339 191 337 191 336 191 335 191 323 199 273 185 261 182 259 182 258 182 201 184 201 232"/></Shape>
	    <String CONTENT="عبادت خداوندی و قول و عمل همه مامور امرو فرمان ايام زمان"
                    HPOS="199"
                    VPOS="182"
                    WIDTH="943"
                    HEIGHT="84"
                    WC="0.8746808426720756"></String>
          </TextLine>

          
          
          <TextLine ID="eSc_line_16c18ad9"
                    TAGREFS="LT4837"
                    BASELINE="196 312 1137 306" 
                    HPOS="195"
                    VPOS="265"
                    WIDTH="942"
                    HEIGHT="73">
            <Shape><Polygon POINTS="196 312 196 333 231 338 233 338 234 338 235 338 242 333 252 327 332 327 344 332 360 338 361 338 362 338 364 338 365 338 365 337 372 332 378 326 487 326 497 330 501 334 502 334 503 334 505 334 506 334 508 334 512 330 517 326 547 326 557 330 569 337 571 337 572 338 607 338 607 337 608 337 610 337 619 330 625 326 636 330 661 337 663 337 664 337 665 337 681 329 688 325 692 329 698 333 698 334 699 334 700 334 855 336 857 336 984 326 1031 323 1052 326 1112 334 1114 334 1115 334 1137 325 1137 306 1136 276 1111 266 1109 266 1108 266 1107 266 1079 276 1075 277 1073 276 1061 265 1059 265 1058 265 1033 265 1031 265 1030 265 1001 276 999 277 999 276 984 265 982 265 981 265 980 265 978 265 977 265 961 277 956 277 878 279 873 277 858 272 857 272 855 272 815 277 808 279 806 277 797 270 797 269 795 269 794 269 792 269 791 269 777 276 767 267 767 266 766 266 765 266 735 266 734 266 732 266 731 266 714 277 702 269 700 269 699 269 698 269 635 276 621 269 619 269 618 269 617 269 576 280 573 280 559 267 558 267 557 267 555 267 522 274 476 267 474 267 473 267 450 280 432 267 431 267 430 267 428 267 367 277 349 270 347 270 346 270 344 270 325 281 322 283 195 283 196 312"/></Shape>
	    <String CONTENT="محق وقت خود بود از فربان گذشته حق وقت خور به تمام بست و چو"
                    HPOS="195"
                    VPOS="265"
                    WIDTH="942"
                    HEIGHT="73"
                    WC="0.9279706930292064"></String>
          </TextLine>

          
          
          <TextLine ID="eSc_line_12e025cb"
                    TAGREFS="LT4837"
                    BASELINE="198 385 1136 382" 
                    HPOS="196"
                    VPOS="340"
                    WIDTH="940"
                    HEIGHT="71">
            <Shape><Polygon POINTS="198 385 202 404 205 400 210 404 217 410 219 410 220 410 221 411 258 411 258 410 259 410 261 410 268 404 277 397 421 397 428 401 431 405 432 405 434 405 435 405 436 405 452 401 457 400 460 401 469 408 469 410 470 410 471 410 473 411 505 411 505 410 506 410 508 410 517 401 523 397 564 397 577 400 607 408 608 408 658 410 660 410 661 410 663 410 663 408 672 400 682 408 684 408 685 408 686 410 767 410 767 408 769 408 801 398 802 398 826 407 827 407 829 407 830 407 832 407 841 398 843 397 844 398 851 404 853 404 854 404 855 404 885 400 917 408 918 408 920 410 999 410 999 408 1001 408 1021 398 1056 408 1058 408 1059 408 1061 408 1095 396 1135 396 1136 382 1135 357 1101 341 1100 341 1098 341 1097 341 1095 341 1073 355 1033 355 1003 340 1002 340 929 340 928 340 927 340 925 340 904 355 860 344 858 344 857 344 855 344 854 344 839 355 795 355 779 341 779 340 777 340 776 340 758 340 756 340 755 340 753 340 735 357 603 357 589 348 587 348 586 348 584 348 583 348 565 357 541 341 540 341 538 341 508 341 506 341 505 341 453 357 431 341 430 341 428 341 427 341 383 348 318 341 316 341 315 341 314 341 295 357 242 344 241 344 240 344 196 358 198 385"/></Shape>
	    <String CONTENT="صفت موميی که در مسجد کوفر فرموده اند سخن مردست که درين"
                    HPOS="196"
                    VPOS="340"
                    WIDTH="940"
                    HEIGHT="71"
                    WC="0.9104118413395352"></String>
          </TextLine>

          
          
          <TextLine ID="eSc_line_beb2f0cc"
                    TAGREFS="LT4837"
                    BASELINE="192 457 1139 463" 
                    HPOS="191"
                    VPOS="411"
                    WIDTH="948"
                    HEIGHT="87">
            <Shape><Polygon POINTS="192 457 191 475 270 477 270 478 304 492 305 492 307 492 308 492 309 492 326 479 329 478 357 478 360 479 372 491 372 492 374 492 375 492 376 492 414 485 439 493 441 493 442 493 443 493 445 493 460 482 464 479 481 482 510 488 512 488 561 484 619 479 631 485 633 488 635 488 636 488 638 488 665 486 730 482 738 488 742 492 744 492 745 492 746 492 748 492 756 488 769 482 781 489 792 495 794 495 795 495 797 495 815 489 847 481 864 491 869 495 871 495 872 495 942 496 943 496 945 496 952 493 971 484 1007 493 1016 496 1017 496 1019 498 1137 498 1139 463 1136 431 875 431 862 426 833 414 832 414 779 414 777 414 776 414 774 414 760 425 755 428 749 424 732 415 731 415 730 415 728 415 727 415 727 417 719 424 714 428 707 424 693 417 692 417 691 417 689 417 670 424 667 424 665 424 657 417 656 417 654 417 653 417 625 422 594 429 573 422 548 412 547 412 432 412 431 412 430 412 428 412 418 419 410 425 402 419 393 411 392 411 390 411 333 411 332 411 330 411 329 411 321 418 305 428 247 425 231 417 223 412 221 412 220 412 192 415 192 457"/></Shape>
	    <String CONTENT="ايام نور نمیديد و سخن گذشته است برای مصلحت ظاهر صلا"
                    HPOS="191"
                    VPOS="411"
                    WIDTH="948"
                    HEIGHT="87"
                    WC="0.9166139013626996"></String>
          </TextLine>

          
          
          <TextLine ID="eSc_line_2876ece9"
                    TAGREFS="LT4837"
                    BASELINE="802 539 1135 539" 
                    HPOS="802"
                    VPOS="498"
                    WIDTH="333"
                    HEIGHT="71">
            <Shape><Polygon POINTS="802 539 802 552 826 560 827 560 829 560 830 560 851 553 883 567 885 567 886 569 936 569 936 567 938 567 939 567 956 555 982 555 994 566 994 567 995 567 996 567 998 569 1055 569 1055 567 1056 567 1083 558 1101 564 1102 564 1104 564 1105 564 1135 552 1135 539 1133 503 1045 513 1037 506 1030 499 1030 498 1028 498 1027 498 984 498 982 498 981 498 980 498 968 507 961 511 956 507 949 502 947 502 946 502 945 502 943 502 921 509 907 513 901 509 887 500 886 500 885 500 883 500 802 511 802 539"/></Shape>
	    <String CONTENT="پيش ب كار نيست"
                    HPOS="802"
                    VPOS="498"
                    WIDTH="333"
                    HEIGHT="71"
                    WC="0.9128689042159489"></String>
          </TextLine>

          
        </TextBlock>
        
        <TextBlock HPOS="362"
                   VPOS="814"
                   WIDTH="770"
                   HEIGHT="624"
                   ID="eSc_textblock_622b038e"
                   TAGREFS="BT16086">
          <Shape><Polygon POINTS="752 814 947 825 1048 870 1054 891 998 915 1037 943 1003 969 1054 976 1055 1004 1109 982 1132 1042 908 1069 709 1064 691 1075 758 1076 791 1103 735 1131 541 1131 596 1149 603 1205 724 1216 724 1270 774 1300 770 1333 813 1344 792 1367 880 1378 875 1393 787 1382 702 1432 619 1438 418 1337 463 1293 457 1188 524 1138 435 1120 469 1065 379 1042 368 976 396 909 362 902 362 881 402 842 752 814"/></Shape>
          
          
          <TextLine ID="eSc_line_d5ada3a2"
                    TAGREFS="LT4837"
                    BASELINE="513 890 779 890" 
                    HPOS="513"
                    VPOS="839"
                    WIDTH="266"
                    HEIGHT="77">
            <Shape><Polygon POINTS="513 890 513 906 566 916 568 916 640 909 665 915 667 915 668 915 670 915 671 915 682 908 685 908 762 916 763 916 765 916 779 908 779 890 779 860 724 860 679 839 678 839 677 839 675 839 651 846 590 839 589 839 587 839 586 839 562 859 533 849 531 849 530 849 529 849 527 849 513 857 513 890"/></Shape>
	    <String CONTENT="بمعون الملك الوهاب"
                    HPOS="513"
                    VPOS="839"
                    WIDTH="266"
                    HEIGHT="77"
                    WC="0.9524122840828366"></String>
          </TextLine>

          
          
          <TextLine ID="eSc_line_c013ac6c"
                    TAGREFS="LT4837"
                    BASELINE="640 966 717 968" 
                    HPOS="639"
                    VPOS="931"
                    WIDTH="78"
                    HEIGHT="62">
            <Shape><Polygon POINTS="640 966 639 989 665 993 667 993 668 993 670 993 679 984 684 982 716 982 717 968 717 933 640 931 640 966"/></Shape>
	    <String CONTENT="اماه"
                    HPOS="639"
                    VPOS="931"
                    WIDTH="78"
                    HEIGHT="62"
                    WC="0.8732274323701859"></String>
          </TextLine>

          
          
          <TextLine ID="eSc_line_f3cda918"
                    TAGREFS="LT4837"
                    BASELINE="396 1042 589 1039 886 1046" 
                    HPOS="395"
                    VPOS="979"
                    WIDTH="491"
                    HEIGHT="95">
            <Shape><Polygon POINTS="396 1042 395 1061 400 1067 400 1068 402 1068 403 1068 404 1068 406 1068 436 1058 439 1058 534 1058 544 1061 573 1071 575 1071 576 1071 625 1062 646 1060 657 1064 679 1072 681 1072 682 1074 723 1074 723 1072 724 1072 725 1072 735 1065 741 1061 753 1065 776 1074 777 1074 779 1074 885 1068 886 1046 885 996 808 1001 797 996 790 991 788 991 787 991 786 991 784 991 780 996 772 1001 710 1001 706 996 693 984 693 983 692 983 691 983 689 983 688 983 686 983 667 996 665 997 664 996 657 989 656 989 654 989 653 989 651 989 638 996 633 998 632 996 615 982 615 980 614 980 612 980 611 980 534 990 512 979 510 979 431 979 430 979 428 979 396 994 396 1042"/></Shape>
	    <String CONTENT="صاوب العصر والزمان مولانا شاه كريم"
                    HPOS="395"
                    VPOS="979"
                    WIDTH="491"
                    HEIGHT="95"
                    WC="0.9316676837556502"></String>
          </TextLine>

          
          
          <TextLine ID="eSc_line_8de1774b"
                    TAGREFS="LT4837"
                    BASELINE="499 1122 766 1120" 
                    HPOS="498"
                    VPOS="1065"
                    WIDTH="268"
                    HEIGHT="105">
            <Shape><Polygon POINTS="749 1118 742 1099 684 1099 682 1097 645 1065 643 1065 642 1065 640 1065 593 1074 550 1067 548 1067 547 1067 498 1093 499 1122 499 1170 554 1170 554 1169 555 1169 557 1169 557 1167 562 1163 580 1146 598 1152 600 1152 601 1152 603 1152 604 1152 615 1143 635 1155 650 1163 651 1163 653 1163 654 1163 656 1163 667 1155 688 1157 689 1157 691 1157 692 1157 692 1156 700 1148 703 1145 709 1148 721 1152 723 1152 724 1152 725 1152 727 1152 727 1150 728 1150 732 1145 735 1142 765 1142 766 1120 762 1116 749 1118"/></Shape>
	    <String CONTENT="يني لذكره السجود"
                    HPOS="498"
                    VPOS="1065"
                    WIDTH="268"
                    HEIGHT="105"
                    WC="0.9095178283751011"></String>
          </TextLine>

          
          
          <TextLine ID="eSc_line_f0b51b14"
                    TAGREFS="LT4837"
                    BASELINE="597 1254 700 1254" 
                    HPOS="597"
                    VPOS="1216"
                    WIDTH="103"
                    HEIGHT="56">
            <Shape><Polygon POINTS="597 1254 597 1265 636 1272 638 1272 639 1272 640 1272 640 1270 643 1269 649 1263 674 1263 698 1272 700 1254 699 1216 597 1231 597 1254"/></Shape>
	    <String CONTENT="تسبيح"
                    HPOS="597"
                    VPOS="1216"
                    WIDTH="103"
                    HEIGHT="56"
                    WC="0.9714606642723084"></String>
          </TextLine>

          
          
          <TextLine ID="eSc_line_671f9c3c"
                    TAGREFS="LT4837"
                    BASELINE="591 1336 717 1333" 
                    HPOS="590"
                    VPOS="1275"
                    WIDTH="127"
                    HEIGHT="85">
            <Shape><Polygon POINTS="591 1336 591 1353 639 1360 640 1360 717 1350 717 1333 714 1279 679 1275 678 1275 677 1275 675 1275 646 1294 626 1308 590 1308 591 1336"/></Shape>
	    <String CONTENT="للققد"
                    HPOS="590"
                    VPOS="1275"
                    WIDTH="127"
                    HEIGHT="85"
                    WC="0.724012291431427"></String>
          </TextLine>

          
        </TextBlock>
        
        <TextBlock HPOS="586"
                   VPOS="1545"
                   WIDTH="166"
                   HEIGHT="43"
                   ID="eSc_textblock_906b2dd2"
                   TAGREFS="BT16086">
          <Shape><Polygon POINTS="596 1545 691 1545 752 1566 586 1588 596 1545"/></Shape>
          
          
          <TextLine ID="eSc_line_ce4aa0fb"
                    TAGREFS="LT4837"
                    BASELINE="579 1558 738 1556" 
                    HPOS="577"
                    VPOS="1534"
                    WIDTH="161"
                    HEIGHT="47">
            <Shape><Polygon POINTS="717 1555 703 1549 689 1545 675 1545 661 1545 647 1545 633 1545 619 1545 605 1545 591 1556 590 1538 577 1538 579 1558 579 1572 605 1581 607 1581 608 1581 610 1581 611 1581 619 1574 621 1573 625 1574 643 1581 645 1581 646 1581 672 1577 691 1574 737 1580 738 1556 732 1534 717 1538 717 1555"/></Shape>
	    <String CONTENT=""
                    HPOS="577"
                    VPOS="1534"
                    WIDTH="161"
                    HEIGHT="47"></String>
          </TextLine>

          
        </TextBlock>
        
        <TextBlock HPOS="597"
                   VPOS="27"
                   WIDTH="624"
                   HEIGHT="194"
                   ID="eSc_textblock_b7f154a3"
                   TAGREFS="BT16085">
          <Shape><Polygon POINTS="1169 27 1221 39 1221 221 1182 121 899 87 1026 83 1044 76 1031 65 597 54 1137 50 1169 27"/></Shape>
          
        </TextBlock>
        
        <TextBlock HPOS="497"
                   VPOS="11"
                   WIDTH="4"
                   HEIGHT="4"
                   ID="eSc_textblock_35a69a92"
                   TAGREFS="BT16093">
          <Shape><Polygon POINTS="498 11 501 11 501 15 497 15 498 11"/></Shape>
          
        </TextBlock>
        
        <TextBlock HPOS="536"
                   VPOS="11"
                   WIDTH="15"
                   HEIGHT="9"
                   ID="eSc_textblock_e061557e"
                   TAGREFS="BT16093">
          <Shape><Polygon POINTS="537 11 545 11 551 20 536 20 537 11"/></Shape>
          
        </TextBlock>
        
        <TextBlock HPOS="488"
                   VPOS="686"
                   WIDTH="13"
                   HEIGHT="10"
                   ID="eSc_textblock_ba991109"
                   TAGREFS="BT16086">
          <Shape><Polygon POINTS="488 686 501 686 501 690 491 696 488 686"/></Shape>
          
        </TextBlock>
        
        <TextBlock HPOS="536"
                   VPOS="686"
                   WIDTH="32"
                   HEIGHT="21"
                   ID="eSc_textblock_ef64554e"
                   TAGREFS="BT16086">
          <Shape><Polygon POINTS="557 686 568 707 536 701 541 691 557 686"/></Shape>
          
        </TextBlock>
        
        <TextBlock HPOS="915"
                   VPOS="1372"
                   WIDTH="77"
                   HEIGHT="27"
                   ID="eSc_textblock_0c9c9892"
                   TAGREFS="BT16086">
          <Shape><Polygon POINTS="920 1372 987 1372 992 1382 915 1399 920 1372"/></Shape>
          
        </TextBlock>
        
        <TextBlock HPOS="927"
                   VPOS="1339"
                   WIDTH="99"
                   HEIGHT="9"
                   ID="eSc_textblock_adfaae1a"
                   TAGREFS="BT16086">
          <Shape><Polygon POINTS="987 1339 1026 1348 927 1348 981 1344 987 1339"/></Shape>
          
        </TextBlock>
        
        <TextBlock HPOS="0"
                   VPOS="1"
                   WIDTH="1"
                   HEIGHT="1"
                   ID="eSc_textblock_9b331641"
                   TAGREFS="BT16085">
          <Shape><Polygon POINTS="0 2 0 1 1 1 1 2 0 2"/></Shape>
          
        </TextBlock>
        
        <TextBlock HPOS="720"
                   VPOS="1523"
                   WIDTH="10"
                   HEIGHT="10"
                   ID="eSc_textblock_9968a3fc"
                   TAGREFS="BT16090">
          <Shape><Polygon POINTS="720 1523 730 1523 730 1533 725 1533 720 1523"/></Shape>
          
        </TextBlock>
        
        <TextBlock HPOS="0"
                   VPOS="22"
                   WIDTH="1"
                   HEIGHT="1"
                   ID="eSc_textblock_e7676189"
                   TAGREFS="BT16085">
          <Shape><Polygon POINTS="0 23 0 22 1 22 1 23 0 23"/></Shape>
          
        </TextBlock>
        
        <TextBlock HPOS="295"
                   VPOS="33"
                   WIDTH="55"
                   HEIGHT="10"
                   ID="eSc_textblock_eee918ff"
                   TAGREFS="BT16085">
          <Shape><Polygon POINTS="315 33 350 39 350 43 295 43 315 33"/></Shape>
          
        </TextBlock>
        

        
        <TextBlock ID="eSc_dummyblock_">
          
          
          <TextLine ID="eSc_line_0e6b6ab2"
                    TAGREFS="LT4837"
                    BASELINE="753 83 971 90" 
                    HPOS="752"
                    VPOS="53"
                    WIDTH="219"
                    HEIGHT="59">
            <Shape><Polygon POINTS="934 86 920 86 906 86 892 86 878 86 864 86 860 64 753 53 753 83 752 96 795 111 797 111 798 111 799 111 836 101 847 111 847 112 848 112 850 112 851 112 853 112 854 112 866 101 869 101 915 112 917 112 970 106 971 90 970 65 936 65 934 86"/></Shape>
	    <String CONTENT=""
                    HPOS="752"
                    VPOS="53"
                    WIDTH="219"
                    HEIGHT="59"></String>
          </TextLine>

          
          
          <TextLine ID="eSc_line_2d728c39"
                    TAGREFS="LT4838"
                    BASELINE="820 87 943 89" 
                    HPOS="819"
                    VPOS="85"
                    WIDTH="124"
                    HEIGHT="23">
            <Shape><Polygon POINTS="931 87 917 86 903 86 889 86 875 85 861 85 847 87 833 86 820 86 820 87 819 100 843 108 844 108 846 108 847 108 864 103 868 101 940 107 943 89 942 87 931 87"/></Shape>
	    <String CONTENT=""
                    HPOS="819"
                    VPOS="85"
                    WIDTH="124"
                    HEIGHT="23"></String>
          </TextLine>

          
          
          <TextLine ID="eSc_line_a5eaa3aa"
                    TAGREFS="LT4837"
                    BASELINE="632 106 709 108" 
                    HPOS="631"
                    VPOS="83"
                    WIDTH="78"
                    HEIGHT="50">
            <Shape><Polygon POINTS="700 106 686 106 674 104 660 104 646 104 643 83 632 83 632 106 631 132 706 133 709 108 709 106 700 106"/></Shape>
	    <String CONTENT=""
                    HPOS="631"
                    VPOS="83"
                    WIDTH="78"
                    HEIGHT="50"></String>
          </TextLine>

          
          
          <TextLine ID="eSc_line_3294d632"
                    TAGREFS="LT4837"
                    BASELINE="471 76 494 78" 
                    HPOS="470"
                    VPOS="37"
                    WIDTH="24"
                    HEIGHT="55">
            <Shape><Polygon POINTS="471 76 470 90 491 92 494 78 494 40 473 37 471 76"/></Shape>
	    <String CONTENT=""
                    HPOS="470"
                    VPOS="37"
                    WIDTH="24"
                    HEIGHT="55"></String>
          </TextLine>

          
          
          <TextLine ID="eSc_line_38ba6f6e"
                    TAGREFS="LT4837"
                    BASELINE="196 89 287 78 450 76" 
                    HPOS="194"
                    VPOS="36"
                    WIDTH="256"
                    HEIGHT="63">
            <Shape><Polygon POINTS="196 89 196 99 364 86 425 92 432 92 434 92 435 92 436 92 436 90 442 86 446 90 450 76 445 39 424 48 406 41 392 36 390 36 389 36 194 55 196 89"/></Shape>
	    <String CONTENT=""
                    HPOS="194"
                    VPOS="36"
                    WIDTH="256"
                    HEIGHT="63"></String>
          </TextLine>

          
          
          <TextLine ID="eSc_line_00a1303e"
                    TAGREFS="LT4837"
                    BASELINE="34 106 132 99" 
                    HPOS="32"
                    VPOS="73"
                    WIDTH="100"
                    HEIGHT="53">
            <Shape><Polygon POINTS="34 106 36 126 73 118 131 118 132 99 129 73 32 73 34 106"/></Shape>
	    <String CONTENT=""
                    HPOS="32"
                    VPOS="73"
                    WIDTH="100"
                    HEIGHT="53"></String>
          </TextLine>

          
          
          <TextLine ID="eSc_line_df0470e6"
                    TAGREFS="LT4837"
                    BASELINE="605 746 730 743" 
                    HPOS="604"
                    VPOS="691"
                    WIDTH="126"
                    HEIGHT="92">
            <Shape><Polygon POINTS="605 746 605 772 638 770 653 778 664 783 665 783 667 783 668 783 678 779 699 768 727 782 730 743 724 691 707 700 686 696 674 693 672 693 671 693 657 698 639 704 604 704 605 746"/></Shape>
	    <String CONTENT="تمام مشد"
                    HPOS="604"
                    VPOS="691"
                    WIDTH="126"
                    HEIGHT="92"
                    WC="0.8927603960037231"></String>
          </TextLine>

          
          
          <TextLine ID="eSc_line_684b04aa"
                    TAGREFS="LT4837"
                    BASELINE="571 1196 723 1192" 
                    HPOS="569"
                    VPOS="1152"
                    WIDTH="154"
                    HEIGHT="78">
            <Shape><Polygon POINTS="571 1196 571 1230 607 1230 607 1228 608 1228 610 1228 610 1227 614 1223 625 1212 685 1209 691 1213 698 1219 698 1220 699 1220 700 1220 702 1220 703 1220 723 1209 723 1192 720 1164 670 1152 668 1152 569 1167 571 1196"/></Shape>
	    <String CONTENT="والسلام"
                    HPOS="569"
                    VPOS="1152"
                    WIDTH="154"
                    HEIGHT="78"
                    WC="0.8866080556597028"></String>
          </TextLine>

          
        </TextBlock>
        
      </PrintSpace>
    </Page>
  </Layout>
</alto>
