<?xml version="1.0" encoding="UTF-8"?>
<alto xmlns:xsi="http://www.w3.org/2001/XMLSchema-instance"
      xmlns="http://www.loc.gov/standards/alto/ns-v4#"
      xsi:schemaLocation="http://www.loc.gov/standards/alto/ns-v4# http://www.loc.gov/standards/alto/v4/alto-4-2.xsd">
  <Description>
    <MeasurementUnit>pixel</MeasurementUnit>
    <sourceImageInformation>
      <fileName>Rasail045.jpg</fileName>
      
    </sourceImageInformation>
  </Description>
  
  <Tags>
    <OtherTag ID="BT16094" LABEL="default" DESCRIPTION="block type default"/><OtherTag ID="BT16093" LABEL="NumberingZone:page" DESCRIPTION="block type NumberingZone:page"/><OtherTag ID="BT16092" LABEL="MarginTextZone:note" DESCRIPTION="block type MarginTextZone:note"/><OtherTag ID="BT16091" LABEL="TitlePageZone" DESCRIPTION="block type TitlePageZone"/><OtherTag ID="BT16090" LABEL="QuireMarksZone:catchwords" DESCRIPTION="block type QuireMarksZone:catchwords"/><OtherTag ID="BT16089" LABEL="NumberingZone:other" DESCRIPTION="block type NumberingZone:other"/><OtherTag ID="BT16088" LABEL="NumberingZone" DESCRIPTION="block type NumberingZone"/><OtherTag ID="BT16087" LABEL="MarginTextZone" DESCRIPTION="block type MarginTextZone"/><OtherTag ID="BT16086" LABEL="MainZone" DESCRIPTION="block type MainZone"/><OtherTag ID="BT16085" LABEL="DigitizationArtefactZone" DESCRIPTION="block type DigitizationArtefactZone"/><OtherTag ID="BT2" LABEL="Main" DESCRIPTION="block type Main"/><OtherTag ID="BT1" LABEL="Title" DESCRIPTION="block type Title"/>
    <OtherTag ID="LT4837" LABEL="DefaultLine" DESCRIPTION="line type DefaultLine"/><OtherTag ID="LT4838" LABEL="default" DESCRIPTION="line type default"/><OtherTag ID="LT4839" LABEL="HeadingLine:title" DESCRIPTION="line type HeadingLine:title"/>
  </Tags>
  
  <Layout>
    <Page WIDTH="1057"
          HEIGHT="1702"
          PHYSICAL_IMG_NR="73"
          ID="eSc_dummypage_">
      <PrintSpace HPOS="0"
                  VPOS="0"
                  WIDTH="1057"
                  HEIGHT="1702">
        
        <TextBlock HPOS="96"
                   VPOS="141"
                   WIDTH="949"
                   HEIGHT="1514"
                   ID="eSc_textblock_f32c2e77"
                   TAGREFS="BT16086">
          <Shape><Polygon POINTS="158 141 966 141 1039 187 1045 1348 1022 1587 1000 1638 215 1655 147 1632 147 1537 96 1371 96 1299 119 1280 119 204 158 141"/></Shape>
          
          
          <TextLine ID="eSc_line_6fec1190"
                    TAGREFS="LT4837"
                    BASELINE="161 229 604 238 1017 234" 
                    HPOS="160"
                    VPOS="182"
                    WIDTH="857"
                    HEIGHT="86">
            <Shape><Polygon POINTS="161 229 160 253 184 255 185 255 187 255 188 255 188 253 198 245 269 245 278 253 280 255 280 256 282 256 283 256 285 256 319 253 330 262 331 262 333 262 334 262 336 262 337 262 337 260 347 253 354 246 388 252 397 253 398 253 400 253 404 252 429 246 463 252 505 259 506 259 507 259 522 252 526 249 527 252 541 263 541 265 543 265 544 265 546 266 601 266 601 265 602 265 604 265 610 259 615 263 615 265 617 265 618 265 788 266 790 266 791 266 793 266 804 256 815 265 815 266 817 266 818 266 820 268 841 268 841 266 842 266 882 249 883 249 1015 249 1017 234 1011 190 990 197 981 190 980 188 980 187 978 187 977 187 976 187 964 188 915 201 886 188 883 187 882 187 881 187 879 187 875 188 822 207 784 207 754 192 753 192 751 192 750 192 725 207 658 207 620 192 618 192 617 192 560 202 547 194 546 194 544 194 543 194 541 194 499 205 462 204 444 185 444 184 442 184 441 184 439 184 438 184 436 184 395 204 387 197 385 197 384 197 383 197 339 204 286 184 285 184 283 184 282 184 280 184 253 201 232 182 231 182 229 182 161 182 161 229"/></Shape>
	    <String CONTENT="فرشته و اخلاق حميده که موجب كمال صورت گردد پيرى و اخلاى"
                    HPOS="160"
                    VPOS="182"
                    WIDTH="857"
                    HEIGHT="86"
                    WC="0.9219618396325545"></String>
          </TextLine>

          
          
          <TextLine ID="eSc_line_9e8cfd26"
                    TAGREFS="LT4837"
                    BASELINE="153 323 1018 316" 
                    HPOS="151"
                    VPOS="263"
                    WIDTH="867"
                    HEIGHT="84">
            <Shape><Polygon POINTS="153 323 153 336 190 347 191 347 192 347 194 347 215 338 229 347 231 347 232 347 234 347 310 334 319 333 320 334 331 343 331 344 333 344 334 344 336 344 337 344 339 344 353 336 377 346 378 346 380 346 381 346 383 346 400 333 402 330 506 330 509 331 517 338 517 340 519 340 520 340 522 340 523 340 541 331 544 330 550 331 578 337 580 337 581 337 583 337 593 330 594 330 625 344 627 344 628 344 706 337 842 343 844 343 875 341 876 341 878 341 878 340 893 327 944 337 946 337 947 337 969 326 1018 324 1018 316 1014 270 983 276 964 270 942 263 940 263 939 263 937 263 920 272 891 286 872 280 871 280 869 280 868 280 839 290 597 290 576 276 561 266 560 266 559 266 502 266 500 266 499 266 497 266 497 268 488 277 488 279 468 279 466 279 454 268 452 268 451 268 449 268 448 268 446 268 429 279 397 270 395 270 394 270 393 270 391 270 380 280 378 282 375 280 363 269 363 268 361 268 360 268 333 268 331 268 330 268 305 280 302 283 299 282 290 275 289 275 288 275 286 275 285 275 270 282 259 287 251 282 231 269 229 269 228 269 170 269 168 269 167 269 165 269 151 277 153 323"/></Shape>
	    <String CONTENT="و هيمه که موجب نقصان صورت و معی ردد ديو فی الجمله هر چه نيک"
                    HPOS="151"
                    VPOS="263"
                    WIDTH="867"
                    HEIGHT="84"
                    WC="0.8803994559635551"></String>
          </TextLine>

          
          
          <TextLine ID="eSc_line_7a0aff10"
                    TAGREFS="LT4837"
                    BASELINE="134 387 1013 390" 
                    HPOS="133"
                    VPOS="350"
                    WIDTH="880"
                    HEIGHT="75">
            <Shape><Polygon POINTS="134 387 133 398 174 419 175 419 177 419 204 415 225 422 227 422 228 422 262 415 293 422 295 422 296 422 297 422 339 408 347 414 349 414 350 414 351 414 353 414 354 414 354 412 366 401 404 416 405 416 407 416 408 416 410 416 436 401 513 401 547 422 549 422 550 422 551 422 553 422 602 407 635 424 637 424 638 425 787 425 787 424 788 424 790 424 790 422 811 402 864 411 865 411 866 411 868 411 879 402 923 409 925 409 926 409 947 402 959 412 959 414 960 414 961 414 963 414 964 414 1011 401 1013 390 1011 357 933 354 932 354 930 354 923 357 908 364 892 357 879 351 878 351 876 351 875 351 873 351 873 353 868 357 861 365 838 365 818 357 801 351 800 351 798 351 797 351 795 351 786 358 774 364 742 358 733 357 732 357 722 358 688 364 679 358 673 354 672 354 671 354 669 354 668 354 666 354 661 358 652 365 611 365 605 358 598 353 598 351 597 351 595 351 560 350 559 350 557 350 540 360 532 353 530 353 529 353 527 353 526 353 524 353 516 360 515 361 512 360 502 354 500 354 499 354 497 354 478 360 466 363 458 360 434 350 432 350 431 350 429 350 428 350 417 360 412 364 370 364 367 360 357 351 357 350 356 350 354 350 326 350 324 350 323 350 322 350 322 351 312 361 310 361 282 350 280 350 279 350 278 350 242 360 212 350 211 350 209 350 208 350 207 350 190 361 187 363 134 363 134 387"/></Shape>
	    <String CONTENT="دارد مثل علم معرفت و شجات فرشند و هر خوبى صوز"
                    HPOS="133"
                    VPOS="350"
                    WIDTH="880"
                    HEIGHT="75"
                    WC="0.8942474722862244"></String>
          </TextLine>

          
          
          <TextLine ID="eSc_line_939e829c"
                    TAGREFS="LT4837"
                    BASELINE="153 468 1015 465" 
                    HPOS="151"
                    VPOS="426"
                    WIDTH="864"
                    HEIGHT="68">
            <Shape><Polygon POINTS="153 468 153 476 205 494 207 494 208 494 209 494 242 477 366 477 367 477 384 489 385 489 387 489 388 490 421 490 421 489 422 489 444 477 478 494 479 494 480 494 482 494 541 477 546 477 551 477 644 493 645 493 646 493 663 486 679 493 681 493 682 494 842 494 842 493 844 493 845 493 864 479 886 493 888 493 889 493 891 493 892 493 906 486 925 493 926 493 927 493 929 493 930 493 930 492 943 479 946 476 954 479 964 483 966 483 967 483 969 483 970 483 976 479 981 476 1014 479 1015 465 1014 434 993 426 991 426 990 426 988 426 987 426 987 428 980 434 974 439 959 434 949 431 947 431 946 431 944 431 937 434 927 439 922 434 912 426 910 426 909 426 861 426 859 426 858 426 832 435 822 439 818 435 810 428 810 426 808 426 807 426 805 426 771 434 750 426 749 426 747 426 746 426 744 426 744 428 734 436 733 438 729 436 723 432 722 432 720 432 719 432 618 438 557 441 549 438 519 428 517 428 516 428 515 428 513 428 513 429 502 439 499 442 473 442 469 439 454 429 452 429 451 429 449 429 448 429 446 429 434 439 434 441 397 441 395 441 384 429 384 428 383 428 381 428 380 428 378 428 349 435 310 429 309 429 307 429 292 438 279 428 278 428 276 428 275 428 273 428 248 435 195 428 194 428 192 428 191 428 191 429 178 442 151 442 153 468"/></Shape>
	    <String CONTENT="دارد پيرى چنانچيه آدمى صاحب جمال ياروست دهر كه"
                    HPOS="151"
                    VPOS="426"
                    WIDTH="864"
                    HEIGHT="68"
                    WC="0.9151434911058304"></String>
          </TextLine>

          
          
          <TextLine ID="eSc_line_be990fec"
                    TAGREFS="LT4837"
                    BASELINE="150 538 1007 538" 
                    HPOS="150"
                    VPOS="499"
                    WIDTH="857"
                    HEIGHT="65">
            <Shape><Polygon POINTS="150 538 150 551 200 551 208 558 208 560 209 560 211 560 212 560 214 560 215 560 227 551 297 560 299 560 300 560 334 551 347 563 347 564 349 564 350 564 351 564 434 561 435 561 436 561 451 551 488 564 489 564 490 564 533 557 554 564 556 564 557 564 559 564 560 564 560 563 571 551 597 564 598 564 600 564 639 557 764 564 766 564 767 564 768 564 768 563 781 551 882 564 883 564 885 564 886 564 886 563 900 551 919 551 940 564 942 564 943 564 944 564 946 564 947 564 963 551 1007 551 1007 538 1005 499 917 502 916 502 915 502 896 516 817 514 807 504 805 504 804 504 803 504 801 504 783 513 760 503 759 503 757 503 756 503 754 503 753 503 753 504 740 517 634 517 621 506 620 506 618 506 617 506 611 507 568 516 557 507 549 500 547 500 546 500 519 499 473 499 472 499 471 499 469 499 454 510 451 512 448 510 432 503 431 503 429 503 395 510 381 499 380 499 378 499 354 499 353 499 351 499 317 513 310 516 303 513 282 503 280 503 279 503 278 503 235 514 234 516 150 516 150 538"/></Shape>
	    <String CONTENT="رشتی صورت و معنى وارد ديو چنانچه مردم بد صورت و بد"
                    HPOS="150"
                    VPOS="499"
                    WIDTH="857"
                    HEIGHT="65"
                    WC="0.9169919502735138"></String>
          </TextLine>

          
          
          <TextLine ID="eSc_line_71fe69e2"
                    TAGREFS="LT4837"
                    BASELINE="148 609 1011 616" 
                    HPOS="147"
                    VPOS="564"
                    WIDTH="864"
                    HEIGHT="77">
            <Shape><Polygon POINTS="148 609 147 619 190 632 191 632 192 632 242 624 306 633 307 633 309 633 310 633 310 632 322 624 346 624 364 635 366 635 367 635 368 635 370 635 400 624 448 631 449 631 492 624 513 632 515 632 516 632 570 625 593 636 594 636 595 636 597 636 614 626 625 636 627 636 628 636 666 638 668 638 669 638 709 628 720 636 722 636 723 636 786 638 787 638 788 638 821 628 864 639 865 639 866 639 868 639 869 639 883 629 908 635 909 635 910 635 912 635 927 628 937 638 937 639 939 639 940 639 942 641 969 641 969 639 970 639 1010 626 1011 616 1011 587 990 577 988 577 987 577 943 582 930 571 930 570 929 570 927 570 893 570 892 570 891 570 889 570 889 571 872 587 871 588 732 588 729 587 703 573 702 573 700 573 662 577 649 567 648 567 646 567 645 567 644 567 611 575 602 570 601 570 600 570 598 570 597 570 577 581 563 568 563 567 561 567 560 567 533 567 532 567 530 567 499 584 497 585 468 585 466 584 431 565 429 565 364 565 363 565 361 565 360 565 360 567 346 580 329 574 327 574 326 574 278 582 252 564 251 564 249 564 248 564 246 564 245 564 217 582 188 573 187 573 185 573 184 573 148 581 148 609"/></Shape>
	    <String CONTENT="خلق حوك وخرس وأمثال أن فكتد وملائكه أرضى أشارت"
                    HPOS="147"
                    VPOS="564"
                    WIDTH="864"
                    HEIGHT="77"
                    WC="0.9281615439583274"></String>
          </TextLine>

          
          
          <TextLine ID="eSc_line_74ae6f1d"
                    TAGREFS="LT4837"
                    BASELINE="156 692 1008 683" 
                    HPOS="154"
                    VPOS="643"
                    WIDTH="854"
                    HEIGHT="71">
            <Shape><Polygon POINTS="156 692 156 700 173 712 174 712 175 712 177 712 219 703 231 712 231 713 232 713 234 713 235 713 236 713 263 699 429 699 442 709 442 710 444 710 445 710 446 710 448 710 485 700 515 714 516 714 517 714 519 714 549 704 577 714 578 714 580 714 638 707 750 712 751 712 753 712 754 712 754 710 770 697 771 696 774 697 797 712 798 712 800 712 801 712 852 710 854 710 855 710 872 697 873 696 875 697 886 707 886 709 888 709 889 709 891 709 892 709 893 709 913 697 915 696 917 697 934 703 936 703 937 703 1008 696 1008 683 1004 653 886 655 883 655 868 643 866 643 865 643 864 643 801 655 781 645 780 645 778 645 777 645 756 656 754 656 725 645 723 645 722 645 720 645 719 645 700 656 698 659 587 659 502 659 466 648 465 648 463 648 462 648 448 655 411 649 410 649 408 649 407 649 398 656 390 649 388 649 387 649 385 649 384 649 356 659 330 649 329 649 327 649 326 649 324 649 324 651 316 659 297 649 296 649 295 649 252 651 251 651 249 651 234 662 205 651 204 651 202 651 201 651 154 663 156 692"/></Shape>
	    <String CONTENT="است بهقوای طمعی که لازم پير موجودی ست از مظيعان"
                    HPOS="154"
                    VPOS="643"
                    WIDTH="854"
                    HEIGHT="71"
                    WC="0.9387715522279131"></String>
          </TextLine>

          
          
          <TextLine ID="eSc_line_d6caf187"
                    TAGREFS="LT4837"
                    BASELINE="146 765 905 764 998 754" 
                    HPOS="144"
                    VPOS="717"
                    WIDTH="854"
                    HEIGHT="73">
            <Shape><Polygon POINTS="146 765 146 781 194 778 200 781 208 787 209 787 211 787 212 787 214 787 236 781 265 772 314 780 331 781 333 781 334 781 341 778 361 772 434 772 439 777 449 787 449 788 451 788 452 788 454 790 480 790 480 788 482 788 483 788 483 787 493 777 507 782 509 782 510 782 512 782 537 775 551 772 557 775 570 784 571 784 573 784 574 784 576 784 577 784 577 782 587 775 587 774 588 775 614 787 615 787 617 788 766 788 766 787 767 787 768 787 786 775 835 771 844 771 845 771 865 787 866 787 868 787 869 788 895 788 895 787 896 787 898 787 912 775 942 787 943 787 944 787 946 787 947 787 966 770 997 768 998 754 994 723 969 726 963 723 959 719 957 719 956 719 954 719 953 719 943 723 936 727 927 723 917 719 916 719 915 719 913 719 912 719 912 720 908 723 898 733 873 733 856 724 841 717 839 717 807 717 805 717 804 717 786 726 771 733 699 733 693 727 690 724 689 724 688 724 686 724 685 724 678 727 666 731 652 727 632 721 631 721 629 721 628 721 615 729 608 733 530 733 527 729 517 720 517 719 516 719 515 719 468 719 466 719 465 719 463 719 446 730 326 719 324 719 323 719 297 731 270 719 269 719 232 719 231 719 144 734 146 765"/></Shape>
	    <String CONTENT="سغلی ختی از قطرات باران و اوراق درختمان و ملاتکه سماو"
                    HPOS="144"
                    VPOS="717"
                    WIDTH="854"
                    HEIGHT="73"
                    WC="0.9245205341645006"></String>
          </TextLine>

          
          
          <TextLine ID="eSc_line_52c4fb61"
                    TAGREFS="LT4837"
                    BASELINE="146 831 1005 838" 
                    HPOS="144"
                    VPOS="787"
                    WIDTH="861"
                    HEIGHT="75">
            <Shape><Polygon POINTS="146 831 144 852 244 856 245 856 246 856 256 852 273 846 288 852 297 856 299 856 300 856 319 852 340 848 356 852 371 858 373 858 374 858 375 858 377 858 377 856 383 852 388 848 458 848 462 852 468 856 468 858 469 858 471 858 563 859 564 859 608 852 625 849 628 852 638 859 639 859 641 859 642 859 644 859 656 852 662 849 668 852 686 860 688 860 689 862 742 862 742 860 743 860 744 860 744 859 753 852 757 856 757 858 759 858 760 858 761 858 798 852 808 860 810 860 811 860 861 862 862 862 864 862 900 852 937 862 939 862 940 862 1004 850 1005 838 1005 805 964 795 963 795 920 804 902 808 893 804 868 792 866 792 865 792 864 792 862 792 845 804 839 808 835 804 832 801 831 801 829 801 828 801 746 804 662 807 655 804 627 790 625 790 624 790 570 801 551 790 550 790 549 790 509 790 507 790 506 790 505 790 488 802 472 788 471 788 469 788 429 788 428 788 427 788 425 788 404 802 400 805 373 805 371 802 357 790 357 788 356 788 354 788 312 788 310 788 309 788 283 799 262 787 261 787 259 787 228 787 227 787 225 787 224 787 207 802 146 802 146 831"/></Shape>
	    <String CONTENT="و پيرو اشارت است به قواى فللى دشيطان اشارت"
                    HPOS="144"
                    VPOS="787"
                    WIDTH="861"
                    HEIGHT="75"
                    WC="0.9523562590281168"></String>
          </TextLine>

          
          
          <TextLine ID="eSc_line_8acaa7b0"
                    TAGREFS="LT4837"
                    BASELINE="146 909 1010 909" 
                    HPOS="146"
                    VPOS="865"
                    WIDTH="864"
                    HEIGHT="71">
            <Shape><Polygon POINTS="146 909 146 919 165 929 167 929 168 929 170 929 197 920 229 934 231 934 232 936 276 936 276 934 278 934 279 934 297 919 323 929 324 929 326 929 327 929 329 929 329 927 340 919 490 919 546 934 547 934 549 934 550 934 580 920 593 933 593 934 594 934 595 934 597 936 659 936 659 934 661 934 662 934 662 933 669 926 685 934 686 934 688 936 848 936 848 934 849 934 851 934 851 933 865 920 883 931 885 931 886 931 888 931 889 931 891 931 891 930 905 919 1008 919 1010 909 1005 872 988 879 954 872 943 870 942 870 940 870 933 872 909 880 900 873 899 873 898 873 896 873 895 873 893 873 888 877 883 873 875 866 875 865 873 865 872 865 837 865 835 865 834 865 832 865 818 873 805 882 712 882 702 875 685 865 683 865 682 865 681 865 679 865 678 865 665 876 659 880 641 876 610 868 608 868 607 868 605 868 604 868 593 876 585 882 534 882 530 877 517 866 517 865 516 865 515 865 513 865 512 865 510 865 499 873 489 866 488 866 486 866 485 866 483 866 482 866 465 877 465 879 463 877 445 865 444 865 442 865 441 865 368 873 272 865 270 865 269 865 268 865 268 866 253 879 231 866 229 866 228 866 227 866 225 866 224 866 208 880 181 865 180 865 178 865 177 865 146 880 146 909"/></Shape>
	    <String CONTENT="است به قوت واهمه که خواش را از متابعت عقل بازمی"
                    HPOS="146"
                    VPOS="865"
                    WIDTH="864"
                    HEIGHT="71"
                    WC="0.9168852352081461"></String>
          </TextLine>

          
          
          <TextLine ID="eSc_line_effb5dee"
                    TAGREFS="LT4837"
                    BASELINE="151 974 1013 985" 
                    HPOS="150"
                    VPOS="927"
                    WIDTH="863"
                    HEIGHT="84">
            <Shape><Polygon POINTS="151 974 150 988 170 998 171 998 173 998 246 988 248 988 279 1001 280 1001 282 1001 283 1001 307 988 309 988 341 988 344 989 363 1004 364 1004 366 1004 367 1004 368 1004 418 989 419 989 422 989 455 1001 456 1001 458 1001 459 1001 493 991 512 1005 513 1005 515 1005 516 1005 517 1005 550 997 581 1007 583 1007 584 1008 651 1008 651 1007 652 1007 654 1007 661 999 668 1005 668 1007 669 1007 671 1007 746 1008 747 1008 749 1008 770 998 805 998 828 1009 829 1009 831 1011 864 1011 864 1009 865 1009 866 1009 883 995 1010 995 1013 985 1008 941 977 950 969 941 967 941 966 941 964 941 963 941 961 941 952 948 910 940 888 936 886 936 885 936 883 936 883 937 879 940 868 953 839 953 831 944 831 943 829 943 828 943 827 943 742 950 729 941 727 941 726 941 725 941 723 941 696 950 663 940 662 940 661 940 659 940 637 948 625 937 621 934 621 933 620 933 618 933 617 933 615 933 605 937 590 946 576 937 574 937 573 937 571 937 570 937 568 937 557 947 540 937 529 931 527 931 488 931 486 931 485 931 475 936 465 941 458 936 451 930 449 930 448 930 371 929 370 929 368 929 367 929 367 930 361 936 351 946 303 946 290 934 289 934 288 934 286 934 285 934 283 934 269 944 256 934 246 927 245 927 244 927 225 927 224 927 222 927 221 927 212 934 201 943 151 934 151 974"/></Shape>
	    <String CONTENT="دارد و شخصی را بوسواس حسی مراه می گرداند آنچه رسول فرموده"
                    HPOS="150"
                    VPOS="927"
                    WIDTH="863"
                    HEIGHT="84"
                    WC="0.8519770729130712"></String>
          </TextLine>

          
          
          <TextLine ID="eSc_line_ac4d6efd"
                    TAGREFS="LT4837"
                    BASELINE="151 1046 1014 1060" 
                    HPOS="150"
                    VPOS="1004"
                    WIDTH="864"
                    HEIGHT="81">
            <Shape><Polygon POINTS="151 1046 150 1056 168 1070 170 1070 171 1070 173 1070 174 1070 175 1070 197 1056 246 1056 266 1072 268 1072 269 1072 270 1072 272 1072 303 1059 339 1059 351 1068 353 1068 354 1068 356 1068 357 1068 358 1068 373 1059 493 1059 516 1079 517 1079 519 1079 520 1079 576 1070 583 1079 584 1079 584 1080 585 1080 587 1080 668 1082 669 1082 716 1075 766 1083 767 1083 768 1083 770 1083 790 1070 803 1082 803 1083 804 1083 805 1083 902 1085 903 1085 905 1085 906 1085 925 1069 976 1069 987 1077 988 1077 990 1077 991 1077 993 1077 1013 1068 1014 1060 1010 1015 988 1029 952 1029 940 1019 939 1019 937 1019 936 1019 934 1019 933 1019 922 1028 852 1028 845 1021 845 1019 844 1019 842 1019 841 1019 839 1019 822 1025 807 1015 804 1012 803 1012 801 1012 800 1012 760 1015 759 1015 757 1015 757 1016 750 1024 732 1016 730 1016 729 1016 700 1022 693 1015 692 1015 692 1014 690 1014 689 1014 688 1014 686 1014 682 1015 659 1022 652 1015 648 1012 648 1011 646 1011 645 1011 644 1011 642 1011 641 1011 635 1015 631 1018 625 1015 612 1009 611 1009 610 1009 608 1009 607 1009 601 1015 598 1016 597 1015 593 1009 591 1009 591 1008 590 1008 588 1008 587 1008 527 1015 522 1015 520 1015 515 1009 515 1008 513 1008 512 1008 510 1008 509 1008 492 1014 458 1007 456 1007 455 1007 454 1007 448 1012 442 1008 442 1007 441 1007 439 1007 354 1005 353 1005 351 1005 350 1005 334 1015 329 1018 320 1015 306 1009 305 1009 303 1009 302 1009 286 1015 279 1016 275 1015 255 1004 253 1004 252 1004 251 1004 227 1015 225 1015 218 1008 217 1008 215 1008 214 1008 151 1014 151 1046"/></Shape>
	    <String CONTENT="که به عدد هر بنی آمدم شيطانی آفرياه شده اارت است به"
                    HPOS="150"
                    VPOS="1004"
                    WIDTH="864"
                    HEIGHT="81"
                    WC="0.898368959156972"></String>
          </TextLine>

          
          
          <TextLine ID="eSc_line_4248e94b"
                    TAGREFS="LT4837"
                    BASELINE="141 1138 1020 1148" 
                    HPOS="140"
                    VPOS="1089"
                    WIDTH="880"
                    HEIGHT="76">
            <Shape><Polygon POINTS="141 1138 140 1155 183 1157 184 1157 185 1157 187 1157 202 1146 244 1154 245 1154 246 1154 266 1146 296 1158 299 1158 300 1158 302 1158 312 1158 368 1151 387 1158 391 1160 393 1160 394 1160 395 1160 398 1158 419 1148 461 1155 462 1155 463 1155 465 1155 473 1148 506 1160 507 1160 509 1160 510 1160 515 1160 561 1150 570 1157 570 1158 571 1158 573 1158 574 1158 672 1154 679 1161 681 1161 681 1163 682 1163 683 1163 685 1164 720 1164 720 1163 722 1163 725 1161 750 1151 771 1163 776 1164 777 1164 778 1164 812 1163 814 1163 815 1163 815 1161 825 1153 859 1163 864 1164 865 1164 866 1164 868 1164 871 1163 891 1153 902 1160 903 1160 905 1160 906 1160 932 1154 942 1164 943 1164 943 1165 944 1165 946 1165 947 1165 949 1165 956 1164 991 1154 1015 1164 1020 1148 1018 1107 950 1113 943 1106 933 1097 933 1096 932 1096 930 1096 915 1096 913 1096 912 1096 910 1096 898 1106 891 1113 841 1113 820 1106 774 1093 773 1093 771 1093 730 1100 661 1093 659 1093 658 1093 656 1093 642 1106 638 1109 628 1106 605 1097 604 1097 602 1097 601 1097 573 1104 560 1109 556 1104 543 1094 543 1093 541 1093 540 1093 539 1093 537 1093 507 1104 506 1106 506 1104 492 1092 492 1090 490 1090 489 1090 468 1090 466 1090 465 1090 424 1104 417 1107 411 1104 391 1094 390 1094 388 1094 387 1094 366 1100 354 1090 354 1089 353 1089 351 1089 350 1089 324 1090 323 1090 322 1090 306 1104 305 1106 303 1104 285 1094 283 1094 282 1094 280 1094 263 1103 232 1092 231 1092 229 1092 228 1092 227 1092 227 1093 214 1104 141 1104 141 1138"/></Shape>
	    <String CONTENT="همين قوت و اهمه که هر شخص آنسانی را قوت و اهمه است انجر"
                    HPOS="140"
                    VPOS="1089"
                    WIDTH="880"
                    HEIGHT="76"
                    WC="0.9068497669483934"></String>
          </TextLine>

          
          
          <TextLine ID="eSc_line_bf685b64"
                    TAGREFS="LT4837"
                    BASELINE="141 1216 1020 1219" 
                    HPOS="140"
                    VPOS="1170"
                    WIDTH="880"
                    HEIGHT="71">
            <Shape><Polygon POINTS="141 1216 140 1226 157 1238 158 1238 160 1238 161 1238 252 1226 283 1238 285 1238 286 1238 347 1226 354 1226 385 1226 398 1236 400 1236 401 1236 402 1236 455 1226 468 1236 468 1238 469 1238 471 1238 472 1239 496 1239 496 1238 497 1238 499 1238 499 1236 509 1226 532 1236 533 1236 534 1236 536 1236 561 1226 570 1235 571 1235 573 1235 574 1235 576 1235 594 1229 620 1238 621 1238 622 1238 624 1238 625 1238 639 1228 676 1228 712 1239 713 1239 715 1241 803 1241 803 1239 804 1239 834 1228 835 1228 865 1239 866 1239 868 1241 944 1241 944 1239 1018 1228 1020 1219 1018 1188 970 1188 970 1187 956 1175 954 1175 953 1175 952 1175 950 1175 949 1175 936 1185 919 1171 917 1171 916 1171 915 1171 913 1171 888 1181 861 1172 859 1172 858 1172 856 1172 855 1172 855 1174 841 1187 841 1188 709 1188 706 1187 681 1178 679 1178 678 1178 676 1178 675 1178 663 1187 661 1187 597 1187 594 1187 573 1175 571 1175 570 1175 568 1175 537 1185 523 1172 523 1171 522 1171 520 1171 519 1171 517 1171 500 1180 489 1170 488 1170 486 1170 485 1170 326 1171 324 1171 323 1171 299 1185 297 1187 275 1187 272 1185 246 1175 245 1175 244 1175 242 1175 234 1180 225 1171 225 1170 224 1170 222 1170 171 1170 170 1170 168 1170 167 1170 167 1171 153 1185 151 1185 141 1185 141 1216"/></Shape>
	    <String CONTENT="رسول عليه السلام فرموده ست أسده الشيطات بيدى ايعن"
                    HPOS="140"
                    VPOS="1170"
                    WIDTH="880"
                    HEIGHT="71"
                    WC="0.9064441055059433"></String>
          </TextLine>

          
          
          <TextLine ID="eSc_line_6edaf6fa"
                    TAGREFS="LT4837"
                    BASELINE="143 1287 1025 1292" 
                    HPOS="141"
                    VPOS="1236"
                    WIDTH="884"
                    HEIGHT="80">
            <Shape><Polygon POINTS="143 1287 141 1306 292 1311 293 1311 295 1311 307 1306 323 1299 351 1306 368 1309 370 1309 371 1309 373 1309 373 1307 375 1304 383 1299 436 1299 466 1304 495 1310 496 1310 497 1310 499 1310 506 1304 513 1300 546 1300 560 1304 590 1313 591 1313 593 1313 594 1313 624 1303 635 1300 656 1300 658 1303 668 1311 668 1313 669 1313 671 1313 672 1313 706 1306 730 1314 732 1314 733 1316 848 1316 848 1314 849 1314 851 1314 851 1313 862 1302 869 1302 891 1302 892 1302 916 1314 917 1314 919 1316 973 1316 973 1314 974 1314 976 1314 995 1302 997 1302 1024 1302 1025 1292 1024 1255 922 1256 916 1253 899 1242 898 1242 896 1242 895 1242 893 1242 871 1253 868 1256 865 1253 851 1241 849 1241 848 1241 847 1241 814 1243 812 1243 811 1243 800 1253 797 1256 791 1253 761 1242 760 1242 759 1242 757 1242 730 1253 726 1255 713 1253 642 1245 641 1245 639 1245 618 1253 614 1255 611 1253 574 1239 573 1239 571 1239 543 1245 505 1238 503 1238 502 1238 500 1238 483 1253 482 1255 466 1255 465 1253 441 1236 439 1236 438 1236 436 1236 367 1250 357 1242 356 1242 354 1242 353 1242 351 1242 350 1242 343 1249 329 1238 329 1236 327 1236 326 1236 231 1236 229 1236 228 1236 177 1253 173 1253 143 1253 143 1287"/></Shape>
	    <String CONTENT="مسلمان شد مشيطان به دست من اشازت است به انکه قوت"
                    HPOS="141"
                    VPOS="1236"
                    WIDTH="884"
                    HEIGHT="80"
                    WC="0.9438032718996207"></String>
          </TextLine>

          
          
          <TextLine ID="eSc_line_7f934d4b"
                    TAGREFS="LT4837"
                    BASELINE="383 1365 1030 1372" 
                    HPOS="381"
                    VPOS="1313"
                    WIDTH="649"
                    HEIGHT="91">
            <Shape><Polygon POINTS="381 1382 408 1382 411 1384 429 1397 431 1397 432 1397 434 1397 435 1397 478 1384 482 1382 485 1384 509 1399 510 1399 512 1399 513 1399 561 1389 573 1399 574 1399 576 1399 577 1401 614 1401 614 1399 615 1399 644 1387 662 1401 663 1401 665 1401 666 1401 668 1401 693 1391 702 1399 703 1399 705 1399 706 1399 707 1399 730 1387 743 1399 743 1401 744 1401 746 1401 770 1402 771 1404 845 1404 845 1402 847 1402 879 1387 885 1387 967 1387 988 1402 990 1402 991 1402 993 1402 994 1402 1028 1387 1030 1372 1028 1327 1004 1321 1003 1321 1001 1321 1000 1321 993 1326 977 1336 939 1336 922 1324 916 1320 915 1320 913 1320 912 1320 910 1320 902 1324 885 1334 831 1334 818 1323 814 1319 812 1319 811 1319 810 1319 808 1319 798 1321 778 1328 756 1321 744 1317 743 1317 742 1317 740 1317 739 1317 739 1319 736 1320 725 1333 686 1333 663 1319 661 1317 659 1317 658 1317 656 1317 644 1319 612 1323 583 1317 571 1316 570 1316 568 1316 567 1316 567 1317 566 1317 559 1324 549 1317 547 1317 546 1317 544 1317 543 1317 517 1324 502 1316 499 1314 497 1314 496 1314 480 1316 400 1323 385 1313 383 1365 381 1382"/></Shape>
	    <String CONTENT="واهمه را انبيا مطيع کرده اند والاعلم با الصوب"
                    HPOS="381"
                    VPOS="1313"
                    WIDTH="649"
                    HEIGHT="91"
                    WC="0.8671410030788845"></String>
          </TextLine>

          
          
          <TextLine ID="eSc_line_409cb355"
                    TAGREFS="LT4837"
                    BASELINE="614 1496 661 1490" 
                    HPOS="610"
                    VPOS="1455"
                    WIDTH="52"
                    HEIGHT="56">
            <Shape><Polygon POINTS="614 1496 615 1511 662 1511 661 1490 655 1455 610 1465 614 1496"/></Shape>
	    <String CONTENT="ي"
                    HPOS="610"
                    VPOS="1455"
                    WIDTH="52"
                    HEIGHT="56"
                    WC="0.7502955794334412"></String>
          </TextLine>

          
          
          <TextLine ID="eSc_line_796eb543"
                    TAGREFS="LT4837"
                    BASELINE="212 1598 967 1609" 
                    HPOS="211"
                    VPOS="1541"
                    WIDTH="756"
                    HEIGHT="100">
            <Shape><Polygon POINTS="212 1598 211 1612 251 1631 252 1631 253 1631 255 1631 297 1614 336 1623 337 1623 339 1623 398 1615 410 1623 410 1625 411 1625 412 1625 414 1625 445 1619 493 1635 495 1635 496 1635 497 1635 537 1618 581 1618 602 1631 604 1631 605 1631 656 1636 658 1636 692 1629 702 1638 703 1638 705 1638 706 1639 787 1639 787 1638 788 1638 790 1638 804 1626 872 1641 873 1641 966 1622 967 1609 967 1560 916 1551 915 1551 913 1551 912 1551 902 1558 896 1564 882 1558 872 1555 871 1555 869 1555 868 1555 866 1555 866 1557 864 1558 854 1568 798 1568 784 1558 770 1548 768 1548 767 1548 720 1548 719 1548 717 1548 716 1548 703 1558 693 1565 669 1558 635 1548 634 1548 632 1548 631 1548 629 1548 629 1550 620 1558 614 1565 593 1565 577 1558 557 1550 556 1550 554 1550 553 1550 520 1558 507 1561 502 1558 495 1553 493 1553 492 1553 490 1553 489 1553 488 1553 480 1558 476 1560 473 1558 465 1551 465 1550 463 1550 462 1550 461 1550 459 1550 438 1558 434 1560 431 1558 419 1548 418 1548 417 1548 415 1548 414 1548 395 1558 391 1561 346 1561 341 1557 309 1541 307 1541 235 1541 234 1541 232 1541 231 1541 212 1553 212 1598"/></Shape>
	    <String CONTENT="دو تحقيق بستی عالم و ذکرادوار و حکام آن مجملا بر قول حکما"
                    HPOS="211"
                    VPOS="1541"
                    WIDTH="756"
                    HEIGHT="100"
                    WC="0.8424002893012146"></String>
          </TextLine>

          
        </TextBlock>
        
        <TextBlock HPOS="532"
                   VPOS="79"
                   WIDTH="112"
                   HEIGHT="61"
                   ID="eSc_textblock_f0f12581"
                   TAGREFS="BT16093">
          <Shape><Polygon POINTS="583 79 632 79 644 123 571 140 532 117 537 90 583 79"/></Shape>
          
          
          <TextLine ID="eSc_line_b0464140"
                    TAGREFS="LT4837"
                    BASELINE="566 113 624 113" 
                    HPOS="566"
                    VPOS="82"
                    WIDTH="58"
                    HEIGHT="48">
            <Shape><Polygon POINTS="566 113 566 127 622 130 624 113 622 82 566 82 566 113"/></Shape>
	    <String CONTENT=""
                    HPOS="566"
                    VPOS="82"
                    WIDTH="58"
                    HEIGHT="48"></String>
          </TextLine>

          
        </TextBlock>
        

        
      </PrintSpace>
    </Page>
  </Layout>
</alto>
