<?xml version="1.0" encoding="UTF-8"?>
<alto xmlns:xsi="http://www.w3.org/2001/XMLSchema-instance"
      xmlns="http://www.loc.gov/standards/alto/ns-v4#"
      xsi:schemaLocation="http://www.loc.gov/standards/alto/ns-v4# http://www.loc.gov/standards/alto/v4/alto-4-2.xsd">
  <Description>
    <MeasurementUnit>pixel</MeasurementUnit>
    <sourceImageInformation>
      <fileName>Rasail108.jpg</fileName>
      
    </sourceImageInformation>
  </Description>
  
  <Tags>
    <OtherTag ID="BT16094" LABEL="default" DESCRIPTION="block type default"/><OtherTag ID="BT16093" LABEL="NumberingZone:page" DESCRIPTION="block type NumberingZone:page"/><OtherTag ID="BT16092" LABEL="MarginTextZone:note" DESCRIPTION="block type MarginTextZone:note"/><OtherTag ID="BT16091" LABEL="TitlePageZone" DESCRIPTION="block type TitlePageZone"/><OtherTag ID="BT16090" LABEL="QuireMarksZone:catchwords" DESCRIPTION="block type QuireMarksZone:catchwords"/><OtherTag ID="BT16089" LABEL="NumberingZone:other" DESCRIPTION="block type NumberingZone:other"/><OtherTag ID="BT16088" LABEL="NumberingZone" DESCRIPTION="block type NumberingZone"/><OtherTag ID="BT16087" LABEL="MarginTextZone" DESCRIPTION="block type MarginTextZone"/><OtherTag ID="BT16086" LABEL="MainZone" DESCRIPTION="block type MainZone"/><OtherTag ID="BT16085" LABEL="DigitizationArtefactZone" DESCRIPTION="block type DigitizationArtefactZone"/><OtherTag ID="BT2" LABEL="Main" DESCRIPTION="block type Main"/><OtherTag ID="BT1" LABEL="Title" DESCRIPTION="block type Title"/>
    <OtherTag ID="LT4837" LABEL="DefaultLine" DESCRIPTION="line type DefaultLine"/><OtherTag ID="LT4838" LABEL="default" DESCRIPTION="line type default"/><OtherTag ID="LT4839" LABEL="HeadingLine:title" DESCRIPTION="line type HeadingLine:title"/>
  </Tags>
  
  <Layout>
    <Page WIDTH="1174"
          HEIGHT="1660"
          PHYSICAL_IMG_NR="136"
          ID="eSc_dummypage_">
      <PrintSpace HPOS="0"
                  VPOS="0"
                  WIDTH="1174"
                  HEIGHT="1660">
        
        <TextBlock HPOS="88"
                   VPOS="121"
                   WIDTH="1040"
                   HEIGHT="1509"
                   ID="eSc_textblock_3e76e056"
                   TAGREFS="BT16086">
          <Shape><Polygon POINTS="293 121 1034 127 1117 154 1106 446 1122 574 1106 596 1122 657 1100 900 1122 1056 1128 1498 1100 1597 1072 1625 155 1630 110 1608 88 1542 88 1250 110 1227 110 802 88 675 110 596 121 265 138 171 170 177 177 149 293 121"/></Shape>
          
          
          <TextLine ID="eSc_line_251a33ac"
                    TAGREFS="LT4837"
                    BASELINE="286 197 739 206 1036 201" 
                    HPOS="285"
                    VPOS="148"
                    WIDTH="751"
                    HEIGHT="91">
            <Shape><Polygon POINTS="286 197 285 214 373 214 380 219 380 221 382 221 383 221 384 221 386 221 405 215 422 231 422 232 423 232 425 232 426 232 427 232 448 221 474 235 476 235 477 236 534 236 534 235 535 235 574 217 593 231 595 231 596 231 598 231 599 231 628 218 658 231 660 231 661 231 663 231 664 231 682 217 711 237 712 237 714 237 715 237 717 237 751 228 761 236 761 237 762 237 764 237 765 239 865 239 865 237 866 237 868 237 890 221 956 239 958 239 959 239 960 239 962 239 984 219 1035 218 1036 201 1031 164 1005 171 995 164 982 153 981 153 980 153 978 153 977 153 976 153 976 154 964 164 956 172 892 172 884 164 870 150 870 149 869 149 868 149 851 149 850 149 848 149 847 149 847 150 832 164 826 170 812 170 802 164 779 149 778 149 776 149 775 149 728 156 717 148 715 148 714 148 647 148 646 148 645 148 643 148 632 156 624 149 624 148 622 148 621 148 574 148 573 148 571 148 570 148 544 164 542 166 524 166 523 164 470 148 469 148 467 148 466 148 465 148 441 164 437 168 400 168 398 164 394 160 393 160 393 159 391 159 390 159 389 159 387 159 371 164 353 154 351 154 350 154 348 154 347 154 335 164 333 166 286 166 286 197"/></Shape>
	    <String CONTENT="أول حاصل بود آنجا تفضيلا ظاير شد"
                    HPOS="285"
                    VPOS="148"
                    WIDTH="751"
                    HEIGHT="91"
                    WC="0.9618762696490568"></String>
          </TextLine>

          
          
          <TextLine ID="eSc_line_9de2e194"
                    TAGREFS="LT4837"
                    BASELINE="325 289 804 280" 
                    HPOS="323"
                    VPOS="231"
                    WIDTH="481"
                    HEIGHT="85">
            <Shape><Polygon POINTS="325 302 339 302 353 315 353 316 354 316 355 316 357 316 358 316 391 302 415 315 416 315 418 316 484 316 484 315 485 315 516 300 553 311 555 311 556 311 557 311 559 311 575 300 588 311 588 312 589 312 591 312 592 314 617 314 617 312 618 312 649 298 693 311 694 311 696 311 697 311 737 296 778 307 779 307 780 307 782 307 783 307 804 294 804 280 797 231 775 244 742 232 740 232 739 232 737 232 736 232 735 232 708 247 640 235 638 235 636 235 635 235 634 235 616 249 546 242 545 242 544 242 524 250 508 237 506 236 505 236 503 236 502 236 501 236 491 239 467 244 458 239 456 239 455 239 454 239 452 239 451 239 451 240 441 249 415 240 405 237 404 237 402 237 401 237 394 240 380 249 372 242 371 240 369 240 368 240 366 240 365 240 361 242 344 249 323 243 325 289 325 302"/></Shape>
	    <String CONTENT="چو آدم را فرستاديم پيرون"
                    HPOS="323"
                    VPOS="231"
                    WIDTH="481"
                    HEIGHT="85"
                    WC="0.9381383872032165"></String>
          </TextLine>

          
          
          <TextLine ID="eSc_line_69dca3db"
                    TAGREFS="LT4837"
                    BASELINE="121 441 977 428" 
                    HPOS="120"
                    VPOS="370"
                    WIDTH="857"
                    HEIGHT="93">
            <Shape><Polygon POINTS="121 441 121 455 134 463 135 463 137 463 138 463 217 452 228 450 236 452 283 462 285 462 286 462 305 452 311 449 351 449 355 452 364 459 364 460 365 460 366 460 368 460 369 460 393 452 407 448 422 452 441 457 443 457 444 457 445 457 456 452 466 448 474 452 491 459 492 459 494 459 495 459 509 452 521 446 537 452 553 457 555 457 556 457 616 456 617 456 618 456 618 455 622 452 631 445 658 452 676 456 678 456 679 456 681 456 681 455 685 452 693 444 760 452 773 453 775 453 776 453 778 453 779 452 791 442 807 452 808 453 809 453 811 453 812 453 862 452 931 449 933 449 934 449 944 442 973 452 977 428 976 390 934 377 933 377 931 377 858 390 834 370 833 370 832 370 830 370 829 370 784 391 761 379 760 379 758 379 707 390 694 380 694 379 693 379 692 379 663 376 661 376 660 376 658 376 642 388 616 384 614 384 613 384 611 384 604 390 599 385 599 384 598 384 596 384 595 384 593 384 573 390 555 374 553 374 552 374 551 374 474 385 463 377 463 376 462 376 461 376 405 376 404 376 307 399 258 399 233 379 232 379 231 379 229 379 185 380 184 380 182 380 159 401 120 401 121 441"/></Shape>
	    <String CONTENT="بمقتضأي كنت كنزا مخفيا فأحببت أن أعرف فخلقت"
                    HPOS="120"
                    VPOS="370"
                    WIDTH="857"
                    HEIGHT="93"
                    WC="0.9603933628569258"></String>
          </TextLine>

          
          
          <TextLine ID="eSc_line_617925c9"
                    TAGREFS="LT4837"
                    BASELINE="344 362 789 361" 
                    HPOS="343"
                    VPOS="312"
                    WIDTH="446"
                    HEIGHT="78">
            <Shape><Polygon POINTS="344 362 346 390 400 370 480 370 495 383 501 388 502 388 503 388 505 388 506 388 519 381 542 370 555 370 567 380 577 388 578 388 580 388 581 390 620 390 620 388 621 388 622 388 642 376 664 387 665 387 667 387 668 387 670 387 688 374 692 372 694 373 710 387 710 388 711 388 712 388 714 390 744 390 744 388 746 388 789 369 789 361 786 325 721 325 721 323 704 312 703 312 701 312 700 312 699 312 697 312 685 322 672 312 671 312 670 312 622 312 621 312 620 312 618 312 618 314 610 320 557 312 556 312 555 312 528 323 527 323 524 323 479 315 477 315 476 315 474 315 463 323 462 325 398 325 397 323 386 314 386 312 384 312 383 312 382 312 380 312 379 312 365 323 364 323 343 323 344 362"/></Shape>
	    <String CONTENT="جمال خويش در صحرا نهاديمم"
                    HPOS="343"
                    VPOS="312"
                    WIDTH="446"
                    HEIGHT="78"
                    WC="0.9408273506164551"></String>
          </TextLine>

          
          
          <TextLine ID="eSc_line_558ee9f7"
                    TAGREFS="LT4837"
                    BASELINE="131 514 1043 503" 
                    HPOS="130"
                    VPOS="453"
                    WIDTH="913"
                    HEIGHT="87">
            <Shape><Polygon POINTS="131 514 131 540 155 540 155 539 156 539 157 539 157 538 174 524 217 533 218 533 220 533 245 522 289 522 308 536 310 538 311 538 312 538 314 539 333 539 333 538 335 538 336 538 339 535 361 521 415 521 425 529 425 531 426 531 427 531 429 531 430 531 448 522 459 532 462 535 462 536 463 536 465 536 466 536 467 536 481 532 512 522 562 531 575 532 577 532 578 532 582 529 604 518 621 529 628 533 629 533 631 533 632 535 689 535 689 533 690 533 692 533 701 528 707 524 715 527 721 529 722 529 724 529 725 529 732 527 747 520 761 527 775 532 776 532 778 532 779 532 794 525 816 515 843 524 863 531 865 531 866 532 888 532 888 531 890 531 891 531 899 522 909 515 923 522 937 529 938 529 940 529 985 521 1024 514 1041 520 1043 503 1039 459 829 468 812 463 783 453 782 453 780 453 779 453 778 453 761 464 754 468 742 464 703 453 701 453 700 453 699 453 668 467 657 473 621 473 614 468 595 459 593 459 592 459 591 459 589 459 589 460 578 468 575 471 566 468 546 466 545 466 544 466 530 470 521 473 516 470 494 460 492 460 491 460 490 460 469 470 454 460 452 460 451 460 449 460 448 460 418 471 380 457 379 457 377 457 325 459 323 459 322 459 308 468 294 459 293 459 292 459 290 459 175 460 174 460 130 477 131 514"/></Shape>
	    <String CONTENT="الخلق اعرف يعنی من کنج پنهان بودم خواستم که اشکارا کنم"
                    HPOS="130"
                    VPOS="453"
                    WIDTH="913"
                    HEIGHT="87"
                    WC="0.932265943951077"></String>
          </TextLine>

          
          
          <TextLine ID="eSc_line_53c48219"
                    TAGREFS="LT4837"
                    BASELINE="120 581 1045 585" 
                    HPOS="119"
                    VPOS="528"
                    WIDTH="926"
                    HEIGHT="82">
            <Shape><Polygon POINTS="120 581 119 592 131 600 132 600 134 600 189 605 191 605 233 604 235 604 236 604 251 592 301 592 308 592 323 604 323 605 325 605 326 605 328 605 329 605 380 592 384 592 422 592 425 593 444 607 445 607 447 607 448 607 512 603 513 603 515 603 524 594 527 593 544 593 546 594 560 605 562 605 563 605 564 605 614 594 627 593 726 593 730 597 744 608 746 608 747 608 748 608 750 608 778 598 802 608 804 608 805 610 883 610 883 608 884 608 902 598 909 596 926 598 969 608 970 608 971 608 992 600 1006 594 1020 600 1034 607 1035 607 1036 607 1038 607 1039 607 1043 601 1045 585 1045 539 1035 533 1034 533 1032 533 1031 533 1030 533 1014 540 995 551 874 551 859 542 848 535 847 535 845 535 805 531 804 531 802 531 775 542 760 549 747 543 728 532 726 532 725 532 694 538 678 529 676 529 552 529 551 529 549 529 548 529 535 540 526 535 524 535 523 535 476 545 454 549 445 545 415 528 413 528 364 528 362 528 361 528 359 528 333 545 329 547 303 546 239 540 238 540 236 540 214 546 209 547 207 546 188 531 186 531 185 531 184 531 182 531 181 531 181 532 166 546 120 546 120 581"/></Shape>
	    <String CONTENT="يسبيافريدم آدم را تا اشکاراکشتم و مطلوب حاصل شد"
                    HPOS="119"
                    VPOS="528"
                    WIDTH="926"
                    HEIGHT="82"
                    WC="0.8680564630776644"></String>
          </TextLine>

          
          
          <TextLine ID="eSc_line_1c5897f0"
                    TAGREFS="LT4837"
                    BASELINE="120 661 1042 648" 
                    HPOS="119"
                    VPOS="601"
                    WIDTH="923"
                    HEIGHT="83">
            <Shape><Polygon POINTS="120 661 120 684 157 684 157 683 159 683 160 683 160 681 171 672 211 681 220 683 221 683 281 681 282 681 287 680 328 668 431 668 452 676 458 679 459 679 461 680 498 680 498 679 499 679 508 676 528 666 539 675 541 675 542 675 544 675 545 675 546 675 567 668 603 673 631 677 632 677 674 672 733 664 754 670 764 673 765 673 766 673 768 673 780 669 802 664 820 669 826 670 827 670 829 670 845 668 884 662 895 668 909 673 910 673 912 673 953 666 985 661 1041 664 1042 648 1039 619 995 619 973 601 971 601 970 601 938 601 937 601 935 601 934 601 909 616 874 608 873 608 872 608 870 608 834 621 773 610 772 610 771 610 769 610 755 619 735 612 733 612 732 612 730 612 729 612 717 623 676 623 661 614 660 614 658 614 657 614 656 614 634 621 599 610 598 610 596 610 595 610 567 623 531 607 530 607 528 607 488 608 487 608 485 608 485 610 476 618 444 608 443 608 441 608 440 608 420 616 395 610 394 610 393 610 391 610 390 610 371 628 333 628 317 614 315 614 314 614 312 614 311 614 294 622 283 612 283 611 282 611 281 611 279 611 278 611 254 621 236 611 235 611 233 611 199 618 153 612 152 612 150 612 119 629 120 661"/></Shape>
	    <String CONTENT="وخرکار همه و بود انسن بوده که همه صفات جمالی را مظر"
                    HPOS="119"
                    VPOS="601"
                    WIDTH="923"
                    HEIGHT="83"
                    WC="0.9153506451962041"></String>
          </TextLine>

          
          
          <TextLine ID="eSc_line_4a460a9e"
                    TAGREFS="LT4837"
                    BASELINE="433 716 1048 722" 
                    HPOS="431"
                    VPOS="672"
                    WIDTH="617"
                    HEIGHT="80">
            <Shape><Polygon POINTS="433 716 431 727 490 747 491 747 624 748 625 748 665 747 667 747 668 747 690 731 722 731 733 740 735 740 736 740 737 740 739 740 765 733 804 744 805 744 807 744 808 744 809 744 809 742 820 733 848 733 892 751 894 751 895 752 920 752 920 751 922 751 923 751 935 740 984 751 985 751 987 751 988 751 1010 734 1046 734 1048 722 1048 690 1014 690 1014 688 989 676 988 676 987 676 985 676 984 676 984 677 971 688 970 690 955 690 952 687 937 675 935 675 934 675 933 675 931 675 892 686 890 687 887 686 855 673 854 673 802 673 801 673 800 673 798 673 783 684 779 688 762 688 758 684 744 672 743 672 742 672 740 672 667 676 665 676 664 676 664 677 658 681 657 683 656 681 640 672 639 672 638 672 636 672 580 680 553 684 433 679 433 716"/></Shape>
	    <String CONTENT="اقد و باه امانت را قبول کرد"
                    HPOS="431"
                    VPOS="672"
                    WIDTH="617"
                    HEIGHT="80"
                    WC="0.9191718697547913"></String>
          </TextLine>

          
          
          <TextLine ID="eSc_line_69931b07"
                    TAGREFS="LT4837"
                    BASELINE="307 795 836 798" 
                    HPOS="305"
                    VPOS="744"
                    WIDTH="531"
                    HEIGHT="83">
            <Shape><Polygon POINTS="305 810 394 812 445 824 447 824 548 814 570 825 571 825 573 827 600 827 600 825 602 825 603 825 616 814 640 825 642 825 643 825 834 813 836 798 832 745 776 766 739 749 737 749 736 749 735 749 733 749 710 766 667 749 665 749 664 749 663 749 661 749 660 749 635 767 551 767 535 753 526 745 526 744 524 744 523 744 502 744 501 744 499 744 498 744 483 755 473 762 463 755 449 744 448 744 447 744 375 744 373 744 372 744 339 758 322 766 308 759 307 795 305 810"/></Shape>
	    <String CONTENT="آسمان بار ايانت نه توانست کشيد"
                    HPOS="305"
                    VPOS="744"
                    WIDTH="531"
                    HEIGHT="83"
                    WC="0.9428023369081558"></String>
          </TextLine>

          
          
          <TextLine ID="eSc_line_b05b700e"
                    TAGREFS="LT4837"
                    BASELINE="322 875 829 872" 
                    HPOS="322"
                    VPOS="824"
                    WIDTH="507"
                    HEIGHT="79">
            <Shape><Polygon POINTS="322 893 437 888 445 892 462 903 463 903 465 903 466 903 467 903 495 896 506 903 508 903 509 903 510 903 560 896 570 903 571 903 573 903 574 903 598 901 599 901 600 901 600 900 613 889 617 886 646 886 649 889 661 900 661 901 663 901 664 901 665 903 708 903 708 901 710 901 733 889 789 896 790 896 791 896 829 885 829 872 823 824 794 834 766 825 765 825 764 825 762 825 761 825 743 839 722 824 721 824 719 824 696 824 694 824 693 824 692 824 692 825 675 841 634 841 613 825 611 824 610 824 609 824 607 824 593 825 557 831 539 827 537 825 535 825 534 825 533 825 531 825 531 827 516 841 494 828 492 828 491 828 490 828 488 828 470 841 451 832 449 832 448 832 447 832 445 832 445 834 437 842 384 842 366 828 364 825 362 825 361 825 359 825 358 825 353 828 337 835 322 828 322 875 322 893"/></Shape>
	    <String CONTENT="خرعه خال ه نام من ديوانه زدند"
                    HPOS="322"
                    VPOS="824"
                    WIDTH="507"
                    HEIGHT="79"
                    WC="0.8357623517513275"></String>
          </TextLine>

          
          
          <TextLine ID="eSc_line_8c3b920e"
                    TAGREFS="LT4837"
                    BASELINE="137 953 976 944" 
                    HPOS="135"
                    VPOS="888"
                    WIDTH="841"
                    HEIGHT="87">
            <Shape><Polygon POINTS="137 953 137 964 153 972 155 972 156 972 157 972 174 964 181 961 191 964 220 975 221 975 222 975 224 975 261 965 282 960 332 961 335 965 341 971 341 972 343 972 344 972 346 972 347 972 359 965 371 960 426 961 430 966 437 972 437 973 438 973 440 973 441 975 526 975 526 973 527 973 545 966 556 962 560 966 566 971 566 972 567 972 569 972 570 973 683 973 683 972 685 972 697 968 729 955 778 955 820 968 822 968 823 968 937 954 973 969 976 944 973 890 881 888 880 888 879 888 877 888 870 893 855 903 838 893 830 889 829 889 801 889 800 889 798 889 786 895 766 904 750 896 747 895 746 895 744 895 743 895 739 896 712 907 694 899 693 899 692 899 690 899 689 899 689 900 688 900 681 910 535 910 516 903 498 896 497 896 495 896 459 904 441 908 436 904 425 895 423 895 422 895 420 895 419 895 391 906 386 900 386 899 384 899 383 899 283 893 282 893 281 893 279 893 279 895 263 910 261 910 209 896 207 896 206 896 204 896 203 896 185 911 184 914 135 914 137 953"/></Shape>
	    <String CONTENT="وإنسان راحقيقت جميع صفات وأسماء گفته أندو"
                    HPOS="135"
                    VPOS="888"
                    WIDTH="841"
                    HEIGHT="87"
                    WC="0.9042927609248594"></String>
          </TextLine>

          
          
          <TextLine ID="eSc_line_760ac2be"
                    TAGREFS="LT4837"
                    BASELINE="149 1037 433 1026 1060 1016" 
                    HPOS="148"
                    VPOS="962"
                    WIDTH="912"
                    HEIGHT="94">
            <Shape><Polygon POINTS="149 1037 149 1056 231 1055 232 1055 233 1055 233 1054 250 1040 283 1049 285 1049 286 1049 287 1049 289 1049 289 1048 297 1040 337 1038 354 1048 355 1048 357 1048 358 1048 359 1048 383 1037 465 1037 477 1045 483 1051 484 1051 485 1051 487 1051 527 1049 528 1049 530 1049 530 1048 535 1044 545 1034 564 1043 571 1045 573 1045 574 1045 620 1041 643 1038 652 1040 689 1047 690 1047 692 1047 711 1037 725 1030 737 1037 754 1045 755 1045 757 1045 758 1045 760 1045 760 1044 769 1036 775 1031 807 1034 844 1037 845 1037 847 1037 861 1031 876 1027 890 1027 895 1031 908 1043 909 1043 910 1043 912 1043 1002 1041 1003 1041 1005 1041 1005 1040 1006 1040 1013 1031 1059 1025 1060 1016 1057 973 994 962 992 962 991 962 989 962 970 975 960 983 951 976 933 964 931 964 930 964 905 964 904 964 902 964 844 979 818 987 776 987 768 982 751 969 750 969 748 969 747 969 746 969 744 969 735 976 703 971 701 971 700 971 699 971 682 984 679 987 675 984 661 975 660 975 658 975 657 975 627 980 611 973 610 973 609 973 607 973 606 973 585 987 577 993 516 993 513 989 501 979 499 979 498 979 447 972 445 972 409 973 408 973 347 994 341 997 301 997 300 996 271 976 269 976 268 976 225 976 224 976 222 976 221 976 189 1000 148 1000 149 1037"/></Shape>
	    <String CONTENT="عالم صغير گفته اند باعتبار آنکه رجه تفضيلا در عالم كبير"
                    HPOS="148"
                    VPOS="962"
                    WIDTH="912"
                    HEIGHT="94"
                    WC="0.910470469721726"></String>
          </TextLine>

          
          
          <TextLine ID="eSc_line_1a3f54a3"
                    TAGREFS="LT4837"
                    BASELINE="138 1103 1061 1091" 
                    HPOS="137"
                    VPOS="1049"
                    WIDTH="924"
                    HEIGHT="70">
            <Shape><Polygon POINTS="138 1103 138 1114 305 1109 312 1112 323 1117 325 1117 326 1119 411 1119 411 1117 412 1117 427 1110 433 1108 441 1109 466 1116 467 1116 469 1116 470 1116 472 1116 480 1109 483 1106 491 1109 515 1116 516 1116 517 1116 621 1114 622 1114 650 1106 654 1105 656 1106 664 1113 665 1113 667 1113 668 1113 708 1106 747 1113 748 1113 750 1113 773 1103 779 1101 855 1101 945 1101 946 1101 974 1109 976 1109 977 1109 978 1109 1002 1101 1024 1109 1025 1109 1027 1109 1028 1109 1061 1098 1061 1091 1057 1056 1020 1062 1013 1056 1009 1054 1009 1052 1007 1052 1006 1052 1005 1052 1003 1052 987 1056 973 1049 971 1049 970 1049 969 1049 937 1058 916 1063 902 1058 881 1051 880 1051 879 1051 877 1051 876 1051 863 1059 856 1063 852 1059 843 1051 841 1051 840 1051 838 1051 779 1061 775 1061 757 1051 755 1051 754 1051 753 1051 735 1061 724 1067 664 1067 657 1062 652 1058 650 1058 649 1058 647 1058 646 1058 645 1058 638 1063 629 1067 587 1063 564 1062 563 1062 549 1065 526 1069 520 1065 510 1056 510 1055 509 1055 508 1055 506 1055 431 1058 430 1058 413 1066 411 1067 404 1066 340 1056 339 1056 281 1069 265 1072 260 1069 242 1058 240 1058 239 1058 238 1058 236 1058 235 1058 222 1067 179 1059 178 1059 177 1059 137 1069 138 1103"/></Shape>
	    <String CONTENT="موجوداست اجمالا در آنان نيز هوجوداست واين"
                    HPOS="137"
                    VPOS="1049"
                    WIDTH="924"
                    HEIGHT="70"
                    WC="0.9545558165936243"></String>
          </TextLine>

          
          
          <TextLine ID="eSc_line_8dce7db8"
                    TAGREFS="LT4837"
                    BASELINE="135 1184 322 1175 1002 1171 1060 1163" 
                    HPOS="134"
                    VPOS="1126"
                    WIDTH="926"
                    HEIGHT="77">
            <Shape><Polygon POINTS="135 1184 135 1203 242 1196 243 1196 245 1196 265 1182 361 1182 380 1192 382 1192 383 1192 384 1192 422 1181 506 1192 560 1199 562 1199 635 1191 636 1191 638 1191 638 1189 640 1188 649 1181 667 1181 675 1186 681 1192 682 1192 683 1192 685 1192 686 1192 708 1185 725 1181 733 1185 754 1196 755 1196 757 1197 783 1197 783 1196 784 1196 829 1182 843 1177 952 1177 956 1178 984 1195 985 1195 987 1195 988 1195 1007 1193 1009 1193 1010 1193 1032 1175 1034 1175 1059 1175 1060 1163 1054 1126 985 1141 944 1128 942 1128 941 1128 940 1128 938 1128 924 1141 909 1130 908 1130 906 1130 905 1130 847 1141 800 1131 789 1130 787 1130 786 1130 779 1132 750 1144 676 1144 654 1135 640 1130 639 1130 638 1130 636 1130 625 1135 610 1144 566 1137 523 1131 521 1131 520 1131 519 1131 510 1138 503 1145 487 1139 463 1131 462 1131 461 1131 459 1131 429 1141 409 1146 387 1142 344 1132 274 1132 272 1132 271 1132 245 1145 239 1149 222 1149 220 1146 207 1135 207 1134 206 1134 204 1134 153 1134 152 1134 150 1134 149 1134 134 1144 135 1184"/></Shape>
	    <String CONTENT="معنی آنست هر چه در آفاق موجود است در انفس "
                    HPOS="134"
                    VPOS="1126"
                    WIDTH="926"
                    HEIGHT="77"
                    WC="0.9038112190636721"></String>
          </TextLine>

          
          
          <TextLine ID="eSc_line_8fa17128"
                    TAGREFS="LT4837"
                    BASELINE="132 1247 1060 1233" 
                    HPOS="131"
                    VPOS="1191"
                    WIDTH="929"
                    HEIGHT="80">
            <Shape><Polygon POINTS="132 1247 132 1254 156 1264 157 1264 159 1264 160 1264 161 1264 170 1256 202 1271 203 1271 204 1271 238 1268 239 1268 240 1268 260 1253 261 1251 344 1251 376 1251 377 1251 394 1262 395 1262 397 1262 398 1262 400 1262 427 1254 463 1265 465 1265 466 1265 515 1256 527 1265 528 1265 530 1265 531 1267 595 1267 595 1265 658 1262 660 1262 689 1246 690 1246 694 1246 775 1262 776 1262 778 1262 779 1262 800 1245 801 1245 829 1254 830 1254 832 1254 833 1254 834 1254 834 1253 845 1245 904 1253 905 1253 906 1253 941 1243 955 1256 956 1256 958 1256 988 1258 989 1258 991 1258 1028 1242 1059 1242 1060 1233 1056 1200 899 1203 897 1202 881 1196 880 1196 879 1196 832 1203 822 1204 819 1203 801 1193 800 1193 798 1193 797 1193 764 1204 760 1206 758 1204 743 1193 742 1193 740 1193 683 1191 682 1191 636 1199 603 1193 602 1193 600 1193 574 1207 570 1210 541 1210 539 1209 527 1197 527 1196 526 1196 524 1196 523 1196 521 1196 520 1196 503 1209 502 1210 458 1210 455 1210 407 1195 405 1195 404 1195 353 1196 351 1196 350 1196 350 1197 335 1211 297 1197 296 1197 294 1197 293 1197 269 1207 251 1197 250 1197 249 1197 247 1197 246 1197 227 1213 186 1199 185 1199 184 1199 182 1199 131 1213 132 1247"/></Shape>
	    <String CONTENT="ست والسان را تعريفش نودى اگر واصلى شد"
                    HPOS="131"
                    VPOS="1191"
                    WIDTH="929"
                    HEIGHT="80"
                    WC="0.9093513166582262"></String>
          </TextLine>

          
          
          <TextLine ID="eSc_line_228c8523"
                    TAGREFS="LT4837"
                    BASELINE="146 1323 1066 1316" 
                    HPOS="145"
                    VPOS="1275"
                    WIDTH="921"
                    HEIGHT="72">
            <Shape><Polygon POINTS="146 1323 146 1334 163 1345 164 1345 166 1345 167 1347 221 1347 221 1345 222 1345 224 1345 224 1344 238 1332 325 1332 329 1332 350 1339 351 1339 353 1339 354 1339 369 1332 452 1332 467 1344 469 1344 470 1344 472 1345 501 1345 501 1344 502 1344 534 1333 555 1343 556 1343 557 1343 592 1341 593 1341 595 1341 607 1332 622 1343 624 1343 625 1343 627 1344 676 1344 676 1343 721 1341 722 1341 724 1341 736 1332 762 1341 764 1341 765 1341 812 1332 841 1341 843 1341 844 1341 845 1341 847 1341 862 1332 876 1341 877 1341 879 1341 880 1341 881 1341 909 1334 933 1340 934 1340 935 1340 937 1340 956 1330 962 1328 1012 1328 1014 1330 1021 1336 1023 1336 1024 1336 1025 1336 1066 1329 1066 1316 1061 1282 1020 1286 1014 1282 1007 1276 1007 1275 1006 1275 1005 1275 1003 1275 962 1283 942 1286 938 1283 930 1276 928 1276 927 1276 926 1276 884 1283 862 1287 848 1285 815 1275 814 1275 812 1275 811 1275 778 1285 769 1287 764 1285 743 1275 742 1275 740 1275 739 1275 721 1285 690 1276 689 1276 688 1276 686 1276 653 1287 646 1289 640 1287 614 1276 613 1276 611 1276 610 1276 589 1287 588 1289 588 1287 575 1278 575 1276 574 1276 573 1276 546 1276 545 1276 544 1276 523 1286 490 1278 488 1278 487 1278 485 1278 484 1278 469 1289 466 1292 386 1292 384 1290 344 1278 343 1278 341 1278 340 1278 314 1292 312 1292 283 1279 282 1279 207 1279 206 1279 204 1279 178 1293 145 1293 146 1323"/></Shape>
	    <String CONTENT="از مقربان بارگاه سبجانی شد زی سعادت انا معرفت"
                    HPOS="145"
                    VPOS="1275"
                    WIDTH="921"
                    HEIGHT="72"
                    WC="0.9267460121048822"></String>
          </TextLine>

          
          
          <TextLine ID="eSc_line_ed8d11d6"
                    TAGREFS="LT4837"
                    BASELINE="161 1409 470 1398 982 1398 1061 1390" 
                    HPOS="160"
                    VPOS="1343"
                    WIDTH="901"
                    HEIGHT="79">
            <Shape><Polygon POINTS="161 1409 161 1420 238 1409 257 1420 258 1420 260 1420 261 1420 267 1419 314 1408 326 1417 328 1419 328 1420 329 1420 330 1420 332 1422 365 1422 365 1420 366 1420 368 1420 368 1419 371 1416 382 1408 422 1413 423 1413 466 1406 476 1413 477 1413 479 1413 480 1413 531 1405 559 1412 570 1415 571 1415 573 1415 606 1411 631 1408 635 1411 650 1417 652 1417 653 1417 654 1417 656 1417 670 1409 674 1406 685 1409 718 1416 719 1416 760 1406 779 1402 786 1406 797 1413 798 1413 800 1413 801 1413 851 1404 862 1402 865 1404 876 1413 877 1413 879 1413 880 1413 881 1413 902 1406 1009 1413 1010 1413 1012 1413 1013 1413 1036 1399 1038 1399 1061 1399 1061 1390 1054 1343 1020 1366 964 1366 935 1347 931 1343 930 1343 928 1343 902 1343 901 1343 899 1343 898 1343 898 1344 894 1348 874 1366 841 1358 840 1358 838 1358 837 1358 815 1366 794 1357 793 1357 791 1357 744 1368 724 1352 719 1350 718 1350 717 1350 715 1350 714 1350 706 1354 672 1368 658 1362 657 1362 656 1362 614 1369 596 1359 595 1359 593 1359 592 1359 562 1369 546 1359 545 1359 544 1359 542 1359 541 1359 519 1372 465 1372 445 1361 420 1348 419 1348 418 1348 416 1348 415 1348 405 1357 393 1350 391 1350 325 1350 323 1350 322 1350 305 1358 293 1350 292 1350 290 1350 289 1350 220 1351 218 1351 217 1351 207 1359 186 1352 185 1352 184 1352 182 1352 181 1352 160 1365 161 1409"/></Shape>
	    <String CONTENT="نفس خود که آن ميد و معاداست حاصل گرد بقتضای"
                    HPOS="160"
                    VPOS="1343"
                    WIDTH="901"
                    HEIGHT="79"
                    WC="0.8958428420803763"></String>
          </TextLine>

          
          
          <TextLine ID="eSc_line_43747e13"
                    TAGREFS="LT4837"
                    BASELINE="170 1485 369 1474 1066 1466" 
                    HPOS="168"
                    VPOS="1417"
                    WIDTH="898"
                    HEIGHT="81">
            <Shape><Polygon POINTS="170 1485 170 1496 258 1498 260 1498 292 1494 359 1485 395 1485 402 1491 405 1494 407 1494 408 1494 409 1494 411 1494 420 1491 443 1484 467 1489 487 1494 488 1494 515 1488 537 1484 553 1488 575 1492 577 1492 636 1485 652 1484 658 1485 689 1491 690 1491 692 1491 707 1484 715 1480 743 1482 802 1489 804 1489 805 1489 807 1489 818 1481 820 1478 833 1480 879 1488 880 1488 881 1488 905 1478 910 1477 922 1478 985 1487 987 1487 988 1487 1010 1477 1036 1485 1038 1485 1039 1485 1041 1485 1066 1474 1066 1466 1060 1417 1034 1427 1016 1419 1013 1417 1012 1417 1010 1417 935 1419 934 1419 933 1419 933 1420 931 1420 922 1430 913 1424 912 1424 910 1424 909 1424 908 1424 906 1424 880 1442 858 1442 833 1426 832 1426 830 1426 829 1426 773 1438 746 1426 737 1422 736 1422 735 1422 710 1423 708 1423 707 1423 703 1427 681 1445 575 1445 533 1435 531 1435 530 1435 528 1435 528 1437 516 1448 449 1448 431 1435 430 1435 429 1435 427 1435 361 1448 354 1442 354 1441 353 1441 351 1441 350 1441 348 1441 337 1445 329 1437 321 1430 321 1428 319 1428 318 1428 278 1428 276 1428 275 1428 274 1428 260 1438 256 1441 251 1438 242 1430 240 1430 239 1430 189 1430 188 1430 186 1430 168 1438 170 1485"/></Shape>
	    <String CONTENT="فربان که من عرف نفسه فقد عرف ريته بينی پر که"
                    HPOS="168"
                    VPOS="1417"
                    WIDTH="898"
                    HEIGHT="81"
                    WC="0.9422085637396033"></String>
          </TextLine>

          
          
          <TextLine ID="eSc_line_4cce5ee6"
                    TAGREFS="LT4837"
                    BASELINE="167 1559 833 1550 1066 1539" 
                    HPOS="166"
                    VPOS="1488"
                    WIDTH="900"
                    HEIGHT="97">
            <Shape><Polygon POINTS="167 1559 168 1585 211 1574 245 1583 247 1583 249 1583 250 1583 251 1583 253 1583 253 1582 272 1570 323 1581 335 1582 336 1582 337 1582 339 1582 341 1579 357 1568 395 1577 397 1577 398 1577 426 1567 470 1572 472 1572 516 1565 527 1574 531 1577 533 1577 534 1577 535 1577 537 1577 548 1572 564 1567 575 1572 588 1578 589 1578 591 1578 661 1577 663 1577 681 1568 690 1564 706 1568 735 1575 736 1575 737 1575 910 1563 923 1571 924 1571 926 1571 927 1571 928 1571 930 1571 946 1560 949 1559 978 1559 992 1559 1002 1568 1003 1568 1005 1568 1006 1568 1007 1568 1009 1568 1018 1561 1034 1570 1035 1570 1036 1570 1038 1570 1066 1556 1066 1539 1063 1491 1042 1488 1041 1488 1039 1488 1038 1488 1038 1489 1035 1491 1023 1503 974 1503 960 1494 959 1494 958 1494 956 1494 955 1494 922 1506 904 1495 897 1491 895 1491 894 1491 892 1491 891 1491 890 1491 883 1496 865 1507 811 1507 796 1498 794 1498 793 1498 791 1498 790 1498 787 1499 757 1509 715 1500 704 1499 703 1499 701 1499 693 1502 671 1509 660 1502 653 1498 652 1498 650 1498 649 1498 647 1498 635 1503 629 1506 624 1503 603 1494 602 1494 600 1494 599 1494 598 1494 598 1495 588 1505 581 1511 566 1506 545 1498 544 1498 341 1498 340 1498 339 1498 337 1498 337 1499 336 1499 332 1505 293 1499 292 1499 290 1499 289 1499 289 1500 279 1509 264 1500 263 1500 261 1500 260 1500 215 1516 211 1518 166 1518 167 1559"/></Shape>
	    <String CONTENT="شناخت نفس خود ا بيقين شناخت خدای خود راو"
                    HPOS="166"
                    VPOS="1488"
                    WIDTH="900"
                    HEIGHT="97"
                    WC="0.9187907844781875"></String>
          </TextLine>

          
        </TextBlock>
        
        <TextBlock HPOS="503"
                   VPOS="49"
                   WIDTH="121"
                   HEIGHT="49"
                   ID="eSc_textblock_02979a93"
                   TAGREFS="BT16093">
          <Shape><Polygon POINTS="531 49 591 49 624 98 515 98 503 66 531 49"/></Shape>
          
          
          <TextLine ID="eSc_line_9659f168"
                    TAGREFS="LT4837"
                    BASELINE="535 80 598 80" 
                    HPOS="535"
                    VPOS="51"
                    WIDTH="63"
                    HEIGHT="52">
            <Shape><Polygon POINTS="591 52 584 51 535 51 535 80 535 92 556 103 557 103 559 103 598 96 598 80 596 60 591 52"/></Shape>
	    <String CONTENT=""
                    HPOS="535"
                    VPOS="51"
                    WIDTH="63"
                    HEIGHT="52"></String>
          </TextLine>

          
        </TextBlock>
        
        <TextBlock HPOS="71"
                   VPOS="852"
                   WIDTH="60"
                   HEIGHT="20"
                   ID="eSc_textblock_5c81996c"
                   TAGREFS="BT16089">
          <Shape><Polygon POINTS="83 852 114 852 131 872 71 861 83 852"/></Shape>
          
          
          <TextLine ID="eSc_line_4f4cd19c"
                    TAGREFS="LT4837"
                    BASELINE="59 860 127 863" 
                    HPOS="58"
                    VPOS="834"
                    WIDTH="69"
                    HEIGHT="49">
            <Shape><Polygon POINTS="114 854 101 852 87 852 73 854 73 835 59 834 59 860 58 874 124 883 127 863 125 845 114 842 114 854"/></Shape>
	    <String CONTENT=""
                    HPOS="58"
                    VPOS="834"
                    WIDTH="69"
                    HEIGHT="49"></String>
          </TextLine>

          
        </TextBlock>
        

        
      </PrintSpace>
    </Page>
  </Layout>
</alto>
