<?xml version="1.0" encoding="UTF-8"?>
<alto xmlns:xsi="http://www.w3.org/2001/XMLSchema-instance"
      xmlns="http://www.loc.gov/standards/alto/ns-v4#"
      xsi:schemaLocation="http://www.loc.gov/standards/alto/ns-v4# http://www.loc.gov/standards/alto/v4/alto-4-2.xsd">
  <Description>
    <MeasurementUnit>pixel</MeasurementUnit>
    <sourceImageInformation>
      <fileName>Rasail031.jpg</fileName>
      
    </sourceImageInformation>
  </Description>
  
  <Tags>
    <OtherTag ID="BT16094" LABEL="default" DESCRIPTION="block type default"/><OtherTag ID="BT16093" LABEL="NumberingZone:page" DESCRIPTION="block type NumberingZone:page"/><OtherTag ID="BT16092" LABEL="MarginTextZone:note" DESCRIPTION="block type MarginTextZone:note"/><OtherTag ID="BT16091" LABEL="TitlePageZone" DESCRIPTION="block type TitlePageZone"/><OtherTag ID="BT16090" LABEL="QuireMarksZone:catchwords" DESCRIPTION="block type QuireMarksZone:catchwords"/><OtherTag ID="BT16089" LABEL="NumberingZone:other" DESCRIPTION="block type NumberingZone:other"/><OtherTag ID="BT16088" LABEL="NumberingZone" DESCRIPTION="block type NumberingZone"/><OtherTag ID="BT16087" LABEL="MarginTextZone" DESCRIPTION="block type MarginTextZone"/><OtherTag ID="BT16086" LABEL="MainZone" DESCRIPTION="block type MainZone"/><OtherTag ID="BT16085" LABEL="DigitizationArtefactZone" DESCRIPTION="block type DigitizationArtefactZone"/><OtherTag ID="BT2" LABEL="Main" DESCRIPTION="block type Main"/><OtherTag ID="BT1" LABEL="Title" DESCRIPTION="block type Title"/>
    <OtherTag ID="LT4837" LABEL="DefaultLine" DESCRIPTION="line type DefaultLine"/><OtherTag ID="LT4838" LABEL="default" DESCRIPTION="line type default"/><OtherTag ID="LT4839" LABEL="HeadingLine:title" DESCRIPTION="line type HeadingLine:title"/>
  </Tags>
  
  <Layout>
    <Page WIDTH="1101"
          HEIGHT="1707"
          PHYSICAL_IMG_NR="59"
          ID="eSc_dummypage_">
      <PrintSpace HPOS="0"
                  VPOS="0"
                  WIDTH="1101"
                  HEIGHT="1707">
        
        <TextBlock HPOS="62"
                   VPOS="165"
                   WIDTH="964"
                   HEIGHT="1500"
                   ID="eSc_textblock_4641ae6f"
                   TAGREFS="BT16086">
          <Shape><Polygon POINTS="125 165 901 165 981 170 1026 204 992 864 992 1432 975 1637 952 1660 85 1665 68 1648 62 483 79 221 125 165"/></Shape>
          
          
          <TextLine ID="eSc_line_9154565b"
                    TAGREFS="LT4837"
                    BASELINE="119 241 982 261" 
                    HPOS="118"
                    VPOS="193"
                    WIDTH="864"
                    HEIGHT="101">
            <Shape><Polygon POINTS="119 241 118 267 131 274 132 274 133 274 135 274 136 274 136 273 145 266 152 260 276 261 286 268 303 278 304 278 306 278 307 278 309 278 327 268 334 264 337 268 348 278 348 280 350 280 351 280 353 280 354 280 390 270 415 281 417 281 488 284 489 284 544 271 551 270 556 271 591 285 592 285 593 285 595 285 623 278 673 288 675 290 696 290 696 288 697 288 699 288 719 274 720 273 720 274 737 285 739 285 740 285 742 285 743 285 767 278 774 284 774 285 776 285 777 285 779 285 804 281 856 291 857 291 858 291 860 291 871 283 911 293 912 293 914 293 915 293 917 293 930 284 945 294 947 294 948 294 950 294 951 294 981 277 982 261 981 210 921 220 843 209 841 209 840 209 838 209 823 217 767 217 743 206 739 204 737 204 736 204 716 206 632 213 618 204 616 203 615 203 613 203 612 203 602 204 552 211 501 203 479 199 478 199 462 201 430 209 414 201 407 197 405 197 404 197 403 197 391 200 367 207 330 207 316 200 306 194 304 194 303 194 301 194 300 194 300 196 296 199 289 204 267 199 244 193 243 193 242 193 119 196 119 241"/></Shape>
	    <String CONTENT="اگر لفل دراين ماه هشتم بزآيد احتمال زيستن ندارد ماه هم"
                    HPOS="118"
                    VPOS="193"
                    WIDTH="864"
                    HEIGHT="101"
                    WC="0.873683404380625"></String>
          </TextLine>

          
          
          <TextLine ID="eSc_line_7535ac1d"
                    TAGREFS="LT4837"
                    BASELINE="417 334 975 344" 
                    HPOS="415"
                    VPOS="291"
                    WIDTH="560"
                    HEIGHT="84">
            <Shape><Polygon POINTS="417 334 415 362 569 358 581 365 582 365 583 365 585 365 628 359 642 368 643 368 645 368 646 368 682 361 690 368 690 369 692 369 693 369 695 369 696 369 715 364 733 371 737 372 739 372 740 374 817 374 817 372 818 372 841 364 851 372 851 374 853 374 854 374 972 375 975 344 975 312 908 301 907 301 905 301 904 301 891 311 890 312 848 312 844 310 817 295 816 295 814 295 813 295 784 310 783 311 749 311 746 308 737 301 736 301 734 301 733 301 692 308 685 308 683 307 656 293 655 293 601 293 599 293 598 293 596 293 596 294 583 305 582 307 565 305 541 304 524 291 522 291 521 291 499 291 498 291 497 291 495 291 495 293 482 302 468 291 467 291 465 291 464 291 462 291 417 302 417 334"/></Shape>
	    <String CONTENT="د تر مشتری در می آيد و اشرهای"
                    HPOS="415"
                    VPOS="291"
                    WIDTH="560"
                    HEIGHT="84"
                    WC="0.9315762122472128"></String>
          </TextLine>

          
          
          <TextLine ID="eSc_line_28a5a2f2"
                    TAGREFS="LT4837"
                    BASELINE="175 317 219 318" 
                    HPOS="173"
                    VPOS="273"
                    WIDTH="46"
                    HEIGHT="65">
            <Shape><Polygon POINTS="175 317 173 330 185 338 186 338 188 338 189 338 217 335 219 318 219 278 175 273 175 317"/></Shape>
	    <String CONTENT=""
                    HPOS="173"
                    VPOS="273"
                    WIDTH="46"
                    HEIGHT="65"></String>
          </TextLine>

          
          
          <TextLine ID="eSc_line_8fa53c5e"
                    TAGREFS="LT4837"
                    BASELINE="119 315 126 315" 
                    HPOS="119"
                    VPOS="270"
                    WIDTH="7"
                    HEIGHT="65">
            <Shape><Polygon POINTS="119 315 119 335 126 335 126 315 126 271 119 270 119 315"/></Shape>
	    <String CONTENT=""
                    HPOS="119"
                    VPOS="270"
                    WIDTH="7"
                    HEIGHT="65"></String>
          </TextLine>

          
          
          <TextLine ID="eSc_line_891af423"
                    TAGREFS="LT4837"
                    BASELINE="482 408 967 419" 
                    HPOS="481"
                    VPOS="361"
                    WIDTH="486"
                    HEIGHT="92">
            <Shape><Polygon POINTS="482 408 481 432 499 440 501 440 502 440 504 440 526 435 545 429 558 436 572 443 574 443 575 443 576 443 591 438 605 431 618 438 628 445 629 445 630 445 632 445 633 445 635 445 643 439 662 429 722 429 743 443 749 448 750 448 752 448 753 449 774 449 774 448 776 448 777 448 777 446 780 445 789 436 814 446 816 446 817 446 818 446 820 446 836 435 894 449 904 452 905 452 907 453 965 453 967 419 967 388 927 388 925 386 905 368 904 368 903 368 901 368 900 368 848 384 828 374 827 374 826 374 824 374 823 374 810 384 789 365 787 365 786 365 766 365 764 365 763 365 762 365 762 367 746 381 710 364 709 364 707 364 668 372 646 367 645 367 643 367 642 367 640 367 625 379 623 379 588 379 588 378 569 362 569 361 568 361 566 361 565 361 564 361 548 368 531 364 529 364 528 364 526 364 525 364 525 365 512 376 511 376 482 376 482 408"/></Shape>
	    <String CONTENT="وی می گردد و بجهت گرمی و تری"
                    HPOS="481"
                    VPOS="361"
                    WIDTH="486"
                    HEIGHT="92"
                    WC="0.8893574199506215"></String>
          </TextLine>

          
          
          <TextLine ID="eSc_line_fe37ccf4"
                    TAGREFS="LT4837"
                    BASELINE="108 394 326 398" 
                    HPOS="106"
                    VPOS="348"
                    WIDTH="220"
                    HEIGHT="75">
            <Shape><Polygon POINTS="108 394 106 408 180 421 182 421 183 421 185 421 200 409 207 406 247 406 253 411 267 422 269 422 270 422 272 423 310 423 310 422 311 422 313 422 324 412 326 398 326 364 250 348 249 348 108 358 108 394"/></Shape>
	    <String CONTENT="مشتريست"
                    HPOS="106"
                    VPOS="348"
                    WIDTH="220"
                    HEIGHT="75"
                    WC="0.9748530473027911"></String>
          </TextLine>

          
          
          <TextLine ID="eSc_line_8cc64a64"
                    TAGREFS="LT4837"
                    BASELINE="505 485 967 493" 
                    HPOS="504"
                    VPOS="440"
                    WIDTH="463"
                    HEIGHT="82">
            <Shape><Polygon POINTS="505 485 504 509 736 519 737 519 801 512 811 512 816 512 846 520 847 520 848 520 850 520 851 520 860 513 890 520 891 520 893 520 920 514 928 522 930 522 931 522 932 522 934 522 965 513 967 493 964 449 927 463 901 453 900 453 898 453 897 453 895 453 880 463 836 463 816 448 814 448 813 448 786 446 784 446 783 446 781 446 764 462 737 462 703 460 680 445 679 445 677 445 676 445 675 445 673 445 673 446 662 455 630 446 629 446 628 446 585 456 564 445 562 445 505 440 505 485"/></Shape>
	    <String CONTENT="حيات است درين ماه متولمیک"
                    HPOS="504"
                    VPOS="440"
                    WIDTH="463"
                    HEIGHT="82"
                    WC="0.8528970205783843"></String>
          </TextLine>

          
          
          <TextLine ID="eSc_line_f6f2519b"
                    TAGREFS="LT4837"
                    BASELINE="102 470 306 473" 
                    HPOS="101"
                    VPOS="413"
                    WIDTH="205"
                    HEIGHT="84">
            <Shape><Polygon POINTS="102 470 101 487 118 496 119 496 121 496 122 496 139 489 153 483 178 490 186 493 188 493 189 493 197 492 237 485 250 495 252 495 253 495 303 497 306 473 304 433 236 438 215 428 180 413 179 413 178 413 102 422 102 470"/></Shape>
	    <String CONTENT="بعد از تولد"
                    HPOS="101"
                    VPOS="413"
                    WIDTH="205"
                    HEIGHT="84"
                    WC="0.9606210914525118"></String>
          </TextLine>

          
          
          <TextLine ID="eSc_line_d56c02d5"
                    TAGREFS="LT4837"
                    BASELINE="108 549 333 550 653 567 968 574" 
                    HPOS="106"
                    VPOS="500"
                    WIDTH="862"
                    HEIGHT="100">
            <Shape><Polygon POINTS="108 549 106 563 125 573 126 573 128 573 129 573 150 563 163 574 165 574 166 574 168 574 169 574 186 564 189 564 289 566 291 569 301 578 301 580 303 580 304 580 306 580 307 580 309 580 319 573 348 581 350 581 351 581 353 581 354 581 368 573 370 571 371 573 388 580 390 580 391 580 393 580 410 574 417 571 430 574 464 584 465 584 467 584 521 578 535 577 544 580 572 588 574 588 575 588 576 588 578 588 588 581 593 577 615 583 655 591 705 593 706 593 707 593 709 593 719 586 726 581 733 587 742 594 743 594 744 594 820 596 821 596 823 596 831 591 840 586 844 591 850 596 850 597 851 597 853 597 854 597 856 597 867 593 875 588 895 593 921 600 922 600 924 600 967 596 968 574 968 533 924 526 922 526 921 526 920 526 914 530 898 543 881 543 831 527 826 526 824 526 823 526 821 526 818 527 791 539 769 524 764 522 763 522 762 522 706 520 705 520 703 520 699 522 670 534 655 520 652 517 650 517 649 517 648 517 646 517 640 520 612 533 585 533 555 516 551 514 549 514 548 514 546 514 542 516 517 530 495 530 482 517 482 516 481 516 479 516 478 516 477 516 475 516 460 529 434 529 370 522 356 509 354 509 353 509 351 509 350 509 348 509 309 523 270 510 269 510 267 510 266 510 264 510 256 516 246 509 246 507 244 507 243 507 242 507 203 516 185 503 183 503 182 503 180 503 179 503 178 503 160 514 148 503 148 502 146 502 145 502 108 500 108 549"/></Shape>
	    <String CONTENT="اجزاى بدن آنچه محكم شده باشد ماده اعضاد چو ارخ بو"
                    HPOS="106"
                    VPOS="500"
                    WIDTH="862"
                    HEIGHT="100"
                    WC="0.9351703685522079"></String>
          </TextLine>

          
          
          <TextLine ID="eSc_line_2da69a5e"
                    TAGREFS="LT4837"
                    BASELINE="400 633 967 647" 
                    HPOS="398"
                    VPOS="588"
                    WIDTH="569"
                    HEIGHT="93">
            <Shape><Polygon POINTS="400 633 398 654 414 662 415 662 417 662 452 655 454 655 470 668 471 668 472 668 474 668 545 660 562 658 566 661 576 669 578 669 579 669 649 672 650 672 652 672 653 672 653 671 660 665 665 661 682 661 709 668 732 674 733 674 734 674 756 669 790 664 838 674 860 678 861 678 863 678 873 675 905 667 927 678 930 679 931 679 932 681 965 681 967 647 965 613 905 601 904 601 903 601 901 601 893 608 883 615 803 615 793 604 791 604 791 603 790 603 789 603 787 603 779 604 740 613 709 610 702 601 699 598 699 597 697 597 696 597 695 597 693 597 686 600 668 611 635 611 618 597 615 594 613 594 612 594 611 594 609 594 603 597 582 608 564 594 562 594 561 594 559 594 558 594 556 594 539 601 494 593 492 593 491 593 458 605 440 590 438 590 437 590 400 588 400 633"/></Shape>
	    <String CONTENT="انچه نزم وروان باشد اخلاط أربعه مي"
                    HPOS="398"
                    VPOS="588"
                    WIDTH="569"
                    HEIGHT="93"
                    WC="0.8683368989399501"></String>
          </TextLine>

          
          
          <TextLine ID="eSc_line_a2912e25"
                    TAGREFS="LT4837"
                    BASELINE="112 624 361 631" 
                    HPOS="111"
                    VPOS="576"
                    WIDTH="250"
                    HEIGHT="76">
            <Shape><Polygon POINTS="112 624 111 637 168 650 169 651 202 651 202 650 203 650 205 650 205 648 212 641 213 641 257 641 259 644 269 651 269 652 270 652 272 652 273 652 360 647 361 631 360 597 300 584 299 584 297 584 273 594 256 581 254 581 253 581 213 576 212 576 112 588 112 624"/></Shape>
	    <String CONTENT="ديعنی سعضراه"
                    HPOS="111"
                    VPOS="576"
                    WIDTH="250"
                    HEIGHT="76"
                    WC="0.8784617980321249"></String>
          </TextLine>

          
          
          <TextLine ID="eSc_line_c032b6b8"
                    TAGREFS="LT4837"
                    BASELINE="438 712 958 722" 
                    HPOS="437"
                    VPOS="667"
                    WIDTH="521"
                    HEIGHT="86">
            <Shape><Polygon POINTS="437 743 526 746 528 746 529 746 536 743 559 732 636 735 646 742 658 749 659 749 660 749 662 749 663 749 665 749 675 742 677 739 687 742 720 749 722 749 723 749 724 749 733 741 739 738 743 741 752 748 753 748 754 748 756 748 833 739 856 738 858 739 871 751 871 752 873 752 874 752 904 753 905 753 907 753 908 753 924 739 957 738 958 722 958 681 932 674 931 674 930 674 928 674 927 674 918 681 912 687 887 687 880 681 870 672 868 672 867 672 865 672 811 679 786 682 777 678 762 671 760 671 759 671 757 671 734 678 723 681 715 678 697 669 696 669 695 669 693 669 677 677 668 681 653 677 626 668 625 668 623 668 622 668 596 675 585 678 574 675 552 668 551 668 549 668 548 668 532 674 522 678 472 677 470 672 462 667 461 667 460 667 458 667 457 667 455 667 455 668 450 672 447 677 440 672 438 712 437 743"/></Shape>
	    <String CONTENT="بهلغم و خون به خار لطيف که ازاين"
                    HPOS="437"
                    VPOS="667"
                    WIDTH="521"
                    HEIGHT="86"
                    WC="0.8975580185651779"></String>
          </TextLine>

          
          
          <TextLine ID="eSc_line_dd03e01f"
                    TAGREFS="LT4837"
                    BASELINE="108 698 263 701" 
                    HPOS="106"
                    VPOS="641"
                    WIDTH="157"
                    HEIGHT="78">
            <Shape><Polygon POINTS="108 698 106 719 262 719 263 701 263 664 233 660 217 644 217 642 216 642 215 642 213 642 212 642 210 642 197 651 173 641 172 641 170 641 169 641 108 660 108 698"/></Shape>
	    <String CONTENT="خيزد که"
                    HPOS="106"
                    VPOS="641"
                    WIDTH="157"
                    HEIGHT="78"
                    WC="0.9787432891981942"></String>
          </TextLine>

          
          
          <TextLine ID="eSc_line_331ddefb"
                    TAGREFS="LT4837"
                    BASELINE="106 780 595 795 962 796" 
                    HPOS="105"
                    VPOS="726"
                    WIDTH="857"
                    HEIGHT="101">
            <Shape><Polygon POINTS="106 780 105 803 108 806 109 806 109 807 111 807 112 807 113 807 115 807 149 798 165 810 165 812 166 812 168 812 169 812 170 812 205 799 246 799 307 800 321 813 323 813 324 813 393 817 394 817 488 805 491 805 515 819 517 819 518 819 519 819 521 819 542 809 566 820 568 820 569 822 608 822 608 820 609 820 611 820 621 812 629 819 629 820 630 820 632 820 677 823 679 825 710 825 710 823 712 823 737 810 740 809 742 810 773 825 774 825 776 826 816 826 816 825 817 825 843 812 858 823 860 823 861 823 863 823 915 817 931 827 932 827 934 827 935 827 937 827 961 815 962 796 958 743 918 768 880 756 878 756 877 756 821 766 801 766 781 748 781 746 780 746 779 746 777 746 776 746 727 763 700 755 699 755 697 755 696 755 695 755 695 756 687 763 656 746 655 746 653 746 622 753 603 738 603 736 602 736 601 736 581 736 575 736 574 736 572 736 571 736 571 738 558 748 551 742 549 742 548 742 546 742 545 742 544 742 517 759 428 759 408 741 408 739 407 739 405 739 404 739 403 739 401 739 401 741 383 758 357 758 340 743 338 743 337 743 336 743 334 743 317 752 284 732 283 732 282 732 237 731 236 731 235 731 233 731 213 748 183 728 182 728 180 728 179 728 178 728 176 728 168 734 106 726 106 780"/></Shape>
	    <String CONTENT="حکيمان انراح حيوانی گفته اند در بجموع اعضا دخوار"
                    HPOS="105"
                    VPOS="726"
                    WIDTH="857"
                    HEIGHT="101"
                    WC="0.8605281636118889"></String>
          </TextLine>

          
          
          <TextLine ID="eSc_line_e0492ed2"
                    TAGREFS="LT4837"
                    BASELINE="94 854 957 874" 
                    HPOS="92"
                    VPOS="800"
                    WIDTH="865"
                    HEIGHT="101">
            <Shape><Polygon POINTS="94 854 92 870 215 870 220 874 229 881 230 881 232 881 233 881 235 881 236 881 244 876 252 871 311 871 329 879 350 886 351 886 353 886 354 886 366 880 373 887 373 889 374 889 376 889 377 889 448 884 462 891 464 891 465 891 512 886 532 883 542 887 558 893 559 893 561 893 626 891 628 891 633 890 658 883 669 891 672 894 673 894 675 894 710 897 712 897 713 897 726 893 759 883 771 896 774 897 774 899 776 899 777 899 779 899 793 896 823 890 954 901 957 874 957 839 928 825 927 825 925 825 924 825 922 825 922 826 912 835 907 829 905 829 904 829 903 829 877 833 858 817 858 816 857 816 856 816 854 816 853 816 799 836 777 836 757 815 757 813 756 813 754 813 753 813 752 813 713 833 686 820 685 820 683 820 682 820 643 832 569 830 562 823 562 822 561 822 559 822 558 822 521 829 491 822 489 822 488 822 487 822 465 827 442 807 442 806 441 806 440 806 438 806 437 806 421 813 385 809 384 809 383 809 381 809 357 825 316 803 314 803 210 800 209 800 162 810 131 803 129 803 128 803 126 803 94 817 94 854"/></Shape>
	    <String CONTENT="روان می گردد اول از عضوی مخصوص که آن را دل گفتهاند"
                    HPOS="92"
                    VPOS="800"
                    WIDTH="865"
                    HEIGHT="101"
                    WC="0.869364951171127"></String>
          </TextLine>

          
          
          <TextLine ID="eSc_line_d27cf027"
                    TAGREFS="LT4837"
                    BASELINE="92 930 958 947" 
                    HPOS="91"
                    VPOS="880"
                    WIDTH="867"
                    HEIGHT="100">
            <Shape><Polygon POINTS="92 930 91 947 121 961 122 961 123 961 125 961 152 948 190 955 192 955 291 951 316 968 317 968 319 968 320 970 350 970 350 968 351 968 353 968 370 955 387 967 388 967 390 967 391 967 393 967 408 958 421 970 423 970 424 970 452 971 454 971 455 971 497 960 508 970 508 971 509 971 511 971 555 972 556 972 558 972 588 960 626 974 628 974 629 974 630 974 668 958 689 975 690 975 692 975 693 975 754 967 777 975 779 975 780 975 781 975 783 975 783 974 794 964 817 972 818 972 820 972 821 972 850 963 851 963 885 980 887 980 888 980 890 980 924 971 935 978 937 978 938 978 940 978 941 978 942 978 957 967 958 947 958 913 915 900 914 900 912 900 911 900 895 904 884 896 884 894 883 894 881 894 841 894 840 894 838 894 837 894 818 908 803 896 801 896 800 896 799 896 797 896 796 896 796 897 781 910 763 903 762 903 760 903 759 903 744 910 743 910 740 910 710 900 709 900 707 900 616 907 608 907 602 900 601 900 601 899 599 899 598 899 546 899 528 889 526 889 525 889 524 889 522 889 504 904 504 906 478 906 477 904 434 886 432 886 383 884 381 884 324 886 323 886 321 886 306 900 263 886 262 886 260 886 259 886 233 899 168 880 166 880 165 880 163 880 129 897 92 897 92 930"/></Shape>
	    <String CONTENT="آغاز میکندد بعد از آن به مجاز دمارغ که آن جای خواس"
                    HPOS="91"
                    VPOS="880"
                    WIDTH="867"
                    HEIGHT="100"
                    WC="0.8699039687525552"></String>
          </TextLine>

          
          
          <TextLine ID="eSc_line_0e89574b"
                    TAGREFS="LT4837"
                    BASELINE="86 1009 955 1018" 
                    HPOS="86"
                    VPOS="965"
                    WIDTH="869"
                    HEIGHT="79">
            <Shape><Polygon POINTS="86 1009 86 1024 132 1024 142 1032 143 1032 145 1032 146 1032 148 1032 149 1032 159 1024 217 1024 230 1037 230 1038 232 1038 233 1038 235 1038 236 1038 259 1027 276 1038 277 1038 279 1038 280 1039 314 1039 314 1038 316 1038 317 1038 338 1025 374 1039 376 1039 377 1039 470 1029 497 1039 498 1039 499 1039 535 1034 621 1041 622 1041 623 1041 625 1041 639 1031 663 1042 665 1042 666 1044 693 1044 693 1042 695 1042 696 1042 715 1029 749 1042 750 1042 752 1042 799 1035 813 1044 814 1044 816 1044 817 1044 818 1044 851 1031 922 1042 924 1042 925 1042 954 1029 955 1018 954 987 918 985 907 974 907 972 905 972 904 972 903 972 901 972 867 981 856 972 854 972 853 972 851 972 850 972 823 982 793 971 791 971 790 971 669 982 628 974 626 974 625 974 605 981 593 971 593 970 592 970 591 970 589 970 588 970 586 970 572 982 536 982 458 968 457 968 404 980 374 967 373 967 371 967 370 967 340 978 321 968 320 968 319 968 317 968 316 968 303 978 246 971 244 971 243 971 227 978 200 965 199 965 122 965 121 965 119 965 86 977 86 1009"/></Shape>
	    <String CONTENT="خمسه باطن ارت می رسد بعد بازان به باصره و بعد از آن"
                    HPOS="86"
                    VPOS="965"
                    WIDTH="869"
                    HEIGHT="79"
                    WC="0.8927612270300205"></String>
          </TextLine>

          
          
          <TextLine ID="eSc_line_742ecb55"
                    TAGREFS="LT4837"
                    BASELINE="94 1076 509 1092 955 1096" 
                    HPOS="92"
                    VPOS="1031"
                    WIDTH="863"
                    HEIGHT="92">
            <Shape><Polygon POINTS="94 1076 92 1095 119 1108 121 1108 122 1108 123 1108 153 1098 190 1108 192 1108 193 1108 195 1108 212 1098 222 1106 223 1106 225 1106 226 1106 254 1101 264 1109 264 1110 266 1110 267 1110 269 1110 378 1102 387 1113 388 1113 388 1115 390 1115 391 1115 393 1116 417 1116 417 1115 418 1115 420 1115 420 1113 432 1102 437 1102 448 1102 450 1102 474 1116 475 1116 477 1116 478 1116 511 1109 515 1116 517 1116 517 1118 518 1118 519 1118 578 1119 579 1119 827 1110 905 1123 907 1123 908 1123 910 1123 910 1122 920 1113 954 1113 955 1096 955 1061 944 1051 944 1049 942 1049 941 1049 940 1049 938 1049 893 1061 887 1064 834 1064 831 1059 817 1048 817 1046 816 1046 814 1046 813 1046 811 1046 783 1058 779 1061 777 1058 763 1046 763 1045 762 1045 760 1045 759 1045 757 1045 727 1056 727 1058 679 1058 676 1055 666 1045 666 1044 665 1044 663 1044 642 1042 640 1042 639 1042 595 1054 582 1056 575 1054 558 1045 556 1045 555 1045 554 1045 539 1052 535 1054 529 1052 512 1046 511 1046 509 1046 485 1051 470 1054 462 1051 451 1044 450 1044 448 1044 414 1049 393 1052 374 1048 343 1039 341 1039 340 1039 293 1046 266 1049 247 1045 205 1032 203 1032 202 1032 142 1042 138 1042 136 1042 116 1031 115 1031 113 1031 112 1031 94 1038 94 1076"/></Shape>
	    <String CONTENT="به سامعه و بعد از آن به رگهای زبان و بعد از آن به باقی اعضا"
                    HPOS="92"
                    VPOS="1031"
                    WIDTH="863"
                    HEIGHT="92"
                    WC="0.8953872127611129"></String>
          </TextLine>

          
          
          <TextLine ID="eSc_line_5ef2c513"
                    TAGREFS="LT4837"
                    BASELINE="88 1156 950 1174" 
                    HPOS="86"
                    VPOS="1110"
                    WIDTH="864"
                    HEIGHT="89">
            <Shape><Polygon POINTS="88 1156 86 1166 135 1169 150 1183 152 1183 153 1183 155 1183 219 1170 220 1170 243 1170 323 1173 357 1187 358 1187 608 1192 609 1192 611 1192 612 1192 625 1183 636 1192 636 1193 638 1193 639 1193 640 1193 642 1193 643 1193 658 1180 659 1180 675 1180 676 1182 689 1193 689 1194 690 1194 692 1194 693 1194 695 1194 717 1186 757 1196 759 1196 760 1196 762 1196 803 1184 809 1183 821 1184 905 1199 907 1199 908 1199 948 1187 950 1174 950 1132 810 1125 809 1125 807 1125 796 1129 776 1138 752 1129 729 1122 727 1122 726 1122 724 1122 706 1129 686 1136 669 1129 652 1120 650 1120 625 1120 623 1120 622 1120 621 1120 611 1128 602 1133 489 1126 428 1123 427 1123 400 1126 367 1129 361 1125 343 1113 341 1113 340 1113 338 1113 337 1113 336 1113 320 1123 306 1116 304 1116 303 1116 301 1116 290 1122 280 1113 280 1112 279 1112 277 1112 276 1112 274 1112 230 1125 223 1126 220 1123 209 1112 209 1110 207 1110 206 1110 205 1110 203 1110 162 1123 160 1123 128 1110 126 1110 125 1110 123 1110 122 1110 105 1123 103 1123 88 1123 88 1156"/></Shape>
	    <String CONTENT="وجوارح واين نه باه که نطفه در رحم شريت می يابد در"
                    HPOS="86"
                    VPOS="1110"
                    WIDTH="864"
                    HEIGHT="89"
                    WC="0.8567576469207296"></String>
          </TextLine>

          
          
          <TextLine ID="eSc_line_54c46f02"
                    TAGREFS="LT4837"
                    BASELINE="94 1229 951 1247" 
                    HPOS="92"
                    VPOS="1182"
                    WIDTH="859"
                    HEIGHT="91">
            <Shape><Polygon POINTS="94 1229 92 1247 206 1244 213 1250 219 1256 219 1257 220 1257 222 1257 247 1258 249 1258 290 1251 316 1247 340 1251 384 1261 385 1261 387 1261 410 1253 423 1248 451 1253 489 1260 491 1260 519 1254 526 1253 534 1254 561 1263 562 1263 564 1263 605 1256 618 1266 618 1267 619 1267 621 1267 622 1267 742 1261 762 1270 763 1270 764 1270 857 1258 885 1273 887 1273 888 1273 950 1258 951 1247 951 1213 915 1199 914 1199 912 1199 911 1199 891 1207 844 1203 843 1203 841 1203 840 1203 831 1211 830 1211 816 1211 811 1211 796 1197 796 1196 794 1196 793 1196 791 1196 790 1196 740 1209 723 1194 722 1194 720 1194 719 1194 717 1194 690 1209 689 1209 646 1193 645 1193 643 1193 642 1193 623 1202 613 1193 613 1192 612 1192 611 1192 609 1192 608 1192 606 1192 585 1206 512 1206 512 1204 505 1199 505 1197 504 1197 502 1197 501 1197 408 1202 397 1192 397 1190 395 1190 394 1190 393 1190 391 1190 360 1202 358 1202 304 1202 303 1200 280 1184 279 1184 277 1184 227 1184 226 1184 225 1184 223 1184 215 1192 205 1183 203 1183 202 1183 160 1182 119 1182 118 1182 116 1182 94 1193 94 1229"/></Shape>
	    <String CONTENT="مقابله نه مرتبه عالم ديناست اماه ادل در مرتي بندگان"
                    HPOS="92"
                    VPOS="1182"
                    WIDTH="859"
                    HEIGHT="91"
                    WC="0.8956177754729402"></String>
          </TextLine>

          
          
          <TextLine ID="eSc_line_d34feaeb"
                    TAGREFS="LT4837"
                    BASELINE="111 1307 950 1321" 
                    HPOS="109"
                    VPOS="1256"
                    WIDTH="841"
                    HEIGHT="88">
            <Shape><Polygon POINTS="111 1307 109 1317 156 1318 169 1331 169 1332 170 1332 172 1332 193 1334 195 1334 196 1334 233 1321 279 1335 280 1335 282 1335 283 1335 323 1325 337 1335 338 1335 340 1335 414 1337 415 1337 417 1337 444 1324 474 1338 475 1338 477 1339 501 1339 501 1338 502 1338 504 1338 522 1325 565 1339 566 1339 568 1339 569 1339 606 1328 633 1341 635 1341 636 1341 638 1341 662 1330 676 1341 677 1341 679 1341 680 1341 682 1341 683 1341 696 1330 726 1342 727 1342 781 1344 783 1344 784 1344 786 1344 801 1331 887 1339 888 1339 948 1331 950 1321 948 1283 898 1285 888 1280 864 1267 863 1267 861 1267 860 1267 858 1267 844 1278 836 1284 790 1277 776 1275 774 1275 763 1277 709 1283 697 1274 696 1274 695 1274 693 1274 689 1274 632 1281 618 1271 602 1261 601 1261 599 1261 545 1261 544 1261 542 1261 526 1268 509 1278 484 1268 464 1260 462 1260 441 1258 440 1258 438 1258 437 1258 425 1266 415 1271 390 1266 356 1257 354 1257 353 1257 329 1263 280 1275 250 1261 240 1256 239 1256 237 1256 206 1260 159 1266 111 1257 111 1307"/></Shape>
	    <String CONTENT="است که از ابل دعوت حق شده اند چنانچه درين نوع از"
                    HPOS="109"
                    VPOS="1256"
                    WIDTH="841"
                    HEIGHT="88"
                    WC="0.9019047121206919"></String>
          </TextLine>

          
          
          <TextLine ID="eSc_line_550772fa"
                    TAGREFS="LT4837"
                    BASELINE="95 1381 944 1395" 
                    HPOS="94"
                    VPOS="1334"
                    WIDTH="850"
                    HEIGHT="88">
            <Shape><Polygon POINTS="95 1381 94 1398 128 1411 129 1411 131 1411 132 1411 155 1399 176 1412 178 1412 179 1412 180 1412 182 1412 220 1401 226 1399 259 1402 270 1402 282 1412 282 1413 283 1413 284 1413 351 1415 353 1415 354 1415 356 1415 370 1405 371 1404 373 1405 388 1412 390 1412 391 1412 393 1412 410 1406 413 1405 414 1406 427 1415 428 1415 430 1415 431 1415 432 1415 461 1408 477 1404 481 1408 491 1416 492 1416 494 1416 519 1418 521 1418 558 1411 582 1405 593 1411 601 1416 602 1416 603 1416 605 1416 636 1412 672 1408 692 1413 707 1419 709 1419 710 1419 712 1419 713 1419 713 1418 717 1415 726 1408 746 1408 764 1416 777 1422 779 1422 780 1422 781 1422 794 1416 813 1409 941 1421 944 1395 944 1358 922 1345 921 1345 920 1345 918 1345 838 1357 793 1344 791 1344 790 1344 789 1344 787 1344 773 1355 754 1342 753 1342 752 1342 750 1342 700 1351 675 1341 673 1341 672 1341 670 1341 669 1341 669 1342 656 1355 613 1355 598 1341 596 1341 595 1341 554 1339 552 1339 551 1339 524 1352 512 1339 512 1338 511 1338 509 1338 508 1338 452 1351 438 1344 437 1344 435 1344 380 1349 350 1335 348 1335 313 1335 311 1335 310 1335 309 1335 309 1337 296 1349 269 1349 249 1334 247 1334 246 1334 205 1334 203 1334 202 1334 200 1334 200 1335 188 1347 168 1338 166 1338 165 1338 95 1345 95 1381"/></Shape>
	    <String CONTENT="بندگان اثير نور عرفان وايقان که حيات عقيقی دوبقای سرمد"
                    HPOS="94"
                    VPOS="1334"
                    WIDTH="850"
                    HEIGHT="88"
                    WC="0.926230803683952"></String>
          </TextLine>

          
          
          <TextLine ID="eSc_line_9beb68bb"
                    TAGREFS="LT4837"
                    BASELINE="91 1459 948 1468" 
                    HPOS="91"
                    VPOS="1409"
                    WIDTH="857"
                    HEIGHT="83">
            <Shape><Polygon POINTS="91 1459 91 1483 105 1476 119 1483 122 1485 123 1485 125 1485 126 1485 129 1483 149 1475 178 1483 182 1485 183 1485 185 1485 193 1483 242 1476 250 1485 252 1485 252 1486 253 1486 254 1486 256 1486 257 1486 262 1485 277 1477 283 1483 284 1483 286 1483 287 1483 374 1476 390 1485 393 1487 394 1487 395 1487 397 1487 398 1487 405 1485 423 1479 430 1485 431 1487 432 1487 434 1487 435 1489 470 1489 470 1487 471 1487 472 1487 474 1486 484 1479 492 1486 494 1487 495 1487 497 1487 498 1487 499 1487 507 1486 526 1480 532 1486 535 1489 536 1489 538 1489 539 1490 591 1490 591 1489 592 1489 593 1489 593 1487 596 1486 603 1479 625 1486 626 1486 628 1486 630 1486 675 1480 683 1486 686 1489 687 1489 689 1489 690 1489 692 1489 697 1486 713 1480 726 1487 733 1490 734 1490 736 1490 737 1490 744 1487 760 1480 806 1487 836 1492 837 1492 838 1492 847 1487 860 1482 888 1482 898 1487 903 1492 904 1492 905 1492 907 1492 947 1487 948 1468 947 1436 844 1436 838 1432 823 1418 821 1418 820 1418 818 1418 817 1418 816 1418 799 1431 793 1436 737 1436 722 1429 709 1423 707 1423 706 1423 705 1423 703 1423 703 1425 699 1428 690 1436 672 1436 663 1428 659 1423 659 1422 658 1422 656 1422 655 1422 653 1422 639 1426 635 1428 633 1426 621 1415 621 1413 619 1413 618 1413 616 1413 615 1413 581 1425 558 1432 519 1423 514 1422 512 1422 507 1422 465 1429 420 1419 376 1411 374 1411 373 1411 358 1418 353 1421 334 1418 300 1411 299 1411 297 1411 296 1411 296 1412 290 1416 274 1429 262 1418 260 1418 259 1418 257 1418 256 1418 217 1429 197 1413 193 1409 192 1409 190 1409 189 1409 91 1409 91 1459"/></Shape>
	    <String CONTENT="ست به طهورنه آمده اما قابل آن هستند که مظمرآن فور"
                    HPOS="91"
                    VPOS="1409"
                    WIDTH="857"
                    HEIGHT="83"
                    WC="0.8861844734503672"></String>
          </TextLine>

          
          
          <TextLine ID="eSc_line_db714b23"
                    TAGREFS="LT4837"
                    BASELINE="91 1539 942 1550" 
                    HPOS="89"
                    VPOS="1487"
                    WIDTH="853"
                    HEIGHT="87">
            <Shape><Polygon POINTS="89 1549 112 1561 113 1561 115 1561 116 1561 118 1561 145 1549 179 1549 193 1563 193 1564 195 1564 196 1564 197 1564 199 1564 200 1564 210 1556 227 1564 229 1564 230 1564 232 1564 233 1564 250 1550 273 1561 274 1561 276 1561 329 1551 348 1566 350 1566 351 1566 353 1566 394 1561 395 1561 397 1561 397 1560 407 1551 431 1560 432 1560 434 1560 435 1560 437 1560 445 1553 511 1553 529 1569 529 1570 531 1570 532 1570 534 1570 596 1556 619 1571 621 1571 622 1571 623 1573 676 1573 676 1571 677 1571 712 1556 756 1566 757 1566 786 1560 813 1573 814 1573 905 1574 907 1574 908 1574 941 1557 942 1550 942 1512 793 1510 789 1507 756 1496 754 1496 753 1496 709 1506 702 1507 700 1506 689 1496 687 1496 686 1496 685 1496 636 1500 625 1493 623 1493 622 1493 545 1493 544 1493 542 1493 525 1502 517 1506 508 1502 501 1499 499 1499 498 1499 482 1502 461 1505 455 1500 445 1492 444 1492 442 1492 410 1490 408 1490 407 1490 388 1499 384 1500 370 1499 338 1495 337 1495 336 1495 334 1495 330 1497 323 1503 316 1497 306 1490 304 1490 303 1490 301 1490 300 1490 299 1490 289 1497 286 1499 274 1496 237 1489 236 1489 235 1489 233 1489 233 1490 227 1496 222 1502 210 1495 196 1487 195 1487 145 1487 143 1487 142 1487 141 1487 132 1493 122 1500 92 1493 91 1539 89 1549"/></Shape>
	    <String CONTENT="دراين ماه در لطفه نيز يچ از آثار مرتير نباتى و حيوانى به ظهور"
                    HPOS="89"
                    VPOS="1487"
                    WIDTH="853"
                    HEIGHT="87"
                    WC="0.8766082429116772"></String>
          </TextLine>

          
          
          <TextLine ID="eSc_line_36fd58e8"
                    TAGREFS="LT4837"
                    BASELINE="96 1597 152 1600 210 1613 931 1627" 
                    HPOS="95"
                    VPOS="1559"
                    WIDTH="836"
                    HEIGHT="96">
            <Shape><Polygon POINTS="96 1597 95 1624 136 1625 136 1627 153 1638 155 1638 156 1638 158 1638 239 1630 259 1628 279 1631 343 1642 344 1644 383 1644 383 1642 384 1642 385 1642 393 1635 394 1634 400 1635 424 1644 425 1644 427 1644 428 1644 447 1637 462 1633 515 1633 526 1640 536 1647 538 1647 539 1647 541 1647 542 1647 559 1641 572 1637 585 1642 598 1648 599 1648 601 1648 602 1648 618 1644 640 1637 653 1645 660 1650 662 1650 663 1650 771 1651 773 1651 774 1651 780 1650 801 1641 827 1648 828 1648 830 1648 831 1648 833 1648 833 1647 838 1641 858 1652 863 1654 864 1654 865 1655 930 1655 931 1627 930 1584 837 1587 830 1581 823 1574 823 1573 821 1573 820 1573 799 1571 797 1571 796 1571 770 1578 747 1586 640 1576 606 1573 605 1573 603 1573 602 1573 601 1574 591 1583 535 1583 522 1573 522 1571 521 1571 519 1571 518 1571 511 1571 465 1580 452 1570 451 1570 450 1570 448 1570 442 1570 388 1577 354 1567 331 1561 330 1561 329 1561 273 1566 230 1569 213 1564 196 1559 195 1559 193 1559 96 1560 96 1597"/></Shape>
	    <String CONTENT="مىآيد قابل آن هست و ماه دوم در مرتبچى است"
                    HPOS="95"
                    VPOS="1559"
                    WIDTH="836"
                    HEIGHT="96"
                    WC="0.9030208178730899"></String>
          </TextLine>

          
        </TextBlock>
        
        <TextBlock HPOS="505"
                   VPOS="85"
                   WIDTH="124"
                   HEIGHT="67"
                   ID="eSc_textblock_b7aca4b2"
                   TAGREFS="BT16093">
          <Shape><Polygon POINTS="556 85 612 91 629 129 568 152 505 123 511 96 556 85"/></Shape>
          
          
          <TextLine ID="eSc_line_fe82f648"
                    TAGREFS="LT4837"
                    BASELINE="538 118 599 118" 
                    HPOS="538"
                    VPOS="92"
                    WIDTH="61"
                    HEIGHT="51">
            <Shape><Polygon POINTS="538 118 538 143 599 137 599 118 598 92 538 95 538 118"/></Shape>
	    <String CONTENT=""
                    HPOS="538"
                    VPOS="92"
                    WIDTH="61"
                    HEIGHT="51"></String>
          </TextLine>

          
        </TextBlock>
        

        
      </PrintSpace>
    </Page>
  </Layout>
</alto>
