<?xml version="1.0" encoding="UTF-8"?>
<alto xmlns:xsi="http://www.w3.org/2001/XMLSchema-instance"
      xmlns="http://www.loc.gov/standards/alto/ns-v4#"
      xsi:schemaLocation="http://www.loc.gov/standards/alto/ns-v4# http://www.loc.gov/standards/alto/v4/alto-4-2.xsd">
  <Description>
    <MeasurementUnit>pixel</MeasurementUnit>
    <sourceImageInformation>
      <fileName>Rasail009.jpg</fileName>
      
    </sourceImageInformation>
  </Description>
  
  <Tags>
    <OtherTag ID="BT16094" LABEL="default" DESCRIPTION="block type default"/><OtherTag ID="BT16093" LABEL="NumberingZone:page" DESCRIPTION="block type NumberingZone:page"/><OtherTag ID="BT16092" LABEL="MarginTextZone:note" DESCRIPTION="block type MarginTextZone:note"/><OtherTag ID="BT16091" LABEL="TitlePageZone" DESCRIPTION="block type TitlePageZone"/><OtherTag ID="BT16090" LABEL="QuireMarksZone:catchwords" DESCRIPTION="block type QuireMarksZone:catchwords"/><OtherTag ID="BT16089" LABEL="NumberingZone:other" DESCRIPTION="block type NumberingZone:other"/><OtherTag ID="BT16088" LABEL="NumberingZone" DESCRIPTION="block type NumberingZone"/><OtherTag ID="BT16087" LABEL="MarginTextZone" DESCRIPTION="block type MarginTextZone"/><OtherTag ID="BT16086" LABEL="MainZone" DESCRIPTION="block type MainZone"/><OtherTag ID="BT16085" LABEL="DigitizationArtefactZone" DESCRIPTION="block type DigitizationArtefactZone"/><OtherTag ID="BT2" LABEL="Main" DESCRIPTION="block type Main"/><OtherTag ID="BT1" LABEL="Title" DESCRIPTION="block type Title"/>
    <OtherTag ID="LT4837" LABEL="DefaultLine" DESCRIPTION="line type DefaultLine"/><OtherTag ID="LT4838" LABEL="default" DESCRIPTION="line type default"/><OtherTag ID="LT4839" LABEL="HeadingLine:title" DESCRIPTION="line type HeadingLine:title"/>
  </Tags>
  
  <Layout>
    <Page WIDTH="1198"
          HEIGHT="1846"
          PHYSICAL_IMG_NR="37"
          ID="eSc_dummypage_">
      <PrintSpace HPOS="0"
                  VPOS="0"
                  WIDTH="1198"
                  HEIGHT="1846">
        
        <TextBlock HPOS="49"
                   VPOS="116"
                   WIDTH="1130"
                   HEIGHT="1648"
                   ID="eSc_textblock_7afa5c9b"
                   TAGREFS="BT16086">
          <Shape><Polygon POINTS="234 116 1142 116 1167 135 1179 1696 1161 1758 234 1764 49 1746 49 190 73 135 234 116"/></Shape>
          
          
          <TextLine ID="eSc_line_a6b5cea5"
                    TAGREFS="LT4837"
                    BASELINE="1042 275 1133 266" 
                    HPOS="1037"
                    VPOS="216"
                    WIDTH="96"
                    HEIGHT="77">
            <Shape><Polygon POINTS="1042 275 1042 289 1085 293 1087 293 1088 293 1133 281 1133 266 1124 216 1037 238 1042 275"/></Shape>
	    <String CONTENT=""
                    HPOS="1037"
                    VPOS="216"
                    WIDTH="96"
                    HEIGHT="77"></String>
          </TextLine>

          
          
          <TextLine ID="eSc_line_1407d439"
                    TAGREFS="LT4837"
                    BASELINE="172 218 816 207 996 198" 
                    HPOS="170"
                    VPOS="150"
                    WIDTH="826"
                    HEIGHT="96">
            <Shape><Polygon POINTS="172 218 172 233 287 233 314 246 315 246 317 246 318 246 349 230 406 239 408 239 409 239 431 229 458 243 460 243 461 243 463 243 505 227 548 227 588 239 589 239 591 239 592 239 620 230 648 239 649 239 651 239 720 238 722 238 723 238 723 236 731 230 809 236 811 236 936 219 953 232 954 232 956 232 957 232 959 232 996 216 996 198 991 150 888 169 863 161 862 161 860 161 859 161 857 161 848 169 828 155 828 153 826 153 825 153 823 153 822 153 820 153 820 155 805 170 748 161 746 161 745 161 743 161 731 172 669 172 660 164 659 164 657 164 655 164 654 164 652 164 645 170 640 166 639 166 637 166 635 166 554 175 540 163 537 161 537 159 535 159 534 159 489 159 488 159 445 161 443 161 434 166 406 178 381 167 371 163 369 163 368 163 340 167 324 170 312 169 281 164 280 164 278 164 266 170 244 181 170 173 172 218"/></Shape>
	    <String CONTENT="که ماه و خورماه بهمين دفيقه م و محفوظمد"
                    HPOS="170"
                    VPOS="150"
                    WIDTH="826"
                    HEIGHT="96"
                    WC="0.8806129235487717"></String>
          </TextLine>

          
          
          <TextLine ID="eSc_line_e71e8869"
                    TAGREFS="LT4837"
                    BASELINE="1045 353 1134 353" 
                    HPOS="1045"
                    VPOS="293"
                    WIDTH="89"
                    HEIGHT="80">
            <Shape><Polygon POINTS="1045 353 1045 373 1134 361 1134 353 1134 309 1076 293 1074 293 1073 293 1071 293 1070 293 1045 307 1045 353"/></Shape>
	    <String CONTENT="والم"
                    HPOS="1045"
                    VPOS="293"
                    WIDTH="89"
                    HEIGHT="80"
                    WC="0.7522277683019638"></String>
          </TextLine>

          
          
          <TextLine ID="eSc_line_8272802c"
                    TAGREFS="LT4837"
                    BASELINE="60 306 568 301 953 284" 
                    HPOS="58"
                    VPOS="238"
                    WIDTH="895"
                    HEIGHT="98">
            <Shape><Polygon POINTS="60 306 60 323 123 323 157 333 158 333 160 333 161 333 206 319 246 336 247 336 249 336 250 336 252 336 277 318 280 318 340 318 358 333 360 333 361 333 363 335 384 335 384 333 386 333 388 333 412 316 429 332 431 332 432 332 434 333 481 333 481 332 595 329 597 329 642 310 642 309 702 309 725 309 752 326 754 326 756 326 757 326 793 324 794 324 826 307 866 323 868 323 870 323 953 303 953 284 947 238 899 255 883 243 882 243 880 243 879 243 877 243 876 243 854 256 779 256 766 247 766 246 765 246 763 246 762 244 714 241 712 241 711 241 709 241 702 247 683 259 642 250 615 244 614 244 612 244 595 252 582 258 569 252 552 244 551 244 549 244 548 244 546 244 532 253 522 261 492 255 465 250 463 250 461 250 460 250 452 256 441 266 406 267 381 267 375 259 363 250 363 249 361 249 360 249 358 249 357 249 323 263 321 263 320 263 301 250 300 250 298 250 297 250 232 252 230 252 229 252 218 261 127 253 126 253 124 253 123 253 98 270 58 272 60 306"/></Shape>
	    <String CONTENT="ازين تعريف که العقل جوير بسیط مخترد عن الماد"
                    HPOS="58"
                    VPOS="238"
                    WIDTH="895"
                    HEIGHT="98"
                    WC="0.9087561734698035"></String>
          </TextLine>

          
          
          <TextLine ID="eSc_line_d11fbb39"
                    TAGREFS="LT4837"
                    BASELINE="80 456 757 452 1136 435" 
                    HPOS="78"
                    VPOS="399"
                    WIDTH="1058"
                    HEIGHT="87">
            <Shape><Polygon POINTS="80 456 80 469 141 483 143 483 215 467 217 467 218 467 258 486 260 486 261 486 263 486 307 467 369 481 371 481 372 481 404 464 463 486 465 486 466 486 535 484 537 484 538 484 566 466 609 472 611 472 612 472 654 461 692 481 694 481 696 483 759 483 759 481 834 479 836 479 837 479 846 470 862 476 863 476 865 476 866 476 910 459 934 472 936 472 937 472 939 472 971 459 1136 452 1136 435 1133 399 1077 399 1076 399 1074 399 1071 401 1042 415 1023 403 1022 401 1020 401 1019 401 1017 401 1016 401 1008 403 950 418 880 407 877 407 876 407 874 407 837 419 805 412 803 412 802 412 757 421 736 412 723 406 722 406 720 406 657 412 655 412 654 412 654 413 652 415 643 423 623 415 600 407 599 407 597 407 548 418 515 424 491 419 458 413 457 413 455 413 441 421 431 427 401 427 397 423 383 410 381 410 380 410 378 410 377 410 349 424 326 413 324 413 217 413 215 413 214 413 177 430 174 430 172 430 127 415 126 415 124 415 123 415 78 430 80 456"/></Shape>
	    <String CONTENT="ردووروجود بسیط ت بعنی او رااهزانيست"
                    HPOS="78"
                    VPOS="399"
                    WIDTH="1058"
                    HEIGHT="87"
                    WC="0.8500099386487688"></String>
          </TextLine>

          
          
          <TextLine ID="eSc_line_6647bbab"
                    TAGREFS="LT4837"
                    BASELINE="87 387 936 372" 
                    HPOS="86"
                    VPOS="327"
                    WIDTH="850"
                    HEIGHT="89">
            <Shape><Polygon POINTS="87 387 87 398 109 398 129 415 129 416 130 416 132 416 133 416 135 416 181 398 186 396 227 396 229 398 246 413 246 415 247 415 249 415 250 415 337 413 338 413 340 413 363 399 398 412 400 412 401 412 480 410 481 410 501 399 512 393 583 396 585 396 586 396 588 396 597 389 642 398 643 398 697 387 714 401 716 401 717 401 719 401 720 401 722 401 748 387 757 396 757 398 759 398 760 398 791 401 840 404 842 404 843 404 851 401 893 384 910 401 910 403 911 403 913 403 914 403 936 401 936 372 931 338 906 343 900 338 888 327 886 327 885 327 848 327 846 327 845 327 843 327 828 339 822 344 799 341 779 338 777 338 759 341 737 346 731 343 722 335 720 335 719 335 717 335 716 335 692 343 685 346 682 343 665 332 663 332 662 332 612 332 611 332 609 332 608 332 586 346 578 350 548 350 542 347 515 333 514 333 512 333 511 333 509 333 500 343 485 335 483 335 481 335 480 335 454 349 448 352 411 352 406 350 381 336 380 336 378 336 377 336 338 352 337 352 324 339 324 338 323 338 321 338 266 338 264 338 263 338 230 353 203 339 201 339 200 339 198 339 169 355 164 358 86 358 87 387"/></Shape>
	    <String CONTENT="علچو برمست بسيط بی اختيارج بهغر"
                    HPOS="86"
                    VPOS="327"
                    WIDTH="850"
                    HEIGHT="89"
                    WC="0.9068663581725089"></String>
          </TextLine>

          
          
          <TextLine ID="eSc_line_27f1a047"
                    TAGREFS="LT4837"
                    BASELINE="76 541 752 535 1130 519" 
                    HPOS="75"
                    VPOS="478"
                    WIDTH="1055"
                    HEIGHT="92">
            <Shape><Polygon POINTS="76 541 76 558 100 570 101 570 103 570 177 569 178 569 180 569 201 555 258 563 260 563 344 553 429 566 431 566 432 566 486 550 506 559 508 559 509 559 555 553 612 563 614 563 615 563 617 563 617 561 629 550 646 559 648 559 649 559 651 559 691 547 720 561 722 561 723 561 760 559 762 559 763 559 763 558 777 546 813 559 814 559 816 559 876 555 877 555 879 555 879 553 891 544 979 556 980 556 982 556 983 556 996 547 1031 552 1033 552 1034 552 1036 552 1053 539 1128 538 1130 519 1125 478 1039 483 1037 483 1007 496 957 489 956 489 954 489 922 498 910 489 908 489 906 489 905 489 903 489 876 499 860 489 859 489 857 489 840 487 791 484 789 484 760 489 696 503 672 492 663 489 662 489 565 487 563 487 562 487 531 496 449 489 448 489 420 490 418 490 417 490 400 501 392 507 384 503 368 492 366 492 364 492 363 492 361 492 360 492 344 504 337 509 315 504 281 498 280 498 278 498 252 507 241 510 238 507 226 496 224 496 223 496 221 496 220 496 218 496 203 509 198 512 75 512 76 541"/></Shape>
	    <String CONTENT="کهوجود او ازجتمان اجزا باشدو مخترد ست"
                    HPOS="75"
                    VPOS="478"
                    WIDTH="1055"
                    HEIGHT="92"
                    WC="0.8631113356835133"></String>
          </TextLine>

          
          
          <TextLine ID="eSc_line_b1b7d5cd"
                    TAGREFS="LT4837"
                    BASELINE="70 627 1127 607" 
                    HPOS="69"
                    VPOS="563"
                    WIDTH="1058"
                    HEIGHT="96">
            <Shape><Polygon POINTS="70 627 70 643 93 658 95 658 97 658 98 659 138 659 138 658 140 658 141 658 166 639 166 638 210 638 275 638 311 655 312 655 314 655 315 655 348 638 381 649 383 649 384 649 386 649 388 649 388 647 400 635 460 633 477 633 492 633 560 633 635 649 637 649 639 649 660 638 672 647 674 647 675 647 677 647 740 641 742 641 743 641 759 629 793 646 794 646 796 646 882 644 883 644 914 629 960 643 962 643 963 643 1030 635 1031 635 1033 635 1047 623 1065 629 1067 629 1068 629 1127 619 1127 607 1121 563 1079 573 1048 564 1042 563 1040 563 1039 563 1037 563 1033 564 1005 578 954 572 953 572 951 572 950 572 940 579 903 569 886 564 885 564 883 564 839 566 837 566 836 566 829 572 816 583 794 583 763 573 748 569 746 569 635 569 634 569 632 569 631 569 620 578 611 586 588 579 578 576 577 576 575 576 574 576 566 579 551 587 511 581 452 573 451 573 449 573 418 584 409 587 391 586 309 575 307 575 306 575 304 575 283 589 278 592 269 589 234 578 232 578 230 578 229 578 204 592 200 593 189 592 129 581 127 581 126 581 101 595 98 596 69 596 70 627"/></Shape>
	    <String CONTENT="باده يعنی از چزيکه وجود عقل از وباشد مخردست "
                    HPOS="69"
                    VPOS="563"
                    WIDTH="1058"
                    HEIGHT="96"
                    WC="0.883024660023776"></String>
          </TextLine>

          
          
          <TextLine ID="eSc_line_5bcf7161"
                    TAGREFS="LT4837"
                    BASELINE="78 706 1124 686" 
                    HPOS="76"
                    VPOS="639"
                    WIDTH="1048"
                    HEIGHT="94">
            <Shape><Polygon POINTS="78 706 78 721 123 721 155 733 157 733 158 733 160 733 161 733 183 719 200 726 201 726 203 726 249 716 254 716 258 716 311 730 312 730 314 730 315 730 351 715 352 715 361 715 538 726 540 726 542 726 543 726 563 710 566 709 668 709 669 709 688 723 689 723 691 723 692 724 719 724 719 723 917 704 925 704 926 704 957 718 959 718 960 718 1040 716 1042 716 1076 701 1077 701 1124 701 1124 686 1122 655 1087 639 1085 639 1084 639 1082 639 1040 656 1039 658 994 658 991 658 967 646 965 646 963 646 962 646 960 646 960 647 948 658 948 659 917 659 913 659 896 644 896 643 894 643 893 643 891 643 890 643 849 656 803 644 802 644 800 644 799 644 771 658 708 649 706 649 705 649 677 663 657 656 655 656 654 656 652 656 637 664 611 649 609 649 608 649 565 649 563 649 562 649 560 649 534 664 517 658 515 658 514 658 471 666 452 652 451 652 449 652 423 652 421 652 420 652 418 652 409 659 366 656 364 656 363 656 338 670 267 670 238 655 237 655 235 655 190 656 189 656 187 656 170 670 158 664 157 664 155 664 153 664 152 664 137 675 76 675 78 706"/></Shape>
	    <String CONTENT="زمامی نه بوده که عقل نه بوده بلکه بوده زبان و مگان"
                    HPOS="76"
                    VPOS="639"
                    WIDTH="1048"
                    HEIGHT="94"
                    WC="0.9432623386383057"></String>
          </TextLine>

          
          
          <TextLine ID="eSc_line_92c9511b"
                    TAGREFS="LT4837"
                    BASELINE="75 790 503 781 1121 778" 
                    HPOS="73"
                    VPOS="726"
                    WIDTH="1048"
                    HEIGHT="90">
            <Shape><Polygon POINTS="75 790 75 801 123 815 124 815 126 816 223 816 223 815 275 813 277 813 278 813 278 812 292 801 294 798 298 801 326 813 327 813 329 813 384 812 386 812 414 799 424 796 642 796 646 799 652 804 654 804 655 804 657 804 659 804 674 799 691 793 709 799 743 809 745 809 746 809 846 807 848 807 849 807 859 798 868 792 888 792 897 798 908 807 910 807 911 807 913 807 976 798 1025 790 1042 798 1062 806 1064 806 1065 806 1121 796 1121 778 1117 739 1076 730 1074 730 1073 730 1071 730 1056 739 1053 743 1051 739 1036 727 1036 726 1034 726 1033 726 980 726 979 726 977 726 976 726 954 739 936 732 934 732 933 732 857 743 834 746 819 743 746 729 745 729 743 729 742 729 722 744 720 746 716 744 660 730 659 730 657 730 655 730 654 730 628 746 625 749 622 746 605 730 603 730 602 730 517 730 515 730 514 730 512 730 512 732 498 744 465 747 426 732 424 732 384 732 383 732 300 750 292 752 280 752 201 743 200 743 198 743 164 753 160 755 73 755 75 790"/></Shape>
	    <String CONTENT="هرچه منقارن آن باشد همه از بود عقلی است"
                    HPOS="73"
                    VPOS="726"
                    WIDTH="1048"
                    HEIGHT="90"
                    WC="0.8924024164676666"></String>
          </TextLine>

          
          
          <TextLine ID="eSc_line_9ae009f2"
                    TAGREFS="LT4837"
                    BASELINE="283 867 890 873" 
                    HPOS="281"
                    VPOS="803"
                    WIDTH="609"
                    HEIGHT="95">
            <Shape><Polygon POINTS="283 867 281 876 364 893 366 893 368 893 400 879 404 878 418 879 455 887 457 887 458 887 475 881 481 879 489 883 517 893 518 893 520 893 522 893 545 883 552 879 560 884 585 896 586 896 588 896 589 896 611 884 620 881 663 881 669 886 679 895 679 896 680 896 682 896 683 898 736 898 736 896 737 896 739 896 749 887 756 883 768 889 789 898 791 898 793 898 794 898 823 889 826 889 829 890 851 898 853 898 854 898 888 890 890 873 885 819 863 836 845 821 843 821 842 821 840 821 839 821 805 838 739 838 691 824 629 806 628 806 566 804 565 804 563 804 562 804 542 821 505 806 503 806 501 806 500 806 463 819 449 806 449 804 448 804 446 804 388 803 386 803 384 803 383 803 383 804 357 830 354 832 283 832 283 867"/></Shape>
	    <String CONTENT="جهان هرم بازآنم که جهان خيرتم از و"
                    HPOS="281"
                    VPOS="803"
                    WIDTH="609"
                    HEIGHT="95"
                    WC="0.8639419589723859"></String>
          </TextLine>

          
          
          <TextLine ID="eSc_line_589a51fa"
                    TAGREFS="LT4837"
                    BASELINE="275 932 648 942 888 936" 
                    HPOS="274"
                    VPOS="884"
                    WIDTH="614"
                    HEIGHT="92">
            <Shape><Polygon POINTS="275 932 274 944 315 946 340 966 341 966 343 966 344 966 346 966 377 950 408 970 409 970 411 970 412 970 414 970 458 949 475 949 498 967 500 967 501 967 503 969 503 967 505 967 506 967 529 949 542 949 582 972 583 972 585 973 628 973 628 972 629 972 631 972 631 970 643 959 691 969 692 969 694 969 729 955 771 975 773 975 774 976 819 976 819 975 820 975 822 975 822 973 845 953 886 953 888 936 886 895 817 890 816 890 814 890 813 890 806 895 791 907 756 899 754 899 685 906 669 896 659 889 657 889 655 889 599 887 597 887 595 887 594 887 582 898 572 906 531 906 509 898 466 886 465 886 463 886 406 893 371 884 369 884 368 884 366 884 364 884 340 899 314 887 312 887 311 887 309 887 275 899 275 932"/></Shape>
	    <String CONTENT="شقم بر همه عالمم که همه عالم از وست"
                    HPOS="274"
                    VPOS="884"
                    WIDTH="614"
                    HEIGHT="92"
                    WC="0.846805432013103"></String>
          </TextLine>

          
          
          <TextLine ID="eSc_line_ac553ebe"
                    TAGREFS="LT4837"
                    BASELINE="87 1018 848 1027 1119 1015" 
                    HPOS="87"
                    VPOS="967"
                    WIDTH="1032"
                    HEIGHT="88">
            <Shape><Polygon POINTS="87 1018 87 1029 106 1029 135 1049 137 1049 138 1049 140 1049 141 1049 172 1039 243 1049 244 1049 246 1049 287 1030 320 1030 358 1050 360 1050 361 1050 363 1050 403 1030 437 1041 438 1041 440 1041 441 1041 443 1041 460 1030 468 1030 569 1030 571 1030 602 1041 603 1041 605 1041 637 1038 657 1052 659 1052 660 1052 662 1052 706 1044 716 1052 717 1052 719 1052 720 1053 829 1053 829 1052 831 1052 833 1052 851 1038 874 1053 876 1053 877 1053 879 1055 908 1055 908 1053 910 1053 911 1053 936 1033 971 1033 996 1053 997 1053 999 1053 1000 1055 1030 1055 1030 1053 1031 1053 1033 1053 1057 1036 1076 1047 1077 1047 1079 1047 1080 1047 1117 1032 1119 1015 1117 970 1065 970 1064 970 1062 970 1060 970 1044 986 1022 978 1020 978 1019 978 1017 978 999 989 988 979 988 978 987 978 985 978 983 978 982 978 939 989 905 970 903 970 902 970 900 970 845 989 791 978 789 978 788 978 776 984 751 970 751 969 749 969 748 969 746 969 739 970 663 986 642 970 642 969 640 969 639 969 637 969 635 969 634 969 634 970 603 987 572 987 549 970 548 967 546 967 545 967 543 967 525 970 491 975 475 970 469 967 468 967 466 967 465 967 458 970 415 986 87 970 87 1018"/></Shape>
	    <String CONTENT="نكته انجه متعلق اين فقير گفته شره از لوازم با به آن سخنان"
                    HPOS="87"
                    VPOS="967"
                    WIDTH="1032"
                    HEIGHT="88"
                    WC="0.9063703201968094"></String>
          </TextLine>

          
          
          <TextLine ID="eSc_line_cd0016c5"
                    TAGREFS="LT4837"
                    BASELINE="84 1107 888 1109 1136 1101" 
                    HPOS="83"
                    VPOS="1053"
                    WIDTH="1053"
                    HEIGHT="80">
            <Shape><Polygon POINTS="84 1107 84 1116 101 1116 103 1116 120 1132 121 1132 123 1132 124 1132 190 1124 244 1132 246 1132 247 1132 249 1132 266 1116 287 1132 289 1132 291 1132 292 1133 380 1133 380 1132 381 1132 383 1132 404 1116 406 1116 562 1116 563 1116 575 1126 577 1126 578 1126 580 1126 582 1126 583 1126 592 1116 594 1116 645 1116 646 1116 669 1132 671 1132 672 1132 674 1132 780 1124 796 1130 797 1130 799 1130 800 1130 823 1118 863 1132 865 1132 866 1133 973 1133 973 1132 974 1132 1003 1116 1051 1130 1053 1130 1054 1130 1056 1130 1082 1116 1134 1115 1136 1101 1131 1053 1050 1070 979 1055 967 1053 965 1053 963 1053 956 1056 911 1070 849 1062 848 1062 846 1062 823 1069 805 1058 800 1055 799 1055 797 1055 796 1055 768 1059 700 1072 634 1072 623 1061 622 1061 620 1061 619 1061 617 1061 615 1061 605 1072 571 1072 555 1062 535 1053 534 1053 495 1053 494 1053 492 1053 491 1053 491 1055 480 1064 477 1067 469 1064 446 1055 445 1055 443 1055 441 1055 417 1062 408 1053 406 1053 404 1053 326 1053 324 1053 323 1053 292 1066 271 1058 269 1058 267 1058 266 1058 249 1067 232 1056 230 1056 229 1056 227 1056 226 1056 224 1056 209 1069 207 1069 166 1059 164 1059 83 1070 84 1107"/></Shape>
	    <String CONTENT="حکمای مشاين واشراقين آتست کر عقل گل عبارت ست"
                    HPOS="83"
                    VPOS="1053"
                    WIDTH="1053"
                    HEIGHT="80"
                    WC="0.9094607286983066"></String>
          </TextLine>

          
          
          <TextLine ID="eSc_line_3a0125bb"
                    TAGREFS="LT4837"
                    BASELINE="84 1193 1142 1190" 
                    HPOS="83"
                    VPOS="1135"
                    WIDTH="1059"
                    HEIGHT="80">
            <Shape><Polygon POINTS="84 1193 84 1198 133 1213 135 1213 137 1215 244 1215 244 1213 246 1213 247 1213 267 1199 311 1201 326 1213 327 1213 329 1213 331 1215 364 1215 364 1213 366 1213 368 1213 383 1199 437 1213 438 1213 440 1213 441 1213 471 1199 472 1199 551 1212 552 1212 603 1199 612 1198 679 1198 682 1199 692 1209 694 1209 696 1209 697 1209 699 1209 725 1199 731 1198 745 1199 782 1206 783 1206 785 1206 786 1206 794 1199 796 1199 803 1207 805 1207 806 1207 808 1207 809 1207 826 1199 833 1198 837 1199 868 1212 870 1212 871 1212 968 1202 996 1210 997 1210 999 1210 1000 1210 1002 1210 1016 1199 1017 1199 1028 1201 1127 1212 1128 1212 1130 1212 1131 1212 1142 1202 1142 1190 1141 1144 1127 1135 1125 1135 1124 1135 1122 1135 1121 1135 1100 1142 1091 1135 1090 1135 1088 1135 967 1135 965 1135 963 1135 962 1135 948 1149 940 1155 811 1155 803 1150 789 1141 788 1141 786 1141 785 1141 783 1141 765 1150 763 1150 760 1150 709 1139 708 1139 706 1139 682 1150 666 1141 665 1141 663 1141 662 1141 660 1141 637 1152 632 1153 629 1152 602 1139 600 1139 599 1139 597 1139 571 1149 540 1139 538 1139 537 1139 535 1139 534 1139 534 1141 520 1153 518 1153 515 1153 466 1142 465 1142 463 1142 437 1153 406 1136 404 1136 403 1136 401 1136 400 1136 380 1155 378 1156 307 1156 306 1155 261 1136 260 1136 258 1136 257 1136 215 1152 178 1136 177 1136 175 1136 83 1156 84 1193"/></Shape>
	    <String CONTENT="از قو تنگه قتام هر موجودی از موجودات خسی و عقلی بهدوست"
                    HPOS="83"
                    VPOS="1135"
                    WIDTH="1059"
                    HEIGHT="80"
                    WC="0.9035898756097864"></String>
          </TextLine>

          
          
          <TextLine ID="eSc_line_02cb8ae8"
                    TAGREFS="LT4837"
                    BASELINE="87 1286 1134 1273" 
                    HPOS="86"
                    VPOS="1219"
                    WIDTH="1048"
                    HEIGHT="91">
            <Shape><Polygon POINTS="87 1286 87 1293 109 1309 110 1309 112 1309 113 1310 150 1310 150 1309 152 1309 192 1292 220 1292 241 1307 243 1307 244 1307 246 1309 344 1309 344 1307 346 1307 348 1307 348 1306 366 1289 469 1306 471 1306 472 1306 474 1306 503 1287 660 1299 662 1299 663 1299 703 1286 737 1302 739 1302 740 1302 742 1302 782 1284 831 1301 833 1301 834 1301 836 1301 873 1282 925 1298 926 1298 928 1298 930 1298 931 1298 956 1282 999 1298 1000 1298 1002 1298 1003 1298 1045 1286 1091 1298 1093 1298 1094 1298 1096 1298 1134 1278 1134 1273 1131 1238 1056 1227 1054 1227 1053 1227 1022 1236 976 1229 974 1229 917 1238 894 1219 893 1219 891 1219 871 1219 870 1219 777 1222 776 1222 745 1235 674 1222 672 1222 671 1222 634 1241 599 1227 597 1227 595 1227 594 1227 560 1242 424 1226 398 1226 397 1226 395 1226 394 1226 372 1241 320 1227 318 1227 317 1227 315 1227 261 1246 218 1227 217 1227 215 1227 214 1227 174 1249 86 1249 87 1286"/></Shape>
	    <String CONTENT="دبه اضافه پير محلی اشم خاصی يافته و اين عقل گل را به حسب"
                    HPOS="86"
                    VPOS="1219"
                    WIDTH="1048"
                    HEIGHT="91"
                    WC="0.9105853704469544"></String>
          </TextLine>

          
          
          <TextLine ID="eSc_line_21c54578"
                    TAGREFS="LT4837"
                    BASELINE="84 1367 1137 1358" 
                    HPOS="83"
                    VPOS="1306"
                    WIDTH="1054"
                    HEIGHT="80">
            <Shape><Polygon POINTS="84 1367 84 1381 198 1373 215 1382 221 1386 223 1386 224 1386 226 1386 235 1382 263 1372 295 1381 304 1384 306 1384 307 1386 364 1386 364 1384 366 1384 368 1384 371 1381 378 1375 438 1379 471 1382 472 1382 492 1379 549 1370 588 1379 605 1382 606 1382 608 1382 609 1382 609 1381 612 1378 625 1369 800 1369 813 1376 816 1379 817 1379 819 1379 820 1379 822 1379 833 1376 859 1370 873 1376 880 1379 882 1379 883 1379 900 1376 925 1370 937 1376 942 1378 943 1378 945 1378 1137 1373 1137 1358 1133 1321 1087 1326 1077 1321 1053 1309 1051 1309 1050 1309 1048 1309 1016 1322 1007 1326 999 1322 977 1310 976 1310 974 1310 973 1310 923 1322 913 1326 910 1322 888 1309 886 1309 885 1309 883 1309 882 1309 843 1318 828 1306 826 1306 825 1306 823 1306 749 1307 748 1307 725 1318 709 1307 708 1307 706 1307 640 1307 639 1307 637 1307 597 1327 592 1330 586 1327 552 1309 551 1309 549 1309 548 1309 529 1316 505 1309 503 1309 501 1309 500 1309 498 1309 498 1310 477 1329 474 1332 452 1332 449 1329 421 1312 420 1312 418 1312 369 1310 368 1310 366 1310 364 1310 337 1330 335 1332 331 1330 301 1322 300 1322 298 1322 255 1324 254 1324 252 1324 252 1326 244 1332 243 1335 175 1335 174 1333 163 1324 161 1324 160 1324 158 1324 157 1324 155 1324 146 1333 144 1335 83 1335 84 1367"/></Shape>
	    <String CONTENT="اصطلاحات بابارات باسامى ختلف باد كرده اند تور"
                    HPOS="83"
                    VPOS="1306"
                    WIDTH="1054"
                    HEIGHT="80"
                    WC="0.8985812928941515"></String>
          </TextLine>

          
          
          <TextLine ID="eSc_line_bb352c34"
                    TAGREFS="LT4837"
                    BASELINE="89 1447 782 1441 1139 1450" 
                    HPOS="87"
                    VPOS="1387"
                    WIDTH="1052"
                    HEIGHT="82">
            <Shape><Polygon POINTS="89 1447 89 1459 155 1467 157 1467 158 1467 160 1467 160 1466 166 1461 175 1453 204 1453 214 1461 221 1467 223 1467 224 1467 226 1469 264 1469 264 1467 266 1467 267 1467 275 1461 277 1458 281 1461 297 1467 298 1467 300 1467 341 1461 378 1455 401 1461 414 1464 415 1464 417 1464 454 1461 529 1453 549 1461 562 1466 563 1466 565 1466 566 1466 582 1461 588 1459 597 1461 631 1467 632 1467 634 1467 635 1467 643 1461 652 1453 682 1461 683 1461 685 1461 686 1461 691 1461 752 1453 765 1461 766 1462 768 1462 769 1462 771 1462 780 1461 820 1453 829 1461 836 1466 836 1467 837 1467 839 1467 840 1469 891 1469 891 1467 893 1467 894 1467 894 1466 900 1461 910 1453 928 1453 967 1461 993 1467 994 1467 1137 1461 1139 1450 1136 1409 1031 1409 1030 1409 1007 1398 1005 1398 1003 1398 1002 1398 985 1404 957 1387 956 1387 954 1387 780 1387 779 1387 777 1387 737 1406 668 1395 666 1395 665 1395 663 1395 642 1409 619 1393 617 1393 615 1393 614 1393 612 1393 611 1393 611 1395 594 1410 572 1410 540 1392 538 1392 537 1392 483 1398 435 1387 434 1387 432 1387 369 1410 298 1410 275 1390 274 1390 272 1390 271 1390 269 1390 230 1404 164 1390 163 1390 161 1390 160 1390 138 1409 123 1402 121 1402 120 1402 118 1402 87 1410 89 1447"/></Shape>
	    <String CONTENT="و رورخ دقلم و ذات و لقه و مبداه وروخ عالم و"
                    HPOS="87"
                    VPOS="1387"
                    WIDTH="1052"
                    HEIGHT="82"
                    WC="0.9224125119142754"></String>
          </TextLine>

          
          
          <TextLine ID="eSc_line_f066a1c6"
                    TAGREFS="LT4837"
                    BASELINE="89 1530 782 1532 1137 1541" 
                    HPOS="89"
                    VPOS="1470"
                    WIDTH="1048"
                    HEIGHT="92">
            <Shape><Polygon POINTS="89 1530 89 1541 192 1541 195 1542 218 1552 220 1552 221 1552 223 1552 224 1552 237 1542 241 1539 247 1542 278 1558 280 1558 281 1558 374 1544 411 1539 431 1546 441 1549 443 1549 445 1549 446 1549 457 1546 471 1541 481 1546 511 1559 512 1559 514 1561 560 1561 560 1559 562 1559 563 1559 578 1547 603 1559 605 1559 606 1559 608 1559 609 1559 623 1549 632 1541 736 1541 749 1550 760 1556 762 1556 763 1556 765 1556 766 1556 779 1550 796 1542 842 1542 859 1552 871 1559 873 1559 874 1559 876 1559 877 1559 879 1559 890 1552 900 1544 928 1544 947 1553 967 1562 968 1562 970 1562 1136 1555 1137 1541 1136 1499 1079 1499 1077 1498 1060 1487 1059 1487 1057 1487 1056 1487 982 1498 977 1498 976 1498 913 1475 911 1475 910 1475 908 1475 906 1475 893 1486 829 1476 828 1476 826 1476 825 1476 811 1486 785 1475 783 1475 782 1475 780 1475 734 1496 691 1473 689 1473 562 1473 560 1473 558 1473 557 1473 557 1475 532 1495 532 1496 495 1496 492 1495 386 1472 384 1472 334 1475 332 1475 331 1475 309 1493 309 1495 280 1495 264 1493 237 1493 194 1470 192 1470 153 1470 152 1470 150 1470 149 1470 112 1493 89 1493 89 1530"/></Shape>
	    <String CONTENT="دم معنی و غلت اول و مظر اول و جابه الهی و مبدات"
                    HPOS="89"
                    VPOS="1470"
                    WIDTH="1048"
                    HEIGHT="92"
                    WC="0.9183595446830101"></String>
          </TextLine>

          
          
          <TextLine ID="eSc_line_04ab7411"
                    TAGREFS="LT4837"
                    BASELINE="89 1621 1153 1630" 
                    HPOS="89"
                    VPOS="1562"
                    WIDTH="1064"
                    HEIGHT="94">
            <Shape><Polygon POINTS="89 1621 89 1632 160 1627 174 1633 204 1647 206 1647 207 1647 209 1647 210 1647 232 1633 237 1630 240 1633 254 1646 254 1647 255 1647 257 1647 284 1649 286 1649 287 1649 289 1649 304 1636 335 1641 337 1641 338 1641 340 1641 349 1633 357 1629 372 1633 392 1641 394 1641 395 1641 397 1641 421 1635 443 1629 485 1630 491 1635 517 1650 518 1650 520 1650 522 1652 615 1652 615 1650 617 1650 619 1650 640 1635 646 1632 769 1632 776 1636 797 1653 799 1653 800 1653 802 1653 859 1652 860 1652 862 1652 885 1636 893 1633 916 1633 922 1636 931 1646 933 1646 934 1646 936 1646 985 1638 1000 1635 1005 1638 1025 1655 1027 1655 1028 1655 1030 1656 1113 1656 1113 1655 1114 1655 1151 1638 1153 1630 1150 1570 1113 1589 1091 1582 1090 1582 1088 1582 1087 1582 1085 1582 1076 1592 1033 1592 990 1572 982 1569 980 1569 979 1569 977 1569 968 1572 936 1584 910 1573 906 1572 905 1572 903 1572 902 1572 900 1572 900 1573 885 1584 860 1573 849 1569 848 1569 768 1567 766 1567 765 1567 763 1567 751 1575 729 1587 697 1576 696 1576 694 1576 692 1576 666 1587 645 1576 634 1570 632 1570 572 1567 571 1567 569 1567 568 1567 555 1576 551 1581 506 1586 477 1578 431 1564 429 1564 428 1564 426 1564 383 1578 364 1584 343 1579 326 1575 324 1575 323 1575 321 1575 307 1579 297 1582 294 1579 272 1562 271 1562 269 1562 235 1562 234 1562 232 1562 230 1562 210 1581 207 1582 89 1582 89 1621"/></Shape>
	    <String CONTENT="و کاف ابر و جوهر حقيقت و عالم جبروت و انسان"
                    HPOS="89"
                    VPOS="1562"
                    WIDTH="1064"
                    HEIGHT="94"
                    WC="0.898339587588643"></String>
          </TextLine>

          
          
          <TextLine ID="eSc_line_9d1888c5"
                    TAGREFS="LT4837"
                    BASELINE="87 1696 520 1702 973 1726 1153 1727" 
                    HPOS="86"
                    VPOS="1629"
                    WIDTH="1067"
                    HEIGHT="127">
            <Shape><Polygon POINTS="86 1712 121 1721 123 1721 124 1721 141 1715 161 1707 215 1707 244 1719 274 1730 275 1730 277 1730 278 1730 300 1721 320 1713 386 1713 421 1727 437 1732 438 1732 440 1732 441 1732 443 1732 449 1727 471 1716 515 1716 545 1719 562 1732 571 1739 572 1739 574 1739 575 1739 577 1739 599 1733 614 1730 623 1735 635 1741 637 1741 639 1741 685 1738 689 1736 691 1736 692 1736 706 1724 725 1738 726 1738 728 1738 729 1738 808 1727 828 1744 829 1744 831 1744 833 1744 834 1744 836 1744 845 1738 857 1744 860 1747 862 1747 863 1747 865 1747 866 1747 871 1746 903 1732 945 1749 954 1752 956 1752 1027 1753 1028 1753 1030 1753 1031 1753 1031 1752 1040 1746 1050 1753 1051 1755 1053 1755 1054 1755 1150 1756 1153 1727 1151 1666 1114 1682 1047 1672 1045 1672 1011 1676 993 1662 991 1662 990 1662 988 1662 987 1662 985 1662 967 1678 937 1678 900 1658 899 1658 885 1656 822 1652 757 1650 756 1650 754 1650 752 1650 751 1652 740 1659 694 1649 688 1649 686 1649 685 1649 683 1649 662 1659 622 1647 620 1647 619 1647 617 1647 572 1662 534 1644 531 1642 529 1642 489 1642 488 1642 486 1642 485 1642 460 1661 357 1658 334 1641 332 1641 331 1641 329 1641 327 1641 287 1656 189 1655 90 1629 87 1696 86 1712"/></Shape>
	    <String CONTENT="قعين أدل وبجلى أول وهيولاغ مطلق ومقام او أدلى"
                    HPOS="86"
                    VPOS="1629"
                    WIDTH="1067"
                    HEIGHT="127"
                    WC="0.883226623137792"></String>
          </TextLine>

          
        </TextBlock>
        
        <TextBlock HPOS="585"
                   VPOS="36"
                   WIDTH="83"
                   HEIGHT="54"
                   ID="eSc_textblock_0f134c60"
                   TAGREFS="BT16093">
          <Shape><Polygon POINTS="614 36 668 49 643 90 585 66 614 36"/></Shape>
          
          
          <TextLine ID="eSc_line_34c6e38d"
                    TAGREFS="LT4837"
                    BASELINE="605 64 628 61" 
                    HPOS="602"
                    VPOS="38"
                    WIDTH="26"
                    HEIGHT="48">
            <Shape><Polygon POINTS="602 46 605 64 606 78 628 86 628 61 620 38 608 41 602 46"/></Shape>
	    <String CONTENT=""
                    HPOS="602"
                    VPOS="38"
                    WIDTH="26"
                    HEIGHT="48"></String>
          </TextLine>

          
        </TextBlock>
        

        
      </PrintSpace>
    </Page>
  </Layout>
</alto>
