<?xml version="1.0" encoding="UTF-8"?>
<alto xmlns:xsi="http://www.w3.org/2001/XMLSchema-instance"
      xmlns="http://www.loc.gov/standards/alto/ns-v4#"
      xsi:schemaLocation="http://www.loc.gov/standards/alto/ns-v4# http://www.loc.gov/standards/alto/v4/alto-4-2.xsd">
  <Description>
    <MeasurementUnit>pixel</MeasurementUnit>
    <sourceImageInformation>
      <fileName>Rasail028.jpg</fileName>
      
    </sourceImageInformation>
  </Description>
  
  <Tags>
    <OtherTag ID="BT16094" LABEL="default" DESCRIPTION="block type default"/><OtherTag ID="BT16093" LABEL="NumberingZone:page" DESCRIPTION="block type NumberingZone:page"/><OtherTag ID="BT16092" LABEL="MarginTextZone:note" DESCRIPTION="block type MarginTextZone:note"/><OtherTag ID="BT16091" LABEL="TitlePageZone" DESCRIPTION="block type TitlePageZone"/><OtherTag ID="BT16090" LABEL="QuireMarksZone:catchwords" DESCRIPTION="block type QuireMarksZone:catchwords"/><OtherTag ID="BT16089" LABEL="NumberingZone:other" DESCRIPTION="block type NumberingZone:other"/><OtherTag ID="BT16088" LABEL="NumberingZone" DESCRIPTION="block type NumberingZone"/><OtherTag ID="BT16087" LABEL="MarginTextZone" DESCRIPTION="block type MarginTextZone"/><OtherTag ID="BT16086" LABEL="MainZone" DESCRIPTION="block type MainZone"/><OtherTag ID="BT16085" LABEL="DigitizationArtefactZone" DESCRIPTION="block type DigitizationArtefactZone"/><OtherTag ID="BT2" LABEL="Main" DESCRIPTION="block type Main"/><OtherTag ID="BT1" LABEL="Title" DESCRIPTION="block type Title"/>
    <OtherTag ID="LT4837" LABEL="DefaultLine" DESCRIPTION="line type DefaultLine"/><OtherTag ID="LT4838" LABEL="default" DESCRIPTION="line type default"/><OtherTag ID="LT4839" LABEL="HeadingLine:title" DESCRIPTION="line type HeadingLine:title"/>
  </Tags>
  
  <Layout>
    <Page WIDTH="1048"
          HEIGHT="1696"
          PHYSICAL_IMG_NR="56"
          ID="eSc_dummypage_">
      <PrintSpace HPOS="0"
                  VPOS="0"
                  WIDTH="1048"
                  HEIGHT="1696">
        
        <TextBlock HPOS="84"
                   VPOS="141"
                   WIDTH="913"
                   HEIGHT="1514"
                   ID="eSc_textblock_78c402e7"
                   TAGREFS="BT16086">
          <Shape><Polygon POINTS="541 141 878 141 997 169 991 1598 934 1649 113 1655 84 1615 101 1592 96 248 135 152 541 141"/></Shape>
          
          
          <TextLine ID="eSc_line_07dc7b31"
                    TAGREFS="LT4837"
                    BASELINE="127 220 965 217" 
                    HPOS="125"
                    VPOS="166"
                    WIDTH="840"
                    HEIGHT="92">
            <Shape><Polygon POINTS="127 220 127 241 205 244 216 255 216 257 217 257 219 257 220 258 239 258 239 257 240 257 241 257 241 255 255 243 282 252 284 252 285 252 287 252 322 243 374 243 397 257 398 257 400 257 401 257 403 257 451 243 462 252 462 254 463 254 465 254 544 257 545 257 547 257 588 247 690 250 691 250 693 250 694 250 708 241 724 250 725 250 726 250 728 250 746 241 769 255 770 255 772 255 773 255 775 255 804 241 834 255 835 255 837 257 888 257 888 255 889 255 891 255 903 247 939 255 940 255 941 255 943 255 944 255 965 240 965 217 963 168 946 166 944 166 943 166 941 166 940 168 913 187 888 169 885 166 883 166 882 166 881 166 879 166 878 166 875 169 851 187 786 171 769 166 767 166 766 166 765 166 755 171 726 187 674 179 673 179 671 179 650 187 630 173 620 166 619 166 618 166 616 166 615 166 585 173 528 168 527 168 526 168 524 168 511 176 490 190 424 190 412 178 403 169 403 168 401 168 400 168 323 168 322 168 321 168 319 168 319 169 306 180 298 190 251 190 241 182 234 176 233 176 231 176 230 176 229 176 227 176 227 178 222 182 214 189 125 185 127 220"/></Shape>
	    <String CONTENT="شود مثل صمقها که آن را شلم گويند و خدو گويننست"
                    HPOS="125"
                    VPOS="166"
                    WIDTH="840"
                    HEIGHT="92"
                    WC="0.895035926331865"></String>
          </TextLine>

          
          
          <TextLine ID="eSc_line_80c183d0"
                    TAGREFS="LT4837"
                    BASELINE="132 301 960 303" 
                    HPOS="131"
                    VPOS="250"
                    WIDTH="829"
                    HEIGHT="84">
            <Shape><Polygon POINTS="132 301 131 318 172 332 173 332 175 332 176 332 199 320 229 332 230 332 231 332 233 332 267 319 328 319 357 332 359 332 360 332 415 325 469 332 470 332 531 319 562 333 564 333 565 333 567 333 568 333 579 326 613 333 615 333 616 333 646 320 668 320 684 333 685 333 687 333 688 334 748 334 748 333 749 333 750 333 763 322 784 330 786 330 787 330 789 330 790 330 801 320 842 332 844 332 845 332 847 332 871 320 896 332 898 332 899 332 958 319 960 303 958 274 875 265 874 265 872 265 871 265 864 271 861 272 858 269 831 252 830 252 828 252 827 252 825 252 793 268 786 272 779 268 758 252 756 252 755 252 753 252 752 252 724 267 711 272 664 269 657 264 644 255 643 255 642 255 640 255 639 255 619 264 596 274 555 274 538 261 531 255 530 255 528 255 527 255 526 255 524 255 524 257 520 260 507 272 482 272 469 262 468 262 466 262 465 262 451 265 444 258 437 252 437 251 435 251 434 251 411 251 410 251 408 251 407 251 401 257 384 271 362 260 360 260 359 260 357 260 329 271 309 257 308 257 306 257 285 254 261 251 260 251 258 251 257 251 257 252 255 252 237 271 210 254 209 254 207 254 132 250 132 301"/></Shape>
	    <String CONTENT="به درختان ششم قوت مصوره و آن قوتی است گر از غدا"
                    HPOS="131"
                    VPOS="250"
                    WIDTH="829"
                    HEIGHT="84"
                    WC="0.8980162882556518"></String>
          </TextLine>

          
          
          <TextLine ID="eSc_line_417e6ef2"
                    TAGREFS="LT4837"
                    BASELINE="141 380 813 378 951 385" 
                    HPOS="141"
                    VPOS="327"
                    WIDTH="810"
                    HEIGHT="85">
            <Shape><Polygon POINTS="141 380 141 411 190 397 224 398 236 411 237 411 237 412 239 412 240 412 241 412 254 411 285 405 318 409 335 412 336 412 338 412 339 412 339 411 340 409 356 397 478 397 500 408 502 408 503 408 504 408 538 397 551 407 552 407 554 407 555 407 557 407 575 399 602 408 610 411 612 411 613 411 637 408 701 399 715 408 719 411 721 411 722 411 724 411 725 411 726 411 729 408 742 398 753 407 759 412 760 412 762 412 763 412 765 412 779 407 787 404 794 407 804 412 806 412 807 412 950 405 951 385 950 329 909 327 907 327 906 327 905 327 905 329 903 329 889 344 855 330 848 327 847 327 845 327 844 327 837 330 818 339 796 332 783 327 782 327 780 327 779 327 777 327 772 332 755 346 712 346 698 334 697 334 695 334 694 334 693 334 691 334 678 346 613 346 601 336 594 329 592 329 591 329 589 329 588 329 564 336 555 339 551 336 537 327 536 327 534 327 497 327 496 327 495 327 493 327 480 337 476 342 437 344 428 339 417 330 415 330 414 330 412 330 411 330 381 340 380 340 379 340 350 327 349 327 347 327 346 327 345 327 345 329 332 342 328 346 313 346 301 342 272 334 271 334 270 334 268 334 253 342 240 329 240 327 239 327 237 327 210 327 209 327 207 327 206 327 185 344 183 346 141 346 141 380"/></Shape>
	    <String CONTENT="برجم آنچه لطيف است جمع مى كند تا مشل آن چسمى"
                    HPOS="141"
                    VPOS="327"
                    WIDTH="810"
                    HEIGHT="85"
                    WC="0.9022175442913304"></String>
          </TextLine>

          
          
          <TextLine ID="eSc_line_7ac7cb18"
                    TAGREFS="LT4837"
                    BASELINE="127 446 967 452" 
                    HPOS="125"
                    VPOS="405"
                    WIDTH="842"
                    HEIGHT="84">
            <Shape><Polygon POINTS="127 446 125 474 202 464 213 476 220 481 220 483 222 483 223 483 224 484 241 484 241 483 243 483 244 483 254 476 270 464 306 464 321 474 333 484 335 484 336 484 338 484 339 484 363 474 370 472 380 474 418 484 420 484 421 484 475 473 507 466 533 473 579 486 581 486 582 486 636 473 647 483 649 483 650 483 651 483 653 483 654 483 668 474 688 486 690 486 691 486 753 477 769 487 770 487 772 487 773 489 808 489 808 487 810 487 845 477 885 487 886 487 888 487 889 487 891 487 907 474 913 480 915 480 916 480 917 480 919 480 920 480 920 479 932 469 965 469 967 452 967 422 936 409 934 409 933 409 932 409 930 409 913 421 898 409 896 409 895 409 893 409 892 409 891 409 891 411 879 421 879 422 804 422 799 421 759 408 758 408 719 408 718 408 717 408 684 421 677 422 671 421 650 414 649 414 647 414 603 419 588 422 585 419 574 411 574 409 572 409 571 409 569 409 568 409 567 409 554 419 551 422 541 419 506 409 504 409 503 409 502 409 500 409 485 419 482 421 468 419 427 414 425 414 386 419 367 421 364 418 356 412 354 412 353 412 352 412 350 412 326 418 323 419 322 418 313 411 313 409 312 409 311 409 309 409 272 418 268 419 265 418 251 405 250 405 248 405 247 405 127 416 127 446"/></Shape>
	    <String CONTENT="حاصل شود هفتم توت مولده وآن قوبی است كه از"
                    HPOS="125"
                    VPOS="405"
                    WIDTH="842"
                    HEIGHT="84"
                    WC="0.9290469302687534"></String>
          </TextLine>

          
          
          <TextLine ID="eSc_line_c4a56901"
                    TAGREFS="LT4837"
                    BASELINE="135 530 963 532" 
                    HPOS="134"
                    VPOS="480"
                    WIDTH="829"
                    HEIGHT="86">
            <Shape><Polygon POINTS="135 530 134 562 147 565 148 565 149 565 151 565 154 562 169 549 219 549 230 561 233 563 233 565 234 565 236 565 237 566 264 566 264 565 265 565 267 565 267 563 271 561 282 549 336 559 366 565 367 565 369 565 388 559 400 555 411 558 428 565 429 565 431 565 432 565 434 565 441 558 452 549 545 549 558 556 567 562 568 562 569 562 571 562 572 562 586 556 598 551 605 555 620 566 622 566 623 566 625 566 661 563 663 563 664 563 664 562 673 555 674 554 676 555 691 566 693 566 694 566 695 566 697 566 717 559 742 566 743 566 745 566 746 566 748 566 748 565 758 556 786 566 787 566 789 566 790 566 810 556 905 566 906 566 944 565 946 565 947 565 961 552 963 532 957 483 934 497 900 497 882 484 881 484 879 484 878 484 876 484 825 496 793 486 782 481 780 481 779 481 777 481 776 481 770 486 753 496 717 496 695 486 690 484 688 484 687 484 667 487 606 496 598 487 596 487 596 486 595 486 594 486 548 480 524 480 523 480 521 480 520 480 520 481 511 489 504 494 480 489 437 480 435 480 434 480 408 490 398 494 393 490 379 480 377 480 376 480 374 480 261 481 260 481 239 493 237 493 212 480 210 480 209 480 207 480 206 480 185 493 181 494 135 494 135 530"/></Shape>
	    <String CONTENT="جسم نباتی چيزی حاصل سازد که توانا بود که منشاع چسم"
                    HPOS="134"
                    VPOS="480"
                    WIDTH="829"
                    HEIGHT="86"
                    WC="0.9248961931467057"></String>
          </TextLine>

          
          
          <TextLine ID="eSc_line_73141526"
                    TAGREFS="LT4837"
                    BASELINE="131 604 963 613" 
                    HPOS="130"
                    VPOS="556"
                    WIDTH="833"
                    HEIGHT="91">
            <Shape><Polygon POINTS="131 604 130 630 226 624 234 631 240 636 240 637 241 637 243 637 332 640 333 640 335 640 336 640 346 631 353 626 366 631 386 640 387 640 388 640 424 631 444 627 455 631 482 643 483 643 485 643 486 643 514 631 521 628 528 631 554 644 555 644 557 644 558 644 577 637 646 644 647 644 649 644 650 644 671 631 676 628 680 631 705 645 707 645 708 647 783 647 783 645 784 645 786 645 786 644 800 631 801 630 806 631 864 643 865 643 961 630 963 613 963 570 957 565 957 563 956 563 954 563 900 563 899 563 898 563 896 563 885 572 882 575 833 578 821 572 800 562 799 562 797 562 796 562 794 562 777 572 773 575 765 572 743 565 742 565 741 565 739 565 738 565 738 566 731 572 726 576 712 572 691 566 690 566 688 566 653 572 633 575 627 572 606 561 605 561 534 559 533 559 531 559 510 568 476 559 475 559 473 559 472 559 470 559 453 570 448 575 410 575 353 570 319 569 302 558 301 558 299 558 298 558 297 558 268 568 231 556 230 556 198 556 196 556 195 556 193 556 193 558 181 570 179 570 131 570 131 604"/></Shape>
	    <String CONTENT="ديگر گردد مثل هنمين چسم چنانچه جمها بسبت با نبات تبنيه"
                    HPOS="130"
                    VPOS="556"
                    WIDTH="833"
                    HEIGHT="91"
                    WC="0.8913960594821859"></String>
          </TextLine>

          
          
          <TextLine ID="eSc_line_5d90eed9"
                    TAGREFS="LT4837"
                    BASELINE="131 678 964 682" 
                    HPOS="130"
                    VPOS="633"
                    WIDTH="834"
                    HEIGHT="80">
            <Shape><Polygon POINTS="131 678 130 701 158 709 159 709 161 709 162 709 164 709 164 708 172 701 179 693 234 693 241 701 250 708 250 709 251 709 253 709 254 709 255 709 274 702 308 709 309 709 311 709 312 709 312 708 321 699 323 696 347 695 353 699 354 701 354 702 356 702 357 702 359 702 360 702 362 702 364 699 369 696 373 699 381 708 381 709 383 709 384 709 386 710 410 710 410 709 411 709 412 709 412 708 422 699 428 695 465 695 473 699 493 709 495 709 496 709 497 709 499 709 513 699 519 695 527 699 552 709 554 709 555 710 589 710 589 709 591 709 592 709 605 699 613 706 613 708 615 708 616 708 618 708 619 708 649 701 684 712 685 712 687 712 789 703 814 712 816 712 817 713 886 713 886 712 888 712 926 696 963 696 964 682 964 651 885 651 885 650 868 636 866 636 865 636 864 636 776 650 772 650 769 650 748 643 746 643 745 643 743 643 721 650 717 650 601 650 599 648 548 634 547 634 526 634 524 634 523 634 521 634 503 648 499 648 408 633 407 633 352 644 339 634 338 634 336 634 335 634 333 634 332 634 318 644 302 633 301 633 299 633 298 633 297 633 275 644 258 637 257 637 255 637 254 637 234 647 233 647 189 633 188 633 186 633 131 645 131 678"/></Shape>
	    <String CONTENT="و در مرتبه حيوانى قوت چند كه در مرتبده جمادى دنبانى"
                    HPOS="130"
                    VPOS="633"
                    WIDTH="834"
                    HEIGHT="80"
                    WC="0.9079776184231627"></String>
          </TextLine>

          
          
          <TextLine ID="eSc_line_d30b2d61"
                    TAGREFS="LT4837"
                    BASELINE="135 750 957 756" 
                    HPOS="134"
                    VPOS="703"
                    WIDTH="823"
                    HEIGHT="79">
            <Shape><Polygon POINTS="135 750 134 766 142 774 142 775 144 775 145 775 147 775 148 775 149 775 164 766 186 775 188 775 189 775 190 775 192 775 207 763 209 763 248 763 251 764 270 778 271 778 272 778 274 778 312 777 313 777 315 777 315 775 328 766 332 761 359 766 381 768 383 768 398 766 417 763 421 767 424 768 424 770 425 770 427 770 428 770 459 767 499 763 506 767 521 780 523 780 524 780 545 781 547 782 657 782 657 781 659 781 678 770 688 764 700 771 715 781 717 781 718 781 719 782 777 782 777 781 779 781 780 781 792 773 801 766 845 766 869 774 898 782 899 782 900 782 956 774 957 756 956 708 922 708 920 708 919 708 917 708 895 725 872 708 871 708 869 708 842 708 841 708 840 708 838 708 810 723 793 709 792 709 790 709 789 709 787 709 786 709 765 726 731 709 725 706 724 706 722 706 721 706 715 709 683 726 643 726 622 710 620 710 619 710 618 710 616 710 615 710 595 723 579 710 577 708 577 706 575 706 574 706 572 706 571 706 561 710 530 723 516 710 514 709 513 709 511 709 510 709 509 709 506 710 479 725 400 725 383 712 376 705 374 705 373 705 371 705 370 705 354 712 332 723 289 723 280 712 271 705 271 703 270 703 268 703 267 703 265 703 234 712 202 703 200 703 199 703 198 703 196 703 196 705 188 713 185 716 168 716 165 713 156 705 156 703 155 703 154 703 152 703 151 703 135 710 135 750"/></Shape>
	    <String CONTENT="ندگور شد لازم نفس خيوانی است و لفس حيوانی ب"
                    HPOS="134"
                    VPOS="703"
                    WIDTH="823"
                    HEIGHT="79"
                    WC="0.9152487197587656"></String>
          </TextLine>

          
          
          <TextLine ID="eSc_line_834963a7"
                    TAGREFS="LT4837"
                    BASELINE="142 823 961 836" 
                    HPOS="141"
                    VPOS="775"
                    WIDTH="820"
                    HEIGHT="87">
            <Shape><Polygon POINTS="142 823 141 835 207 835 209 835 230 852 231 852 233 852 234 852 285 842 316 852 318 852 319 852 359 846 403 853 404 853 405 853 407 853 407 852 420 840 442 839 446 839 472 855 473 855 475 855 476 856 550 856 550 855 551 855 552 855 552 853 560 848 595 857 596 857 598 857 599 857 636 845 663 857 664 857 666 857 667 857 668 857 690 843 776 843 779 845 796 855 797 855 799 855 800 855 801 855 831 845 834 845 835 845 892 862 893 862 895 862 896 862 898 862 898 860 909 850 960 846 961 836 961 801 920 785 919 785 917 785 916 785 889 799 879 805 844 799 823 797 821 797 806 799 779 804 742 801 741 798 725 784 725 782 724 782 722 782 693 782 691 782 690 782 688 782 670 797 647 782 646 782 644 782 643 782 642 782 608 791 584 780 582 780 581 780 516 787 504 778 503 778 502 778 446 778 445 778 444 778 442 778 442 780 425 797 422 798 350 798 342 795 316 790 302 777 302 775 301 775 299 775 298 775 297 775 295 775 265 795 239 795 237 794 227 785 227 784 226 784 224 784 223 784 222 784 202 794 179 780 178 780 176 780 175 780 173 780 142 792 142 823"/></Shape>
	    <String CONTENT="دوارده قوت ديگر اول قوت لامسه وان قونى است"
                    HPOS="141"
                    VPOS="775"
                    WIDTH="820"
                    HEIGHT="87"
                    WC="0.9094833717459724"></String>
          </TextLine>

          
          
          <TextLine ID="eSc_line_c0bf7b7d"
                    TAGREFS="LT4837"
                    BASELINE="137 903 961 908" 
                    HPOS="135"
                    VPOS="855"
                    WIDTH="826"
                    HEIGHT="83">
            <Shape><Polygon POINTS="137 903 135 915 188 917 213 929 214 929 216 929 217 929 219 929 229 921 243 932 244 932 246 932 247 932 248 932 288 920 318 934 319 934 354 935 356 935 357 935 359 935 370 927 393 934 394 934 396 934 397 934 398 934 411 924 461 935 462 935 463 935 486 924 507 935 509 935 548 937 550 938 608 938 608 937 609 937 610 937 610 935 620 927 633 937 635 937 636 937 637 937 731 924 776 938 777 938 779 938 780 938 782 938 801 922 851 932 852 932 854 932 889 924 910 934 912 934 913 934 915 934 916 934 916 932 927 922 960 922 961 908 957 859 933 879 803 879 787 863 787 862 786 862 784 862 783 862 782 862 780 862 752 876 734 869 732 869 731 869 729 869 728 869 722 874 708 863 701 857 700 857 698 857 697 857 651 862 650 862 649 862 649 863 646 864 635 874 623 864 615 857 613 857 612 857 610 857 609 857 608 857 596 864 578 876 552 866 537 860 536 860 534 860 533 860 531 860 524 866 517 873 499 866 483 862 482 862 480 862 452 867 420 874 411 867 397 856 396 856 394 856 343 855 342 855 340 855 339 855 319 869 316 872 280 872 277 870 260 856 258 856 257 856 255 856 254 856 253 856 244 862 183 855 182 855 181 855 179 855 159 872 156 873 137 873 137 903"/></Shape>
	    <String CONTENT="که به آن مرمی و درشتی و کرمی و تری و خشکی چزها ادراک"
                    HPOS="135"
                    VPOS="855"
                    WIDTH="826"
                    HEIGHT="83"
                    WC="0.8866708357379122"></String>
          </TextLine>

          
          
          <TextLine ID="eSc_line_e1d00921"
                    TAGREFS="LT4837"
                    BASELINE="141 976 956 982" 
                    HPOS="140"
                    VPOS="931"
                    WIDTH="816"
                    HEIGHT="80">
            <Shape><Polygon POINTS="141 976 140 987 161 990 176 1004 176 1006 178 1006 179 1006 181 1006 182 1006 212 997 236 1007 237 1007 345 1009 346 1009 347 1009 349 1009 371 992 444 1009 445 1009 446 1009 507 992 534 1004 536 1004 537 1004 538 1004 569 993 595 1000 596 1000 598 1000 633 993 653 1010 654 1010 656 1010 657 1010 659 1010 715 993 734 993 758 1011 759 1011 760 1011 762 1011 763 1011 804 997 814 1006 814 1007 816 1007 817 1007 818 1007 820 1007 821 1007 831 1000 847 1009 848 1009 849 1009 900 997 929 1011 930 1011 932 1011 933 1011 934 1011 954 993 956 982 954 938 919 937 917 937 916 937 915 937 915 938 900 949 881 942 879 942 878 942 838 949 818 938 811 935 810 935 808 935 807 935 794 939 769 948 702 948 691 939 690 939 688 939 687 939 685 939 683 939 661 948 646 941 640 938 639 938 637 938 636 938 632 941 619 948 606 941 605 939 603 939 602 939 601 939 599 939 594 941 571 948 528 941 469 932 468 932 466 932 435 942 421 946 417 942 405 932 404 932 403 932 374 932 373 932 371 932 352 944 346 946 343 944 332 934 332 932 330 932 329 932 328 932 326 932 325 932 309 944 308 945 306 944 291 935 289 935 288 935 287 935 285 935 277 942 271 937 270 937 268 937 267 937 265 937 240 944 236 945 233 944 198 931 196 931 195 931 193 931 192 931 192 932 181 942 165 932 164 932 162 932 161 932 159 932 158 932 141 942 141 976"/></Shape>
	    <String CONTENT="میکند و جای وی دست است که بر تمام حيوانات حيط"
                    HPOS="140"
                    VPOS="931"
                    WIDTH="816"
                    HEIGHT="80"
                    WC="0.9396960841284858"></String>
          </TextLine>

          
          
          <TextLine ID="eSc_line_28ac577e"
                    TAGREFS="LT4837"
                    BASELINE="132 1054 957 1058" 
                    HPOS="131"
                    VPOS="1006"
                    WIDTH="826"
                    HEIGHT="80">
            <Shape><Polygon POINTS="132 1054 131 1075 222 1067 241 1076 251 1081 253 1081 254 1081 255 1081 257 1081 261 1076 274 1067 311 1067 356 1075 377 1079 379 1079 380 1079 388 1075 404 1067 468 1067 475 1075 480 1079 480 1081 482 1081 483 1081 602 1084 603 1084 605 1084 606 1084 619 1074 625 1068 642 1074 668 1081 670 1081 671 1081 673 1081 701 1072 712 1069 719 1072 745 1085 746 1085 748 1086 811 1086 811 1085 813 1085 814 1085 814 1084 825 1074 845 1084 847 1084 933 1085 934 1085 936 1085 937 1085 956 1071 957 1058 954 1020 869 1027 855 1017 854 1016 852 1016 851 1016 849 1016 848 1016 847 1016 845 1017 834 1027 801 1017 792 1014 790 1014 789 1014 787 1014 786 1014 786 1016 784 1017 773 1027 739 1016 728 1013 726 1013 725 1013 724 1013 717 1016 691 1027 632 1020 630 1020 547 1026 509 1013 507 1013 506 1013 504 1013 483 1021 468 1011 461 1007 459 1007 458 1007 456 1007 455 1007 453 1007 448 1011 431 1024 412 1011 407 1006 405 1006 404 1006 359 1006 357 1006 356 1006 354 1006 350 1010 335 1024 302 1010 301 1010 299 1010 265 1016 253 1009 250 1006 248 1006 247 1006 246 1006 132 1006 132 1054"/></Shape>
	    <String CONTENT="است دوم سامعه و آن توی است که به آنارازه"
                    HPOS="131"
                    VPOS="1006"
                    WIDTH="826"
                    HEIGHT="80"
                    WC="0.8722759144646781"></String>
          </TextLine>

          
          
          <TextLine ID="eSc_line_ada6e2b4"
                    TAGREFS="LT4837"
                    BASELINE="127 1126 954 1134" 
                    HPOS="125"
                    VPOS="1084"
                    WIDTH="829"
                    HEIGHT="80">
            <Shape><Polygon POINTS="127 1126 125 1137 188 1139 189 1140 214 1157 216 1157 217 1157 264 1158 265 1160 322 1160 322 1158 323 1158 363 1144 371 1141 381 1144 421 1160 422 1160 424 1160 425 1160 439 1153 451 1158 452 1158 453 1158 455 1158 456 1158 456 1157 468 1147 472 1143 502 1143 514 1149 538 1161 540 1161 541 1161 543 1161 565 1150 578 1144 635 1144 656 1153 683 1161 684 1161 685 1161 687 1161 688 1161 700 1154 714 1146 728 1146 738 1154 741 1157 741 1158 742 1158 743 1158 745 1158 763 1156 814 1146 841 1157 857 1164 858 1164 859 1164 953 1160 954 1134 954 1089 917 1086 916 1086 915 1086 913 1086 910 1089 889 1106 849 1106 820 1091 813 1086 811 1086 810 1086 808 1086 807 1086 803 1091 801 1091 799 1086 797 1086 797 1085 796 1085 794 1085 741 1085 739 1085 738 1085 725 1091 719 1093 711 1092 677 1084 589 1084 588 1084 586 1084 567 1093 548 1102 526 1093 521 1092 520 1092 519 1092 517 1092 513 1093 496 1100 459 1095 449 1093 448 1093 446 1093 441 1095 422 1100 415 1095 410 1091 410 1089 408 1089 407 1089 405 1089 345 1096 313 1099 311 1096 301 1088 301 1086 299 1086 298 1086 297 1086 295 1086 263 1096 258 1098 247 1096 171 1089 169 1089 168 1089 166 1089 166 1091 158 1098 158 1099 127 1099 127 1126"/></Shape>
	    <String CONTENT="را می شود جای وی گوش است سوم باصره وان"
                    HPOS="125"
                    VPOS="1084"
                    WIDTH="829"
                    HEIGHT="80"
                    WC="0.916992121621182"></String>
          </TextLine>

          
          
          <TextLine ID="eSc_line_84e1329d"
                    TAGREFS="LT4837"
                    BASELINE="127 1209 957 1212" 
                    HPOS="125"
                    VPOS="1157"
                    WIDTH="832"
                    HEIGHT="81">
            <Shape><Polygon POINTS="127 1209 125 1231 182 1236 183 1236 185 1236 198 1231 214 1223 267 1223 277 1229 285 1236 287 1236 288 1236 289 1236 291 1236 292 1236 302 1229 311 1223 316 1229 323 1235 323 1236 325 1236 326 1236 328 1236 329 1236 330 1236 330 1235 338 1229 345 1223 377 1223 384 1229 387 1232 388 1232 390 1232 391 1232 393 1232 401 1229 414 1223 487 1223 502 1228 528 1236 530 1236 531 1236 533 1236 551 1228 552 1228 633 1238 635 1238 636 1238 637 1238 637 1236 647 1228 717 1238 718 1238 719 1238 745 1228 766 1236 767 1236 769 1236 810 1231 926 1238 927 1238 929 1238 956 1223 957 1212 953 1158 909 1174 882 1167 881 1167 879 1167 813 1174 793 1160 792 1158 790 1158 789 1158 763 1158 762 1158 760 1158 759 1158 759 1160 756 1161 743 1175 707 1175 693 1163 691 1163 690 1163 688 1163 687 1163 685 1163 673 1174 610 1174 601 1164 596 1160 596 1158 595 1158 594 1158 592 1158 591 1158 579 1164 569 1170 565 1164 560 1160 560 1158 558 1158 557 1158 555 1158 554 1158 552 1158 544 1164 540 1167 536 1164 521 1157 520 1157 519 1157 517 1157 516 1157 504 1166 492 1173 466 1166 465 1166 463 1166 462 1166 461 1166 459 1166 439 1173 422 1167 410 1161 408 1161 407 1161 405 1161 404 1161 396 1167 386 1173 363 1167 326 1158 325 1158 278 1168 260 1173 250 1168 222 1157 220 1157 159 1157 158 1157 156 1157 127 1170 127 1209"/></Shape>
	    <String CONTENT="وتی است که بان چيزها را می بينند و جاى وی بشم"
                    HPOS="125"
                    VPOS="1157"
                    WIDTH="832"
                    HEIGHT="81"
                    WC="0.9108793569935693"></String>
          </TextLine>

          
          
          <TextLine ID="eSc_line_9e48d68f"
                    TAGREFS="LT4837"
                    BASELINE="128 1279 961 1284" 
                    HPOS="127"
                    VPOS="1233"
                    WIDTH="834"
                    HEIGHT="81">
            <Shape><Polygon POINTS="128 1279 127 1291 182 1307 183 1307 185 1307 322 1294 359 1310 360 1310 362 1311 387 1311 387 1310 388 1310 390 1310 390 1308 401 1298 437 1308 438 1308 544 1311 545 1311 547 1311 575 1297 627 1297 639 1305 640 1305 642 1305 643 1305 721 1297 750 1312 752 1312 753 1314 841 1314 841 1312 842 1312 844 1312 866 1298 893 1312 895 1312 896 1312 898 1312 899 1312 899 1311 913 1298 960 1298 961 1284 958 1246 929 1256 886 1249 885 1249 834 1256 813 1246 799 1240 797 1240 796 1240 794 1240 772 1246 742 1256 687 1256 674 1247 673 1246 671 1246 670 1246 668 1246 667 1246 663 1247 642 1255 632 1247 622 1239 620 1239 619 1239 618 1239 616 1239 615 1239 605 1247 601 1250 586 1247 577 1246 575 1246 574 1246 568 1247 545 1255 523 1255 517 1247 504 1236 504 1235 503 1235 502 1235 500 1235 499 1235 448 1247 445 1249 444 1247 431 1236 431 1235 429 1235 428 1235 374 1235 373 1235 371 1235 370 1235 370 1236 357 1247 340 1236 339 1236 338 1236 251 1233 250 1233 248 1233 247 1233 247 1235 230 1249 229 1250 227 1249 217 1240 216 1240 214 1240 213 1240 128 1249 128 1279"/></Shape>
	    <String CONTENT="است چهارم فوت شاميه و آن قوتیاست که برآن"
                    HPOS="127"
                    VPOS="1233"
                    WIDTH="834"
                    HEIGHT="81"
                    WC="0.9348832496574947"></String>
          </TextLine>

          
          
          <TextLine ID="eSc_line_1f91add7"
                    TAGREFS="LT4837"
                    BASELINE="125 1353 956 1368" 
                    HPOS="124"
                    VPOS="1310"
                    WIDTH="832"
                    HEIGHT="89">
            <Shape><Polygon POINTS="125 1353 124 1370 173 1372 206 1387 207 1387 209 1387 210 1387 236 1376 280 1376 288 1385 288 1386 289 1386 291 1386 292 1386 294 1386 295 1386 295 1385 305 1376 328 1383 329 1383 330 1383 332 1383 333 1383 340 1378 342 1376 345 1378 383 1390 384 1390 386 1390 441 1380 455 1378 459 1380 468 1387 469 1387 470 1387 530 1392 531 1392 592 1385 620 1380 626 1385 637 1394 639 1394 640 1394 642 1394 681 1386 698 1383 718 1387 739 1392 741 1392 742 1392 755 1389 775 1383 782 1389 790 1397 792 1397 793 1397 879 1399 881 1399 882 1399 883 1399 883 1397 889 1392 895 1387 902 1392 910 1399 912 1399 913 1399 915 1399 954 1393 956 1368 954 1322 888 1334 874 1322 872 1322 871 1322 869 1322 868 1322 840 1332 828 1322 827 1321 827 1320 825 1320 824 1320 784 1318 783 1318 782 1318 780 1318 780 1320 777 1322 770 1328 763 1322 762 1321 762 1320 760 1320 759 1320 758 1320 756 1320 749 1322 726 1331 714 1322 708 1317 707 1317 705 1317 704 1317 702 1317 701 1317 695 1322 684 1331 626 1331 601 1322 584 1317 582 1317 581 1317 579 1317 562 1322 540 1328 511 1322 480 1315 479 1315 478 1315 476 1315 466 1322 463 1322 461 1318 459 1318 459 1317 458 1317 456 1317 455 1317 412 1321 354 1311 353 1311 352 1311 326 1322 321 1324 306 1322 233 1310 231 1310 125 1321 125 1353"/></Shape>
	    <String CONTENT="بوى چيزها را مى بويد و جاى وى ديارغ است به جم توت"
                    HPOS="124"
                    VPOS="1310"
                    WIDTH="832"
                    HEIGHT="89"
                    WC="0.9281189855264158"></String>
          </TextLine>

          
          
          <TextLine ID="eSc_line_4cb48292"
                    TAGREFS="LT4837"
                    BASELINE="123 1434 957 1431" 
                    HPOS="121"
                    VPOS="1382"
                    WIDTH="836"
                    HEIGHT="85">
            <Shape><Polygon POINTS="123 1434 123 1461 148 1464 149 1464 151 1464 152 1464 152 1462 155 1461 164 1451 188 1451 202 1461 207 1465 209 1465 210 1465 212 1467 407 1467 407 1465 408 1465 437 1457 444 1455 455 1457 485 1461 486 1461 487 1461 489 1461 495 1455 502 1450 578 1450 584 1455 592 1462 592 1464 594 1464 595 1464 596 1464 598 1464 632 1455 642 1464 643 1464 644 1464 646 1464 709 1461 711 1461 728 1452 755 1464 756 1464 758 1465 837 1465 837 1464 838 1464 840 1464 840 1462 849 1454 869 1459 871 1459 872 1459 874 1459 875 1459 889 1450 892 1450 956 1450 957 1431 951 1387 906 1403 838 1403 818 1386 814 1382 813 1382 811 1382 810 1382 808 1382 807 1382 807 1383 803 1386 786 1403 760 1403 738 1386 734 1382 732 1382 731 1382 729 1382 728 1382 719 1386 690 1403 612 1403 577 1385 569 1382 568 1382 567 1382 565 1382 564 1382 564 1383 561 1385 543 1403 502 1403 466 1387 465 1387 463 1387 462 1387 445 1397 428 1385 428 1383 427 1383 425 1383 424 1383 418 1385 364 1397 342 1383 340 1383 339 1383 338 1383 336 1383 335 1383 304 1403 277 1383 275 1383 274 1383 272 1383 271 1383 270 1383 237 1397 223 1385 223 1383 222 1383 220 1383 219 1383 217 1383 198 1390 190 1385 190 1383 189 1383 188 1383 121 1383 123 1434"/></Shape>
	    <String CONTENT="رايقه و آن قوتی است که به آن طعم هر چير را بدان تو"
                    HPOS="121"
                    VPOS="1382"
                    WIDTH="836"
                    HEIGHT="85"
                    WC="0.9019637073461826"></String>
          </TextLine>

          
          
          <TextLine ID="eSc_line_0b14521a"
                    TAGREFS="LT4837"
                    BASELINE="121 1512 956 1512" 
                    HPOS="121"
                    VPOS="1465"
                    WIDTH="835"
                    HEIGHT="78">
            <Shape><Polygon POINTS="121 1512 121 1524 145 1537 147 1537 148 1537 149 1537 172 1526 287 1526 297 1534 298 1534 299 1534 301 1534 302 1534 333 1526 357 1541 359 1541 360 1541 362 1543 396 1543 396 1541 397 1541 398 1541 408 1533 446 1541 448 1541 449 1541 451 1541 473 1526 507 1526 523 1540 523 1541 524 1541 526 1541 527 1543 558 1543 558 1541 560 1541 561 1541 561 1540 578 1526 595 1526 609 1539 609 1540 610 1540 612 1540 613 1540 615 1540 633 1534 642 1541 643 1541 644 1541 646 1543 724 1543 724 1541 725 1541 726 1541 736 1533 803 1541 804 1541 806 1541 807 1541 807 1540 818 1530 825 1536 825 1537 827 1537 828 1537 830 1537 831 1537 833 1537 840 1532 893 1541 895 1541 896 1541 956 1524 956 1512 951 1472 941 1481 924 1472 913 1467 912 1467 872 1465 871 1465 869 1465 868 1465 868 1467 861 1472 851 1482 814 1474 790 1468 789 1468 787 1468 786 1468 777 1474 762 1484 666 1484 651 1475 636 1465 635 1465 633 1465 632 1465 630 1465 612 1475 599 1482 552 1482 524 1479 521 1476 513 1468 513 1467 511 1467 510 1467 509 1467 507 1467 506 1467 493 1476 490 1479 486 1476 470 1468 469 1468 468 1468 466 1468 442 1476 429 1482 422 1478 407 1467 405 1467 404 1467 366 1465 364 1465 363 1465 326 1478 316 1482 312 1478 304 1471 304 1469 302 1469 301 1469 299 1469 298 1469 271 1478 246 1465 244 1465 178 1465 176 1465 175 1465 173 1465 173 1467 168 1471 161 1465 159 1465 158 1465 156 1465 155 1465 121 1479 121 1512"/></Shape>
	    <String CONTENT="دريافت جاى زير زبان است واين بپنج قوت را خوش"
                    HPOS="121"
                    VPOS="1465"
                    WIDTH="835"
                    HEIGHT="78"
                    WC="0.9108481332659721"></String>
          </TextLine>

          
          
          <TextLine ID="eSc_line_6bcbaec5"
                    TAGREFS="LT4837"
                    BASELINE="114 1597 842 1594 947 1585" 
                    HPOS="113"
                    VPOS="1533"
                    WIDTH="834"
                    HEIGHT="97">
            <Shape><Polygon POINTS="114 1597 114 1616 154 1616 155 1616 182 1630 183 1630 185 1630 233 1622 308 1630 309 1630 311 1630 312 1630 330 1616 369 1630 370 1630 371 1630 373 1630 374 1630 393 1615 394 1615 439 1629 441 1629 442 1629 444 1629 475 1615 521 1628 523 1628 524 1628 526 1628 527 1628 537 1619 544 1625 544 1626 545 1626 547 1626 605 1629 606 1629 608 1629 609 1629 616 1622 629 1629 630 1629 632 1629 633 1629 635 1629 649 1618 661 1628 663 1628 664 1628 666 1629 715 1629 715 1628 717 1628 718 1628 728 1619 756 1625 758 1625 759 1625 760 1625 773 1614 794 1625 796 1625 797 1625 799 1625 800 1625 816 1615 827 1621 828 1621 830 1621 831 1621 833 1621 841 1612 946 1611 947 1585 940 1543 926 1556 849 1556 837 1544 824 1533 823 1533 821 1533 800 1533 799 1533 797 1533 796 1533 782 1546 767 1557 705 1557 680 1546 660 1539 659 1539 657 1539 656 1539 654 1539 654 1540 647 1547 639 1554 616 1547 598 1541 596 1541 595 1541 594 1541 578 1547 552 1557 541 1547 526 1534 524 1534 523 1534 472 1534 470 1534 469 1534 468 1534 455 1546 435 1536 434 1536 432 1536 431 1536 393 1549 370 1557 346 1550 325 1543 323 1543 322 1543 321 1543 319 1543 309 1550 308 1550 294 1537 294 1536 292 1536 291 1536 241 1536 240 1536 239 1536 237 1536 212 1551 210 1551 209 1551 195 1537 195 1536 193 1536 192 1536 166 1536 165 1536 164 1536 134 1551 131 1553 113 1553 114 1597"/></Shape>
	    <String CONTENT="مسه ظاهر گويند ششم حسن شترك فتم خيال شتم داي"
                    HPOS="113"
                    VPOS="1533"
                    WIDTH="834"
                    HEIGHT="97"
                    WC="0.9125889478759333"></String>
          </TextLine>

          
        </TextBlock>
        
        <TextBlock HPOS="490"
                   VPOS="50"
                   WIDTH="101"
                   HEIGHT="67"
                   ID="eSc_textblock_8488f4ed"
                   TAGREFS="BT16093">
          <Shape><Polygon POINTS="524 50 585 56 591 100 562 117 502 100 490 73 524 50"/></Shape>
          
          
          <TextLine ID="eSc_line_0bddaf5b"
                    TAGREFS="LT4837"
                    BASELINE="517 84 574 80" 
                    HPOS="514"
                    VPOS="50"
                    WIDTH="61"
                    HEIGHT="67">
            <Shape><Polygon POINTS="557 53 543 52 537 50 514 57 517 84 519 115 551 117 552 117 554 117 555 117 575 101 574 80 571 55 557 53"/></Shape>
	    <String CONTENT=""
                    HPOS="514"
                    VPOS="50"
                    WIDTH="61"
                    HEIGHT="67"></String>
          </TextLine>

          
        </TextBlock>
        

        
      </PrintSpace>
    </Page>
  </Layout>
</alto>
