<?xml version="1.0" encoding="UTF-8"?>
<alto xmlns:xsi="http://www.w3.org/2001/XMLSchema-instance"
      xmlns="http://www.loc.gov/standards/alto/ns-v4#"
      xsi:schemaLocation="http://www.loc.gov/standards/alto/ns-v4# http://www.loc.gov/standards/alto/v4/alto-4-2.xsd">
  <Description>
    <MeasurementUnit>pixel</MeasurementUnit>
    <sourceImageInformation>
      <fileName>Rasail007.jpg</fileName>
      
    </sourceImageInformation>
  </Description>
  
  <Tags>
    <OtherTag ID="BT16094" LABEL="default" DESCRIPTION="block type default"/><OtherTag ID="BT16093" LABEL="NumberingZone:page" DESCRIPTION="block type NumberingZone:page"/><OtherTag ID="BT16092" LABEL="MarginTextZone:note" DESCRIPTION="block type MarginTextZone:note"/><OtherTag ID="BT16091" LABEL="TitlePageZone" DESCRIPTION="block type TitlePageZone"/><OtherTag ID="BT16090" LABEL="QuireMarksZone:catchwords" DESCRIPTION="block type QuireMarksZone:catchwords"/><OtherTag ID="BT16089" LABEL="NumberingZone:other" DESCRIPTION="block type NumberingZone:other"/><OtherTag ID="BT16088" LABEL="NumberingZone" DESCRIPTION="block type NumberingZone"/><OtherTag ID="BT16087" LABEL="MarginTextZone" DESCRIPTION="block type MarginTextZone"/><OtherTag ID="BT16086" LABEL="MainZone" DESCRIPTION="block type MainZone"/><OtherTag ID="BT16085" LABEL="DigitizationArtefactZone" DESCRIPTION="block type DigitizationArtefactZone"/><OtherTag ID="BT2" LABEL="Main" DESCRIPTION="block type Main"/><OtherTag ID="BT1" LABEL="Title" DESCRIPTION="block type Title"/>
    <OtherTag ID="LT4837" LABEL="DefaultLine" DESCRIPTION="line type DefaultLine"/><OtherTag ID="LT4838" LABEL="default" DESCRIPTION="line type default"/><OtherTag ID="LT4839" LABEL="HeadingLine:title" DESCRIPTION="line type HeadingLine:title"/>
  </Tags>
  
  <Layout>
    <Page WIDTH="1118"
          HEIGHT="1860"
          PHYSICAL_IMG_NR="35"
          ID="eSc_dummypage_">
      <PrintSpace HPOS="0"
                  VPOS="0"
                  WIDTH="1118"
                  HEIGHT="1860">
        
        <TextBlock HPOS="62"
                   VPOS="167"
                   WIDTH="1037"
                   HEIGHT="1660"
                   ID="eSc_textblock_c49bece6"
                   TAGREFS="BT16086">
          <Shape><Polygon POINTS="383 167 907 198 981 248 1055 378 1062 618 1086 644 1099 806 1093 1666 1062 1802 741 1827 117 1827 62 1771 80 1257 62 688 86 378 117 327 117 254 161 198 383 167"/></Shape>
          
          
          <TextLine ID="eSc_line_b692e92f"
                    TAGREFS="LT4837"
                    BASELINE="350 509 832 514" 
                    HPOS="348"
                    VPOS="452"
                    WIDTH="484"
                    HEIGHT="99">
            <Shape><Polygon POINTS="350 509 348 547 418 548 420 548 421 548 423 548 427 545 458 528 489 528 510 542 519 550 521 550 522 550 524 551 624 551 624 550 626 550 672 536 674 536 676 536 707 551 708 551 710 551 711 551 713 551 733 534 738 531 831 531 832 514 832 482 804 480 778 455 778 454 776 454 775 454 773 454 772 454 739 471 722 455 721 455 719 455 717 455 716 455 714 455 708 461 674 452 672 452 607 452 606 452 604 452 603 452 572 478 570 478 449 478 449 477 407 460 406 460 404 460 403 460 350 475 350 509"/></Shape>
	    <String CONTENT="در تحقمق كلمه كن برد چه ايجاد"
                    HPOS="348"
                    VPOS="452"
                    WIDTH="484"
                    HEIGHT="99"
                    WC="0.852669248293186"></String>
          </TextLine>

          
          
          <TextLine ID="eSc_line_6d38b513"
                    TAGREFS="LT4837"
                    BASELINE="110 668 984 685" 
                    HPOS="108"
                    VPOS="610"
                    WIDTH="876"
                    HEIGHT="101">
            <Shape><Polygon POINTS="110 668 108 689 482 689 503 699 513 703 514 703 516 703 533 700 558 694 573 700 584 705 586 705 587 705 604 702 640 692 657 702 663 706 665 706 666 706 668 706 700 703 764 695 804 705 824 709 826 709 846 706 891 697 905 706 910 711 911 711 913 711 914 711 916 711 925 708 945 699 979 708 984 685 984 626 935 626 933 626 931 626 930 626 907 640 885 629 883 629 882 629 880 629 879 629 879 630 868 641 829 644 815 635 814 635 812 635 810 635 755 643 724 632 722 632 721 632 719 632 694 641 665 627 652 621 651 621 649 621 648 621 646 621 646 623 640 627 626 640 606 640 596 627 592 624 592 623 590 623 589 623 587 623 586 623 567 627 539 635 530 627 528 627 527 627 525 627 524 627 522 627 503 638 431 638 410 629 395 623 393 623 145 610 144 610 142 610 110 627 110 668"/></Shape>
	    <String CONTENT="برآنکه مشهور در ميان تمام طوالف آن است که ل کن رعلت"
                    HPOS="108"
                    VPOS="610"
                    WIDTH="876"
                    HEIGHT="101"
                    WC="0.8488032435471157"></String>
          </TextLine>

          
          
          <TextLine ID="eSc_line_f5b203a4"
                    TAGREFS="LT4837"
                    BASELINE="111 742 1057 761" 
                    HPOS="110"
                    VPOS="694"
                    WIDTH="947"
                    HEIGHT="91">
            <Shape><Polygon POINTS="111 742 110 754 136 767 138 767 139 767 141 767 142 767 153 757 231 757 234 757 266 771 268 771 269 773 313 773 313 771 314 771 316 771 331 759 336 761 383 773 384 773 386 773 449 764 460 762 466 764 503 776 505 776 507 778 555 778 555 776 556 776 558 776 572 767 576 764 579 767 592 778 593 778 595 778 596 778 671 770 705 767 730 771 758 778 759 778 787 773 818 768 832 775 835 776 837 776 838 776 849 775 891 770 905 778 919 784 921 784 922 784 953 779 969 776 975 779 987 785 989 785 990 785 1055 781 1057 761 1055 713 919 725 880 711 879 711 877 711 876 711 874 711 855 725 818 725 693 722 662 705 657 703 655 703 654 703 641 705 593 714 583 705 583 703 581 703 579 703 527 702 525 702 524 702 519 703 477 716 446 702 441 700 440 700 438 700 437 700 435 700 434 702 417 713 400 702 398 702 396 702 395 702 330 713 313 700 313 699 311 699 310 699 308 699 307 699 303 700 282 709 263 699 262 699 260 699 258 699 255 699 200 711 167 697 159 694 158 694 156 694 111 695 111 742"/></Shape>
	    <String CONTENT="نمام هوجودات است چنانچه قرآن مدان ناطقاست"
                    HPOS="110"
                    VPOS="694"
                    WIDTH="947"
                    HEIGHT="91"
                    WC="0.8998019205672401"></String>
          </TextLine>

          
          
          <TextLine ID="eSc_line_317b6ec7"
                    TAGREFS="LT4837"
                    BASELINE="114 823 396 823 1051 838" 
                    HPOS="113"
                    VPOS="767"
                    WIDTH="938"
                    HEIGHT="94">
            <Shape><Polygon POINTS="114 823 113 830 173 844 175 844 226 835 237 833 289 833 296 837 311 846 313 846 314 846 384 840 427 837 438 841 455 850 457 850 458 850 460 850 479 844 507 852 508 852 510 854 558 854 558 852 559 852 561 852 561 850 567 846 570 843 575 846 583 852 583 854 584 854 586 854 587 854 618 847 637 844 648 849 662 855 663 855 665 855 666 855 677 850 682 847 728 852 772 855 773 855 775 855 783 854 817 844 876 857 896 860 897 860 913 858 972 847 1048 861 1051 838 1051 802 896 802 886 798 871 793 869 793 868 793 866 793 852 798 848 799 845 798 834 787 834 785 832 785 831 785 829 785 828 785 826 785 812 796 810 798 804 796 742 779 741 779 662 775 646 775 645 775 643 775 641 775 641 776 624 793 621 795 525 795 519 790 491 773 489 773 488 773 486 773 485 773 483 773 465 788 462 792 460 788 432 770 431 770 429 770 320 768 319 768 317 768 316 768 316 770 299 784 289 776 288 776 286 776 285 776 283 776 268 781 252 768 252 767 251 767 249 767 248 767 215 770 213 770 212 770 212 771 198 784 195 785 182 782 125 771 124 771 122 771 120 771 114 776 114 823"/></Shape>
	    <String CONTENT="أنها أمره إذا أزر شيء أن يقول له كن فيكون"
                    HPOS="113"
                    VPOS="767"
                    WIDTH="938"
                    HEIGHT="94"
                    WC="0.9525394860817038"></String>
          </TextLine>

          
          
          <TextLine ID="eSc_line_9141f9db"
                    TAGREFS="LT4837"
                    BASELINE="116 916 1051 928" 
                    HPOS="114"
                    VPOS="861"
                    WIDTH="937"
                    HEIGHT="100">
            <Shape><Polygon POINTS="114 926 144 940 145 940 147 940 229 928 254 948 254 950 255 950 257 950 258 951 320 951 320 950 322 950 359 931 448 931 471 945 472 945 474 945 476 945 477 945 479 945 499 933 547 933 562 942 564 942 565 942 567 942 569 942 584 934 617 954 618 954 620 954 621 956 651 956 651 954 652 954 654 954 669 942 683 953 685 953 686 953 688 953 722 947 733 954 734 954 736 954 738 954 739 954 741 954 762 937 784 956 786 956 787 956 789 956 790 956 832 942 849 956 851 956 852 956 854 957 885 957 885 956 886 956 919 937 950 959 952 959 953 959 955 961 1017 961 1017 959 1018 959 1020 959 1049 937 1051 928 1048 874 1031 881 1011 874 1009 874 1007 874 1006 874 1004 874 992 883 945 874 944 874 942 874 941 874 925 886 907 872 905 872 904 872 885 872 880 872 879 872 877 872 817 888 786 888 770 874 770 872 769 872 767 872 766 872 764 872 728 886 697 878 696 878 694 878 607 885 587 868 586 868 584 868 541 868 516 868 514 868 513 868 511 868 499 877 477 868 476 868 474 868 472 868 471 868 454 881 417 881 376 866 375 866 373 866 293 880 262 864 260 864 258 864 257 864 234 875 206 863 204 863 203 863 201 863 158 877 117 861 116 916 114 926"/></Shape>
	    <String CONTENT="يعنی به درستيکه امر ما هر پيزی را که دجود نخواهسيم داد ان"
                    HPOS="114"
                    VPOS="861"
                    WIDTH="937"
                    HEIGHT="100"
                    WC="0.8779321793924298"></String>
          </TextLine>

          
          
          <TextLine ID="eSc_line_acddf326"
                    TAGREFS="LT4837"
                    BASELINE="113 1009 1055 1012" 
                    HPOS="113"
                    VPOS="954"
                    WIDTH="942"
                    HEIGHT="82">
            <Shape><Polygon POINTS="113 1009 113 1016 145 1016 147 1016 162 1027 164 1027 165 1027 167 1027 169 1027 170 1027 184 1016 186 1016 223 1016 224 1016 243 1033 244 1033 246 1033 248 1033 338 1018 353 1016 454 1016 465 1019 482 1026 483 1026 485 1026 519 1019 542 1016 547 1021 555 1027 555 1029 556 1029 558 1029 596 1035 598 1035 600 1035 614 1027 620 1033 620 1035 621 1035 623 1035 624 1036 702 1036 702 1035 703 1035 705 1035 724 1023 731 1018 738 1023 758 1035 759 1035 761 1035 762 1035 764 1035 766 1035 784 1023 786 1021 787 1023 801 1035 803 1035 804 1035 806 1036 891 1036 891 1035 893 1035 894 1035 904 1026 916 1032 917 1032 919 1032 921 1032 941 1026 959 1018 969 1026 976 1032 978 1032 979 1032 981 1032 983 1032 998 1026 1017 1018 1052 1026 1055 1012 1054 965 880 956 879 956 877 956 841 968 823 974 809 968 787 959 786 959 784 959 783 959 764 970 758 973 752 970 744 964 742 964 741 964 739 964 738 964 736 964 728 970 713 984 671 984 659 971 657 971 657 970 655 970 654 970 652 970 651 970 649 970 648 971 632 984 586 984 553 982 545 973 534 964 534 962 533 962 531 962 530 962 474 970 455 961 454 961 452 961 451 961 449 961 432 973 412 956 412 954 410 954 409 954 302 954 300 954 299 954 297 954 297 956 272 978 269 981 223 981 218 979 210 971 209 971 207 971 206 971 167 979 159 981 158 979 144 968 142 968 141 968 139 968 138 968 113 979 113 1009"/></Shape>
	    <String CONTENT="است كه بگويم به شويس بيست شود و كلمه كن نبزد"
                    HPOS="113"
                    VPOS="954"
                    WIDTH="942"
                    HEIGHT="82"
                    WC="0.905019067905166"></String>
          </TextLine>

          
          
          <TextLine ID="eSc_line_02873eab"
                    TAGREFS="LT4837"
                    BASELINE="108 1088 1060 1098" 
                    HPOS="106"
                    VPOS="1040"
                    WIDTH="954"
                    HEIGHT="80">
            <Shape><Polygon POINTS="108 1088 106 1097 243 1111 244 1111 376 1102 421 1112 423 1112 424 1112 511 1103 524 1112 524 1114 525 1114 527 1114 528 1114 530 1114 562 1105 648 1105 703 1116 705 1116 828 1109 879 1117 880 1117 922 1108 947 1119 948 1119 950 1120 1032 1120 1032 1119 1034 1119 1059 1108 1060 1098 1055 1057 1040 1061 1031 1057 1024 1052 1023 1052 1021 1052 1020 1052 997 1057 950 1066 905 1057 885 1052 883 1052 882 1052 866 1057 835 1064 815 1057 790 1046 789 1046 787 1046 786 1046 758 1057 739 1063 727 1057 710 1047 708 1047 707 1047 705 1047 683 1057 665 1063 595 1063 584 1057 570 1049 569 1049 567 1049 565 1049 550 1057 541 1061 534 1057 519 1043 517 1043 516 1043 514 1043 513 1043 485 1054 474 1044 472 1044 471 1044 406 1043 404 1043 403 1043 401 1043 401 1044 389 1054 379 1047 378 1047 376 1047 375 1047 373 1047 358 1057 351 1060 307 1060 303 1057 286 1041 285 1041 283 1041 238 1040 237 1040 235 1040 204 1057 186 1040 184 1040 182 1040 181 1040 179 1040 178 1040 162 1054 144 1046 142 1046 141 1046 139 1046 108 1055 108 1088"/></Shape>
	    <String CONTENT=" انهانعيارتست از اتبری که هبارارغ مکنوبات"
                    HPOS="106"
                    VPOS="1040"
                    WIDTH="954"
                    HEIGHT="80"
                    WC="0.8912602386823515"></String>
          </TextLine>

          
          
          <TextLine ID="eSc_line_224f3268"
                    TAGREFS="LT4837"
                    BASELINE="111 1171 1063 1179" 
                    HPOS="111"
                    VPOS="1125"
                    WIDTH="952"
                    HEIGHT="77">
            <Shape><Polygon POINTS="111 1171 111 1188 226 1182 246 1190 263 1196 265 1196 266 1196 268 1196 269 1196 277 1190 288 1182 341 1182 350 1190 353 1193 355 1193 356 1193 358 1193 383 1190 427 1184 448 1190 471 1198 472 1198 600 1199 601 1199 603 1199 604 1199 604 1198 612 1191 614 1190 617 1191 626 1198 628 1198 629 1198 631 1198 632 1198 659 1191 680 1185 691 1191 710 1201 711 1201 713 1201 758 1191 778 1187 786 1191 801 1201 803 1201 804 1201 806 1201 860 1191 869 1190 873 1191 882 1199 883 1199 885 1199 948 1201 950 1201 952 1201 953 1201 964 1191 966 1191 997 1202 998 1202 1000 1202 1001 1202 1023 1191 1032 1188 1060 1191 1063 1179 1060 1139 1034 1150 905 1150 885 1136 877 1129 876 1129 874 1129 873 1129 841 1136 790 1145 776 1134 770 1129 769 1129 767 1129 766 1129 764 1129 762 1129 762 1131 758 1134 744 1148 719 1148 705 1136 703 1136 702 1136 700 1136 603 1145 581 1136 579 1136 578 1136 576 1136 558 1143 542 1133 541 1133 539 1133 538 1133 536 1133 493 1145 468 1145 443 1129 440 1126 438 1126 437 1126 435 1126 434 1126 427 1129 400 1140 375 1128 370 1126 369 1126 367 1126 358 1128 322 1136 302 1126 296 1125 294 1125 293 1125 291 1125 289 1125 288 1126 268 1140 254 1129 252 1129 251 1129 249 1129 248 1129 246 1129 237 1139 212 1125 210 1125 209 1125 111 1125 111 1171"/></Shape>
	    <String CONTENT="است و در ذات خود اختهاخ به غيرنه دارد و اين را اثر"
                    HPOS="111"
                    VPOS="1125"
                    WIDTH="952"
                    HEIGHT="77"
                    WC="0.9206905478239059"></String>
          </TextLine>

          
          
          <TextLine ID="eSc_line_98ffea7b"
                    TAGREFS="LT4837"
                    BASELINE="114 1260 739 1271 1063 1266" 
                    HPOS="114"
                    VPOS="1213"
                    WIDTH="949"
                    HEIGHT="79">
            <Shape><Polygon POINTS="114 1260 114 1271 176 1271 178 1271 213 1284 215 1284 217 1284 218 1284 255 1272 293 1272 333 1272 367 1286 369 1286 370 1288 427 1288 427 1286 429 1286 431 1286 446 1274 479 1288 480 1288 482 1289 589 1289 589 1288 590 1288 628 1278 713 1289 714 1289 772 1277 894 1291 896 1291 897 1291 921 1280 938 1291 939 1291 941 1291 942 1291 944 1291 966 1280 1009 1280 1038 1292 1040 1292 1042 1292 1043 1292 1045 1292 1062 1278 1063 1266 1057 1221 1032 1236 1021 1227 1021 1226 1020 1226 1018 1226 1017 1226 1015 1226 987 1240 939 1222 938 1222 936 1222 935 1222 933 1222 931 1222 896 1240 810 1240 784 1224 770 1218 769 1218 736 1218 734 1218 733 1218 731 1218 731 1219 724 1226 711 1236 676 1226 665 1222 663 1222 662 1222 660 1222 654 1226 634 1236 601 1227 587 1222 586 1222 584 1222 583 1222 572 1227 559 1232 550 1227 536 1219 534 1219 533 1219 531 1219 530 1219 530 1221 522 1227 514 1233 505 1227 497 1222 496 1222 494 1222 493 1222 491 1222 471 1229 452 1233 441 1229 414 1215 412 1215 410 1215 409 1215 407 1215 389 1229 381 1235 359 1235 355 1230 338 1215 338 1213 336 1213 334 1213 296 1213 294 1213 293 1213 291 1213 291 1215 282 1222 269 1213 268 1213 266 1213 218 1213 217 1213 215 1213 213 1213 189 1230 125 1222 124 1222 122 1222 120 1222 114 1227 114 1260"/></Shape>
	    <String CONTENT="عير موتر لصور نيايد کرد تا دونی لازم نيايد بدستيکه"
                    HPOS="114"
                    VPOS="1213"
                    WIDTH="949"
                    HEIGHT="79"
                    WC="0.9152784085273743"></String>
          </TextLine>

          
          
          <TextLine ID="eSc_line_8f7c9137"
                    TAGREFS="LT4837"
                    BASELINE="128 1337 330 1337 792 1353 1060 1350" 
                    HPOS="127"
                    VPOS="1283"
                    WIDTH="933"
                    HEIGHT="91">
            <Shape><Polygon POINTS="128 1337 127 1346 145 1357 147 1357 148 1357 241 1348 258 1360 260 1360 262 1360 263 1360 265 1360 289 1350 330 1350 339 1350 341 1350 421 1364 423 1364 480 1353 497 1365 499 1365 500 1365 660 1368 662 1370 755 1370 755 1368 756 1368 758 1368 770 1359 793 1370 795 1370 797 1370 798 1370 821 1360 888 1368 890 1368 891 1368 893 1368 900 1360 922 1373 924 1373 925 1373 972 1367 981 1374 983 1374 984 1374 986 1374 1059 1362 1060 1350 1059 1300 1029 1300 1028 1300 1026 1300 1024 1300 1024 1302 1004 1320 950 1309 948 1309 947 1309 904 1320 880 1312 879 1312 877 1312 798 1317 784 1306 783 1306 781 1306 779 1306 778 1306 776 1306 767 1314 755 1302 755 1300 753 1300 752 1300 750 1300 748 1300 716 1311 696 1294 694 1294 693 1294 691 1294 690 1294 688 1294 665 1309 649 1294 649 1292 648 1292 646 1292 645 1292 603 1302 583 1291 581 1291 559 1291 558 1291 556 1291 555 1291 524 1311 488 1311 477 1300 477 1298 476 1298 474 1298 472 1298 471 1298 432 1311 406 1300 404 1300 403 1300 358 1309 341 1295 339 1295 338 1295 336 1295 262 1308 231 1305 212 1286 212 1284 210 1284 209 1284 128 1283 128 1337"/></Shape>
	    <String CONTENT="ظر برين و چه ادا نمايد که کن عبارت است از اما"
                    HPOS="127"
                    VPOS="1283"
                    WIDTH="933"
                    HEIGHT="91"
                    WC="0.9139247649245792"></String>
          </TextLine>

          
          
          <TextLine ID="eSc_line_1a76b61d"
                    TAGREFS="LT4837"
                    BASELINE="116 1426 1063 1439" 
                    HPOS="114"
                    VPOS="1373"
                    WIDTH="949"
                    HEIGHT="91">
            <Shape><Polygon POINTS="116 1426 114 1439 125 1447 127 1447 128 1447 130 1447 131 1447 133 1447 147 1438 184 1446 186 1446 187 1446 203 1438 218 1452 218 1453 220 1453 221 1453 223 1455 296 1455 296 1453 297 1453 299 1453 299 1452 310 1443 325 1453 327 1453 328 1453 384 1455 386 1455 443 1441 448 1441 620 1441 628 1446 663 1460 665 1460 666 1460 668 1460 669 1460 690 1446 691 1446 708 1460 710 1460 711 1460 756 1461 758 1461 759 1461 793 1453 854 1461 855 1461 857 1461 859 1461 859 1460 869 1450 891 1457 893 1457 894 1457 896 1457 913 1450 922 1449 955 1450 955 1452 966 1463 966 1464 967 1464 969 1464 970 1464 972 1464 1012 1453 1031 1449 1060 1453 1063 1439 1060 1399 1024 1402 1017 1398 1009 1391 1007 1391 1006 1391 1004 1391 1003 1391 1001 1391 993 1398 987 1402 964 1398 948 1395 947 1395 916 1398 876 1401 865 1396 834 1382 832 1382 831 1382 829 1382 807 1395 797 1384 797 1382 795 1382 793 1382 753 1381 707 1381 705 1381 703 1381 702 1381 685 1395 680 1398 645 1395 626 1393 617 1384 617 1382 615 1382 614 1382 612 1382 561 1393 548 1396 539 1393 496 1377 494 1377 493 1377 491 1377 489 1377 471 1393 468 1395 445 1395 443 1393 427 1377 427 1376 426 1376 424 1376 375 1376 373 1376 372 1376 370 1376 347 1391 345 1391 336 1384 336 1382 334 1382 333 1382 331 1382 286 1387 263 1374 262 1374 220 1373 218 1373 217 1373 193 1381 173 1373 172 1373 170 1373 169 1373 167 1373 148 1390 147 1390 116 1390 116 1426"/></Shape>
	    <String CONTENT="و ولايت تعلق به خلق کرده است الير الاه"
                    HPOS="114"
                    VPOS="1373"
                    WIDTH="949"
                    HEIGHT="91"
                    WC="0.8876131224004846"></String>
          </TextLine>

          
          
          <TextLine ID="eSc_line_98976de4"
                    TAGREFS="LT4837"
                    BASELINE="122 1506 1062 1522" 
                    HPOS="120"
                    VPOS="1460"
                    WIDTH="942"
                    HEIGHT="86">
            <Shape><Polygon POINTS="122 1506 120 1522 184 1517 209 1526 221 1529 223 1529 224 1529 246 1526 291 1519 299 1528 308 1536 308 1537 310 1537 311 1537 313 1537 314 1537 348 1528 378 1520 387 1529 390 1531 390 1532 392 1532 393 1532 395 1532 396 1532 404 1529 414 1525 423 1529 438 1536 440 1536 441 1536 443 1536 445 1536 451 1529 462 1522 486 1522 496 1531 503 1539 503 1540 505 1540 507 1540 671 1542 672 1542 674 1542 694 1534 716 1526 773 1526 784 1536 790 1540 790 1542 792 1542 793 1542 795 1542 821 1537 859 1528 877 1537 894 1546 896 1546 897 1546 1011 1542 1012 1542 1014 1542 1015 1540 1028 1531 1057 1540 1062 1522 1060 1472 1031 1474 1029 1474 1028 1474 1009 1488 921 1488 883 1472 876 1469 874 1469 873 1469 854 1472 781 1484 748 1475 747 1475 745 1475 744 1475 742 1475 733 1483 705 1472 688 1466 686 1466 663 1466 662 1466 660 1466 659 1466 652 1472 641 1481 621 1472 617 1470 615 1470 614 1470 612 1470 610 1470 609 1472 600 1477 595 1472 589 1466 589 1464 587 1464 586 1464 562 1464 561 1464 559 1464 558 1464 548 1472 538 1480 514 1472 485 1463 483 1463 482 1463 480 1463 457 1472 446 1477 427 1472 384 1461 383 1461 381 1461 379 1461 353 1472 348 1474 314 1474 313 1472 293 1460 291 1460 289 1460 288 1460 122 1472 122 1506"/></Shape>
	    <String CONTENT="گلهم باز گشت و اختيارج چميع موجودات امرگا"
                    HPOS="120"
                    VPOS="1460"
                    WIDTH="942"
                    HEIGHT="86"
                    WC="0.9189709948330391"></String>
          </TextLine>

          
          
          <TextLine ID="eSc_line_8517ae65"
                    TAGREFS="LT4837"
                    BASELINE="111 1590 913 1607 1063 1599" 
                    HPOS="110"
                    VPOS="1536"
                    WIDTH="953"
                    HEIGHT="93">
            <Shape><Polygon POINTS="111 1590 110 1607 189 1605 198 1610 203 1613 204 1613 206 1613 207 1613 209 1613 210 1613 215 1610 229 1602 319 1602 351 1610 372 1616 373 1616 375 1616 376 1616 378 1616 384 1612 393 1604 462 1612 534 1619 536 1619 538 1619 552 1612 562 1607 573 1612 593 1621 595 1621 596 1621 598 1621 631 1613 649 1608 676 1613 738 1624 739 1624 797 1613 810 1612 818 1613 851 1625 852 1625 854 1625 904 1615 905 1615 907 1615 981 1629 983 1629 1062 1615 1063 1599 1059 1548 1009 1557 1007 1557 1006 1557 1006 1559 990 1571 970 1559 969 1559 967 1559 966 1559 890 1570 880 1562 880 1560 879 1560 877 1560 876 1560 848 1562 832 1550 829 1546 828 1546 826 1546 824 1546 823 1546 815 1550 770 1568 711 1568 683 1553 682 1553 680 1553 679 1553 677 1553 657 1567 581 1567 567 1553 567 1551 565 1551 564 1551 494 1537 379 1536 378 1536 376 1536 375 1536 348 1554 313 1540 311 1540 310 1540 308 1540 279 1554 271 1559 251 1556 182 1542 181 1542 179 1542 178 1542 178 1543 162 1556 162 1557 111 1557 111 1590"/></Shape>
	    <String CONTENT="خلتی بولات ايامت است پير جا كه ذکر ايامت بود"
                    HPOS="110"
                    VPOS="1536"
                    WIDTH="953"
                    HEIGHT="93"
                    WC="0.8904479857195507"></String>
          </TextLine>

          
          
          <TextLine ID="eSc_line_0794f8a2"
                    TAGREFS="LT4837"
                    BASELINE="96 1681 365 1678 1063 1691" 
                    HPOS="94"
                    VPOS="1615"
                    WIDTH="969"
                    HEIGHT="97">
            <Shape><Polygon POINTS="96 1681 94 1691 111 1700 113 1700 114 1700 116 1700 134 1691 150 1684 263 1684 310 1694 319 1695 320 1695 328 1694 369 1686 378 1695 379 1695 379 1697 381 1697 383 1697 384 1697 386 1697 392 1695 415 1687 505 1687 524 1697 541 1706 542 1706 544 1708 610 1708 610 1706 612 1706 614 1706 621 1698 628 1695 646 1698 691 1708 693 1708 725 1700 747 1695 758 1701 775 1709 776 1709 778 1709 779 1709 801 1701 810 1698 818 1701 838 1711 840 1711 841 1712 890 1712 890 1711 891 1711 893 1711 905 1703 908 1700 911 1703 921 1711 922 1711 924 1711 925 1711 1062 1705 1063 1691 1062 1644 998 1650 989 1643 973 1630 973 1629 972 1629 970 1629 969 1629 967 1629 966 1629 947 1643 936 1649 803 1649 787 1641 758 1629 756 1629 755 1629 753 1629 752 1629 734 1641 724 1647 711 1639 677 1622 676 1622 674 1622 672 1622 671 1622 645 1638 620 1624 618 1624 617 1624 615 1624 573 1639 572 1639 569 1638 542 1629 541 1629 539 1629 538 1629 536 1629 525 1638 517 1644 477 1644 471 1638 463 1632 463 1630 462 1630 460 1630 458 1630 457 1630 455 1630 445 1638 437 1643 427 1638 390 1618 389 1618 339 1618 338 1618 336 1618 334 1618 334 1619 320 1630 305 1618 303 1618 302 1618 169 1615 167 1615 165 1615 128 1635 122 1638 96 1635 96 1681"/></Shape>
	    <String CONTENT="امام شود اين مراد او را احتيارج به باسوا نيست شخصيکه"
                    HPOS="94"
                    VPOS="1615"
                    WIDTH="969"
                    HEIGHT="97"
                    WC="0.9014416749660785"></String>
          </TextLine>

          
          
          <TextLine ID="eSc_line_ba03001f"
                    TAGREFS="LT4837"
                    BASELINE="114 1760 1059 1765" 
                    HPOS="113"
                    VPOS="1712"
                    WIDTH="946"
                    HEIGHT="81">
            <Shape><Polygon POINTS="114 1760 113 1787 128 1788 130 1788 131 1788 133 1788 133 1787 153 1771 328 1771 351 1787 353 1787 355 1787 356 1787 358 1787 359 1787 392 1771 420 1787 427 1790 429 1790 431 1790 448 1787 472 1780 494 1787 508 1790 510 1790 511 1790 513 1790 514 1790 521 1787 538 1776 573 1784 575 1784 576 1784 578 1784 578 1782 590 1773 628 1773 646 1785 651 1790 652 1790 654 1790 838 1791 840 1791 841 1791 860 1785 877 1779 896 1785 899 1785 900 1785 902 1785 904 1785 905 1785 919 1774 942 1785 959 1791 961 1791 962 1793 998 1793 998 1791 1000 1791 1001 1791 1012 1784 1028 1776 1054 1784 1059 1765 1055 1717 961 1726 952 1718 950 1717 950 1715 948 1715 947 1715 897 1715 896 1715 894 1715 893 1715 893 1717 890 1718 873 1736 824 1736 807 1720 806 1718 804 1718 803 1718 801 1718 800 1718 798 1718 797 1720 775 1734 758 1723 756 1723 755 1723 753 1723 752 1723 717 1732 703 1723 702 1723 700 1723 699 1723 697 1723 677 1734 610 1734 596 1723 592 1720 590 1720 589 1720 587 1720 552 1725 485 1732 474 1725 460 1714 458 1714 457 1714 455 1714 454 1714 429 1726 418 1731 403 1726 372 1717 370 1717 369 1717 367 1717 365 1717 350 1728 347 1729 341 1728 308 1715 307 1715 305 1715 303 1715 272 1728 248 1712 246 1712 244 1712 151 1712 150 1712 148 1712 114 1729 114 1760"/></Shape>
	    <String CONTENT="مظر و حافظ رتبه ولايتوايامت است اور مامر"
                    HPOS="113"
                    VPOS="1712"
                    WIDTH="946"
                    HEIGHT="81"
                    WC="0.8852820470929146"></String>
          </TextLine>

          
        </TextBlock>
        
        <TextBlock HPOS="581"
                   VPOS="74"
                   WIDTH="98"
                   HEIGHT="73"
                   ID="eSc_textblock_7ee965e4"
                   TAGREFS="BT16093">
          <Shape><Polygon POINTS="606 74 666 74 679 134 600 147 581 99 606 74"/></Shape>
          
          
          <TextLine ID="eSc_line_f4651307"
                    TAGREFS="LT4837"
                    BASELINE="603 119 643 114" 
                    HPOS="600"
                    VPOS="79"
                    WIDTH="45"
                    HEIGHT="65">
            <Shape><Polygon POINTS="603 119 604 134 621 144 623 144 624 144 626 144 628 144 645 133 643 114 635 79 600 94 603 119"/></Shape>
	    <String CONTENT=""
                    HPOS="600"
                    VPOS="79"
                    WIDTH="45"
                    HEIGHT="65"></String>
          </TextLine>

          
        </TextBlock>
        

        
      </PrintSpace>
    </Page>
  </Layout>
</alto>
