<?xml version="1.0" encoding="UTF-8"?>
<alto xmlns:xsi="http://www.w3.org/2001/XMLSchema-instance"
      xmlns="http://www.loc.gov/standards/alto/ns-v4#"
      xsi:schemaLocation="http://www.loc.gov/standards/alto/ns-v4# http://www.loc.gov/standards/alto/v4/alto-4-2.xsd">
  <Description>
    <MeasurementUnit>pixel</MeasurementUnit>
    <sourceImageInformation>
      <fileName>Rasail120.jpg</fileName>
      
    </sourceImageInformation>
  </Description>
  
  <Tags>
    <OtherTag ID="BT16094" LABEL="default" DESCRIPTION="block type default"/><OtherTag ID="BT16093" LABEL="NumberingZone:page" DESCRIPTION="block type NumberingZone:page"/><OtherTag ID="BT16092" LABEL="MarginTextZone:note" DESCRIPTION="block type MarginTextZone:note"/><OtherTag ID="BT16091" LABEL="TitlePageZone" DESCRIPTION="block type TitlePageZone"/><OtherTag ID="BT16090" LABEL="QuireMarksZone:catchwords" DESCRIPTION="block type QuireMarksZone:catchwords"/><OtherTag ID="BT16089" LABEL="NumberingZone:other" DESCRIPTION="block type NumberingZone:other"/><OtherTag ID="BT16088" LABEL="NumberingZone" DESCRIPTION="block type NumberingZone"/><OtherTag ID="BT16087" LABEL="MarginTextZone" DESCRIPTION="block type MarginTextZone"/><OtherTag ID="BT16086" LABEL="MainZone" DESCRIPTION="block type MainZone"/><OtherTag ID="BT16085" LABEL="DigitizationArtefactZone" DESCRIPTION="block type DigitizationArtefactZone"/><OtherTag ID="BT2" LABEL="Main" DESCRIPTION="block type Main"/><OtherTag ID="BT1" LABEL="Title" DESCRIPTION="block type Title"/>
    <OtherTag ID="LT4837" LABEL="DefaultLine" DESCRIPTION="line type DefaultLine"/><OtherTag ID="LT4838" LABEL="default" DESCRIPTION="line type default"/><OtherTag ID="LT4839" LABEL="HeadingLine:title" DESCRIPTION="line type HeadingLine:title"/>
  </Tags>
  
  <Layout>
    <Page WIDTH="1175"
          HEIGHT="1686"
          PHYSICAL_IMG_NR="148"
          ID="eSc_dummypage_">
      <PrintSpace HPOS="0"
                  VPOS="0"
                  WIDTH="1175"
                  HEIGHT="1686">
        
        <TextBlock HPOS="67"
                   VPOS="140"
                   WIDTH="1011"
                   HEIGHT="1471"
                   ID="eSc_textblock_7dee8913"
                   TAGREFS="BT16086">
          <Shape><Polygon POINTS="179 140 999 146 1078 162 1078 1454 1066 1583 1044 1611 146 1611 101 1583 67 1049 101 768 78 354 101 318 106 179 134 146 179 140"/></Shape>
          
          
          <TextLine ID="eSc_line_1c9143df"
                    TAGREFS="LT4837"
                    BASELINE="115 231 1054 207" 
                    HPOS="112"
                    VPOS="157"
                    WIDTH="942"
                    HEIGHT="100">
            <Shape><Polygon POINTS="115 231 115 244 148 254 150 254 151 254 216 243 233 255 234 255 236 255 237 257 278 257 278 255 279 255 281 255 303 241 387 247 389 247 390 247 392 247 404 238 418 250 418 251 420 251 421 251 423 251 501 250 541 248 542 248 543 248 543 247 553 238 580 247 581 247 583 247 584 247 586 247 586 245 600 234 649 243 650 243 652 243 653 243 667 231 683 244 684 244 685 244 687 245 716 245 716 244 718 244 719 244 719 243 729 233 775 227 777 227 791 233 792 233 794 233 886 226 914 238 916 238 917 238 919 238 978 221 1054 219 1054 207 1049 167 1011 175 1000 167 989 157 988 157 986 157 943 157 941 157 940 157 938 157 938 158 927 168 917 178 860 179 827 170 826 170 825 170 823 170 822 170 805 182 768 182 747 170 743 167 742 167 740 167 739 167 737 167 736 167 733 170 716 185 687 185 669 171 663 165 661 165 660 165 659 165 657 165 642 171 612 182 576 172 567 170 566 170 565 170 563 170 562 170 562 171 560 172 548 184 529 172 524 168 522 168 521 168 520 168 518 168 501 172 490 175 477 172 456 170 455 170 453 170 445 174 410 192 331 193 268 175 267 175 265 175 264 175 262 175 260 175 206 192 171 178 170 178 112 178 115 231"/></Shape>
	    <String CONTENT="بود لميکن در مر برهم ماقده پديرد هم فايده رسان بمستجدان"
                    HPOS="112"
                    VPOS="157"
                    WIDTH="942"
                    HEIGHT="100"
                    WC="0.8769514815373854"></String>
          </TextLine>

          
          
          <TextLine ID="eSc_line_467774ed"
                    TAGREFS="LT4837"
                    BASELINE="116 309 715 289 1056 290" 
                    HPOS="115"
                    VPOS="241"
                    WIDTH="941"
                    HEIGHT="90">
            <Shape><Polygon POINTS="116 309 118 331 139 324 154 330 157 331 158 331 160 331 272 330 274 330 281 327 293 320 356 324 396 327 397 327 399 327 400 327 404 323 414 316 446 321 469 325 470 325 472 325 487 320 513 311 529 320 534 321 535 321 536 321 538 321 539 321 542 318 562 307 600 311 601 311 647 303 792 310 794 310 795 310 836 297 927 297 959 306 976 311 978 311 979 311 981 311 995 306 1011 299 1054 303 1056 290 1054 247 1003 241 1002 241 1000 241 999 241 989 250 983 254 968 250 955 248 954 248 952 248 947 251 933 259 867 259 857 254 846 248 844 248 843 248 841 248 829 255 816 262 761 262 754 257 753 255 751 255 750 255 749 255 728 258 694 262 688 259 673 250 671 250 670 250 669 250 591 251 590 251 588 251 588 252 577 262 574 265 569 262 553 252 552 252 550 252 549 252 548 252 517 265 510 266 500 265 470 259 469 259 468 259 466 259 466 261 459 266 456 269 446 266 410 255 409 255 407 255 406 255 387 264 375 258 373 258 372 258 371 258 369 258 352 269 347 273 314 273 312 271 296 258 295 258 293 258 292 258 231 259 230 259 188 275 185 276 115 276 116 309"/></Shape>
	    <String CONTENT="باشد و رخصت او به ازن با زون مطلق و داعی محدود"
                    HPOS="115"
                    VPOS="241"
                    WIDTH="941"
                    HEIGHT="90"
                    WC="0.9485534649828206"></String>
          </TextLine>

          
          
          <TextLine ID="eSc_line_72f2c472"
                    TAGREFS="LT4837"
                    BASELINE="120 379 1054 362" 
                    HPOS="119"
                    VPOS="318"
                    WIDTH="935"
                    HEIGHT="89">
            <Shape><Polygon POINTS="120 379 120 393 140 404 141 404 143 404 196 394 223 404 224 404 226 404 274 396 286 406 288 406 289 406 290 407 349 407 349 406 351 406 382 391 430 400 431 400 432 400 462 387 514 401 515 401 517 403 565 403 565 401 566 401 567 401 567 400 587 383 588 382 632 382 633 382 657 400 659 400 660 400 661 400 663 400 699 380 701 379 764 379 872 379 945 394 947 394 974 391 975 391 976 391 999 375 1018 387 1020 387 1021 387 1023 387 1024 387 1054 373 1054 362 1051 331 978 318 976 318 975 318 974 318 951 332 943 338 923 338 917 334 899 320 898 320 896 320 895 320 893 320 892 320 872 334 857 323 855 323 854 323 853 323 851 323 826 335 823 338 768 340 760 338 715 324 713 324 712 324 711 324 709 324 691 340 690 341 684 340 639 325 638 325 636 325 518 327 517 327 445 345 442 345 438 345 389 340 387 340 386 340 355 347 349 348 345 348 267 332 265 332 264 332 243 342 216 335 215 335 213 335 212 335 210 335 210 337 193 351 193 352 119 352 120 379"/></Shape>
	    <String CONTENT="ودی راعات و حجت اعظم باشدداونيز صحاب"
                    HPOS="119"
                    VPOS="318"
                    WIDTH="935"
                    HEIGHT="89"
                    WC="0.8798083224230342"></String>
          </TextLine>

          
          
          <TextLine ID="eSc_line_79c05da4"
                    TAGREFS="LT4837"
                    BASELINE="775 441 1051 436" 
                    HPOS="774"
                    VPOS="393"
                    WIDTH="277"
                    HEIGHT="77">
            <Shape><Polygon POINTS="775 441 777 470 812 452 829 463 830 463 832 463 833 463 886 452 896 460 906 469 907 469 909 469 910 470 958 470 958 469 1051 446 1051 436 1047 393 957 404 923 400 886 394 885 394 840 404 833 406 829 406 799 396 798 396 796 396 795 396 774 406 775 441"/></Shape>
	    <String CONTENT="اليمين باشد"
                    HPOS="774"
                    VPOS="393"
                    WIDTH="277"
                    HEIGHT="77"
                    WC="0.8825825777920809"></String>
          </TextLine>

          
          
          <TextLine ID="eSc_line_8f9f225c"
                    TAGREFS="LT4837"
                    BASELINE="632 519 688 517" 
                    HPOS="628"
                    VPOS="467"
                    WIDTH="60"
                    HEIGHT="66">
            <Shape><Polygon POINTS="632 519 632 533 688 533 688 517 685 477 628 467 632 519"/></Shape>
	    <String CONTENT="فعد"
                    HPOS="628"
                    VPOS="467"
                    WIDTH="60"
                    HEIGHT="66"
                    WC="0.994634747505188"></String>
          </TextLine>

          
          
          <TextLine ID="eSc_line_394de114"
                    TAGREFS="LT4837"
                    BASELINE="400 637 735 637" 
                    HPOS="400"
                    VPOS="594"
                    WIDTH="335"
                    HEIGHT="78">
            <Shape><Polygon POINTS="400 637 400 661 416 670 417 670 418 670 420 670 432 663 439 670 439 671 441 671 442 671 444 672 531 672 531 671 532 671 534 671 534 670 542 663 542 661 543 663 560 670 562 670 563 670 565 670 579 663 583 661 639 661 643 664 654 671 656 671 657 671 659 671 735 664 735 637 733 605 695 608 690 605 671 594 670 594 669 594 667 594 666 594 664 594 652 605 647 609 631 609 625 606 600 595 598 595 597 595 595 595 566 606 563 608 560 606 542 595 541 595 539 595 489 594 487 594 400 608 400 637"/></Shape>
	    <String CONTENT="در بيان با دون مخدود"
                    HPOS="400"
                    VPOS="594"
                    WIDTH="335"
                    HEIGHT="78"
                    WC="0.867377607524395"></String>
          </TextLine>

          
          
          <TextLine ID="eSc_line_3004cd65"
                    TAGREFS="LT4837"
                    BASELINE="126 758 355 748 976 739" 
                    HPOS="125"
                    VPOS="681"
                    WIDTH="851"
                    HEIGHT="97">
            <Shape><Polygon POINTS="126 758 127 775 144 768 158 774 167 778 168 778 170 778 200 774 223 769 227 772 233 776 234 776 236 776 237 776 324 775 326 775 327 775 335 769 348 761 380 768 413 774 414 774 416 774 417 774 417 772 418 772 423 767 428 758 553 758 559 762 562 765 563 765 565 765 566 765 567 765 569 765 573 761 580 757 595 761 628 769 629 769 631 769 632 769 633 769 633 768 642 760 643 758 643 760 657 765 659 765 660 765 706 757 728 754 733 757 751 767 753 767 754 768 788 768 788 767 789 767 812 754 813 754 815 754 839 761 840 761 841 761 976 748 976 739 972 698 913 698 912 698 889 682 888 682 886 682 860 681 858 681 857 681 816 698 813 701 781 701 733 701 732 699 716 685 716 684 715 684 713 684 712 684 711 684 709 684 691 699 687 702 664 702 661 699 642 685 640 685 639 685 638 685 636 685 635 685 617 698 577 687 576 687 574 687 573 687 572 687 550 701 543 705 532 701 498 688 497 688 496 688 445 689 444 689 411 702 394 709 380 709 373 702 362 692 361 692 359 692 358 692 278 703 269 703 262 703 203 694 202 694 200 694 199 694 182 703 170 712 157 703 156 702 154 702 153 702 151 702 125 703 126 758"/></Shape>
	    <String CONTENT="در مرتبر وين و دعوت را از بازون مطلق و داعی و"
                    HPOS="125"
                    VPOS="681"
                    WIDTH="851"
                    HEIGHT="97"
                    WC="0.9065447787443797"></String>
          </TextLine>

          
          
          <TextLine ID="eSc_line_d165cd91"
                    TAGREFS="LT4837"
                    BASELINE="133 831 1048 816" 
                    HPOS="132"
                    VPOS="762"
                    WIDTH="916"
                    HEIGHT="88">
            <Shape><Polygon POINTS="133 831 133 843 143 848 144 848 146 848 147 848 161 843 167 840 177 841 215 850 216 850 217 850 250 840 257 838 261 840 278 848 279 848 281 848 282 848 283 848 296 838 302 835 307 838 323 847 324 847 326 848 382 848 382 847 383 847 411 837 418 834 427 835 461 845 462 845 463 845 532 834 549 831 563 833 626 843 628 843 629 843 631 843 647 831 650 830 667 831 784 840 785 840 787 840 788 840 805 827 816 827 882 826 920 826 945 826 958 835 958 837 959 837 961 837 962 837 1048 821 1048 816 1045 776 983 772 982 772 981 772 961 778 954 779 952 778 936 762 934 762 933 762 896 762 895 762 893 762 892 762 892 764 875 779 858 779 853 779 837 767 837 765 836 765 834 765 801 764 799 764 798 764 796 764 782 774 774 767 773 767 771 767 770 767 768 767 709 782 705 783 702 782 670 767 669 767 635 767 633 767 573 781 555 772 553 772 552 772 550 772 525 783 513 778 511 778 510 778 445 788 444 788 411 771 410 771 409 771 407 771 364 789 364 791 349 791 328 791 304 774 303 774 302 774 300 774 299 774 269 789 251 779 250 779 248 779 247 779 245 779 230 791 160 786 158 786 157 786 132 793 133 831"/></Shape>
	    <String CONTENT="حجت رخصت گرفته باشد تا امرخق به جاى بماند امر رمد"
                    HPOS="132"
                    VPOS="762"
                    WIDTH="916"
                    HEIGHT="88"
                    WC="0.9196533408700204"></String>
          </TextLine>

          
          
          <TextLine ID="eSc_line_350295be"
                    TAGREFS="LT4837"
                    BASELINE="118 896 1049 890" 
                    HPOS="116"
                    VPOS="845"
                    WIDTH="933"
                    HEIGHT="76">
            <Shape><Polygon POINTS="118 896 118 909 139 920 140 920 141 921 299 921 299 920 300 920 326 907 362 911 364 911 365 911 366 911 366 910 372 906 372 904 373 906 400 918 401 918 403 918 404 918 406 918 427 906 448 916 449 916 451 916 452 916 453 916 466 904 469 903 479 904 550 914 552 914 615 903 624 902 626 903 633 910 635 910 636 910 638 910 694 907 708 916 709 916 711 916 712 916 713 916 715 916 732 903 744 913 746 913 747 913 749 913 750 913 751 913 770 902 773 902 813 910 815 910 816 910 818 910 818 909 826 902 827 900 855 900 858 902 889 914 891 914 892 916 892 914 893 914 926 900 927 900 955 900 957 900 969 911 969 913 971 913 972 913 974 913 975 913 999 900 1000 900 1048 900 1049 890 1048 862 1018 854 1017 854 1016 854 1014 854 1013 854 1002 862 1000 864 930 864 929 862 903 852 902 852 900 852 899 852 898 852 884 862 882 864 843 864 843 862 805 845 803 845 753 845 751 845 750 845 749 845 729 864 728 865 699 865 697 864 670 848 669 848 667 848 666 848 619 864 618 864 567 847 566 847 565 847 563 847 535 861 524 855 522 855 521 855 520 855 503 864 501 865 500 864 483 855 482 855 480 855 479 855 462 864 462 865 461 864 439 851 438 851 437 851 378 847 376 847 375 847 373 847 358 857 317 848 193 848 192 848 191 848 189 848 175 859 116 865 118 896"/></Shape>
	    <String CONTENT="زپير رازمرنه دانند و از خد خود ببرون نه رونله که ظلم ات"
                    HPOS="116"
                    VPOS="845"
                    WIDTH="933"
                    HEIGHT="76"
                    WC="0.8844000529159199"></String>
          </TextLine>

          
          
          <TextLine ID="eSc_line_9fc05756"
                    TAGREFS="LT4837"
                    BASELINE="120 980 1048 963" 
                    HPOS="119"
                    VPOS="916"
                    WIDTH="929"
                    HEIGHT="85">
            <Shape><Polygon POINTS="120 980 120 994 161 991 168 996 175 1001 177 1001 178 1001 179 1001 181 1001 182 1001 189 996 199 989 275 989 282 994 286 997 286 998 288 998 289 998 290 1000 330 1000 330 998 331 998 333 998 340 994 354 986 406 993 407 993 409 993 410 993 428 984 441 993 445 996 446 996 448 996 449 996 465 993 490 987 534 991 557 994 559 994 560 994 567 991 594 982 652 982 666 990 666 991 667 991 669 991 670 991 677 990 713 982 728 990 729 990 730 990 732 990 733 990 735 990 746 980 764 990 765 990 767 990 768 990 780 989 850 982 877 989 879 989 881 989 882 989 884 989 885 989 893 980 906 987 907 987 909 987 971 975 1047 986 1048 963 1042 925 1026 932 1017 925 1004 916 1003 916 1002 916 1000 916 999 916 978 927 961 937 889 937 877 930 868 924 867 924 865 924 864 924 827 931 812 934 808 931 784 918 782 918 743 918 742 918 740 918 701 934 683 927 681 927 680 927 678 927 677 927 666 935 657 941 636 937 618 932 617 932 588 938 562 942 556 938 548 931 546 931 545 931 543 931 504 938 456 924 455 924 453 924 376 925 375 925 373 925 351 944 347 948 324 948 321 945 302 928 302 927 300 927 299 927 297 927 231 928 230 928 229 928 217 937 199 928 198 928 196 928 195 928 193 928 193 930 177 944 165 935 164 935 163 935 161 935 160 935 158 935 158 937 144 949 143 951 119 951 120 980"/></Shape>
	    <String CONTENT="بر مغسان ايشانددر بنی هوای نفس نه گفشند"
                    HPOS="119"
                    VPOS="916"
                    WIDTH="929"
                    HEIGHT="85"
                    WC="0.8949347275954026"></String>
          </TextLine>

          
          
          <TextLine ID="eSc_line_df1304d8"
                    TAGREFS="LT4837"
                    BASELINE="777 1035 1045 1036" 
                    HPOS="775"
                    VPOS="979"
                    WIDTH="270"
                    HEIGHT="83">
            <Shape><Polygon POINTS="777 1035 775 1046 830 1060 832 1060 833 1060 855 1050 861 1049 881 1049 885 1053 892 1059 892 1060 893 1060 895 1060 896 1060 898 1060 913 1055 926 1049 936 1055 943 1060 944 1060 945 1060 947 1062 1044 1062 1045 1036 1045 1003 1009 979 1007 979 1006 979 947 979 945 979 944 979 905 1000 877 984 875 984 874 984 872 984 871 984 871 986 855 1001 777 1001 777 1035"/></Shape>
	    <String CONTENT="چنانكه گفته شد"
                    HPOS="775"
                    VPOS="979"
                    WIDTH="270"
                    HEIGHT="83"
                    WC="0.9172437020710537"></String>
          </TextLine>

          
          
          <TextLine ID="eSc_line_40af636e"
                    TAGREFS="LT4837"
                    BASELINE="503 1045 643 1042" 
                    HPOS="501"
                    VPOS="1013"
                    WIDTH="142"
                    HEIGHT="56">
            <Shape><Polygon POINTS="503 1045 503 1057 524 1057 534 1066 534 1067 535 1067 536 1067 538 1067 539 1067 572 1059 573 1059 587 1069 588 1069 590 1069 591 1069 643 1060 643 1042 640 1013 501 1013 503 1045"/></Shape>
	    <String CONTENT=""
                    HPOS="501"
                    VPOS="1013"
                    WIDTH="142"
                    HEIGHT="56"></String>
          </TextLine>

          
          
          <TextLine ID="eSc_line_33e6010b"
                    TAGREFS="LT4837"
                    BASELINE="404 1122 764 1122" 
                    HPOS="404"
                    VPOS="1060"
                    WIDTH="360"
                    HEIGHT="89">
            <Shape><Polygon POINTS="404 1122 404 1132 522 1146 524 1146 525 1146 566 1133 569 1133 570 1133 597 1147 598 1147 600 1149 671 1149 671 1147 673 1147 674 1147 691 1135 695 1133 763 1135 764 1122 763 1074 719 1081 709 1074 692 1062 691 1062 690 1062 646 1062 645 1062 643 1062 615 1076 594 1060 593 1060 591 1060 590 1060 588 1060 587 1060 576 1069 553 1060 552 1060 550 1060 549 1060 535 1067 483 1063 482 1063 480 1063 479 1063 451 1081 448 1083 404 1083 404 1122"/></Shape>
	    <String CONTENT="بود ز نجير باز نجر پيويد"
                    HPOS="404"
                    VPOS="1060"
                    WIDTH="360"
                    HEIGHT="89"
                    WC="0.8800245821475983"></String>
          </TextLine>

          
          
          <TextLine ID="eSc_line_948c337d"
                    TAGREFS="LT4837"
                    BASELINE="409 1190 756 1190" 
                    HPOS="409"
                    VPOS="1142"
                    WIDTH="347"
                    HEIGHT="77">
            <Shape><Polygon POINTS="409 1190 409 1208 446 1201 461 1208 483 1218 484 1218 486 1218 487 1218 515 1206 527 1201 534 1205 546 1215 548 1215 549 1215 550 1215 552 1215 574 1205 583 1201 593 1204 635 1218 636 1218 638 1219 695 1219 695 1218 697 1218 756 1199 756 1190 756 1154 732 1142 730 1142 729 1142 677 1142 676 1142 674 1142 673 1142 673 1143 659 1157 656 1160 617 1160 614 1157 608 1152 608 1150 607 1150 605 1150 604 1150 602 1150 577 1156 573 1157 572 1156 559 1146 557 1146 556 1146 555 1146 553 1146 531 1156 527 1159 522 1156 501 1142 500 1142 498 1142 476 1142 475 1142 473 1142 472 1142 456 1156 453 1159 449 1156 428 1146 427 1146 425 1146 424 1146 409 1153 409 1190"/></Shape>
	    <String CONTENT="سر ز بنجير در دست خداوند"
                    HPOS="409"
                    VPOS="1142"
                    WIDTH="347"
                    HEIGHT="77"
                    WC="0.8811929225921631"></String>
          </TextLine>

          
          
          <TextLine ID="eSc_line_8d7bbea5"
                    TAGREFS="LT4837"
                    BASELINE="133 1279 361 1271 974 1263" 
                    HPOS="132"
                    VPOS="1205"
                    WIDTH="842"
                    HEIGHT="90">
            <Shape><Polygon POINTS="133 1279 133 1289 276 1295 278 1295 279 1295 302 1286 314 1281 334 1285 371 1294 372 1294 373 1294 375 1294 375 1292 383 1285 403 1291 404 1291 406 1291 407 1291 409 1291 409 1289 417 1284 420 1279 430 1282 439 1286 441 1286 442 1286 468 1282 489 1278 505 1281 555 1291 556 1291 557 1291 559 1291 572 1279 576 1277 676 1277 678 1277 691 1284 692 1284 694 1284 695 1284 719 1275 725 1274 729 1275 751 1286 753 1286 754 1288 802 1288 802 1286 860 1285 861 1285 906 1271 909 1271 912 1271 952 1279 954 1279 955 1279 974 1270 974 1263 969 1219 744 1219 728 1205 726 1205 725 1205 702 1205 701 1205 699 1205 669 1222 611 1215 609 1215 608 1215 607 1215 594 1223 556 1206 555 1206 553 1206 552 1206 550 1206 532 1219 507 1209 505 1209 504 1209 503 1209 501 1209 482 1223 470 1215 469 1215 468 1215 466 1215 427 1222 410 1209 409 1209 407 1209 406 1209 347 1211 345 1211 344 1211 324 1226 312 1216 310 1216 309 1216 307 1216 306 1216 278 1223 241 1212 240 1212 238 1212 181 1213 179 1213 178 1213 153 1230 132 1230 133 1279"/></Shape>
	    <String CONTENT="وايشان نيز اصحاب اليمين اند هر يک ازاين مراتها"
                    HPOS="132"
                    VPOS="1205"
                    WIDTH="842"
                    HEIGHT="90"
                    WC="0.9089099777781445"></String>
          </TextLine>

          
          
          <TextLine ID="eSc_line_2a5b746b"
                    TAGREFS="LT4837"
                    BASELINE="137 1350 1048 1333" 
                    HPOS="136"
                    VPOS="1284"
                    WIDTH="912"
                    HEIGHT="84">
            <Shape><Polygon POINTS="137 1350 137 1360 191 1368 192 1368 193 1368 195 1368 195 1367 203 1360 206 1355 243 1355 258 1360 285 1367 286 1367 288 1367 289 1367 290 1367 299 1360 306 1354 356 1354 387 1358 425 1364 427 1364 428 1364 430 1364 430 1362 435 1358 442 1351 513 1351 521 1357 522 1360 524 1360 525 1360 527 1360 528 1360 534 1357 546 1351 570 1357 590 1361 591 1361 593 1361 609 1357 642 1348 688 1355 705 1358 706 1358 733 1355 775 1351 799 1355 812 1357 813 1357 815 1357 819 1355 841 1344 926 1354 930 1354 931 1354 933 1354 961 1343 979 1351 981 1351 1045 1353 1048 1333 1045 1288 1014 1284 1013 1284 1011 1284 1000 1288 986 1294 976 1288 969 1285 968 1285 966 1285 965 1285 951 1289 930 1295 916 1289 907 1286 906 1286 905 1286 903 1286 902 1286 898 1289 889 1298 839 1298 830 1291 825 1286 823 1286 822 1286 820 1286 819 1286 818 1286 818 1288 813 1292 808 1299 733 1299 721 1294 708 1286 706 1286 705 1286 704 1286 702 1286 702 1288 695 1294 688 1301 667 1301 656 1295 646 1288 645 1288 643 1288 642 1288 559 1289 557 1289 556 1289 548 1296 541 1302 532 1296 521 1289 520 1289 518 1289 517 1289 515 1289 514 1289 504 1298 496 1303 487 1298 477 1291 476 1291 475 1291 473 1291 365 1292 364 1292 342 1301 326 1306 310 1301 293 1295 292 1295 290 1295 289 1295 288 1295 279 1302 275 1302 245 1295 244 1295 243 1295 241 1295 233 1302 226 1308 136 1305 137 1350"/></Shape>
	    <String CONTENT="خواه عحت باشد خواه داعی خواه با ذون لارم است"
                    HPOS="136"
                    VPOS="1284"
                    WIDTH="912"
                    HEIGHT="84"
                    WC="0.9380462874065746"></String>
          </TextLine>

          
          
          <TextLine ID="eSc_line_c69d0b16"
                    TAGREFS="LT4837"
                    BASELINE="134 1426 1044 1413" 
                    HPOS="133"
                    VPOS="1358"
                    WIDTH="911"
                    HEIGHT="89">
            <Shape><Polygon POINTS="134 1426 136 1447 178 1431 224 1441 226 1441 227 1441 229 1441 229 1440 240 1430 267 1440 268 1440 269 1440 271 1440 272 1440 285 1430 306 1437 307 1437 309 1437 356 1428 372 1441 372 1442 373 1442 375 1442 376 1444 400 1444 400 1442 401 1442 403 1442 423 1428 438 1435 439 1435 441 1435 442 1435 472 1427 524 1441 525 1441 527 1441 528 1441 529 1441 529 1440 542 1426 572 1440 573 1440 574 1441 607 1441 607 1440 608 1440 609 1440 628 1426 705 1434 706 1434 708 1434 739 1423 767 1437 768 1437 770 1437 895 1435 896 1435 898 1435 916 1421 1041 1434 1044 1413 1037 1358 1014 1378 990 1365 989 1365 988 1365 986 1365 959 1372 924 1362 923 1362 922 1362 920 1362 919 1362 917 1362 884 1381 782 1381 767 1368 757 1360 757 1358 756 1358 754 1358 739 1358 737 1358 736 1358 713 1369 690 1382 667 1371 646 1362 645 1362 643 1362 642 1362 640 1362 640 1364 629 1372 625 1376 615 1374 587 1365 586 1365 584 1365 583 1365 581 1365 581 1367 572 1375 569 1378 563 1375 534 1362 532 1362 504 1362 503 1362 501 1362 500 1362 482 1375 468 1364 468 1362 466 1362 465 1362 435 1362 434 1362 432 1362 396 1381 394 1382 393 1381 375 1367 373 1367 372 1367 334 1364 333 1364 331 1364 293 1375 278 1369 276 1369 275 1369 274 1369 272 1369 248 1385 229 1374 227 1374 226 1374 224 1374 199 1386 181 1371 179 1371 178 1371 177 1371 175 1371 174 1371 153 1389 151 1390 133 1390 134 1426"/></Shape>
	    <String CONTENT="که خدا ترس و باک دامن و پاک چشم و فرمان بروار"
                    HPOS="133"
                    VPOS="1358"
                    WIDTH="911"
                    HEIGHT="89"
                    WC="0.9469865348603991"></String>
          </TextLine>

          
          
          <TextLine ID="eSc_line_cbcce80c"
                    TAGREFS="LT4837"
                    BASELINE="254 1490 1045 1490" 
                    HPOS="254"
                    VPOS="1438"
                    WIDTH="791"
                    HEIGHT="77">
            <Shape><Polygon POINTS="254 1490 254 1500 324 1514 326 1514 327 1514 354 1500 355 1500 442 1500 444 1500 459 1514 461 1514 462 1514 463 1514 465 1514 483 1504 503 1514 504 1514 505 1514 507 1514 529 1504 549 1514 550 1514 552 1514 553 1514 555 1514 572 1503 608 1514 609 1514 611 1515 678 1515 678 1514 680 1514 711 1501 743 1501 756 1513 756 1514 757 1514 758 1514 760 1515 816 1515 816 1514 818 1514 819 1514 836 1500 839 1500 854 1500 855 1500 870 1513 870 1514 871 1514 872 1514 874 1515 916 1515 916 1514 917 1514 948 1501 1045 1501 1045 1490 1045 1454 1010 1438 1009 1438 969 1438 968 1438 966 1438 965 1438 965 1440 950 1454 898 1438 896 1438 829 1438 827 1438 826 1438 774 1454 718 1438 716 1438 715 1438 713 1438 712 1438 694 1455 670 1455 642 1440 640 1440 588 1438 587 1438 586 1438 584 1438 584 1440 572 1451 552 1445 550 1445 549 1445 511 1454 503 1447 501 1447 500 1447 498 1447 497 1447 477 1454 439 1438 438 1438 437 1438 435 1438 404 1454 373 1438 372 1438 371 1438 369 1438 368 1438 368 1440 359 1447 337 1442 335 1442 334 1442 333 1442 333 1444 321 1455 254 1455 254 1490"/></Shape>
	    <String CONTENT="و صادق القول و کريم الا خلاص باشد"
                    HPOS="254"
                    VPOS="1438"
                    WIDTH="791"
                    HEIGHT="77"
                    WC="0.9241240259372827"></String>
          </TextLine>

          
          
          <TextLine ID="eSc_line_f17656cd"
                    TAGREFS="LT4837"
                    BASELINE="238 1575 307 1567 539 1567" 
                    HPOS="237"
                    VPOS="1507"
                    WIDTH="302"
                    HEIGHT="84">
            <Shape><Polygon POINTS="238 1575 238 1591 276 1591 276 1590 278 1590 279 1590 279 1589 292 1577 345 1587 359 1589 361 1589 362 1589 368 1586 383 1577 404 1584 417 1589 418 1589 420 1589 421 1589 423 1589 430 1583 442 1576 472 1582 505 1589 507 1589 508 1589 539 1579 539 1567 534 1510 520 1521 507 1513 500 1507 498 1507 497 1507 496 1507 494 1507 493 1507 486 1514 473 1524 462 1515 461 1515 459 1515 458 1515 456 1515 435 1525 420 1517 404 1510 403 1510 401 1510 400 1510 399 1510 383 1520 379 1523 376 1520 371 1515 369 1515 368 1515 366 1515 345 1520 334 1510 334 1508 333 1508 331 1508 288 1508 286 1508 285 1508 283 1508 258 1528 237 1528 238 1575"/></Shape>
	    <String CONTENT="شود در عرصهش"
                    HPOS="237"
                    VPOS="1507"
                    WIDTH="302"
                    HEIGHT="84"
                    WC="0.9327689409255981"></String>
          </TextLine>

          
          
          <TextLine ID="eSc_line_c353c98b"
                    TAGREFS="LT4837"
                    BASELINE="143 1590 185 1587" 
                    HPOS="139"
                    VPOS="1537"
                    WIDTH="46"
                    HEIGHT="77">
            <Shape><Polygon POINTS="143 1590 143 1614 185 1611 185 1587 178 1537 139 1548 143 1590"/></Shape>
	    <String CONTENT=""
                    HPOS="139"
                    VPOS="1537"
                    WIDTH="46"
                    HEIGHT="77"></String>
          </TextLine>

          
        </TextBlock>
        
        <TextBlock HPOS="489"
                   VPOS="50"
                   WIDTH="139"
                   HEIGHT="66"
                   ID="eSc_textblock_2b79cdfc"
                   TAGREFS="BT16093">
          <Shape><Polygon POINTS="528 50 605 56 628 105 517 116 489 67 528 50"/></Shape>
          
          
          <TextLine ID="eSc_line_bbbc3b89"
                    TAGREFS="LT4837"
                    BASELINE="535 82 598 82" 
                    HPOS="535"
                    VPOS="50"
                    WIDTH="63"
                    HEIGHT="58">
            <Shape><Polygon POINTS="591 54 577 53 563 51 549 51 542 50 535 50 535 82 535 108 598 102 598 82 597 54 591 54"/></Shape>
	    <String CONTENT=""
                    HPOS="535"
                    VPOS="50"
                    WIDTH="63"
                    HEIGHT="58"></String>
          </TextLine>

          
        </TextBlock>
        

        
      </PrintSpace>
    </Page>
  </Layout>
</alto>
