<?xml version="1.0" encoding="UTF-8"?>
<alto xmlns:xsi="http://www.w3.org/2001/XMLSchema-instance"
      xmlns="http://www.loc.gov/standards/alto/ns-v4#"
      xsi:schemaLocation="http://www.loc.gov/standards/alto/ns-v4# http://www.loc.gov/standards/alto/v4/alto-4-2.xsd">
  <Description>
    <MeasurementUnit>pixel</MeasurementUnit>
    <sourceImageInformation>
      <fileName>Rasail165.jpg</fileName>
      
    </sourceImageInformation>
  </Description>
  
  <Tags>
    <OtherTag ID="BT16094" LABEL="default" DESCRIPTION="block type default"/><OtherTag ID="BT16093" LABEL="NumberingZone:page" DESCRIPTION="block type NumberingZone:page"/><OtherTag ID="BT16092" LABEL="MarginTextZone:note" DESCRIPTION="block type MarginTextZone:note"/><OtherTag ID="BT16091" LABEL="TitlePageZone" DESCRIPTION="block type TitlePageZone"/><OtherTag ID="BT16090" LABEL="QuireMarksZone:catchwords" DESCRIPTION="block type QuireMarksZone:catchwords"/><OtherTag ID="BT16089" LABEL="NumberingZone:other" DESCRIPTION="block type NumberingZone:other"/><OtherTag ID="BT16088" LABEL="NumberingZone" DESCRIPTION="block type NumberingZone"/><OtherTag ID="BT16087" LABEL="MarginTextZone" DESCRIPTION="block type MarginTextZone"/><OtherTag ID="BT16086" LABEL="MainZone" DESCRIPTION="block type MainZone"/><OtherTag ID="BT16085" LABEL="DigitizationArtefactZone" DESCRIPTION="block type DigitizationArtefactZone"/><OtherTag ID="BT2" LABEL="Main" DESCRIPTION="block type Main"/><OtherTag ID="BT1" LABEL="Title" DESCRIPTION="block type Title"/>
    <OtherTag ID="LT4837" LABEL="DefaultLine" DESCRIPTION="line type DefaultLine"/><OtherTag ID="LT4838" LABEL="default" DESCRIPTION="line type default"/><OtherTag ID="LT4839" LABEL="HeadingLine:title" DESCRIPTION="line type HeadingLine:title"/>
  </Tags>
  
  <Layout>
    <Page WIDTH="2004"
          HEIGHT="3668"
          PHYSICAL_IMG_NR="28"
          ID="eSc_dummypage_">
      <PrintSpace HPOS="0"
                  VPOS="0"
                  WIDTH="2004"
                  HEIGHT="3668">
        
        <TextBlock HPOS="416"
                   VPOS="440"
                   WIDTH="1061"
                   HEIGHT="571"
                   ID="eSc_textblock_e711178d"
                   TAGREFS="BT16094">
          <Shape><Polygon POINTS="1199 440 1330 464 1346 562 1453 562 1367 660 1379 730 1318 758 1477 770 1404 843 1392 987 1343 1011 1064 1011 1052 978 1125 950 1064 901 1113 843 1037 803 975 938 648 975 587 929 841 880 951 831 966 770 575 779 550 696 587 623 416 596 611 537 1110 525 1113 464 1199 440"/></Shape>
          
          
          <TextLine ID="eSc_line_cfe7a1b6"
                    TAGREFS="LT4837"
                    BASELINE="1337 580 1425 571" 
                    HPOS="1327"
                    VPOS="522"
                    WIDTH="98"
                    HEIGHT="116">
            <Shape><Polygon POINTS="1395 562 1364 562 1346 522 1346 522 1327 531 1337 580 1343 638 1425 592 1425 571 1422 562 1395 562"/></Shape>
	    <String CONTENT=""
                    HPOS="1327"
                    VPOS="522"
                    WIDTH="98"
                    HEIGHT="116"></String>
          </TextLine>

          
          
          <TextLine ID="eSc_line_96ccf83d"
                    TAGREFS="LT4837"
                    BASELINE="1324 800 1477 782" 
                    HPOS="1318"
                    VPOS="758"
                    WIDTH="162"
                    HEIGHT="113">
            <Shape><Polygon POINTS="1441 767 1410 764 1379 761 1349 758 1346 758 1318 758 1324 800 1333 871 1480 810 1477 782 1474 770 1441 767"/></Shape>
	    <String CONTENT=""
                    HPOS="1318"
                    VPOS="758"
                    WIDTH="162"
                    HEIGHT="113"></String>
          </TextLine>

          
        </TextBlock>
        
        <TextBlock HPOS="257"
                   VPOS="794"
                   WIDTH="1743"
                   HEIGHT="1073"
                   ID="eSc_textblock_b07ed002"
                   TAGREFS="BT16086">
          <Shape><Polygon POINTS="339 794 498 855 474 1023 572 1063 498 1182 584 1185 611 1271 1795 1247 1893 1296 1835 1357 1979 1418 2000 1598 1909 1623 1869 1696 1734 1720 734 1696 547 1797 596 1867 367 1855 330 1785 465 1772 318 1757 293 1540 330 1491 461 1516 562 1381 771 1357 562 1366 547 1329 281 1292 330 1219 293 1097 330 965 257 880 339 794"/></Shape>
          
          
          <TextLine ID="eSc_line_fca68404"
                    TAGREFS="LT4837"
                    BASELINE="1459 1635 1661 1635" 
                    HPOS="1459"
                    VPOS="1406"
                    WIDTH="202"
                    HEIGHT="302">
            <Shape><Polygon POINTS="1459 1635 1459 1675 1508 1675 1520 1681 1554 1708 1557 1708 1560 1708 1563 1708 1661 1693 1661 1635 1661 1442 1459 1406 1459 1635"/></Shape>
	    <String CONTENT=""
                    HPOS="1459"
                    VPOS="1406"
                    WIDTH="202"
                    HEIGHT="302"></String>
          </TextLine>

          
        </TextBlock>
        
        <TextBlock HPOS="1639"
                   VPOS="1882"
                   WIDTH="181"
                   HEIGHT="46"
                   ID="eSc_textblock_e36987b1"
                   TAGREFS="BT16086">
          <Shape><Polygon POINTS="1737 1882 1820 1916 1639 1928 1639 1907 1737 1882"/></Shape>
          
          
          <TextLine ID="eSc_line_daffd364"
                    TAGREFS="LT4837"
                    BASELINE="1673 1892 1762 1892" 
                    HPOS="1673"
                    VPOS="1882"
                    WIDTH="89"
                    HEIGHT="55">
            <Shape><Polygon POINTS="1734 1882 1704 1889 1673 1889 1673 1892 1673 1937 1762 1922 1762 1892 1762 1885 1734 1882"/></Shape>
	    <String CONTENT=""
                    HPOS="1673"
                    VPOS="1882"
                    WIDTH="89"
                    HEIGHT="55"></String>
          </TextLine>

          
        </TextBlock>
        
        <TextBlock HPOS="452"
                   VPOS="2102"
                   WIDTH="291"
                   HEIGHT="95"
                   ID="eSc_textblock_b71beb5c"
                   TAGREFS="BT16090">
          <Shape><Polygon POINTS="514 2102 731 2139 743 2173 489 2197 452 2151 514 2102"/></Shape>
          
          
          <TextLine ID="eSc_line_fcc809e6"
                    TAGREFS="LT4837"
                    BASELINE="636 2161 700 2145" 
                    HPOS="624"
                    VPOS="2121"
                    WIDTH="85"
                    HEIGHT="82">
            <Shape><Polygon POINTS="691 2133 657 2127 624 2121 636 2161 645 2200 709 2203 700 2145 697 2133 691 2133"/></Shape>
	    <String CONTENT=""
                    HPOS="624"
                    VPOS="2121"
                    WIDTH="85"
                    HEIGHT="82"></String>
          </TextLine>

          
        </TextBlock>
        
        <TextBlock HPOS="673"
                   VPOS="1051"
                   WIDTH="205"
                   HEIGHT="21"
                   ID="eSc_textblock_f42cb624"
                   TAGREFS="BT16086">
          <Shape><Polygon POINTS="731 1051 878 1051 878 1072 673 1072 731 1051"/></Shape>
          
        </TextBlock>
        
        <TextBlock HPOS="734"
                   VPOS="2151"
                   WIDTH="180"
                   HEIGHT="46"
                   ID="eSc_textblock_627ff058"
                   TAGREFS="BT16086">
          <Shape><Polygon POINTS="792 2151 890 2164 914 2197 734 2185 792 2151"/></Shape>
          
        </TextBlock>
        
        <TextBlock HPOS="1028"
                   VPOS="1027"
                   WIDTH="596"
                   HEIGHT="45"
                   ID="eSc_textblock_b8394cef"
                   TAGREFS="BT16086">
          <Shape><Polygon POINTS="1184 1027 1370 1051 1624 1060 1028 1072 1184 1027"/></Shape>
          
        </TextBlock>
        
        <TextBlock HPOS="868"
                   VPOS="1797"
                   WIDTH="976"
                   HEIGHT="21"
                   ID="eSc_textblock_caa91242"
                   TAGREFS="BT16086">
          <Shape><Polygon POINTS="1024 1797 1795 1797 1844 1818 868 1818 1024 1797"/></Shape>
          
        </TextBlock>
        
        <TextBlock HPOS="1725"
                   VPOS="1858"
                   WIDTH="9"
                   HEIGHT="9"
                   ID="eSc_textblock_00feb0a5"
                   TAGREFS="BT16086">
          <Shape><Polygon POINTS="1734 1861 1734 1867 1725 1867 1725 1858 1734 1861"/></Shape>
          
        </TextBlock>
        
        <TextBlock HPOS="1774"
                   VPOS="2102"
                   WIDTH="34"
                   HEIGHT="10"
                   ID="eSc_textblock_e94629b0"
                   TAGREFS="BT16089">
          <Shape><Polygon POINTS="1774 2102 1808 2102 1808 2112 1774 2112 1774 2102"/></Shape>
          
        </TextBlock>
        
        <TextBlock HPOS="1138"
                   VPOS="1271"
                   WIDTH="46"
                   HEIGHT="34"
                   ID="eSc_textblock_0c1bc40d"
                   TAGREFS="BT16091">
          <Shape><Polygon POINTS="1165 1271 1184 1292 1138 1305 1138 1296 1165 1271"/></Shape>
          
        </TextBlock>
        
        <TextBlock HPOS="1174"
                   VPOS="1210"
                   WIDTH="34"
                   HEIGHT="9"
                   ID="eSc_textblock_ccd5bfeb"
                   TAGREFS="BT16091">
          <Shape><Polygon POINTS="1180 1210 1208 1210 1208 1219 1174 1219 1180 1210"/></Shape>
          
        </TextBlock>
        
        <TextBlock HPOS="1474"
                   VPOS="1699"
                   WIDTH="224"
                   HEIGHT="70"
                   ID="eSc_textblock_ba8a0310"
                   TAGREFS="BT16091">
          <Shape><Polygon POINTS="1474 1699 1649 1699 1698 1757 1480 1769 1474 1699"/></Shape>
          
        </TextBlock>
        
        <TextBlock HPOS="807"
                   VPOS="1149"
                   WIDTH="83"
                   HEIGHT="33"
                   ID="eSc_textblock_81465d76"
                   TAGREFS="BT16094">
          <Shape><Polygon POINTS="807 1149 890 1149 890 1170 807 1182 807 1149"/></Shape>
          
        </TextBlock>
        
        <TextBlock HPOS="905"
                   VPOS="455"
                   WIDTH="132"
                   HEIGHT="18"
                   ID="eSc_textblock_274fdc7d"
                   TAGREFS="BT16094">
          <Shape><Polygon POINTS="1000 455 1037 473 905 473 905 464 1000 455"/></Shape>
          
        </TextBlock>
        
        <TextBlock HPOS="1272"
                   VPOS="36"
                   WIDTH="34"
                   HEIGHT="9"
                   ID="eSc_textblock_b6d0b1b6"
                   TAGREFS="BT16094">
          <Shape><Polygon POINTS="1285 36 1306 36 1306 45 1272 45 1285 36"/></Shape>
          
        </TextBlock>
        
        <TextBlock HPOS="1321"
                   VPOS="1137"
                   WIDTH="107"
                   HEIGHT="58"
                   ID="eSc_textblock_b6313c4f"
                   TAGREFS="BT16094">
          <Shape><Polygon POINTS="1370 1137 1428 1149 1428 1170 1370 1195 1321 1158 1370 1137"/></Shape>
          
        </TextBlock>
        
        <TextBlock HPOS="1945"
                   VPOS="113"
                   WIDTH="55"
                   HEIGHT="177"
                   ID="eSc_textblock_444cb416"
                   TAGREFS="BT16094">
          <Shape><Polygon POINTS="1979 113 2000 134 2000 290 1945 168 1979 113"/></Shape>
          
        </TextBlock>
        
        <TextBlock HPOS="1958"
                   VPOS="391"
                   WIDTH="42"
                   HEIGHT="70"
                   ID="eSc_textblock_42e2b66a"
                   TAGREFS="BT16094">
          <Shape><Polygon POINTS="1982 391 2000 391 2000 461 1958 424 1982 391"/></Shape>
          
        </TextBlock>
        
        <TextBlock HPOS="1982"
                   VPOS="305"
                   WIDTH="18"
                   HEIGHT="9"
                   ID="eSc_textblock_85600508"
                   TAGREFS="BT16094">
          <Shape><Polygon POINTS="1994 305 2000 314 1982 314 1982 305 1994 305"/></Shape>
          
        </TextBlock>
        
        <TextBlock HPOS="587"
                   VPOS="1357"
                   WIDTH="46"
                   HEIGHT="21"
                   ID="eSc_textblock_fe8f9779"
                   TAGREFS="BT16094">
          <Shape><Polygon POINTS="599 1357 633 1357 633 1378 587 1378 599 1357"/></Shape>
          
        </TextBlock>
        
        <TextBlock HPOS="636"
                   VPOS="1210"
                   WIDTH="58"
                   HEIGHT="9"
                   ID="eSc_textblock_9f5fcd4a"
                   TAGREFS="BT16094">
          <Shape><Polygon POINTS="648 1210 694 1210 694 1219 636 1219 648 1210"/></Shape>
          
        </TextBlock>
        
        <TextBlock HPOS="660"
                   VPOS="1173"
                   WIDTH="58"
                   HEIGHT="9"
                   ID="eSc_textblock_5d8c525e"
                   TAGREFS="BT16094">
          <Shape><Polygon POINTS="673 1173 718 1173 718 1182 660 1182 673 1173"/></Shape>
          
        </TextBlock>
        
        <TextBlock HPOS="844"
                   VPOS="2066"
                   WIDTH="34"
                   HEIGHT="46"
                   ID="eSc_textblock_4f1e4b2f"
                   TAGREFS="BT16094">
          <Shape><Polygon POINTS="856 2066 878 2099 844 2112 844 2066 856 2066"/></Shape>
          
        </TextBlock>
        
        <TextBlock HPOS="979"
                   VPOS="2066"
                   WIDTH="33"
                   HEIGHT="9"
                   ID="eSc_textblock_59ad3278"
                   TAGREFS="BT16094">
          <Shape><Polygon POINTS="991 2066 1012 2066 1012 2075 979 2075 991 2066"/></Shape>
          
        </TextBlock>
        
        <TextBlock HPOS="807"
                   VPOS="1711"
                   WIDTH="572"
                   HEIGHT="83"
                   ID="eSc_textblock_9683d0dc"
                   TAGREFS="BT16094">
          <Shape><Polygon POINTS="1174 1711 1379 1720 1330 1782 807 1794 917 1736 1174 1711"/></Shape>
          
        </TextBlock>
        
        <TextBlock HPOS="832"
                   VPOS="1846"
                   WIDTH="523"
                   HEIGHT="229"
                   ID="eSc_textblock_4fe28243"
                   TAGREFS="BT16094">
          <Shape><Polygon POINTS="954 1846 1208 1870 1003 1916 1003 1968 1355 1989 1257 2063 1028 2075 1089 2041 917 2014 832 1904 954 1846"/></Shape>
          
        </TextBlock>
        
        <TextBlock HPOS="1909"
                   VPOS="24"
                   WIDTH="91"
                   HEIGHT="131"
                   ID="eSc_textblock_49572643"
                   TAGREFS="BT16085">
          <Shape><Polygon POINTS="1945 24 2000 24 1991 155 1909 94 1945 24"/></Shape>
          
        </TextBlock>
        
        <TextBlock HPOS="1468"
                   VPOS="1772"
                   WIDTH="34"
                   HEIGHT="22"
                   ID="eSc_textblock_1e60c555"
                   TAGREFS="BT16094">
          <Shape><Polygon POINTS="1480 1772 1502 1782 1468 1794 1468 1772 1480 1772"/></Shape>
          
        </TextBlock>
        
        <TextBlock HPOS="868"
                   VPOS="892"
                   WIDTH="34"
                   HEIGHT="21"
                   ID="eSc_textblock_cc9aeaf9"
                   TAGREFS="BT16093">
          <Shape><Polygon POINTS="881 892 890 892 902 913 868 913 881 892"/></Shape>
          
        </TextBlock>
        
        <TextBlock HPOS="587"
                   VPOS="1907"
                   WIDTH="21"
                   HEIGHT="33"
                   ID="eSc_textblock_32ff4387"
                   TAGREFS="BT16086">
          <Shape><Polygon POINTS="596 1907 608 1928 587 1940 587 1907 596 1907"/></Shape>
          
        </TextBlock>
        
        <TextBlock HPOS="645"
                   VPOS="1809"
                   WIDTH="110"
                   HEIGHT="58"
                   ID="eSc_textblock_9510d816"
                   TAGREFS="BT16086">
          <Shape><Polygon POINTS="645 1809 743 1809 755 1830 648 1867 645 1809"/></Shape>
          
        </TextBlock>
        

        
        <TextBlock ID="eSc_dummyblock_">
          
          
          <TextLine ID="eSc_line_2f3142d6"
                    TAGREFS="LT4837"
                    BASELINE="1477 693 1493 693" 
                    HPOS="1477"
                    VPOS="608"
                    WIDTH="16"
                    HEIGHT="128">
            <Shape><Polygon POINTS="1477 693 1477 730 1483 736 1493 693 1486 608 1477 611 1477 693"/></Shape>
	    <String CONTENT=""
                    HPOS="1477"
                    VPOS="608"
                    WIDTH="16"
                    HEIGHT="128"></String>
          </TextLine>

          
          
          <TextLine ID="eSc_line_fa13965d"
                    TAGREFS="LT4837"
                    BASELINE="1263 1201 1318 1167 1385 1152" 
                    HPOS="1232"
                    VPOS="1027"
                    WIDTH="160"
                    HEIGHT="217">
            <Shape><Polygon POINTS="1263 1201 1281 1244 1392 1170 1385 1152 1333 1027 1300 1039 1297 1039 1297 1042 1294 1042 1294 1045 1275 1082 1260 1115 1232 1124 1263 1201"/></Shape>
	    <String CONTENT=""
                    HPOS="1232"
                    VPOS="1027"
                    WIDTH="160"
                    HEIGHT="217"></String>
          </TextLine>

          
          
          <TextLine ID="eSc_line_cefcf808"
                    TAGREFS="LT4837"
                    BASELINE="578 1775 752 1769" 
                    HPOS="575"
                    VPOS="1678"
                    WIDTH="177"
                    HEIGHT="152">
            <Shape><Polygon POINTS="578 1775 581 1830 752 1782 752 1769 743 1711 682 1711 676 1705 645 1681 645 1678 642 1678 639 1678 636 1678 633 1678 575 1696 578 1775"/></Shape>
	    <String CONTENT="مرا"
                    HPOS="575"
                    VPOS="1678"
                    WIDTH="177"
                    HEIGHT="152"
                    WC="0.8409549593925476"></String>
          </TextLine>

          
          
          <TextLine ID="eSc_line_3ca488ba"
                    TAGREFS="LT4837"
                    BASELINE="1786 2075 1823 2066" 
                    HPOS="1768"
                    VPOS="1996"
                    WIDTH="67"
                    HEIGHT="137">
            <Shape><Polygon POINTS="1799 2133 1835 2127 1823 2066 1805 1996 1768 2002 1786 2075 1799 2133"/></Shape>
	    <String CONTENT=""
                    HPOS="1768"
                    VPOS="1996"
                    WIDTH="67"
                    HEIGHT="137"></String>
          </TextLine>

          
          
          <TextLine ID="eSc_line_fd16d267"
                    TAGREFS="LT4837"
                    BASELINE="1633 2130 1691 2118" 
                    HPOS="1621"
                    VPOS="2066"
                    WIDTH="73"
                    HEIGHT="85">
            <Shape><Polygon POINTS="1633 2130 1636 2151 1694 2133 1691 2118 1676 2066 1621 2084 1633 2130"/></Shape>
	    <String CONTENT=""
                    HPOS="1621"
                    VPOS="2066"
                    WIDTH="73"
                    HEIGHT="85"></String>
          </TextLine>

          
          
          <TextLine ID="eSc_line_77bd444e"
                    TAGREFS="LT4837"
                    BASELINE="743 2112 777 2099" 
                    HPOS="712"
                    VPOS="2017"
                    WIDTH="83"
                    HEIGHT="147">
            <Shape><Polygon POINTS="743 2112 761 2164 795 2164 777 2099 743 2017 712 2026 743 2112"/></Shape>
	    <String CONTENT=""
                    HPOS="712"
                    VPOS="2017"
                    WIDTH="83"
                    HEIGHT="147"></String>
          </TextLine>

          
          
          <TextLine ID="eSc_line_b61a409a"
                    TAGREFS="LT4837"
                    BASELINE="431 2182 486 2167" 
                    HPOS="400"
                    VPOS="2057"
                    WIDTH="120"
                    HEIGHT="256">
            <Shape><Polygon POINTS="431 2182 468 2313 520 2304 486 2167 449 2057 400 2075 431 2182"/></Shape>
	    <String CONTENT=""
                    HPOS="400"
                    VPOS="2057"
                    WIDTH="120"
                    HEIGHT="256"></String>
          </TextLine>

          
        </TextBlock>
        
      </PrintSpace>
    </Page>
  </Layout>
</alto>
