<?xml version="1.0" encoding="UTF-8"?>
<alto xmlns:xsi="http://www.w3.org/2001/XMLSchema-instance"
      xmlns="http://www.loc.gov/standards/alto/ns-v4#"
      xsi:schemaLocation="http://www.loc.gov/standards/alto/ns-v4# http://www.loc.gov/standards/alto/v4/alto-4-2.xsd">
  <Description>
    <MeasurementUnit>pixel</MeasurementUnit>
    <sourceImageInformation>
      <fileName>Rasail161.jpg</fileName>
      
    </sourceImageInformation>
  </Description>
  
  <Tags>
    <OtherTag ID="BT16094" LABEL="default" DESCRIPTION="block type default"/><OtherTag ID="BT16093" LABEL="NumberingZone:page" DESCRIPTION="block type NumberingZone:page"/><OtherTag ID="BT16092" LABEL="MarginTextZone:note" DESCRIPTION="block type MarginTextZone:note"/><OtherTag ID="BT16091" LABEL="TitlePageZone" DESCRIPTION="block type TitlePageZone"/><OtherTag ID="BT16090" LABEL="QuireMarksZone:catchwords" DESCRIPTION="block type QuireMarksZone:catchwords"/><OtherTag ID="BT16089" LABEL="NumberingZone:other" DESCRIPTION="block type NumberingZone:other"/><OtherTag ID="BT16088" LABEL="NumberingZone" DESCRIPTION="block type NumberingZone"/><OtherTag ID="BT16087" LABEL="MarginTextZone" DESCRIPTION="block type MarginTextZone"/><OtherTag ID="BT16086" LABEL="MainZone" DESCRIPTION="block type MainZone"/><OtherTag ID="BT16085" LABEL="DigitizationArtefactZone" DESCRIPTION="block type DigitizationArtefactZone"/><OtherTag ID="BT2" LABEL="Main" DESCRIPTION="block type Main"/><OtherTag ID="BT1" LABEL="Title" DESCRIPTION="block type Title"/>
    <OtherTag ID="LT4837" LABEL="DefaultLine" DESCRIPTION="line type DefaultLine"/><OtherTag ID="LT4838" LABEL="default" DESCRIPTION="line type default"/><OtherTag ID="LT4839" LABEL="HeadingLine:title" DESCRIPTION="line type HeadingLine:title"/>
  </Tags>
  
  <Layout>
    <Page WIDTH="1172"
          HEIGHT="1712"
          PHYSICAL_IMG_NR="24"
          ID="eSc_dummypage_">
      <PrintSpace HPOS="0"
                  VPOS="0"
                  WIDTH="1172"
                  HEIGHT="1712">
        
        <TextBlock HPOS="45"
                   VPOS="142"
                   WIDTH="870"
                   HEIGHT="1568"
                   ID="eSc_textblock_439360fe"
                   TAGREFS="BT16091">
          <Shape><Polygon POINTS="442 142 545 148 453 176 482 182 453 261 551 291 512 313 585 319 750 410 693 467 716 546 773 564 762 626 779 654 739 689 780 724 846 736 880 803 915 816 863 856 903 900 812 981 840 1021 840 1111 789 1174 693 1181 852 1215 840 1373 817 1396 835 1403 823 1459 880 1607 852 1636 716 1677 789 1710 85 1710 131 1654 199 1630 119 1614 199 1597 137 1596 137 1580 194 1573 175 1527 62 1488 74 1420 51 1266 74 1078 57 1071 45 793 68 734 62 599 97 569 68 523 79 348 102 308 244 291 274 233 348 221 285 188 358 182 371 159 402 176 438 158 409 148 442 142"/></Shape>
          
          
          <TextLine ID="eSc_line_d23e6d78"
                    TAGREFS="LT4837"
                    BASELINE="344 422 513 413 572 422" 
                    HPOS="339"
                    VPOS="321"
                    WIDTH="233"
                    HEIGHT="138">
            <Shape><Polygon POINTS="344 422 346 459 364 450 379 459 381 459 382 459 384 459 423 457 431 456 432 456 433 456 459 437 505 437 569 453 572 422 569 359 528 349 526 349 516 350 458 362 419 335 401 321 399 321 398 321 396 321 339 321 344 422"/></Shape>
	    <String CONTENT=""
                    HPOS="339"
                    VPOS="321"
                    WIDTH="233"
                    HEIGHT="138"></String>
          </TextLine>

          
          
          <TextLine ID="eSc_line_4dff51cb"
                    TAGREFS="LT4837"
                    BASELINE="431 590 489 599" 
                    HPOS="423"
                    VPOS="535"
                    WIDTH="72"
                    HEIGHT="101">
            <Shape><Polygon POINTS="431 590 423 636 485 626 489 599 495 550 469 535 468 535 466 535 465 535 463 535 436 542 431 590"/></Shape>
	    <String CONTENT=""
                    HPOS="423"
                    VPOS="535"
                    WIDTH="72"
                    HEIGHT="101"></String>
          </TextLine>

          
          
          <TextLine ID="eSc_line_377bc2a2"
                    TAGREFS="LT4837"
                    BASELINE="595 756 620 756" 
                    HPOS="595"
                    VPOS="723"
                    WIDTH="25"
                    HEIGHT="67">
            <Shape><Polygon POINTS="595 756 595 790 620 787 620 756 620 726 595 723 595 756"/></Shape>
	    <String CONTENT=""
                    HPOS="595"
                    VPOS="723"
                    WIDTH="25"
                    HEIGHT="67"></String>
          </TextLine>

          
          
          <TextLine ID="eSc_line_cdae03ae"
                    TAGREFS="LT4837"
                    BASELINE="453 704 538 703" 
                    HPOS="451"
                    VPOS="627"
                    WIDTH="87"
                    HEIGHT="100">
            <Shape><Polygon POINTS="453 704 453 727 538 726 538 703 532 633 495 643 478 629 476 627 475 627 473 627 451 627 453 704"/></Shape>
	    <String CONTENT=""
                    HPOS="451"
                    VPOS="627"
                    WIDTH="87"
                    HEIGHT="100"></String>
          </TextLine>

          
          
          <TextLine ID="eSc_line_88c43b78"
                    TAGREFS="LT4837"
                    BASELINE="593 818 670 823" 
                    HPOS="590"
                    VPOS="778"
                    WIDTH="82"
                    HEIGHT="78">
            <Shape><Polygon POINTS="593 818 590 843 605 853 606 853 608 853 609 853 610 853 625 848 633 846 665 856 670 823 672 794 625 778 623 778 622 778 620 778 593 787 593 818"/></Shape>
	    <String CONTENT=""
                    HPOS="590"
                    VPOS="778"
                    WIDTH="82"
                    HEIGHT="78"></String>
          </TextLine>

          
          
          <TextLine ID="eSc_line_e4af0d8b"
                    TAGREFS="LT4837"
                    BASELINE="229 778 345 778" 
                    HPOS="229"
                    VPOS="746"
                    WIDTH="116"
                    HEIGHT="67">
            <Shape><Polygon POINTS="229 813 345 800 345 778 345 757 301 749 299 749 298 749 289 751 271 756 231 746 229 778 229 813"/></Shape>
	    <String CONTENT=""
                    HPOS="229"
                    VPOS="746"
                    WIDTH="116"
                    HEIGHT="67"></String>
          </TextLine>

          
          
          <TextLine ID="eSc_line_a7a6b23f"
                    TAGREFS="LT4837"
                    BASELINE="628 900 670 897" 
                    HPOS="625"
                    VPOS="857"
                    WIDTH="45"
                    HEIGHT="67">
            <Shape><Polygon POINTS="629 924 670 918 670 897 663 857 642 865 625 860 628 900 629 924"/></Shape>
	    <String CONTENT=""
                    HPOS="625"
                    VPOS="857"
                    WIDTH="45"
                    HEIGHT="67"></String>
          </TextLine>

          
          
          <TextLine ID="eSc_line_44d7e413"
                    TAGREFS="LT4837"
                    BASELINE="329 950 359 950" 
                    HPOS="329"
                    VPOS="927"
                    WIDTH="30"
                    HEIGHT="38">
            <Shape><Polygon POINTS="329 950 331 965 359 957 359 950 359 928 329 927 329 950"/></Shape>
	    <String CONTENT=""
                    HPOS="329"
                    VPOS="927"
                    WIDTH="30"
                    HEIGHT="38"></String>
          </TextLine>

          
          
          <TextLine ID="eSc_line_cec3b3e0"
                    TAGREFS="LT4837"
                    BASELINE="85 943 97 941" 
                    HPOS="81"
                    VPOS="910"
                    WIDTH="16"
                    HEIGHT="45">
            <Shape><Polygon POINTS="85 943 87 955 97 955 97 941 91 910 81 910 85 943"/></Shape>
	    <String CONTENT=""
                    HPOS="81"
                    VPOS="910"
                    WIDTH="16"
                    HEIGHT="45"></String>
          </TextLine>

          
          
          <TextLine ID="eSc_line_48d9542e"
                    TAGREFS="LT4837"
                    BASELINE="790 1483 830 1483" 
                    HPOS="790"
                    VPOS="1438"
                    WIDTH="40"
                    HEIGHT="88">
            <Shape><Polygon POINTS="826 1448 792 1438 790 1483 790 1526 830 1525 830 1483 830 1475 826 1448"/></Shape>
	    <String CONTENT=""
                    HPOS="790"
                    VPOS="1438"
                    WIDTH="40"
                    HEIGHT="88"></String>
          </TextLine>

          
          
          <TextLine ID="eSc_line_df932df2"
                    TAGREFS="LT4837"
                    BASELINE="274 1470 401 1475" 
                    HPOS="272"
                    VPOS="1413"
                    WIDTH="129"
                    HEIGHT="85">
            <Shape><Polygon POINTS="272 1492 356 1489 398 1498 401 1475 401 1435 354 1433 344 1426 325 1413 324 1413 322 1413 321 1413 319 1413 296 1419 285 1422 276 1416 274 1470 272 1492"/></Shape>
	    <String CONTENT=""
                    HPOS="272"
                    VPOS="1413"
                    WIDTH="129"
                    HEIGHT="85"></String>
          </TextLine>

          
          
          <TextLine ID="eSc_line_d1323931"
                    TAGREFS="LT4837"
                    BASELINE="114 1617 221 1614" 
                    HPOS="112"
                    VPOS="1589"
                    WIDTH="109"
                    HEIGHT="43">
            <Shape><Polygon POINTS="198 1596 184 1600 169 1603 155 1606 141 1616 127 1616 124 1597 112 1599 114 1617 114 1632 221 1632 221 1614 216 1589 196 1590 198 1596"/></Shape>
	    <String CONTENT=""
                    HPOS="112"
                    VPOS="1589"
                    WIDTH="109"
                    HEIGHT="43"></String>
          </TextLine>

          
        </TextBlock>
        
        <TextBlock HPOS="279"
                   VPOS="1044"
                   WIDTH="33"
                   HEIGHT="21"
                   ID="eSc_textblock_66aea1bb"
                   TAGREFS="BT16093">
          <Shape><Polygon POINTS="279 1044 306 1044 312 1054 279 1065 279 1044"/></Shape>
          
          
          <TextLine ID="eSc_line_dc3e5131"
                    TAGREFS="LT4837"
                    BASELINE="276 1055 296 1055" 
                    HPOS="276"
                    VPOS="1044"
                    WIDTH="20"
                    HEIGHT="48">
            <Shape><Polygon POINTS="291 1044 276 1055 276 1092 296 1092 296 1055 295 1044 291 1044"/></Shape>
	    <String CONTENT=""
                    HPOS="276"
                    VPOS="1044"
                    WIDTH="20"
                    HEIGHT="48"></String>
          </TextLine>

          
        </TextBlock>
        
        <TextBlock HPOS="119"
                   VPOS="188"
                   WIDTH="50"
                   HEIGHT="16"
                   ID="eSc_textblock_049612d6"
                   TAGREFS="BT16091">
          <Shape><Polygon POINTS="124 188 169 188 169 198 119 204 124 188"/></Shape>
          
        </TextBlock>
        
        <TextBlock HPOS="125"
                   VPOS="142"
                   WIDTH="62"
                   HEIGHT="10"
                   ID="eSc_textblock_22a13a1c"
                   TAGREFS="BT16091">
          <Shape><Polygon POINTS="141 142 164 142 187 152 125 152 141 142"/></Shape>
          
        </TextBlock>
        
        <TextBlock HPOS="302"
                   VPOS="148"
                   WIDTH="22"
                   HEIGHT="4"
                   ID="eSc_textblock_946d2a18"
                   TAGREFS="BT16091">
          <Shape><Polygon POINTS="306 148 324 148 324 152 302 152 306 148"/></Shape>
          
        </TextBlock>
        
        <TextBlock HPOS="365"
                   VPOS="148"
                   WIDTH="21"
                   HEIGHT="4"
                   ID="eSc_textblock_f8b1925b"
                   TAGREFS="BT16091">
          <Shape><Polygon POINTS="369 148 386 148 386 152 365 152 369 148"/></Shape>
          
        </TextBlock>
        
        <TextBlock HPOS="523"
                   VPOS="165"
                   WIDTH="39"
                   HEIGHT="21"
                   ID="eSc_textblock_934ed1ad"
                   TAGREFS="BT16091">
          <Shape><Polygon POINTS="551 165 562 186 529 186 523 171 551 165"/></Shape>
          
        </TextBlock>
        
        <TextBlock HPOS="0"
                   VPOS="1"
                   WIDTH="1"
                   HEIGHT="1"
                   ID="eSc_textblock_c225ab1e"
                   TAGREFS="BT16085">
          <Shape><Polygon POINTS="1 1 0 1 0 2 1 2 1 1"/></Shape>
          
        </TextBlock>
        
        <TextBlock HPOS="1076"
                   VPOS="410"
                   WIDTH="27"
                   HEIGHT="27"
                   ID="eSc_textblock_702ed081"
                   TAGREFS="BT16091">
          <Shape><Polygon POINTS="1092 410 1103 432 1082 437 1076 428 1092 410"/></Shape>
          
        </TextBlock>
        
        <TextBlock HPOS="79"
                   VPOS="222"
                   WIDTH="90"
                   HEIGHT="56"
                   ID="eSc_textblock_625242bb"
                   TAGREFS="BT16091">
          <Shape><Polygon POINTS="112 222 169 239 147 278 85 278 79 251 112 222"/></Shape>
          
        </TextBlock>
        

        
        <TextBlock ID="eSc_dummyblock_">
          
          
          <TextLine ID="eSc_line_d175584d"
                    TAGREFS="LT4837"
                    BASELINE="471 159 549 159" 
                    HPOS="471"
                    VPOS="105"
                    WIDTH="78"
                    HEIGHT="79">
            <Shape><Polygon POINTS="471 159 471 172 493 184 495 184 496 184 549 179 549 159 549 105 531 105 529 105 528 105 526 105 513 115 495 129 471 129 471 159"/></Shape>
	    <String CONTENT=""
                    HPOS="471"
                    VPOS="105"
                    WIDTH="78"
                    HEIGHT="79"></String>
          </TextLine>

          
          
          <TextLine ID="eSc_line_a78a4f8b"
                    TAGREFS="LT4837"
                    BASELINE="25 1052 62 1052" 
                    HPOS="25"
                    VPOS="1000"
                    WIDTH="37"
                    HEIGHT="88">
            <Shape><Polygon POINTS="62 1052 62 1011 27 1000 25 1052 27 1088 62 1077 62 1052"/></Shape>
	    <String CONTENT=""
                    HPOS="25"
                    VPOS="1000"
                    WIDTH="37"
                    HEIGHT="88"></String>
          </TextLine>

          
        </TextBlock>
        
      </PrintSpace>
    </Page>
  </Layout>
</alto>
