<?xml version="1.0" encoding="UTF-8"?>
<alto xmlns:xsi="http://www.w3.org/2001/XMLSchema-instance"
      xmlns="http://www.loc.gov/standards/alto/ns-v4#"
      xsi:schemaLocation="http://www.loc.gov/standards/alto/ns-v4# http://www.loc.gov/standards/alto/v4/alto-4-2.xsd">
  <Description>
    <MeasurementUnit>pixel</MeasurementUnit>
    <sourceImageInformation>
      <fileName>Rasail093.jpg</fileName>
      
    </sourceImageInformation>
  </Description>
  
  <Tags>
    <OtherTag ID="BT16094" LABEL="default" DESCRIPTION="block type default"/><OtherTag ID="BT16093" LABEL="NumberingZone:page" DESCRIPTION="block type NumberingZone:page"/><OtherTag ID="BT16092" LABEL="MarginTextZone:note" DESCRIPTION="block type MarginTextZone:note"/><OtherTag ID="BT16091" LABEL="TitlePageZone" DESCRIPTION="block type TitlePageZone"/><OtherTag ID="BT16090" LABEL="QuireMarksZone:catchwords" DESCRIPTION="block type QuireMarksZone:catchwords"/><OtherTag ID="BT16089" LABEL="NumberingZone:other" DESCRIPTION="block type NumberingZone:other"/><OtherTag ID="BT16088" LABEL="NumberingZone" DESCRIPTION="block type NumberingZone"/><OtherTag ID="BT16087" LABEL="MarginTextZone" DESCRIPTION="block type MarginTextZone"/><OtherTag ID="BT16086" LABEL="MainZone" DESCRIPTION="block type MainZone"/><OtherTag ID="BT16085" LABEL="DigitizationArtefactZone" DESCRIPTION="block type DigitizationArtefactZone"/><OtherTag ID="BT2" LABEL="Main" DESCRIPTION="block type Main"/><OtherTag ID="BT1" LABEL="Title" DESCRIPTION="block type Title"/>
    <OtherTag ID="LT4837" LABEL="DefaultLine" DESCRIPTION="line type DefaultLine"/><OtherTag ID="LT4838" LABEL="default" DESCRIPTION="line type default"/><OtherTag ID="LT4839" LABEL="HeadingLine:title" DESCRIPTION="line type HeadingLine:title"/>
  </Tags>
  
  <Layout>
    <Page WIDTH="1146"
          HEIGHT="1680"
          PHYSICAL_IMG_NR="121"
          ID="eSc_dummypage_">
      <PrintSpace HPOS="0"
                  VPOS="0"
                  WIDTH="1146"
                  HEIGHT="1680">
        
        <TextBlock HPOS="33"
                   VPOS="140"
                   WIDTH="933"
                   HEIGHT="1409"
                   ID="eSc_textblock_3954435a"
                   TAGREFS="BT16086">
          <Shape><Polygon POINTS="61 140 905 151 955 173 966 1348 944 1549 44 1544 33 548 39 196 61 140"/></Shape>
          
          
          <TextLine ID="eSc_line_7cf6aa2f"
                    TAGREFS="LT4837"
                    BASELINE="70 215 935 221" 
                    HPOS="68"
                    VPOS="158"
                    WIDTH="867"
                    HEIGHT="93">
            <Shape><Polygon POINTS="70 215 68 235 128 247 130 247 197 239 224 247 225 247 226 247 228 247 229 247 236 240 243 246 243 247 245 247 246 247 247 247 327 240 367 246 368 246 369 246 371 246 382 239 383 239 427 249 428 249 514 242 525 250 526 250 528 250 529 250 530 250 554 240 557 240 592 240 595 242 606 250 608 250 609 250 610 250 612 250 631 242 636 240 700 240 704 243 717 251 718 251 720 251 721 251 934 244 935 221 935 172 921 165 920 165 919 165 917 165 905 172 888 180 871 173 870 173 868 173 867 173 865 173 853 183 815 176 813 176 766 183 735 170 734 170 732 170 731 170 711 182 692 168 690 166 689 166 687 166 686 166 685 166 682 168 650 183 594 183 585 175 584 175 582 175 581 175 580 175 563 182 547 168 547 166 546 166 544 166 543 166 542 166 504 182 484 168 483 168 481 168 480 168 479 168 446 180 410 163 404 161 403 161 402 161 400 161 399 161 399 162 397 162 378 182 358 182 334 162 334 161 333 161 332 161 330 161 320 162 287 166 245 161 235 159 233 159 232 159 231 159 205 172 186 159 184 159 183 159 182 159 180 159 179 159 166 168 158 159 156 159 155 159 154 159 152 159 131 166 70 158 70 215"/></Shape>
	    <String CONTENT="جت و معنی باب اقدس را حجت اگبر می گويند که مظهر عقل ل"
                    HPOS="68"
                    VPOS="158"
                    WIDTH="867"
                    HEIGHT="93"
                    WC="0.8778141365860993"></String>
          </TextLine>

          
          
          <TextLine ID="eSc_line_121cf5cf"
                    TAGREFS="LT4837"
                    BASELINE="54 295 942 289" 
                    HPOS="53"
                    VPOS="247"
                    WIDTH="889"
                    HEIGHT="80">
            <Shape><Polygon POINTS="54 295 54 313 205 313 207 313 235 323 236 323 238 323 275 316 287 324 287 326 288 326 290 326 291 326 292 326 323 316 337 326 339 326 340 326 341 327 390 327 390 326 392 326 411 316 472 326 473 326 474 326 476 326 476 324 487 315 512 324 514 324 515 324 516 324 557 310 558 310 560 310 585 324 587 324 588 324 648 317 718 324 720 324 721 324 752 317 816 323 818 323 819 323 820 323 820 322 832 313 847 323 848 323 850 323 851 323 853 323 854 323 867 315 874 322 875 322 877 322 878 322 879 322 881 322 898 309 941 308 942 289 941 263 910 247 909 247 823 247 822 247 820 247 794 259 776 247 774 247 773 247 771 247 770 247 718 263 700 253 699 253 697 253 696 253 694 253 694 254 685 261 671 249 669 249 668 249 666 249 665 249 634 263 592 263 571 251 570 251 497 249 495 249 494 249 493 249 493 250 479 266 389 266 376 257 375 257 374 257 372 257 329 264 277 250 275 250 274 250 235 251 233 251 232 251 232 253 218 266 168 256 166 256 165 256 145 266 113 251 112 251 110 251 109 251 107 251 91 264 53 267 54 295"/></Shape>
	    <String CONTENT="و مظر نفس گل را حجت اغر گويندو هر چندکه به حجت در"
                    HPOS="53"
                    VPOS="247"
                    WIDTH="889"
                    HEIGHT="80"
                    WC="0.9104998075232213"></String>
          </TextLine>

          
          
          <TextLine ID="eSc_line_e5b5d11c"
                    TAGREFS="LT4837"
                    BASELINE="56 378 687 373 937 361" 
                    HPOS="56"
                    VPOS="320"
                    WIDTH="881"
                    HEIGHT="93">
            <Shape><Polygon POINTS="56 404 84 413 85 413 86 413 88 413 89 413 100 404 109 397 128 403 159 413 161 413 162 413 201 411 203 411 204 411 215 401 222 396 253 396 260 400 274 411 275 411 277 411 278 411 280 411 311 400 313 399 318 399 347 406 348 406 350 406 351 406 351 404 358 399 362 393 403 393 420 397 459 408 460 408 462 408 518 406 519 406 521 406 536 396 575 407 577 407 578 407 580 407 581 407 595 399 627 406 629 406 630 406 664 392 665 392 680 406 682 406 683 406 685 406 686 406 718 392 724 389 773 389 778 390 832 404 833 404 834 404 836 404 837 404 837 403 853 389 853 387 854 387 889 403 891 403 892 403 893 403 937 386 937 361 934 326 902 320 900 320 899 320 898 320 898 322 892 326 889 330 879 326 864 320 863 320 861 320 860 320 848 327 832 336 794 327 783 326 781 326 780 326 776 327 762 336 749 329 743 324 742 324 741 324 739 324 738 324 736 324 731 329 718 337 655 330 617 326 616 326 615 326 613 326 613 327 609 330 602 337 585 331 584 331 582 331 581 331 580 331 571 338 544 331 537 330 536 330 535 330 533 330 532 330 530 331 519 338 470 333 465 333 463 333 462 333 460 333 460 334 453 341 400 341 390 334 388 331 386 331 385 331 383 331 382 331 372 334 350 341 339 336 329 329 327 329 326 329 325 329 323 329 308 336 304 337 301 336 280 327 278 327 277 327 218 329 217 329 215 329 203 337 194 343 183 337 172 333 170 333 169 333 145 338 138 340 137 338 128 331 128 330 127 330 126 330 82 330 81 330 79 330 78 330 78 331 70 340 65 344 56 340 56 378 56 404"/></Shape>
	    <String CONTENT="معنى طعمى دارد و چون ب معنى دليل است چنانچه بختان جزاثر"
                    HPOS="56"
                    VPOS="320"
                    WIDTH="881"
                    HEIGHT="93"
                    WC="0.8992001696066423"></String>
          </TextLine>

          
          
          <TextLine ID="eSc_line_c205c03f"
                    TAGREFS="LT4837"
                    BASELINE="57 439 938 442" 
                    HPOS="56"
                    VPOS="397"
                    WIDTH="882"
                    HEIGHT="78">
            <Shape><Polygon POINTS="56 470 91 470 92 470 93 470 107 459 194 470 219 473 221 473 336 470 337 470 339 470 341 468 351 461 361 467 368 473 369 473 371 473 372 474 416 474 416 473 445 466 479 459 507 466 540 474 542 474 543 474 544 474 565 464 568 463 571 464 587 473 588 473 589 473 591 473 613 464 619 461 620 464 630 473 630 474 631 474 633 474 634 475 668 475 668 474 669 474 683 467 706 473 707 473 708 473 710 473 711 473 727 463 729 461 813 461 825 470 825 471 826 471 827 471 829 473 860 473 860 471 937 459 938 442 935 399 888 407 878 399 877 399 875 399 833 399 832 399 830 399 829 399 802 417 739 417 722 401 721 401 720 401 718 401 717 401 700 407 692 399 690 399 689 399 687 399 686 399 685 399 662 415 606 400 605 400 603 400 602 400 571 415 484 415 470 406 469 406 467 406 466 406 397 413 386 406 385 406 383 406 382 406 381 406 355 414 340 400 337 397 336 397 334 397 304 397 302 397 301 397 299 397 295 400 274 414 198 407 197 407 196 407 166 414 149 400 148 399 147 399 145 399 95 397 93 397 92 397 91 397 91 399 88 401 79 407 58 401 57 439 56 470"/></Shape>
	    <String CONTENT="می گويند فانا در روش مراتب خدود بحت مختقراست واعظم و"
                    HPOS="56"
                    VPOS="397"
                    WIDTH="882"
                    HEIGHT="78"
                    WC="0.9301473607237523"></String>
          </TextLine>

          
          
          <TextLine ID="eSc_line_94ee7c61"
                    TAGREFS="LT4837"
                    BASELINE="58 525 940 508" 
                    HPOS="57"
                    VPOS="467"
                    WIDTH="883"
                    HEIGHT="88">
            <Shape><Polygon POINTS="58 525 58 543 128 555 130 555 131 555 133 555 144 547 152 554 154 554 155 554 156 555 197 555 197 554 198 554 225 543 252 553 253 553 254 553 299 546 406 550 407 550 409 550 439 537 477 547 479 547 480 547 481 547 483 547 495 536 581 534 603 534 616 544 617 544 619 544 620 544 622 544 648 536 676 544 678 544 679 544 680 544 682 544 682 543 694 533 694 532 720 532 752 532 763 541 763 543 764 543 766 543 767 543 769 543 792 530 805 541 806 541 808 541 809 541 811 541 812 541 826 530 827 530 892 540 893 540 895 540 896 540 896 539 907 529 940 527 940 508 934 468 913 475 906 468 905 467 903 467 902 467 864 467 863 467 846 470 787 484 714 474 690 471 689 471 687 471 686 471 682 475 665 487 640 488 594 488 582 478 581 478 580 478 578 478 577 478 575 478 563 488 525 480 523 480 522 480 521 480 511 489 455 489 439 481 430 477 428 477 427 477 425 477 411 482 399 487 393 482 386 477 385 477 383 477 350 477 348 477 305 485 295 487 287 485 256 480 254 480 253 480 252 480 252 481 245 487 238 495 187 495 176 488 170 484 169 484 168 484 166 484 165 484 163 484 158 489 152 492 148 489 140 482 140 481 138 481 137 481 135 481 134 481 96 491 77 495 57 492 58 525"/></Shape>
	    <String CONTENT="اصغر که بعد از انام اند و آساس و ناطق به منزله انام و حجت"
                    HPOS="57"
                    VPOS="467"
                    WIDTH="883"
                    HEIGHT="88"
                    WC="0.8777278934059471"></String>
          </TextLine>

          
          
          <TextLine ID="eSc_line_94114c63"
                    TAGREFS="LT4837"
                    BASELINE="44 599 477 599 945 586" 
                    HPOS="44"
                    VPOS="543"
                    WIDTH="901"
                    HEIGHT="91">
            <Shape><Polygon POINTS="44 621 102 630 103 630 105 630 123 621 189 634 190 634 191 634 231 621 309 632 311 632 312 632 362 616 368 614 369 616 386 631 388 631 389 631 390 632 413 632 413 631 414 631 416 631 439 614 441 613 498 613 500 613 512 624 512 625 514 625 515 625 516 625 518 625 519 625 536 614 564 628 565 628 567 628 661 620 694 627 696 627 697 627 699 627 713 617 745 623 746 623 748 623 749 623 756 616 778 625 780 625 781 625 783 625 815 607 818 606 944 604 945 586 938 544 924 557 899 546 898 546 878 544 818 543 816 543 815 543 813 543 813 544 812 546 802 554 721 546 711 546 710 546 708 546 707 546 689 562 634 562 615 550 613 550 612 550 610 550 609 550 589 558 567 548 565 548 564 548 563 548 561 548 543 564 474 564 462 557 460 557 459 557 458 557 456 557 423 567 404 567 388 551 386 551 385 551 383 551 327 554 326 554 301 565 245 551 242 551 240 551 239 551 238 551 211 569 186 569 165 553 163 553 162 553 161 553 159 553 92 561 44 554 44 599 44 621"/></Shape>
	    <String CONTENT="اند در زمان خود هر بيغمزی را صاحبکتاب می گويند که بيان"
                    HPOS="44"
                    VPOS="543"
                    WIDTH="901"
                    HEIGHT="91"
                    WC="0.9148520131905874"></String>
          </TextLine>

          
          
          <TextLine ID="eSc_line_0babeac2"
                    TAGREFS="LT4837"
                    BASELINE="53 674 509 670 941 656" 
                    HPOS="51"
                    VPOS="614"
                    WIDTH="890"
                    HEIGHT="93">
            <Shape><Polygon POINTS="53 691 138 691 141 691 170 700 172 700 173 700 175 700 204 693 218 705 219 705 221 705 222 707 260 707 260 705 319 704 320 704 322 704 322 702 337 688 367 702 368 702 369 704 399 704 399 702 470 688 483 698 483 700 484 700 486 700 487 701 509 701 509 700 511 700 512 700 525 690 533 697 535 697 536 697 537 697 539 697 563 686 582 693 584 693 585 693 587 693 588 693 588 691 598 681 629 681 668 681 683 688 685 688 686 688 687 688 706 680 750 694 752 694 753 695 811 695 811 694 812 694 861 679 940 674 941 656 935 614 882 631 863 616 861 616 860 616 813 616 812 616 811 616 809 616 792 631 780 624 778 624 777 624 776 624 774 624 763 634 697 618 694 618 693 618 692 618 690 618 651 637 619 620 617 620 616 620 615 620 613 620 575 638 511 630 509 630 508 630 507 630 507 631 497 641 479 641 456 624 455 624 453 624 452 624 451 624 449 624 424 639 326 644 239 634 238 634 236 634 235 634 235 635 226 642 211 630 211 628 210 628 208 628 207 628 205 628 158 642 144 631 144 630 142 630 141 630 140 630 138 630 89 642 51 631 53 674 53 691"/></Shape>
	    <String CONTENT="منند شريعت است ووضی و قايم مقام نطق را آساس"
                    HPOS="51"
                    VPOS="614"
                    WIDTH="890"
                    HEIGHT="93"
                    WC="0.9090970077297904"></String>
          </TextLine>

          
          
          <TextLine ID="eSc_line_32ade557"
                    TAGREFS="LT4837"
                    BASELINE="51 753 500 749 931 735" 
                    HPOS="50"
                    VPOS="687"
                    WIDTH="881"
                    HEIGHT="97">
            <Shape><Polygon POINTS="51 753 51 770 78 784 79 784 81 784 82 784 120 768 186 782 187 782 287 779 288 779 290 779 290 778 302 767 374 778 375 778 376 778 378 778 399 764 404 768 404 770 406 770 407 770 409 770 410 770 427 763 441 775 442 775 444 775 445 775 446 775 448 775 470 761 488 768 490 768 491 768 493 768 494 768 494 767 501 761 539 767 540 767 542 767 567 760 587 770 588 770 589 771 633 771 633 770 634 770 636 770 636 768 645 758 672 771 673 771 675 772 734 772 734 771 735 771 801 754 802 754 804 754 839 765 840 765 841 765 843 765 871 753 872 753 900 763 902 763 903 763 905 763 931 751 931 735 926 700 920 702 917 700 905 688 905 687 903 687 902 687 900 687 829 688 827 688 826 688 826 690 812 702 809 705 771 705 769 704 759 695 757 695 756 695 755 695 753 695 752 695 745 702 724 691 722 691 721 691 720 691 700 702 690 693 690 691 689 691 687 691 664 691 662 691 661 691 659 691 637 707 634 708 617 707 539 700 537 700 536 700 535 700 523 709 522 709 519 709 460 700 459 700 458 700 456 700 449 705 441 700 439 700 438 700 437 700 435 700 434 700 416 712 414 712 410 712 379 705 378 705 376 705 375 705 367 712 367 714 365 712 351 708 350 708 348 708 288 715 282 715 281 715 263 700 261 700 260 700 259 700 257 700 256 700 239 712 197 716 183 719 166 719 165 718 149 704 149 702 148 702 147 702 116 702 114 702 82 704 81 704 50 718 51 753"/></Shape>
	    <String CONTENT="می گويند يعنى بريا كننده از براى دين و تا ويل کننره نزيل"
                    HPOS="50"
                    VPOS="687"
                    WIDTH="881"
                    HEIGHT="97"
                    WC="0.8849912924425942"></String>
          </TextLine>

          
          
          <TextLine ID="eSc_line_d884baad"
                    TAGREFS="LT4837"
                    BASELINE="53 827 728 823 860 819 923 807" 
                    HPOS="51"
                    VPOS="771"
                    WIDTH="872"
                    HEIGHT="85">
            <Shape><Polygon POINTS="53 827 53 840 138 845 152 856 154 856 155 856 156 856 235 838 238 838 246 845 247 845 249 845 250 845 252 845 268 840 290 855 291 855 292 855 294 856 376 856 376 855 378 855 413 837 418 842 418 844 420 844 421 844 423 844 448 840 459 849 459 851 460 851 462 851 525 854 526 854 528 854 529 854 542 845 588 852 589 852 591 852 592 852 612 835 615 835 652 835 700 852 701 852 703 852 704 852 757 835 791 851 792 851 794 851 795 851 797 851 818 834 858 847 860 847 861 847 863 847 864 847 864 845 879 833 923 833 923 807 917 771 826 772 825 772 792 788 770 772 769 772 767 772 766 772 764 772 763 772 734 785 696 774 694 774 668 774 666 774 665 774 664 774 664 775 652 784 603 775 594 774 592 774 591 774 587 775 537 792 490 781 488 781 487 781 465 793 434 793 406 779 404 779 403 779 402 779 400 779 379 792 343 782 341 782 340 782 339 782 337 782 319 793 215 788 214 788 212 788 211 788 201 796 120 796 98 782 92 778 91 778 89 778 88 778 51 782 53 827"/></Shape>
	    <String CONTENT="معنی کمال شريعت و حقيقت را آساس دين و دعوت مولنا"
                    HPOS="51"
                    VPOS="771"
                    WIDTH="872"
                    HEIGHT="85"
                    WC="0.9371155561233053"></String>
          </TextLine>

          
          
          <TextLine ID="eSc_line_6dfaf559"
                    TAGREFS="LT4837"
                    BASELINE="60 902 937 884" 
                    HPOS="58"
                    VPOS="842"
                    WIDTH="879"
                    HEIGHT="86">
            <Shape><Polygon POINTS="60 902 60 922 99 916 110 921 124 928 126 928 127 928 177 919 204 915 211 918 224 925 225 925 226 925 277 918 327 923 329 923 383 914 407 909 439 912 528 919 529 919 530 919 563 908 567 907 573 908 596 916 598 916 599 918 662 918 662 916 664 916 665 916 685 905 686 904 701 904 806 911 808 911 809 911 829 902 857 912 858 912 860 912 861 912 863 912 881 900 881 898 937 897 937 884 931 842 865 861 837 861 820 845 819 845 818 845 816 845 815 845 813 845 791 858 760 847 759 847 757 847 756 847 746 847 692 854 683 849 680 847 679 847 678 847 676 847 675 847 673 847 673 848 671 849 658 863 574 852 550 849 549 849 547 849 536 854 501 866 473 856 472 856 470 856 469 856 446 869 396 869 369 858 364 856 362 856 361 856 360 856 353 858 322 870 311 859 306 856 306 855 305 855 304 855 270 855 268 855 267 855 266 855 257 861 242 873 193 873 184 863 179 859 179 858 177 858 176 858 154 858 152 858 151 858 149 858 149 859 142 865 138 869 128 865 113 859 112 859 110 859 58 866 60 902"/></Shape>
	    <String CONTENT="طلياست جهت مصلحت و سياست دامور ملک و مدار عالم"
                    HPOS="58"
                    VPOS="842"
                    WIDTH="879"
                    HEIGHT="86"
                    WC="0.9197906333467235"></String>
          </TextLine>

          
          
          <TextLine ID="eSc_line_58b3240e"
                    TAGREFS="LT4837"
                    BASELINE="61 964 509 968 935 953" 
                    HPOS="60"
                    VPOS="912"
                    WIDTH="875"
                    HEIGHT="81">
            <Shape><Polygon POINTS="61 964 61 979 109 979 131 991 133 991 134 991 135 991 137 991 155 979 182 991 183 991 184 991 256 982 285 993 287 993 288 993 327 992 329 992 330 992 330 991 340 982 424 991 425 991 427 991 477 975 515 991 516 991 518 991 519 991 521 991 521 989 522 989 529 979 616 977 629 986 629 988 630 988 631 988 633 989 697 989 697 988 699 988 734 974 755 986 756 986 757 986 759 986 760 986 791 971 822 984 823 984 825 984 826 984 827 984 844 971 934 968 935 953 934 923 912 912 910 912 909 912 826 914 825 914 823 914 806 925 794 921 792 921 791 921 790 921 788 921 788 922 784 925 774 936 753 936 741 926 732 918 731 918 729 918 728 918 727 918 710 926 701 930 694 926 690 923 689 923 687 923 686 923 685 923 683 923 679 926 666 936 582 937 564 928 551 919 550 919 549 919 547 919 546 919 544 919 532 928 515 939 462 932 460 932 417 939 406 930 404 930 403 930 402 930 400 930 372 940 355 930 354 929 353 929 351 929 350 929 348 929 346 930 334 936 319 930 309 928 308 928 306 928 305 928 304 928 299 930 282 942 212 935 211 935 210 935 190 942 173 932 155 922 154 922 72 922 71 922 70 922 68 922 68 923 60 929 61 964"/></Shape>
	    <String CONTENT="وما ينطق عن الهوای درشان حضرت ناطق است و انت"
                    HPOS="60"
                    VPOS="912"
                    WIDTH="875"
                    HEIGHT="81"
                    WC="0.9049259214238687"></String>
          </TextLine>

          
          
          <TextLine ID="eSc_line_7347c34a"
                    TAGREFS="LT4837"
                    BASELINE="64 1038 928 1033" 
                    HPOS="63"
                    VPOS="986"
                    WIDTH="865"
                    HEIGHT="82">
            <Shape><Polygon POINTS="64 1038 64 1054 112 1054 114 1054 135 1068 137 1068 138 1068 140 1068 205 1061 264 1068 266 1068 267 1068 268 1068 285 1055 318 1066 319 1066 320 1066 322 1066 360 1055 378 1066 379 1066 381 1066 382 1066 441 1064 442 1064 444 1064 462 1052 491 1064 493 1064 589 1065 591 1065 592 1065 594 1065 612 1054 659 1064 661 1064 662 1064 664 1064 682 1050 685 1050 711 1050 713 1050 742 1064 743 1064 745 1064 746 1064 748 1064 759 1054 781 1062 783 1062 784 1062 785 1062 787 1062 808 1050 811 1050 905 1058 906 1058 907 1058 928 1048 928 1033 923 986 875 1003 801 986 797 986 795 986 791 986 728 1002 697 988 696 988 620 988 619 988 617 988 616 988 563 1007 551 1000 550 1000 549 1000 547 1000 494 1010 437 999 435 999 434 999 409 1010 351 1003 350 1003 348 1003 334 1010 308 996 306 996 305 996 304 996 274 1013 162 1013 140 992 140 991 138 991 137 991 135 991 63 991 64 1038"/></Shape>
	    <String CONTENT="منی بمنز هارون من موشی درشان حضرت"
                    HPOS="63"
                    VPOS="986"
                    WIDTH="865"
                    HEIGHT="82"
                    WC="0.9390222845655499"></String>
          </TextLine>

          
          
          <TextLine ID="eSc_line_ed1b9276"
                    TAGREFS="LT4837"
                    BASELINE="795 1096 937 1093" 
                    HPOS="794"
                    VPOS="1057"
                    WIDTH="143"
                    HEIGHT="60">
            <Shape><Polygon POINTS="795 1096 795 1110 857 1117 858 1117 935 1107 937 1093 931 1057 900 1064 794 1062 795 1096"/></Shape>
	    <String CONTENT="است"
                    HPOS="794"
                    VPOS="1057"
                    WIDTH="143"
                    HEIGHT="60"
                    WC="0.8781216740608215"></String>
          </TextLine>

          
          
          <TextLine ID="eSc_line_a99492e4"
                    TAGREFS="LT4837"
                    BASELINE="445 1177 542 1173" 
                    HPOS="442"
                    VPOS="1120"
                    WIDTH="100"
                    HEIGHT="85">
            <Shape><Polygon POINTS="445 1177 445 1197 508 1205 509 1205 511 1205 542 1192 542 1173 539 1134 472 1120 470 1120 469 1120 442 1132 445 1177"/></Shape>
	    <String CONTENT="هارم"
                    HPOS="442"
                    VPOS="1120"
                    WIDTH="100"
                    HEIGHT="85"
                    WC="0.7091300785541534"></String>
          </TextLine>

          
          
          <TextLine ID="eSc_line_e316809b"
                    TAGREFS="LT4837"
                    BASELINE="70 1258 490 1258 860 1239" 
                    HPOS="68"
                    VPOS="1191"
                    WIDTH="792"
                    HEIGHT="98">
            <Shape><Polygon POINTS="70 1258 70 1278 92 1278 93 1278 110 1289 112 1289 113 1289 114 1289 233 1281 247 1288 249 1288 250 1288 252 1288 253 1288 270 1276 350 1285 351 1285 353 1285 354 1285 368 1274 379 1283 381 1283 382 1283 383 1285 432 1285 432 1283 434 1283 435 1283 452 1269 551 1276 553 1276 554 1276 556 1276 556 1275 564 1268 612 1279 613 1279 645 1278 647 1278 648 1278 648 1276 659 1264 776 1262 792 1269 794 1269 795 1269 797 1269 798 1269 798 1268 799 1268 804 1262 818 1269 819 1269 820 1269 822 1269 860 1258 860 1239 855 1191 764 1197 763 1197 727 1211 707 1197 706 1197 704 1197 703 1197 654 1208 634 1201 633 1201 631 1201 630 1201 629 1201 603 1218 556 1211 554 1211 553 1211 537 1219 511 1201 508 1199 507 1199 505 1199 504 1199 502 1199 494 1202 459 1213 449 1209 448 1209 446 1209 445 1209 444 1209 425 1222 386 1212 385 1212 383 1212 382 1212 348 1223 330 1211 329 1211 327 1211 326 1211 325 1211 323 1211 304 1226 252 1226 221 1213 219 1213 218 1213 217 1213 184 1227 140 1213 135 1212 134 1212 133 1212 68 1215 70 1258"/></Shape>
	    <String CONTENT="راعياست بمعنی وعوت کننده دين امر حقيقت است"
                    HPOS="68"
                    VPOS="1191"
                    WIDTH="792"
                    HEIGHT="98"
                    WC="0.92625820849623"></String>
          </TextLine>

          
          
          <TextLine ID="eSc_line_c36b1c75"
                    TAGREFS="LT4837"
                    BASELINE="64 1335 937 1318" 
                    HPOS="63"
                    VPOS="1271"
                    WIDTH="874"
                    HEIGHT="89">
            <Shape><Polygon POINTS="64 1335 64 1349 82 1359 84 1359 85 1359 134 1349 147 1359 148 1359 149 1359 151 1360 208 1360 208 1359 277 1348 284 1346 285 1348 302 1356 304 1356 305 1356 306 1356 334 1346 336 1346 343 1352 344 1352 346 1352 347 1352 348 1352 350 1352 350 1351 351 1351 354 1346 357 1344 376 1346 424 1355 425 1355 472 1346 497 1342 508 1346 523 1352 525 1352 526 1352 556 1346 588 1339 613 1346 630 1351 631 1351 633 1351 634 1351 650 1346 676 1338 701 1346 714 1349 715 1349 717 1349 718 1349 728 1346 755 1337 788 1342 790 1342 865 1334 912 1334 934 1345 937 1318 931 1271 899 1288 858 1289 837 1275 836 1275 834 1275 833 1275 829 1275 794 1278 792 1278 791 1278 791 1279 780 1292 713 1292 699 1281 697 1281 696 1281 694 1281 693 1281 692 1281 685 1286 678 1281 673 1278 673 1276 672 1276 671 1276 669 1276 668 1276 666 1276 661 1281 657 1283 652 1282 641 1276 640 1276 638 1276 610 1283 595 1286 578 1285 542 1279 540 1279 539 1279 537 1279 529 1286 526 1288 522 1286 502 1279 501 1279 500 1279 498 1279 497 1279 487 1288 477 1296 463 1289 458 1286 456 1286 455 1286 381 1288 379 1288 365 1292 346 1300 312 1300 306 1295 302 1290 301 1290 299 1290 298 1290 253 1295 228 1285 226 1285 225 1285 224 1285 222 1285 204 1299 198 1302 147 1302 147 1300 133 1288 133 1286 131 1286 130 1286 128 1286 127 1286 63 1303 64 1335"/></Shape>
	    <String CONTENT="يا قومنا اجتنبوا راعي الله دعوت أوست وداعي الله"
                    HPOS="63"
                    VPOS="1271"
                    WIDTH="874"
                    HEIGHT="89"
                    WC="0.919315155595541"></String>
          </TextLine>

          
          
          <TextLine ID="eSc_line_6695a981"
                    TAGREFS="LT4837"
                    BASELINE="57 1408 937 1393" 
                    HPOS="56"
                    VPOS="1342"
                    WIDTH="881"
                    HEIGHT="91">
            <Shape><Polygon POINTS="57 1408 57 1419 82 1432 84 1432 85 1432 86 1432 112 1423 152 1429 154 1429 155 1429 156 1429 156 1428 166 1419 214 1433 215 1433 217 1433 282 1423 333 1430 334 1430 336 1430 371 1419 388 1414 413 1414 423 1418 445 1429 446 1429 448 1429 449 1429 451 1429 463 1418 465 1418 466 1418 474 1426 474 1428 476 1428 477 1428 479 1428 480 1428 500 1421 507 1426 507 1428 508 1428 509 1428 511 1428 556 1426 557 1426 558 1426 570 1418 580 1411 606 1418 622 1422 623 1422 624 1422 626 1422 627 1422 633 1418 647 1409 666 1418 676 1422 678 1422 679 1422 680 1422 682 1422 686 1418 699 1408 809 1418 853 1421 854 1421 855 1421 864 1418 874 1412 882 1418 888 1421 889 1421 891 1421 892 1421 935 1416 937 1393 933 1355 910 1356 907 1355 898 1348 896 1348 895 1348 893 1348 892 1348 865 1356 837 1365 825 1358 802 1342 801 1342 799 1342 766 1342 764 1342 685 1344 683 1344 682 1344 671 1351 556 1346 554 1346 553 1346 551 1346 532 1360 514 1348 512 1348 511 1348 509 1348 508 1348 507 1348 493 1358 476 1348 474 1348 473 1348 472 1348 470 1348 451 1366 439 1362 438 1362 437 1362 435 1362 418 1369 409 1374 376 1374 369 1370 336 1356 334 1356 333 1356 332 1356 330 1356 306 1372 301 1376 56 1379 57 1408"/></Shape>
	    <String CONTENT="بأذنه سراجا منيرا شمع هرايت ونور معرفت اوست"
                    HPOS="56"
                    VPOS="1342"
                    WIDTH="881"
                    HEIGHT="91"
                    WC="0.921222408386794"></String>
          </TextLine>

          
          
          <TextLine ID="eSc_line_47dbeb3d"
                    TAGREFS="LT4837"
                    BASELINE="63 1486 934 1460" 
                    HPOS="61"
                    VPOS="1409"
                    WIDTH="873"
                    HEIGHT="101">
            <Shape><Polygon POINTS="63 1486 64 1509 86 1503 99 1507 106 1510 107 1510 109 1510 110 1510 117 1507 127 1502 148 1506 165 1509 166 1509 168 1509 180 1505 196 1499 204 1503 212 1507 214 1507 215 1507 275 1506 277 1506 290 1500 305 1492 343 1498 382 1503 383 1503 385 1503 402 1495 413 1489 448 1488 455 1493 458 1496 459 1496 460 1496 462 1496 463 1496 465 1496 469 1492 479 1486 522 1491 589 1496 591 1496 592 1496 594 1496 608 1486 615 1482 626 1486 650 1493 651 1493 652 1493 707 1484 748 1492 749 1492 750 1492 752 1492 752 1491 763 1479 766 1478 771 1479 809 1489 811 1489 812 1489 813 1489 815 1489 815 1488 827 1478 829 1477 834 1477 886 1485 888 1485 889 1485 934 1472 934 1460 931 1422 905 1422 889 1409 888 1409 886 1409 885 1409 884 1409 882 1409 860 1423 822 1423 795 1412 794 1412 792 1412 791 1412 735 1426 706 1415 704 1415 703 1415 701 1415 657 1429 644 1418 643 1418 641 1418 640 1418 638 1418 602 1430 568 1419 567 1419 565 1419 564 1419 511 1433 480 1422 479 1422 477 1422 425 1423 424 1423 396 1437 362 1437 347 1428 346 1428 344 1428 343 1428 341 1428 340 1428 330 1436 282 1430 281 1430 280 1430 278 1430 278 1432 268 1442 243 1442 210 1432 208 1432 207 1432 205 1432 186 1442 107 1433 106 1433 105 1433 61 1447 63 1486"/></Shape>
	    <String CONTENT="و فرموده علی ذکره السلام است که چون داعی آل مح"
                    HPOS="61"
                    VPOS="1409"
                    WIDTH="873"
                    HEIGHT="101"
                    WC="0.8979152802457201"></String>
          </TextLine>

          
          
          <TextLine ID="eSc_line_65ebd6bf"
                    TAGREFS="LT4837"
                    BASELINE="63 1556 938 1531" 
                    HPOS="61"
                    VPOS="1488"
                    WIDTH="877"
                    HEIGHT="106">
            <Shape><Polygon POINTS="495 1544 481 1542 467 1542 453 1542 439 1542 425 1542 411 1545 397 1545 383 1545 369 1545 355 1545 341 1545 327 1545 313 1545 299 1545 285 1545 271 1545 257 1544 243 1544 229 1544 215 1544 201 1544 187 1544 173 1544 159 1544 145 1544 131 1544 117 1544 103 1544 89 1544 75 1544 61 1544 63 1556 65 1586 79 1577 96 1584 120 1594 121 1594 123 1594 239 1591 240 1591 242 1591 254 1580 295 1576 298 1576 299 1576 332 1583 333 1583 334 1583 364 1573 379 1568 386 1572 392 1576 393 1576 395 1576 396 1576 476 1572 504 1583 505 1583 507 1584 549 1584 549 1583 587 1579 588 1579 622 1562 623 1561 626 1562 643 1570 644 1570 645 1570 647 1570 648 1570 665 1559 673 1555 752 1554 756 1556 762 1561 763 1561 764 1561 766 1561 811 1554 822 1552 823 1554 832 1559 833 1559 834 1559 836 1559 888 1551 895 1549 898 1549 917 1558 919 1558 920 1558 921 1558 938 1548 938 1531 934 1488 798 1491 797 1491 795 1491 790 1495 780 1503 767 1496 757 1492 756 1492 755 1492 753 1492 734 1498 729 1499 721 1499 678 1495 676 1495 675 1495 657 1502 631 1513 617 1505 616 1503 615 1503 613 1503 612 1503 610 1503 605 1505 592 1510 588 1506 580 1499 580 1498 578 1498 577 1498 550 1498 549 1498 547 1498 546 1498 532 1509 514 1523 504 1519 502 1519 501 1519 500 1519 495 1544"/></Shape>
	    <String CONTENT="كنند كهيا أولو الا بصار بأيد"
                    HPOS="61"
                    VPOS="1488"
                    WIDTH="877"
                    HEIGHT="106"
                    WC="0.8071542660395304"></String>
          </TextLine>

          
        </TextBlock>
        
        <TextBlock HPOS="476"
                   VPOS="50"
                   WIDTH="94"
                   HEIGHT="83"
                   ID="eSc_textblock_8e1ec9b6"
                   TAGREFS="BT16093">
          <Shape><Polygon POINTS="504 50 558 56 570 110 519 133 487 121 476 67 504 50"/></Shape>
          
          
          <TextLine ID="eSc_line_4cca54cc"
                    TAGREFS="LT4837"
                    BASELINE="495 93 529 89" 
                    HPOS="490"
                    VPOS="53"
                    WIDTH="40"
                    HEIGHT="63">
            <Shape><Polygon POINTS="490 56 495 93 497 116 530 116 529 89 523 53 494 53 490 56"/></Shape>
	    <String CONTENT=""
                    HPOS="490"
                    VPOS="53"
                    WIDTH="40"
                    HEIGHT="63"></String>
          </TextLine>

          
        </TextBlock>
        
        <TextBlock HPOS="453"
                   VPOS="1624"
                   WIDTH="691"
                   HEIGHT="54"
                   ID="eSc_textblock_cbcc36ff"
                   TAGREFS="BT16085">
          <Shape><Polygon POINTS="962 1624 1144 1624 1144 1678 453 1645 962 1624"/></Shape>
          
        </TextBlock>
        

        
      </PrintSpace>
    </Page>
  </Layout>
</alto>
