<?xml version="1.0" encoding="UTF-8"?>
<alto xmlns:xsi="http://www.w3.org/2001/XMLSchema-instance"
      xmlns="http://www.loc.gov/standards/alto/ns-v4#"
      xsi:schemaLocation="http://www.loc.gov/standards/alto/ns-v4# http://www.loc.gov/standards/alto/v4/alto-4-2.xsd">
  <Description>
    <MeasurementUnit>pixel</MeasurementUnit>
    <sourceImageInformation>
      <fileName>Rasail053.jpg</fileName>
      
    </sourceImageInformation>
  </Description>
  
  <Tags>
    <OtherTag ID="BT16094" LABEL="default" DESCRIPTION="block type default"/><OtherTag ID="BT16093" LABEL="NumberingZone:page" DESCRIPTION="block type NumberingZone:page"/><OtherTag ID="BT16092" LABEL="MarginTextZone:note" DESCRIPTION="block type MarginTextZone:note"/><OtherTag ID="BT16091" LABEL="TitlePageZone" DESCRIPTION="block type TitlePageZone"/><OtherTag ID="BT16090" LABEL="QuireMarksZone:catchwords" DESCRIPTION="block type QuireMarksZone:catchwords"/><OtherTag ID="BT16089" LABEL="NumberingZone:other" DESCRIPTION="block type NumberingZone:other"/><OtherTag ID="BT16088" LABEL="NumberingZone" DESCRIPTION="block type NumberingZone"/><OtherTag ID="BT16087" LABEL="MarginTextZone" DESCRIPTION="block type MarginTextZone"/><OtherTag ID="BT16086" LABEL="MainZone" DESCRIPTION="block type MainZone"/><OtherTag ID="BT16085" LABEL="DigitizationArtefactZone" DESCRIPTION="block type DigitizationArtefactZone"/><OtherTag ID="BT2" LABEL="Main" DESCRIPTION="block type Main"/><OtherTag ID="BT1" LABEL="Title" DESCRIPTION="block type Title"/>
    <OtherTag ID="LT4837" LABEL="DefaultLine" DESCRIPTION="line type DefaultLine"/><OtherTag ID="LT4838" LABEL="default" DESCRIPTION="line type default"/><OtherTag ID="LT4839" LABEL="HeadingLine:title" DESCRIPTION="line type HeadingLine:title"/>
  </Tags>
  
  <Layout>
    <Page WIDTH="1081"
          HEIGHT="1685"
          PHYSICAL_IMG_NR="81"
          ID="eSc_dummypage_">
      <PrintSpace HPOS="0"
                  VPOS="0"
                  WIDTH="1081"
                  HEIGHT="1685">
        
        <TextBlock HPOS="28"
                   VPOS="146"
                   WIDTH="912"
                   HEIGHT="1470"
                   ID="eSc_textblock_eca3b114"
                   TAGREFS="BT16086">
          <Shape><Polygon POINTS="566 146 917 168 929 196 940 1340 917 1576 878 1616 67 1610 39 1588 28 728 50 168 84 151 566 146"/></Shape>
          
          
          <TextLine ID="eSc_line_70af74e5"
                    TAGREFS="LT4837"
                    BASELINE="54 231 673 223 888 227" 
                    HPOS="53"
                    VPOS="168"
                    WIDTH="835"
                    HEIGHT="95">
            <Shape><Polygon POINTS="54 231 54 249 91 248 96 251 109 262 111 262 112 262 113 263 113 262 115 262 116 262 130 251 134 247 193 245 203 249 222 259 223 259 271 261 272 261 274 261 275 261 295 249 299 247 317 249 354 254 355 254 385 248 406 244 411 248 425 259 427 259 428 259 430 261 473 261 473 259 475 259 500 247 504 245 508 247 541 258 542 258 544 258 545 258 569 247 577 241 694 241 700 245 712 256 714 256 715 256 716 258 753 258 753 256 851 255 853 255 888 242 888 227 887 178 837 168 836 168 834 168 815 179 799 188 739 181 732 181 730 181 729 181 728 181 709 189 702 182 691 171 691 169 690 169 688 169 687 169 685 169 648 181 614 169 612 169 611 169 610 169 608 169 583 185 573 190 552 185 544 183 542 183 541 183 525 186 503 190 499 186 484 174 484 172 483 172 482 172 480 172 479 172 477 172 458 188 454 190 451 188 444 182 444 181 442 181 441 181 439 181 438 181 423 186 410 175 410 174 409 174 407 174 406 174 404 174 378 183 355 181 354 181 352 181 351 181 335 190 330 193 323 190 300 182 299 182 298 182 296 182 295 182 295 183 286 192 248 193 213 193 212 193 188 179 186 179 185 179 184 179 182 179 181 179 171 188 156 175 154 175 153 175 96 175 95 175 94 175 53 195 54 231"/></Shape>
	    <String CONTENT="خلقت بيدى گفت که چه چيز باز داشت تو را از متابعت كسى"
                    HPOS="53"
                    VPOS="168"
                    WIDTH="835"
                    HEIGHT="95"
                    WC="0.922870852626287"></String>
          </TextLine>

          
          
          <TextLine ID="eSc_line_e40f612c"
                    TAGREFS="LT4837"
                    BASELINE="78 311 591 303 829 304 882 310" 
                    HPOS="77"
                    VPOS="258"
                    WIDTH="805"
                    HEIGHT="84">
            <Shape><Polygon POINTS="78 311 78 332 151 327 163 334 170 338 171 338 172 338 174 338 175 338 177 338 182 334 192 327 208 334 209 334 210 334 212 334 213 334 215 334 227 327 240 334 248 338 250 338 251 338 253 338 254 338 258 334 267 341 268 341 269 341 271 342 323 342 323 341 324 341 326 341 326 339 327 339 331 334 333 332 382 334 444 335 445 335 447 335 449 334 469 322 486 334 487 335 489 335 490 335 492 335 493 335 497 334 531 321 598 321 626 334 629 335 631 335 632 335 633 335 638 334 673 321 683 329 683 331 684 331 685 331 881 334 882 310 881 268 857 258 856 258 854 258 788 271 778 272 775 271 757 261 756 261 702 258 701 258 700 258 669 272 646 262 645 262 643 262 642 262 641 262 625 273 624 273 603 259 601 259 600 259 598 259 597 259 596 259 579 273 532 261 531 261 497 261 496 261 494 261 493 261 479 272 447 261 445 261 444 261 417 262 416 262 414 262 414 263 402 275 382 262 380 262 379 262 323 262 321 262 320 262 319 262 319 263 305 278 305 279 262 279 125 279 112 269 112 268 111 268 109 268 108 268 106 268 77 279 78 311"/></Shape>
	    <String CONTENT="افريده ايم بدست خود ينى دانا کرد انيديم اورا به علم"
                    HPOS="77"
                    VPOS="258"
                    WIDTH="805"
                    HEIGHT="84"
                    WC="0.8687992101790858"></String>
          </TextLine>

          
          
          <TextLine ID="eSc_line_a61a5044"
                    TAGREFS="LT4837"
                    BASELINE="75 388 889 386" 
                    HPOS="74"
                    VPOS="332"
                    WIDTH="815"
                    HEIGHT="87">
            <Shape><Polygon POINTS="75 388 75 398 108 405 109 405 111 405 112 405 112 404 118 400 119 398 168 398 171 400 181 410 181 411 182 411 184 411 185 411 205 408 215 417 215 418 216 418 217 418 219 419 321 419 321 418 323 418 324 418 324 417 335 407 348 415 350 415 351 415 352 415 354 415 355 415 372 404 379 398 425 404 437 405 438 405 439 405 444 405 468 398 493 405 511 411 513 411 514 411 515 411 525 405 544 397 587 397 607 407 619 414 621 414 622 414 624 414 636 408 659 397 674 408 684 417 685 417 687 417 688 417 690 417 705 408 708 407 711 410 719 417 721 417 722 417 723 417 752 415 753 415 754 415 761 410 775 400 787 410 794 415 794 417 795 417 797 417 798 417 888 411 889 386 887 353 865 351 850 335 850 334 849 334 847 334 846 334 844 334 843 334 811 353 768 332 767 332 766 332 764 332 763 332 738 348 693 334 691 334 618 332 617 332 615 332 614 332 597 348 567 339 566 339 565 339 563 339 536 353 492 356 482 356 445 334 444 334 442 334 323 334 321 334 320 334 319 334 290 358 290 359 237 359 199 359 177 346 175 346 174 346 172 346 171 346 153 359 74 359 75 388"/></Shape>
	    <String CONTENT="تنزيل دتاديل قال انا خير منه خلقتنی من نارو"
                    HPOS="74"
                    VPOS="332"
                    WIDTH="815"
                    HEIGHT="87"
                    WC="0.9233992148277371"></String>
          </TextLine>

          
          
          <TextLine ID="eSc_line_eb9b8f44"
                    TAGREFS="LT4837"
                    BASELINE="71 466 653 459 891 464" 
                    HPOS="70"
                    VPOS="410"
                    WIDTH="821"
                    HEIGHT="84">
            <Shape><Polygon POINTS="71 466 71 494 96 492 98 492 99 492 125 477 150 477 165 491 165 492 167 492 168 492 170 492 289 491 290 491 323 474 472 474 493 490 494 490 496 490 497 490 499 490 529 477 558 490 559 490 560 490 562 490 591 480 605 490 607 490 608 490 610 490 611 490 659 481 678 488 680 488 681 488 683 488 684 488 684 487 693 480 740 481 742 481 743 481 745 481 754 473 773 473 791 487 792 487 794 487 795 487 797 487 815 480 830 488 832 488 833 488 834 488 889 487 891 464 889 424 857 414 856 414 854 414 853 414 819 425 818 425 781 410 780 410 778 410 777 410 775 410 775 411 760 424 716 418 715 418 714 418 712 418 704 425 676 410 674 410 673 410 671 410 670 410 652 424 542 411 541 411 539 411 477 428 456 417 455 417 454 417 452 417 451 417 441 424 417 412 416 412 414 412 413 412 411 412 392 425 380 415 380 414 379 414 378 414 328 412 327 412 326 412 289 429 289 431 182 431 179 431 127 414 126 414 125 414 123 414 122 414 96 431 95 432 70 432 71 466"/></Shape>
	    <String CONTENT="خلقت من طين يعنی گفت حارت مره که من به مترم از آدم"
                    HPOS="70"
                    VPOS="410"
                    WIDTH="821"
                    HEIGHT="84"
                    WC="0.9292711019515991"></String>
          </TextLine>

          
          
          <TextLine ID="eSc_line_9965baf7"
                    TAGREFS="LT4837"
                    BASELINE="73 530 898 536" 
                    HPOS="71"
                    VPOS="478"
                    WIDTH="827"
                    HEIGHT="85">
            <Shape><Polygon POINTS="73 530 71 543 91 553 92 553 94 553 157 544 158 544 181 558 182 558 184 558 185 558 309 553 340 560 341 560 342 560 344 560 378 550 393 546 461 546 490 553 524 561 525 561 527 561 528 561 555 554 583 547 594 556 598 558 600 558 601 558 674 560 676 560 677 560 678 560 680 557 693 549 712 549 742 560 752 563 753 563 754 563 756 563 757 563 760 560 775 549 799 561 804 563 805 563 806 563 808 563 809 563 811 561 826 551 895 563 898 536 896 495 854 501 839 495 811 483 809 483 766 483 764 483 763 483 761 483 749 494 738 484 738 483 736 483 735 483 693 481 691 481 629 491 580 481 579 481 577 481 576 481 560 495 555 501 515 501 511 495 501 487 501 485 500 485 499 485 497 485 496 485 494 485 483 495 482 495 463 481 462 481 461 481 459 481 458 481 456 481 449 488 417 480 416 480 414 480 413 480 387 491 362 480 361 480 359 480 358 480 357 480 340 495 335 499 281 499 274 495 248 485 247 485 246 485 244 485 243 485 230 495 206 495 174 497 171 495 150 478 149 478 147 478 146 478 144 478 143 478 122 495 120 497 73 497 73 530"/></Shape>
	    <String CONTENT="که مرافز آتش آفريدی و آدم را از خاک گل يعنی آنآب دخاک"
                    HPOS="71"
                    VPOS="478"
                    WIDTH="827"
                    HEIGHT="85"
                    WC="0.8782497351539547"></String>
          </TextLine>

          
          
          <TextLine ID="eSc_line_49b760e4"
                    TAGREFS="LT4837"
                    BASELINE="82 609 709 606 889 613" 
                    HPOS="81"
                    VPOS="558"
                    WIDTH="808"
                    HEIGHT="76">
            <Shape><Polygon POINTS="82 609 82 634 134 633 136 633 168 616 210 626 212 626 213 626 237 620 265 633 267 633 268 633 269 634 350 634 350 633 351 633 352 633 354 631 379 616 449 624 451 624 500 616 520 629 521 629 522 629 524 629 525 629 527 629 549 616 700 616 723 626 740 633 742 633 743 634 857 634 857 633 858 633 889 623 889 613 888 572 858 558 857 558 856 558 854 558 853 558 832 572 811 558 809 558 808 558 806 558 805 558 752 572 695 564 694 564 693 564 691 564 678 572 653 565 652 565 650 565 649 565 624 572 600 558 598 558 597 558 531 558 529 558 528 558 527 558 510 572 473 565 472 565 427 572 389 558 387 558 386 558 313 572 241 572 231 564 230 564 229 564 227 564 226 564 224 564 215 572 196 558 195 558 193 558 118 558 116 558 115 558 81 572 82 609"/></Shape>
	    <String CONTENT="وآتش کنايت است از تاييد وآب کنايت است ان تعليم"
                    HPOS="81"
                    VPOS="558"
                    WIDTH="808"
                    HEIGHT="76"
                    WC="0.9150630719959736"></String>
          </TextLine>

          
          
          <TextLine ID="eSc_line_cf4c62dc"
                    TAGREFS="LT4837"
                    BASELINE="19 674 615 676 888 686" 
                    HPOS="18"
                    VPOS="620"
                    WIDTH="870"
                    HEIGHT="93">
            <Shape><Polygon POINTS="19 674 18 696 61 704 63 704 64 704 89 697 111 692 119 699 125 703 125 704 126 704 127 704 129 704 130 704 149 699 163 695 167 699 172 703 172 704 174 704 175 704 262 706 264 706 285 702 319 693 331 702 331 703 333 703 334 703 380 704 382 704 383 704 387 703 417 693 441 704 448 707 449 707 497 709 499 709 500 709 507 706 528 695 587 695 604 704 605 704 607 704 608 704 610 704 638 696 712 696 768 696 785 710 785 711 787 711 788 711 790 711 791 711 795 710 818 703 827 711 829 711 830 711 832 713 887 713 888 686 888 650 820 637 819 637 777 640 763 629 763 627 761 627 760 627 738 626 736 626 617 631 577 624 576 624 574 624 545 637 514 629 513 629 511 629 510 629 508 629 508 630 500 637 462 630 461 630 459 630 458 630 449 637 403 623 402 623 400 623 399 623 397 623 371 643 371 644 331 644 231 643 231 641 189 622 188 622 186 622 185 622 149 640 126 620 125 620 123 620 122 620 120 620 75 640 74 640 19 640 19 674"/></Shape>
	    <String CONTENT="يعن من بهرم إز آدم حراك علم من تأشيديست وعلم آدم نظرى"
                    HPOS="18"
                    VPOS="620"
                    WIDTH="870"
                    HEIGHT="93"
                    WC="0.8747456544323972"></String>
          </TextLine>

          
          
          <TextLine ID="eSc_line_e891df6c"
                    TAGREFS="LT4837"
                    BASELINE="61 756 590 751 895 756" 
                    HPOS="60"
                    VPOS="699"
                    WIDTH="835"
                    HEIGHT="87">
            <Shape><Polygon POINTS="61 756 61 765 84 780 85 780 87 780 122 784 123 786 144 786 144 784 146 784 147 784 147 783 165 766 167 765 193 765 198 766 226 784 227 784 229 784 230 786 261 786 261 784 262 784 264 784 264 783 276 772 334 784 335 786 435 786 435 784 437 784 438 784 452 772 456 769 462 772 470 780 472 780 473 780 475 780 476 780 477 780 489 773 501 765 514 772 515 772 517 772 518 772 520 772 534 763 632 763 650 776 656 782 657 782 659 782 660 782 662 782 663 782 670 777 695 763 714 763 729 779 733 782 733 783 735 783 736 783 738 783 739 783 753 779 805 763 833 780 836 783 837 783 839 783 840 783 842 783 847 782 863 775 892 782 895 756 892 720 816 720 815 720 775 702 774 702 715 699 714 699 712 699 711 699 677 720 639 706 638 706 636 706 635 706 633 706 633 707 622 718 584 720 563 700 563 699 562 699 560 699 476 699 475 699 473 699 472 699 439 720 423 710 421 710 420 710 418 710 378 723 289 723 267 702 267 700 265 700 264 700 262 700 202 713 188 702 188 700 186 700 185 700 143 700 141 700 140 700 139 700 122 713 108 702 106 702 105 702 104 702 88 704 87 704 85 704 60 720 61 756"/></Shape>
	    <String CONTENT="است قال فاخر منها فإنك رحيم وإن عليا لقنتي إلى"
                    HPOS="60"
                    VPOS="699"
                    WIDTH="835"
                    HEIGHT="87"
                    WC="0.9252130079026125"></String>
          </TextLine>

          
          
          <TextLine ID="eSc_line_682b900a"
                    TAGREFS="LT4837"
                    BASELINE="73 831 895 838" 
                    HPOS="71"
                    VPOS="782"
                    WIDTH="824"
                    HEIGHT="82">
            <Shape><Polygon POINTS="73 831 71 846 120 853 122 853 123 853 139 848 154 843 167 849 185 857 186 857 289 859 290 859 292 859 293 859 293 857 300 852 303 849 312 852 320 855 321 855 323 855 324 855 326 855 328 852 341 845 371 853 382 856 383 856 385 856 386 856 387 856 390 853 399 846 430 855 432 855 434 855 435 855 441 855 497 846 508 856 513 859 513 860 514 860 515 860 517 860 518 860 532 856 548 852 560 857 572 862 573 862 574 862 576 862 577 862 577 860 581 857 591 848 617 855 618 855 619 855 621 855 622 855 631 848 728 848 746 860 749 863 750 863 752 863 753 863 764 862 816 849 832 862 832 863 833 863 834 863 836 864 894 864 895 838 894 807 847 807 847 805 808 787 806 787 805 787 763 796 749 787 747 787 746 787 745 787 743 787 742 787 742 789 738 793 733 787 732 787 732 786 730 786 729 786 673 786 671 786 670 786 669 786 642 803 617 786 615 786 614 786 612 786 501 803 499 803 497 803 475 793 473 793 472 793 470 793 469 793 454 803 452 803 421 794 420 794 418 794 417 794 416 794 403 803 402 803 383 790 382 790 380 790 379 790 378 790 376 790 365 800 351 787 351 786 350 786 348 786 347 786 345 786 344 786 321 801 320 801 254 787 253 787 251 787 215 800 175 782 174 782 172 782 171 782 134 800 133 800 73 800 73 831"/></Shape>
	    <String CONTENT="يوم الدين گفت امام جل وعلاحارث مره را بيرون شواز"
                    HPOS="71"
                    VPOS="782"
                    WIDTH="824"
                    HEIGHT="82"
                    WC="0.9004267503817877"></String>
          </TextLine>

          
          
          <TextLine ID="eSc_line_1a8dac2a"
                    TAGREFS="LT4837"
                    BASELINE="66 902 617 905 889 912" 
                    HPOS="64"
                    VPOS="855"
                    WIDTH="825"
                    HEIGHT="78">
            <Shape><Polygon POINTS="66 902 64 914 87 923 88 923 89 923 91 923 119 914 120 914 122 914 143 928 144 928 146 928 147 929 224 929 224 928 226 928 253 918 260 915 265 918 283 929 285 929 286 929 288 929 289 929 290 929 305 919 309 916 312 919 327 929 328 929 330 929 331 929 375 921 378 921 382 921 449 930 451 930 503 923 551 918 562 925 563 925 565 925 566 925 673 919 740 928 742 928 743 928 757 921 764 928 766 928 767 928 887 933 889 912 889 879 842 879 840 876 825 863 825 862 823 862 822 862 802 862 801 862 799 862 798 862 798 863 784 874 781 879 739 879 735 873 722 862 722 860 721 860 719 860 718 860 716 860 715 860 698 873 697 873 694 871 653 860 652 860 650 860 607 870 586 874 577 869 572 864 570 864 569 864 567 864 566 864 551 869 542 870 539 867 531 860 529 860 528 860 469 860 468 860 466 860 465 860 459 866 449 873 441 866 439 866 438 866 437 866 435 866 434 866 425 874 281 874 267 862 267 860 265 860 264 860 262 860 209 871 195 862 193 862 192 862 191 862 127 867 116 856 116 855 115 855 113 855 66 855 66 902"/></Shape>
	    <String CONTENT="خزيره که تو رانده شدی و لعنت من برست تا روز جزاداد"
                    HPOS="64"
                    VPOS="855"
                    WIDTH="825"
                    HEIGHT="78"
                    WC="0.8943501389026642"></String>
          </TextLine>

          
          
          <TextLine ID="eSc_line_a0472ad9"
                    TAGREFS="LT4837"
                    BASELINE="64 977 894 982" 
                    HPOS="63"
                    VPOS="925"
                    WIDTH="831"
                    HEIGHT="84">
            <Shape><Polygon POINTS="64 977 63 985 105 1003 106 1003 108 1005 127 1005 127 1003 129 1003 130 1003 147 988 191 1003 192 1003 193 1003 233 996 276 1005 278 1005 279 1005 309 991 316 988 333 992 382 1003 383 1003 385 1003 386 1003 400 994 409 988 473 988 483 996 493 1005 493 1006 494 1006 496 1006 497 1006 499 1006 500 1006 510 998 521 989 573 989 580 995 580 996 581 996 583 996 584 996 657 989 707 1003 723 1008 725 1008 726 1009 892 1009 894 982 892 947 837 949 832 946 812 933 811 933 809 933 808 933 806 933 805 933 805 935 791 946 788 950 774 950 771 946 757 933 757 932 756 932 754 932 753 932 752 932 750 932 735 942 684 928 683 928 639 928 638 928 636 928 635 928 618 942 600 928 598 928 597 928 532 928 531 928 529 928 528 928 507 946 504 947 499 946 447 926 445 926 444 926 442 926 441 926 418 945 417 946 402 945 390 945 371 929 369 929 368 929 366 929 365 929 342 940 306 930 305 930 303 930 196 945 192 945 191 945 172 926 172 925 171 925 170 925 168 925 167 925 165 925 151 937 133 929 132 929 130 929 129 929 101 945 99 945 64 945 64 977"/></Shape>
	    <String CONTENT="مينی حجاب من برت است که کسی اسرار ترا نداند تا زمان تمام شد"
                    HPOS="63"
                    VPOS="925"
                    WIDTH="831"
                    HEIGHT="84"
                    WC="0.8740004725375418"></String>
          </TextLine>

          
          
          <TextLine ID="eSc_line_aaebde32"
                    TAGREFS="LT4837"
                    BASELINE="68 1047 517 1050 895 1061" 
                    HPOS="67"
                    VPOS="996"
                    WIDTH="828"
                    HEIGHT="83">
            <Shape><Polygon POINTS="68 1047 67 1054 105 1068 106 1068 108 1068 170 1058 185 1055 198 1058 216 1064 217 1064 219 1064 243 1060 262 1057 271 1061 290 1071 292 1071 293 1071 330 1062 338 1061 347 1062 368 1069 369 1069 371 1069 372 1069 373 1069 379 1064 383 1061 387 1064 393 1068 395 1068 396 1068 397 1068 399 1068 400 1068 403 1065 410 1060 447 1060 458 1067 465 1072 466 1072 468 1072 469 1072 496 1068 532 1061 546 1069 556 1075 558 1075 559 1075 560 1075 562 1075 563 1075 563 1074 567 1069 576 1062 624 1062 632 1069 632 1071 633 1071 635 1071 636 1071 694 1065 714 1075 722 1078 723 1078 825 1079 826 1079 827 1079 830 1078 846 1071 892 1079 895 1061 895 1020 884 1013 882 1013 881 1013 879 1013 840 1022 816 1026 809 1020 787 1003 785 1003 784 1003 612 1001 611 1001 610 1001 608 1001 608 1002 596 1015 572 1019 553 1022 549 1019 522 999 521 999 520 999 518 999 517 999 487 1015 438 1015 423 1001 421 1001 420 1001 418 1001 417 1001 416 1001 397 1015 357 1016 321 996 320 996 319 996 317 996 276 1016 275 1016 157 1016 157 1015 140 999 140 998 139 998 137 998 136 998 134 998 133 998 133 999 118 1015 116 1015 68 1015 68 1047"/></Shape>
	    <String CONTENT="و کمال يافتن شراي که آن زبان حضرت محمد است صلوات"
                    HPOS="67"
                    VPOS="996"
                    WIDTH="828"
                    HEIGHT="83"
                    WC="0.9245097333071183"></String>
          </TextLine>

          
          
          <TextLine ID="eSc_line_94a11da0"
                    TAGREFS="LT4837"
                    BASELINE="61 1130 712 1128 898 1134" 
                    HPOS="60"
                    VPOS="1074"
                    WIDTH="838"
                    HEIGHT="76">
            <Shape><Polygon POINTS="61 1130 60 1147 154 1137 185 1144 186 1144 188 1144 189 1144 213 1137 237 1148 238 1148 240 1148 307 1138 359 1148 361 1148 362 1148 364 1148 382 1137 466 1144 468 1144 469 1144 500 1137 548 1148 549 1148 551 1148 573 1137 593 1144 594 1144 596 1144 597 1144 625 1137 636 1147 636 1148 638 1148 639 1148 641 1148 642 1148 680 1137 728 1148 729 1148 730 1148 756 1137 781 1148 782 1148 784 1150 896 1150 898 1134 898 1095 867 1084 865 1084 864 1084 863 1084 861 1084 861 1085 851 1093 816 1086 815 1086 813 1086 812 1086 812 1088 805 1095 760 1095 733 1074 732 1074 730 1074 729 1074 728 1074 707 1085 666 1074 664 1074 663 1074 662 1074 619 1095 604 1095 590 1081 590 1079 588 1079 587 1079 586 1079 584 1079 548 1093 536 1085 535 1085 534 1085 532 1085 468 1093 435 1081 434 1081 432 1081 431 1081 403 1095 352 1095 333 1075 333 1074 331 1074 330 1074 217 1074 216 1074 215 1074 213 1074 184 1092 175 1085 175 1084 174 1084 172 1084 171 1084 170 1084 168 1084 160 1091 143 1075 143 1074 141 1074 140 1074 89 1074 88 1074 87 1074 85 1074 61 1091 61 1130"/></Shape>
	    <String CONTENT="له عليه وآلة جنانجه درقران أمده است اليوم أكملت للكمى"
                    HPOS="60"
                    VPOS="1074"
                    WIDTH="838"
                    HEIGHT="76"
                    WC="0.866739499781813"></String>
          </TextLine>

          
          
          <TextLine ID="eSc_line_aec1f4ac"
                    TAGREFS="LT4837"
                    BASELINE="61 1200 624 1194 884 1206" 
                    HPOS="60"
                    VPOS="1144"
                    WIDTH="824"
                    HEIGHT="76">
            <Shape><Polygon POINTS="61 1200 61 1220 160 1220 160 1218 161 1218 163 1218 175 1207 186 1216 188 1216 189 1216 191 1216 192 1216 193 1216 202 1208 237 1218 238 1218 240 1218 241 1218 265 1210 313 1218 314 1218 316 1218 354 1203 373 1210 375 1210 376 1210 378 1210 395 1203 409 1216 410 1216 411 1216 413 1216 414 1216 439 1203 466 1203 484 1217 486 1217 487 1217 489 1217 490 1217 492 1217 508 1203 549 1203 558 1210 558 1211 559 1211 560 1211 562 1211 612 1203 635 1214 636 1214 638 1214 639 1214 674 1203 728 1203 752 1213 753 1213 754 1213 756 1213 780 1204 794 1216 795 1216 797 1216 881 1218 884 1206 882 1164 864 1152 863 1152 861 1152 860 1152 858 1152 833 1165 833 1166 777 1166 777 1165 738 1152 736 1152 735 1152 733 1152 707 1165 643 1165 618 1144 617 1144 615 1144 614 1144 612 1144 580 1154 569 1144 567 1144 566 1144 513 1144 511 1144 510 1144 442 1165 348 1165 321 1145 320 1145 319 1145 317 1145 283 1152 274 1144 272 1144 271 1144 151 1144 150 1144 149 1144 147 1144 133 1155 87 1154 85 1154 84 1154 60 1165 61 1200"/></Shape>
	    <String CONTENT="ينكم واهت عليكم نعمي ورضيت لكه الإسلام"
                    HPOS="60"
                    VPOS="1144"
                    WIDTH="824"
                    HEIGHT="76"
                    WC="0.9340147314927517"></String>
          </TextLine>

          
          
          <TextLine ID="eSc_line_ffcdd2f7"
                    TAGREFS="LT4837"
                    BASELINE="75 1272 556 1266 825 1270" 
                    HPOS="74"
                    VPOS="1217"
                    WIDTH="751"
                    HEIGHT="76">
            <Shape><Polygon POINTS="75 1272 77 1293 109 1277 144 1291 146 1291 147 1291 149 1291 150 1291 179 1282 193 1290 195 1291 196 1291 198 1291 199 1293 316 1293 316 1291 317 1291 328 1287 354 1277 366 1287 369 1289 371 1289 372 1289 373 1289 375 1289 376 1289 379 1286 399 1274 427 1284 428 1284 430 1284 431 1284 465 1274 476 1284 480 1289 482 1289 483 1289 484 1289 486 1289 487 1289 487 1287 492 1284 503 1274 535 1274 552 1283 569 1290 570 1290 572 1291 593 1291 593 1290 594 1290 596 1290 607 1282 617 1274 625 1282 633 1289 635 1289 636 1289 638 1289 639 1289 641 1289 653 1280 667 1273 749 1273 754 1277 766 1287 766 1289 767 1289 768 1289 770 1289 823 1276 825 1270 823 1230 812 1220 812 1218 811 1218 809 1218 808 1218 806 1218 805 1218 787 1230 767 1217 766 1217 764 1217 719 1217 718 1217 716 1217 690 1230 681 1221 681 1220 680 1220 678 1220 677 1220 643 1225 618 1217 617 1217 615 1217 614 1217 577 1231 548 1221 546 1221 545 1221 499 1231 454 1218 452 1218 451 1218 449 1218 448 1218 432 1231 392 1231 357 1221 355 1221 354 1221 352 1221 321 1228 243 1220 241 1220 240 1220 213 1232 181 1220 179 1220 178 1220 177 1220 175 1220 175 1221 163 1232 112 1227 111 1227 74 1234 75 1272"/></Shape>
	    <String CONTENT="امروز که زنان ظهوراست که ی محمد تمام گردانيده ام"
                    HPOS="74"
                    VPOS="1217"
                    WIDTH="751"
                    HEIGHT="76"
                    WC="0.8371322204669317"></String>
          </TextLine>

          
          
          <TextLine ID="eSc_line_5d986709"
                    TAGREFS="LT4837"
                    BASELINE="75 1353 624 1348 891 1360" 
                    HPOS="74"
                    VPOS="1298"
                    WIDTH="817"
                    HEIGHT="79">
            <Shape><Polygon POINTS="75 1353 74 1364 84 1374 84 1376 85 1376 87 1376 88 1376 133 1366 188 1376 189 1376 191 1376 213 1363 220 1359 229 1364 246 1374 247 1374 248 1374 250 1374 251 1374 268 1369 292 1376 293 1376 295 1376 296 1376 298 1376 298 1374 309 1366 316 1359 340 1366 341 1366 342 1366 344 1366 345 1366 347 1366 375 1359 393 1367 413 1376 414 1376 416 1376 417 1376 418 1376 428 1367 441 1359 468 1359 479 1369 484 1373 484 1374 486 1374 487 1374 489 1374 490 1374 492 1374 497 1369 508 1359 531 1370 545 1376 546 1376 548 1376 549 1376 551 1376 551 1374 556 1370 567 1359 659 1359 673 1373 676 1374 676 1376 677 1376 678 1376 680 1377 709 1377 709 1376 711 1376 718 1373 750 1359 773 1359 788 1374 790 1374 790 1376 791 1376 792 1376 794 1377 889 1377 891 1360 889 1318 850 1310 849 1310 823 1315 804 1298 802 1298 801 1298 799 1298 757 1307 725 1303 723 1303 722 1303 695 1317 670 1298 669 1298 667 1298 603 1298 601 1298 600 1298 598 1298 574 1315 548 1298 546 1298 545 1298 544 1298 542 1298 541 1298 514 1318 492 1318 469 1298 468 1298 466 1298 465 1298 463 1298 439 1307 400 1298 399 1298 397 1298 328 1317 290 1307 289 1307 288 1307 286 1307 269 1311 247 1300 246 1300 244 1300 243 1300 241 1300 219 1315 191 1305 189 1305 188 1305 186 1305 185 1305 171 1317 149 1298 147 1298 146 1298 127 1298 126 1298 125 1298 123 1298 123 1300 105 1318 75 1318 75 1353"/></Shape>
	    <String CONTENT="ز براى شما دين شما را آنچه خد شرايع بود بيان كرديم و آنچه"
                    HPOS="74"
                    VPOS="1298"
                    WIDTH="817"
                    HEIGHT="79"
                    WC="0.8988904735799563"></String>
          </TextLine>

          
          
          <TextLine ID="eSc_line_b0a98370"
                    TAGREFS="LT4837"
                    BASELINE="71 1428 898 1423" 
                    HPOS="70"
                    VPOS="1370"
                    WIDTH="828"
                    HEIGHT="79">
            <Shape><Polygon POINTS="71 1428 71 1435 85 1444 87 1444 88 1444 89 1444 91 1444 116 1433 118 1433 119 1433 141 1447 143 1447 144 1447 146 1449 276 1449 276 1447 278 1447 279 1447 292 1436 296 1433 320 1437 382 1446 383 1446 385 1446 386 1446 386 1444 393 1437 400 1432 447 1432 458 1439 465 1444 466 1444 468 1444 469 1444 470 1444 472 1444 480 1439 493 1432 531 1439 532 1439 633 1430 700 1442 701 1442 761 1430 785 1443 788 1444 790 1444 791 1444 792 1444 795 1443 815 1437 822 1443 822 1444 823 1444 825 1444 826 1446 896 1446 898 1423 895 1394 749 1392 730 1380 729 1380 728 1380 726 1380 725 1380 702 1392 678 1371 678 1370 677 1370 676 1370 674 1370 673 1370 643 1381 622 1370 621 1370 619 1370 618 1370 617 1370 579 1394 551 1371 549 1371 548 1371 546 1371 435 1373 434 1373 372 1394 330 1373 328 1373 327 1373 305 1374 303 1374 302 1374 279 1391 269 1383 269 1381 268 1381 267 1381 265 1381 223 1390 136 1373 134 1373 133 1373 132 1373 102 1397 70 1397 71 1428"/></Shape>
	    <String CONTENT="خطاب به آدم وخوا امده لا تقربا حفده الشجر تم يعني نزديك"
                    HPOS="70"
                    VPOS="1370"
                    WIDTH="828"
                    HEIGHT="79"
                    WC="0.8755766877106258"></String>
          </TextLine>

          
          
          <TextLine ID="eSc_line_df6ab95c"
                    TAGREFS="LT4837"
                    BASELINE="61 1498 899 1505" 
                    HPOS="60"
                    VPOS="1449"
                    WIDTH="839"
                    HEIGHT="75">
            <Shape><Polygon POINTS="61 1498 60 1510 67 1517 67 1519 68 1519 70 1519 71 1519 179 1508 185 1508 202 1519 203 1519 205 1519 206 1519 208 1519 240 1509 241 1509 243 1509 289 1520 290 1522 310 1522 310 1520 312 1520 313 1520 313 1519 323 1510 324 1509 393 1509 406 1512 435 1522 437 1522 438 1523 549 1523 549 1522 551 1522 552 1522 552 1520 558 1516 559 1515 562 1516 586 1523 587 1523 588 1523 590 1523 591 1523 591 1522 597 1516 603 1512 707 1512 742 1519 754 1522 756 1522 767 1520 790 1515 797 1520 799 1523 799 1524 801 1524 802 1524 804 1524 829 1522 881 1513 894 1523 899 1505 899 1471 778 1471 777 1470 759 1454 757 1454 756 1454 754 1454 753 1454 752 1454 735 1470 723 1470 709 1470 709 1468 678 1453 677 1453 676 1453 636 1460 629 1454 629 1453 628 1453 626 1453 579 1453 577 1453 576 1453 574 1453 565 1460 553 1451 552 1451 551 1451 549 1451 425 1467 420 1467 418 1467 407 1456 407 1454 406 1454 404 1454 403 1454 402 1454 400 1454 389 1461 371 1454 369 1454 368 1454 366 1454 342 1465 331 1456 331 1454 330 1454 328 1454 327 1454 326 1454 290 1465 289 1465 257 1454 255 1454 254 1454 253 1454 251 1454 234 1465 233 1465 231 1465 188 1451 186 1451 185 1451 184 1451 149 1464 130 1449 129 1449 127 1449 108 1449 106 1449 105 1449 61 1463 61 1498"/></Shape>
	    <String CONTENT="مشويد به اين درغت که علم قيامت است و ايامت در قرآن"
                    HPOS="60"
                    VPOS="1449"
                    WIDTH="839"
                    HEIGHT="75"
                    WC="0.9208936212109584"></String>
          </TextLine>

          
          
          <TextLine ID="eSc_line_07bbb87b"
                    TAGREFS="LT4837"
                    BASELINE="68 1565 892 1568" 
                    HPOS="67"
                    VPOS="1516"
                    WIDTH="825"
                    HEIGHT="84">
            <Shape><Polygon POINTS="68 1565 67 1579 111 1595 112 1595 113 1595 115 1595 134 1585 181 1597 182 1597 184 1599 316 1599 316 1597 317 1597 319 1597 334 1586 341 1582 379 1582 387 1588 399 1596 400 1596 402 1596 403 1596 404 1596 423 1588 425 1588 431 1589 469 1596 470 1596 472 1596 473 1596 482 1589 492 1583 538 1583 548 1592 555 1597 555 1599 556 1599 558 1599 559 1600 656 1600 656 1599 657 1599 671 1595 702 1583 754 1583 770 1593 771 1593 773 1593 774 1593 775 1593 777 1593 777 1592 787 1583 816 1583 832 1597 832 1599 833 1599 834 1599 836 1600 891 1600 892 1568 889 1531 822 1533 819 1530 805 1519 805 1517 804 1517 802 1517 801 1517 740 1526 726 1517 725 1517 723 1517 678 1517 677 1517 676 1517 674 1517 663 1527 642 1519 641 1519 639 1519 638 1519 614 1530 608 1533 604 1530 596 1523 594 1523 593 1523 591 1523 590 1523 576 1530 572 1533 570 1530 558 1519 558 1517 556 1517 555 1517 553 1517 552 1517 551 1517 531 1530 527 1533 522 1530 508 1520 507 1520 506 1520 504 1520 503 1520 501 1520 490 1530 487 1533 480 1530 466 1524 465 1524 463 1524 414 1530 393 1531 389 1530 372 1520 371 1520 369 1520 368 1520 350 1530 345 1533 267 1533 261 1529 240 1516 238 1516 237 1516 236 1516 150 1529 132 1531 123 1529 91 1516 89 1516 88 1516 87 1516 85 1516 68 1526 68 1565"/></Shape>
	    <String CONTENT="شجرت المخلد و ملك لايبلى ذكر كرده و مرادآن است كه آدم و خويا"
                    HPOS="67"
                    VPOS="1516"
                    WIDTH="825"
                    HEIGHT="84"
                    WC="0.9223789414090495"></String>
          </TextLine>

          
        </TextBlock>
        
        <TextBlock HPOS="420"
                   VPOS="56"
                   WIDTH="122"
                   HEIGHT="83"
                   ID="eSc_textblock_16d05064"
                   TAGREFS="BT16093">
          <Shape><Polygon POINTS="448 56 520 56 542 110 486 139 448 133 420 105 448 56"/></Shape>
          
          
          <TextLine ID="eSc_line_fe3adbb7"
                    TAGREFS="LT4837"
                    BASELINE="451 95 504 92" 
                    HPOS="448"
                    VPOS="56"
                    WIDTH="56"
                    HEIGHT="64">
            <Shape><Polygon POINTS="492 56 448 63 451 95 451 113 463 120 465 120 466 120 468 120 469 120 504 110 504 92 500 56 492 56"/></Shape>
	    <String CONTENT=""
                    HPOS="448"
                    VPOS="56"
                    WIDTH="56"
                    HEIGHT="64"></String>
          </TextLine>

          
        </TextBlock>
        

        
      </PrintSpace>
    </Page>
  </Layout>
</alto>
