<?xml version="1.0" encoding="UTF-8"?>
<alto xmlns:xsi="http://www.w3.org/2001/XMLSchema-instance"
      xmlns="http://www.loc.gov/standards/alto/ns-v4#"
      xsi:schemaLocation="http://www.loc.gov/standards/alto/ns-v4# http://www.loc.gov/standards/alto/v4/alto-4-2.xsd">
  <Description>
    <MeasurementUnit>pixel</MeasurementUnit>
    <sourceImageInformation>
      <fileName>Rasail115.jpg</fileName>
      
    </sourceImageInformation>
  </Description>
  
  <Tags>
    <OtherTag ID="BT16094" LABEL="default" DESCRIPTION="block type default"/><OtherTag ID="BT16093" LABEL="NumberingZone:page" DESCRIPTION="block type NumberingZone:page"/><OtherTag ID="BT16092" LABEL="MarginTextZone:note" DESCRIPTION="block type MarginTextZone:note"/><OtherTag ID="BT16091" LABEL="TitlePageZone" DESCRIPTION="block type TitlePageZone"/><OtherTag ID="BT16090" LABEL="QuireMarksZone:catchwords" DESCRIPTION="block type QuireMarksZone:catchwords"/><OtherTag ID="BT16089" LABEL="NumberingZone:other" DESCRIPTION="block type NumberingZone:other"/><OtherTag ID="BT16088" LABEL="NumberingZone" DESCRIPTION="block type NumberingZone"/><OtherTag ID="BT16087" LABEL="MarginTextZone" DESCRIPTION="block type MarginTextZone"/><OtherTag ID="BT16086" LABEL="MainZone" DESCRIPTION="block type MainZone"/><OtherTag ID="BT16085" LABEL="DigitizationArtefactZone" DESCRIPTION="block type DigitizationArtefactZone"/><OtherTag ID="BT2" LABEL="Main" DESCRIPTION="block type Main"/><OtherTag ID="BT1" LABEL="Title" DESCRIPTION="block type Title"/>
    <OtherTag ID="LT4837" LABEL="DefaultLine" DESCRIPTION="line type DefaultLine"/><OtherTag ID="LT4838" LABEL="default" DESCRIPTION="line type default"/><OtherTag ID="LT4839" LABEL="HeadingLine:title" DESCRIPTION="line type HeadingLine:title"/>
  </Tags>
  
  <Layout>
    <Page WIDTH="1163"
          HEIGHT="1696"
          PHYSICAL_IMG_NR="143"
          ID="eSc_dummypage_">
      <PrintSpace HPOS="0"
                  VPOS="0"
                  WIDTH="1163"
                  HEIGHT="1696">
        
        <TextBlock HPOS="16"
                   VPOS="146"
                   WIDTH="920"
                   HEIGHT="1492"
                   ID="eSc_textblock_527e89c5"
                   TAGREFS="BT16086">
          <Shape><Polygon POINTS="56 146 902 158 919 722 936 750 919 797 925 1508 913 1587 891 1609 834 1632 687 1638 113 1638 56 1632 33 1598 16 667 33 192 56 146"/></Shape>
          
          
          <TextLine ID="eSc_line_9c716deb"
                    TAGREFS="LT4837"
                    BASELINE="802 200 870 196" 
                    HPOS="799"
                    VPOS="156"
                    WIDTH="71"
                    HEIGHT="68">
            <Shape><Polygon POINTS="820 156 819 156 799 165 802 200 803 224 870 210 870 196 867 163 822 156 820 156"/></Shape>
	    <String CONTENT=""
                    HPOS="799"
                    VPOS="156"
                    WIDTH="71"
                    HEIGHT="68"></String>
          </TextLine>

          
          
          <TextLine ID="eSc_line_49da213e"
                    TAGREFS="LT4837"
                    BASELINE="52 220 548 220 728 213" 
                    HPOS="50"
                    VPOS="159"
                    WIDTH="678"
                    HEIGHT="91">
            <Shape><Polygon POINTS="52 220 52 237 74 233 82 237 91 247 93 247 94 247 96 247 154 237 183 233 193 237 219 250 220 250 222 250 223 250 224 250 240 237 243 237 267 241 268 241 270 241 278 237 285 233 294 237 307 244 308 244 309 244 345 237 346 237 362 248 363 248 365 248 366 250 397 250 397 248 398 248 400 248 415 237 417 236 420 237 447 248 448 248 449 248 571 247 573 247 592 237 602 231 619 237 631 240 632 240 633 240 635 240 647 237 673 230 727 236 728 213 725 168 663 166 662 166 660 166 659 166 639 182 548 182 519 165 516 162 515 162 513 162 512 162 510 162 503 165 482 171 464 165 462 165 461 165 459 165 458 165 434 180 423 171 423 169 421 169 420 169 418 169 417 169 415 169 396 182 343 182 302 162 301 162 299 162 298 162 297 162 297 163 285 173 271 163 270 163 268 163 267 163 265 163 222 180 200 161 199 161 199 159 198 159 196 159 50 159 52 220"/></Shape>
	    <String CONTENT="امامت ايام موسى كاظم داد والشان مخالف يدر"
                    HPOS="50"
                    VPOS="159"
                    WIDTH="678"
                    HEIGHT="91"
                    WC="0.8874390430566741"></String>
          </TextLine>

          
          
          <TextLine ID="eSc_line_4ed0c883"
                    TAGREFS="LT4837"
                    BASELINE="762 281 870 278" 
                    HPOS="761"
                    VPOS="228"
                    WIDTH="109"
                    HEIGHT="70">
            <Shape><Polygon POINTS="762 298 870 295 870 278 865 234 812 238 800 231 799 231 797 231 796 231 795 231 793 231 785 238 761 228 762 281 762 298"/></Shape>
	    <String CONTENT="هبودند"
                    HPOS="761"
                    VPOS="228"
                    WIDTH="109"
                    HEIGHT="70"
                    WC="0.8206550578276316"></String>
          </TextLine>

          
          
          <TextLine ID="eSc_line_215652b1"
                    TAGREFS="LT4837"
                    BASELINE="76 309 640 298" 
                    HPOS="73"
                    VPOS="243"
                    WIDTH="567"
                    HEIGHT="84">
            <Shape><Polygon POINTS="76 309 77 327 96 319 256 325 285 325 287 325 288 325 292 323 314 316 332 323 333 323 335 323 336 323 348 322 430 312 449 320 451 320 452 322 499 322 499 320 500 320 503 319 522 310 541 319 543 319 544 319 546 319 640 316 640 298 635 244 605 257 582 245 581 245 580 245 578 245 554 257 522 247 520 247 519 247 517 247 516 247 488 265 400 265 366 247 357 243 356 243 355 243 353 243 352 243 346 247 316 268 284 268 257 257 256 257 254 257 253 257 251 257 239 267 202 250 196 247 195 247 193 247 118 248 117 248 116 248 116 250 114 250 106 258 73 251 76 309"/></Shape>
	    <String CONTENT="وشيده نيست و در کتاب روضه التليم"
                    HPOS="73"
                    VPOS="243"
                    WIDTH="567"
                    HEIGHT="84"
                    WC="0.938811257481575"></String>
          </TextLine>

          
          
          <TextLine ID="eSc_line_6b7422e6"
                    TAGREFS="LT4837"
                    BASELINE="55 367 548 375 872 356" 
                    HPOS="53"
                    VPOS="313"
                    WIDTH="819"
                    HEIGHT="91">
            <Shape><Polygon POINTS="55 367 55 383 89 383 90 383 103 394 104 394 106 394 107 394 108 394 138 383 140 383 169 392 171 392 172 392 229 383 249 401 249 402 250 402 251 402 253 404 273 404 273 402 274 402 328 388 348 388 360 399 360 401 362 401 363 401 365 402 421 402 421 401 423 401 424 401 424 399 435 390 445 398 447 398 448 398 449 398 451 398 462 392 548 399 550 399 551 399 553 399 568 387 582 398 584 398 585 398 653 399 655 399 656 399 657 399 679 381 689 387 690 387 691 387 693 387 715 378 717 378 790 378 814 390 816 390 817 390 871 377 872 356 870 313 765 313 764 313 762 313 761 313 761 315 758 318 737 339 687 320 681 318 680 318 679 318 677 318 676 318 676 319 673 320 662 330 619 323 618 323 616 323 575 340 565 332 564 332 563 332 561 332 530 339 516 326 515 326 515 325 513 325 512 325 510 325 509 325 505 327 475 343 435 343 418 330 417 330 415 330 414 330 413 330 411 330 396 343 290 343 281 336 261 318 260 318 258 318 191 318 189 318 188 318 158 329 131 318 130 318 128 318 127 318 125 318 106 333 83 325 82 325 80 325 79 325 77 325 53 340 55 367"/></Shape>
	    <String CONTENT="گيل آنکه در محلی که بوسی در حبلی خلقای بغداد بود"
                    HPOS="53"
                    VPOS="313"
                    WIDTH="819"
                    HEIGHT="91"
                    WC="0.9184120431238291"></String>
          </TextLine>

          
          
          <TextLine ID="eSc_line_4b2d0caa"
                    TAGREFS="LT4837"
                    BASELINE="49 448 520 448 874 426" 
                    HPOS="48"
                    VPOS="381"
                    WIDTH="826"
                    HEIGHT="96">
            <Shape><Polygon POINTS="49 448 49 464 72 473 73 473 74 473 76 473 77 473 89 464 89 463 158 463 174 470 175 470 176 470 227 469 236 476 236 477 237 477 239 477 240 477 261 476 263 476 264 476 264 474 277 462 287 469 288 469 290 469 291 469 292 469 311 463 322 473 322 474 323 474 325 474 326 474 387 473 389 473 414 460 448 472 449 472 451 472 452 472 454 472 466 462 540 470 541 470 543 470 578 459 588 467 588 469 589 469 591 469 592 470 636 470 636 469 638 469 676 452 690 464 690 466 691 466 693 466 694 466 696 466 697 466 720 450 764 462 765 462 766 462 768 462 796 449 796 448 872 446 874 426 870 381 814 383 813 383 809 384 780 395 754 387 744 384 742 384 741 384 667 387 666 387 664 387 656 392 619 415 513 415 478 402 469 399 468 399 466 399 465 399 455 404 423 418 410 407 400 398 400 397 398 397 397 397 396 397 373 399 372 399 370 399 370 401 362 408 349 421 302 422 254 422 246 415 227 399 226 399 224 399 175 395 174 395 172 395 121 411 99 405 97 405 96 405 94 405 48 424 49 448"/></Shape>
	    <String CONTENT="خالفان باوی گفتند ايام شاه اسماعيل در حق تو قصدنی"
                    HPOS="48"
                    VPOS="381"
                    WIDTH="826"
                    HEIGHT="96"
                    WC="0.9207407017143405"></String>
          </TextLine>

          
          
          <TextLine ID="eSc_line_8df12696"
                    TAGREFS="LT4837"
                    BASELINE="39 527 589 521 875 500" 
                    HPOS="38"
                    VPOS="455"
                    WIDTH="837"
                    HEIGHT="97">
            <Shape><Polygon POINTS="39 527 39 541 49 546 50 546 52 546 101 538 120 552 121 552 123 552 124 552 125 552 159 537 186 549 188 549 189 549 191 549 192 549 192 548 205 535 206 532 233 532 236 534 244 541 246 541 247 541 249 541 284 535 297 544 298 544 299 544 301 544 302 544 321 537 329 545 331 545 332 545 333 545 367 538 391 548 393 548 394 548 396 548 447 528 465 545 466 545 468 545 469 545 631 542 674 541 676 541 677 541 710 521 738 527 739 527 741 527 742 527 749 520 751 518 875 515 875 500 870 457 853 466 833 459 820 455 819 455 817 455 816 455 792 462 764 469 755 463 747 456 745 456 744 456 742 456 715 457 714 457 713 457 703 464 680 483 622 483 604 470 602 470 601 470 599 470 598 470 564 486 524 486 490 474 449 463 448 463 447 463 386 477 323 467 322 467 321 467 319 467 304 481 291 472 291 470 290 470 288 470 287 470 285 470 284 470 284 472 271 483 256 470 254 470 253 470 166 470 165 470 164 470 124 493 118 496 38 496 39 527"/></Shape>
	    <String CONTENT="ند واو گفت چرادروغ صگوشد که اونص کرده خ"
                    HPOS="38"
                    VPOS="455"
                    WIDTH="837"
                    HEIGHT="97"
                    WC="0.9272044774813529"></String>
          </TextLine>

          
          
          <TextLine ID="eSc_line_291e7db3"
                    TAGREFS="LT4837"
                    BASELINE="39 602 619 592 880 575" 
                    HPOS="38"
                    VPOS="534"
                    WIDTH="842"
                    HEIGHT="92">
            <Shape><Polygon POINTS="39 602 39 623 82 623 83 623 84 623 84 621 97 609 120 621 121 621 123 621 124 621 125 621 134 616 140 620 145 624 145 626 147 626 148 626 149 626 151 626 152 626 159 620 176 607 220 614 222 614 291 604 315 613 326 617 328 617 329 617 331 617 332 617 338 613 349 603 374 611 400 619 401 619 403 619 537 616 539 616 540 616 548 607 561 614 563 614 564 614 628 600 629 600 653 613 655 613 656 613 701 610 703 610 741 596 748 593 752 595 764 599 765 599 766 599 768 599 769 599 769 597 773 595 776 590 880 589 880 575 877 539 814 534 813 534 812 534 810 534 800 542 785 554 769 544 766 541 765 541 764 541 762 541 761 541 759 541 756 544 742 554 724 545 704 537 703 537 670 537 669 537 667 537 666 537 650 548 636 558 602 549 597 549 595 549 594 549 592 549 592 551 581 559 558 552 554 551 553 551 551 551 550 551 548 551 547 552 536 561 522 554 506 545 505 545 503 545 502 545 479 555 462 563 432 563 423 558 406 549 404 549 403 549 401 549 400 549 387 559 379 565 312 566 297 562 249 548 247 548 212 548 210 548 209 548 207 548 199 555 193 549 192 549 191 549 189 549 134 551 132 551 131 551 131 552 125 558 114 552 113 552 111 552 110 552 108 552 101 558 91 551 90 551 89 551 87 551 86 551 38 570 39 602"/></Shape>
	    <String CONTENT="است و رسول است به دليل ذرت بعضها من بعض"
                    HPOS="38"
                    VPOS="534"
                    WIDTH="842"
                    HEIGHT="92"
                    WC="0.9362446176700103"></String>
          </TextLine>

          
          
          <TextLine ID="eSc_line_9cfcd680"
                    TAGREFS="LT4837"
                    BASELINE="8 674 578 667 874 654" 
                    HPOS="7"
                    VPOS="606"
                    WIDTH="867"
                    HEIGHT="92">
            <Shape><Polygon POINTS="8 674 9 689 22 685 32 689 55 698 56 698 58 698 154 686 189 682 196 685 217 695 219 695 220 695 270 685 302 693 304 693 305 693 307 693 343 682 353 691 353 692 355 692 356 692 357 692 403 684 441 691 442 691 444 691 445 691 464 678 476 689 478 689 479 689 481 691 522 691 522 689 523 689 554 676 570 686 571 686 573 686 574 686 575 686 594 678 670 686 672 686 673 686 711 672 714 671 773 671 775 671 782 678 783 678 785 678 786 678 874 668 874 654 871 613 826 606 824 606 823 606 822 606 807 614 797 621 789 616 779 607 778 607 776 607 775 607 773 607 772 607 761 616 756 620 751 616 737 609 735 609 734 609 698 616 683 609 681 609 680 609 679 609 677 609 677 610 669 617 602 610 601 610 599 610 578 619 540 611 539 611 537 611 536 611 536 613 523 624 515 633 495 626 479 620 478 620 476 620 475 620 464 626 449 634 444 628 444 627 442 627 441 627 440 627 438 627 437 627 420 631 411 628 394 620 393 620 391 620 390 620 389 620 376 630 366 636 349 630 333 626 332 626 331 626 280 633 274 633 273 633 258 626 257 626 256 626 254 626 236 634 234 634 206 619 205 619 158 619 157 619 155 619 154 619 154 620 132 637 130 641 7 641 8 674"/></Shape>
	    <String CONTENT="وبحديث نبوى كه لو خلت الأرض من إمام الساعتة"
                    HPOS="7"
                    VPOS="606"
                    WIDTH="867"
                    HEIGHT="92"
                    WC="0.9435736536979675"></String>
          </TextLine>

          
          
          <TextLine ID="eSc_line_0cd9b9f4"
                    TAGREFS="LT4837"
                    BASELINE="741 730 877 727" 
                    HPOS="738"
                    VPOS="671"
                    WIDTH="139"
                    HEIGHT="73">
            <Shape><Polygon POINTS="741 730 741 737 795 744 796 744 797 744 799 744 809 736 810 736 812 736 829 743 830 743 831 743 875 734 877 727 872 671 817 685 738 685 741 730"/></Shape>
	    <String CONTENT="مادت"
                    HPOS="738"
                    VPOS="671"
                    WIDTH="139"
                    HEIGHT="73"
                    WC="0.8143662661314011"></String>
          </TextLine>

          
          
          <TextLine ID="eSc_line_5ad9a0d6"
                    TAGREFS="LT4837"
                    BASELINE="45 746 551 746 664 740" 
                    HPOS="43"
                    VPOS="692"
                    WIDTH="621"
                    HEIGHT="79">
            <Shape><Polygon POINTS="45 746 45 758 70 768 72 768 73 768 74 768 93 758 104 767 106 767 107 767 108 767 110 767 111 767 121 758 124 757 179 757 181 758 189 766 191 766 192 766 193 766 232 757 236 757 240 757 280 770 281 770 282 771 329 771 329 770 331 770 332 770 348 757 391 767 393 767 394 767 430 757 442 768 442 770 444 770 445 770 447 770 515 761 531 770 533 770 534 771 597 771 597 770 663 754 664 740 663 710 614 693 612 693 611 693 609 693 582 705 554 695 553 695 551 695 550 695 548 695 536 706 529 701 529 699 527 699 526 699 524 699 523 699 522 699 506 709 468 698 466 698 465 698 464 698 432 710 431 710 403 696 401 696 400 696 398 696 397 696 389 702 342 692 340 692 339 692 338 692 316 710 316 712 278 712 278 710 260 693 260 692 258 692 257 692 233 692 232 692 230 692 196 710 174 692 172 692 171 692 134 692 132 692 131 692 99 710 43 710 45 746"/></Shape>
	    <String CONTENT="درحشه اسماعيل دعا کرد و گفت"
                    HPOS="43"
                    VPOS="692"
                    WIDTH="621"
                    HEIGHT="79"
                    WC="0.9317885063312672"></String>
          </TextLine>

          
          
          <TextLine ID="eSc_line_89d75918"
                    TAGREFS="LT4837"
                    BASELINE="62 829 573 823 721 816 868 801" 
                    HPOS="60"
                    VPOS="757"
                    WIDTH="808"
                    HEIGHT="100">
            <Shape><Polygon POINTS="62 829 63 857 107 845 123 849 124 849 125 849 127 849 128 849 128 848 130 848 135 840 161 853 164 855 165 855 166 856 196 856 196 855 198 855 199 855 202 852 220 838 251 849 253 849 254 849 256 849 257 849 270 838 285 846 287 846 288 846 290 846 316 839 335 846 342 849 343 849 345 849 346 849 348 849 348 848 350 846 356 840 362 845 367 849 367 850 369 850 370 850 372 850 373 850 384 845 391 840 418 843 473 849 475 849 509 842 537 848 539 848 540 848 541 848 541 846 551 838 553 836 556 838 574 842 575 842 577 842 578 842 591 836 592 835 594 836 609 846 611 846 612 846 614 846 727 831 756 826 773 828 807 832 809 832 867 823 868 801 864 757 749 758 748 758 739 763 731 766 722 763 713 760 711 760 710 760 708 760 697 764 657 782 561 782 548 775 547 775 546 775 544 775 543 775 541 775 541 777 540 777 534 784 500 777 499 777 498 777 482 784 471 775 471 774 469 774 468 774 466 774 465 774 462 775 445 785 432 777 431 777 430 777 428 777 423 777 376 787 366 780 350 767 349 767 348 767 346 767 345 767 343 767 326 782 325 784 287 788 280 784 271 777 270 777 268 777 267 777 265 777 264 777 264 778 257 785 253 790 244 785 212 774 210 774 130 771 128 771 127 771 84 794 60 794 62 829"/></Shape>
	    <String CONTENT="عدايا فرزندان من از فرزندان نامم شاه اسماعيل محروم"
                    HPOS="60"
                    VPOS="757"
                    WIDTH="808"
                    HEIGHT="100"
                    WC="0.9222211611270904"></String>
          </TextLine>

          
          
          <TextLine ID="eSc_line_51663e4b"
                    TAGREFS="LT4837"
                    BASELINE="59 908 625 900 872 883" 
                    HPOS="58"
                    VPOS="832"
                    WIDTH="814"
                    HEIGHT="96">
            <Shape><Polygon POINTS="59 908 63 928 73 914 223 913 239 920 240 920 241 920 243 920 275 911 290 920 292 922 294 922 295 922 297 922 314 920 332 915 352 918 379 921 380 921 382 921 383 921 387 917 397 908 408 915 414 920 415 920 417 920 418 921 476 921 476 920 871 898 872 883 867 832 850 839 844 833 844 832 843 832 841 832 840 832 797 833 796 833 795 833 795 835 793 835 785 843 775 836 773 835 772 835 771 835 769 835 768 835 764 836 751 845 738 838 737 836 735 836 734 836 732 836 731 836 725 838 706 848 679 840 672 839 670 839 669 839 667 839 662 842 645 849 633 843 626 839 625 839 623 839 622 839 621 839 615 843 598 855 533 850 531 850 473 860 451 860 442 852 441 850 441 849 440 849 438 849 437 849 435 849 421 853 401 857 394 853 383 846 382 846 380 846 379 846 377 846 349 856 333 862 323 857 298 845 297 845 295 845 294 845 246 860 239 863 237 862 223 849 223 848 222 848 220 848 219 848 131 849 130 849 58 869 59 908"/></Shape>
	    <String CONTENT="گردان و اين در کتاب عمدت الطالب که از کتب معت"
                    HPOS="58"
                    VPOS="832"
                    WIDTH="814"
                    HEIGHT="96"
                    WC="0.905168973075019"></String>
          </TextLine>

          
          
          <TextLine ID="eSc_line_267aad3d"
                    TAGREFS="LT4837"
                    BASELINE="35 978 567 972 880 954" 
                    HPOS="33"
                    VPOS="903"
                    WIDTH="847"
                    HEIGHT="94">
            <Shape><Polygon POINTS="35 978 35 989 87 985 94 989 100 994 101 994 103 994 104 994 155 987 198 982 203 986 219 997 220 997 222 997 223 997 224 997 226 997 246 985 254 980 265 985 282 990 284 990 285 990 287 990 299 983 305 980 309 983 329 993 331 993 332 993 397 983 414 996 415 996 417 996 418 996 490 989 573 993 574 993 575 993 577 993 588 983 598 989 599 989 601 989 602 989 604 989 604 987 618 975 618 973 619 975 645 986 646 986 647 986 710 975 732 989 734 989 735 989 737 989 738 989 739 989 768 970 772 968 778 970 800 978 802 978 803 978 805 978 827 969 834 966 878 966 880 954 875 903 805 904 803 904 802 904 802 905 800 905 796 910 790 905 788 904 786 904 785 904 783 904 782 904 771 907 755 911 739 908 720 905 718 905 717 905 715 905 715 907 711 910 703 920 686 911 684 911 683 911 681 911 680 911 643 928 594 920 592 920 591 920 573 929 553 917 541 910 540 910 539 910 537 910 536 910 534 910 534 911 533 911 527 918 516 932 440 932 423 924 414 918 413 918 411 918 410 918 408 918 407 918 398 925 386 934 362 927 360 927 359 927 357 927 356 927 336 937 260 937 251 932 220 917 219 917 217 917 216 917 215 917 207 924 189 918 188 918 186 918 185 918 183 918 171 928 161 921 159 921 158 921 157 921 155 921 154 921 142 931 108 920 107 920 106 920 104 920 103 920 89 931 63 924 62 924 60 924 59 924 58 924 33 938 35 978"/></Shape>
	    <String CONTENT="اولاد پيغمر است واضح و هويداست و اين صورت معينه"
                    HPOS="33"
                    VPOS="903"
                    WIDTH="847"
                    HEIGHT="94"
                    WC="0.8934153851042402"></String>
          </TextLine>

          
          
          <TextLine ID="eSc_line_af4f74ba"
                    TAGREFS="LT4837"
                    BASELINE="35 1058 499 1055 881 1033" 
                    HPOS="32"
                    VPOS="982"
                    WIDTH="849"
                    HEIGHT="104">
            <Shape><Polygon POINTS="35 1058 35 1071 50 1078 52 1078 53 1078 55 1078 56 1078 63 1072 74 1081 76 1081 77 1081 79 1081 80 1081 101 1069 103 1068 148 1068 149 1068 185 1086 186 1086 188 1086 189 1086 219 1069 244 1085 246 1085 247 1085 249 1085 250 1085 251 1085 251 1084 267 1069 353 1062 365 1062 366 1062 390 1082 391 1082 393 1082 394 1082 533 1078 534 1078 574 1057 575 1057 605 1075 606 1075 608 1075 609 1076 649 1076 649 1075 650 1075 691 1064 722 1068 724 1068 725 1068 762 1052 765 1050 881 1048 881 1033 875 986 857 994 823 987 799 982 797 982 796 982 795 982 788 987 773 997 759 987 755 985 754 985 752 985 751 985 749 985 739 987 724 994 714 989 704 982 703 982 701 982 700 982 676 985 674 985 673 985 667 989 642 1006 574 996 573 996 571 996 530 1007 516 997 515 997 513 997 512 997 510 997 509 997 489 1010 468 993 466 993 465 993 464 993 462 993 461 993 445 1003 414 993 413 993 411 993 410 993 408 993 407 993 382 1014 348 1014 307 994 305 994 304 994 302 994 301 994 299 994 281 1007 249 1006 247 1006 246 1006 244 1006 230 1017 203 1010 202 1010 200 1010 199 1010 181 1019 154 1002 152 1002 151 1002 149 1002 121 1007 110 999 108 999 107 999 106 999 32 999 35 1058"/></Shape>
	    <String CONTENT="چون اسحاق بيغمر و اسماعيل پيغر است که چندين از فزند"
                    HPOS="32"
                    VPOS="982"
                    WIDTH="849"
                    HEIGHT="104"
                    WC="0.9009968428050771"></String>
          </TextLine>

          
          
          <TextLine ID="eSc_line_f0b3c0ae"
                    TAGREFS="LT4837"
                    BASELINE="33 1130 672 1123 822 1116 865 1106" 
                    HPOS="32"
                    VPOS="1057"
                    WIDTH="833"
                    HEIGHT="92">
            <Shape><Polygon POINTS="33 1130 33 1143 96 1141 100 1143 107 1149 108 1149 110 1149 111 1149 113 1149 114 1149 114 1147 120 1143 123 1139 241 1134 294 1139 328 1141 329 1141 331 1141 332 1141 332 1140 335 1137 339 1133 348 1137 362 1144 363 1144 365 1144 517 1141 519 1141 520 1141 529 1134 639 1141 640 1141 642 1141 643 1141 662 1130 663 1129 664 1130 679 1140 680 1140 681 1140 683 1140 766 1130 793 1139 795 1139 796 1139 797 1139 799 1139 817 1126 865 1125 865 1106 860 1057 738 1058 737 1058 727 1062 711 1068 698 1064 687 1060 686 1060 684 1060 683 1060 673 1065 633 1088 582 1088 565 1069 561 1067 561 1065 560 1065 558 1065 557 1065 556 1065 534 1071 499 1081 458 1075 456 1075 455 1075 454 1075 408 1091 332 1091 304 1082 291 1078 290 1078 288 1078 287 1078 285 1078 280 1082 268 1091 250 1084 236 1079 234 1079 233 1079 232 1079 219 1085 213 1089 210 1086 203 1079 203 1078 202 1078 200 1078 151 1069 149 1069 148 1069 147 1069 147 1071 142 1075 135 1069 135 1068 134 1068 132 1068 131 1068 130 1068 32 1093 33 1130"/></Shape>
	    <String CONTENT="سحاق نبوت کردند ايا آخر بنوت و امامت به فرزندان"
                    HPOS="32"
                    VPOS="1057"
                    WIDTH="833"
                    HEIGHT="92"
                    WC="0.9552066499988238"></String>
          </TextLine>

          
          
          <TextLine ID="eSc_line_e5eacbb9"
                    TAGREFS="LT4837"
                    BASELINE="848 1177 875 1175" 
                    HPOS="844"
                    VPOS="1119"
                    WIDTH="31"
                    HEIGHT="68">
            <Shape><Polygon POINTS="848 1177 848 1187 875 1187 875 1175 871 1125 844 1119 848 1177"/></Shape>
	    <String CONTENT=""
                    HPOS="844"
                    VPOS="1119"
                    WIDTH="31"
                    HEIGHT="68"></String>
          </TextLine>

          
          
          <TextLine ID="eSc_line_94035dd7"
                    TAGREFS="LT4837"
                    BASELINE="46 1198 769 1199" 
                    HPOS="45"
                    VPOS="1141"
                    WIDTH="724"
                    HEIGHT="85">
            <Shape><Polygon POINTS="45 1208 96 1209 108 1221 108 1222 110 1222 111 1222 113 1222 159 1212 179 1225 181 1225 182 1225 183 1226 322 1226 322 1225 323 1225 325 1225 336 1215 338 1215 339 1215 400 1225 401 1225 403 1225 404 1225 418 1216 430 1211 464 1211 471 1218 478 1223 478 1225 479 1225 481 1225 482 1225 529 1221 530 1221 531 1221 531 1219 533 1219 541 1211 628 1221 663 1225 664 1225 666 1225 667 1225 672 1222 684 1214 706 1222 707 1222 708 1222 710 1222 730 1211 744 1223 745 1225 747 1225 748 1225 749 1225 768 1223 769 1199 769 1153 751 1141 749 1141 748 1141 667 1141 666 1141 664 1141 663 1141 643 1153 640 1156 594 1156 589 1153 573 1141 571 1141 570 1141 568 1141 536 1143 534 1143 533 1143 533 1144 524 1153 522 1154 517 1153 492 1143 490 1143 489 1143 488 1143 486 1143 486 1144 478 1151 475 1154 466 1151 434 1144 432 1144 397 1151 383 1154 374 1151 350 1141 349 1141 348 1141 346 1141 319 1151 307 1156 258 1156 253 1150 246 1144 244 1144 243 1144 241 1144 240 1144 226 1150 216 1154 205 1150 186 1141 185 1141 183 1141 149 1149 114 1141 113 1141 111 1141 110 1141 110 1143 103 1149 97 1156 55 1156 50 1149 46 1198 45 1208"/></Shape>
	    <String CONTENT="قرار گرفت اكنون اعولى و جايلى را بايد گذاشت"
                    HPOS="45"
                    VPOS="1141"
                    WIDTH="724"
                    HEIGHT="85"
                    WC="0.9324984855430071"></String>
          </TextLine>

          
          
          <TextLine ID="eSc_line_6a5db66f"
                    TAGREFS="LT4837"
                    BASELINE="788 1260 874 1255" 
                    HPOS="783"
                    VPOS="1199"
                    WIDTH="91"
                    HEIGHT="80">
            <Shape><Polygon POINTS="788 1260 788 1270 829 1279 830 1279 831 1279 874 1263 874 1255 870 1211 826 1199 824 1199 823 1199 822 1199 783 1211 788 1260"/></Shape>
	    <String CONTENT="داينها"
                    HPOS="783"
                    VPOS="1199"
                    WIDTH="91"
                    HEIGHT="80"
                    WC="0.7577790915966034"></String>
          </TextLine>

          
          
          <TextLine ID="eSc_line_62538f58"
                    TAGREFS="LT4837"
                    BASELINE="53 1283 529 1279 717 1270" 
                    HPOS="52"
                    VPOS="1219"
                    WIDTH="665"
                    HEIGHT="82">
            <Shape><Polygon POINTS="53 1283 53 1298 120 1291 142 1298 148 1300 149 1300 151 1300 152 1300 154 1300 154 1298 155 1298 165 1290 212 1290 227 1297 237 1301 239 1301 240 1301 265 1297 288 1293 298 1297 307 1300 308 1300 309 1300 415 1298 417 1298 418 1298 423 1296 427 1291 437 1296 448 1298 449 1298 451 1298 452 1298 465 1294 495 1286 561 1294 571 1294 573 1294 574 1294 575 1294 575 1293 585 1284 629 1284 642 1293 645 1296 646 1296 647 1296 649 1296 650 1296 652 1296 655 1293 667 1283 715 1291 717 1270 715 1238 683 1226 681 1226 680 1226 679 1226 677 1226 662 1238 662 1239 639 1239 629 1239 602 1221 601 1221 599 1221 565 1219 564 1219 563 1219 561 1219 529 1239 452 1229 451 1229 449 1229 448 1229 448 1231 437 1242 411 1242 394 1226 394 1225 393 1225 391 1225 359 1222 357 1222 356 1222 335 1233 311 1223 309 1223 308 1223 307 1223 257 1238 243 1226 243 1225 241 1225 240 1225 239 1225 144 1236 108 1226 107 1226 106 1226 104 1226 103 1226 103 1228 83 1246 52 1246 53 1283"/></Shape>
	    <String CONTENT="بايد دان ست و مخالف يكد نگر ندانند که"
                    HPOS="52"
                    VPOS="1219"
                    WIDTH="665"
                    HEIGHT="82"
                    WC="0.9387670626511445"></String>
          </TextLine>

          
          
          <TextLine ID="eSc_line_50ae8b83"
                    TAGREFS="LT4837"
                    BASELINE="55 1362 509 1358 880 1337" 
                    HPOS="53"
                    VPOS="1288"
                    WIDTH="827"
                    HEIGHT="102">
            <Shape><Polygon POINTS="55 1362 55 1372 100 1390 101 1390 103 1390 104 1390 106 1390 125 1373 154 1370 178 1387 179 1387 181 1387 182 1389 202 1389 202 1387 234 1385 236 1385 237 1385 257 1368 339 1373 340 1373 342 1373 363 1365 390 1372 391 1372 393 1372 394 1372 410 1366 448 1380 449 1380 451 1380 592 1376 594 1376 595 1376 595 1375 597 1375 604 1366 622 1369 623 1369 625 1369 650 1356 673 1365 674 1365 676 1365 677 1365 711 1355 730 1368 731 1368 732 1368 734 1368 735 1368 762 1353 792 1352 802 1352 829 1365 830 1365 831 1365 833 1365 880 1349 880 1337 875 1288 839 1290 837 1290 836 1290 836 1291 827 1300 817 1291 817 1290 816 1290 814 1290 813 1290 749 1291 748 1291 747 1291 747 1293 744 1294 722 1315 703 1308 701 1308 700 1308 698 1308 697 1308 679 1321 513 1324 475 1307 466 1303 465 1303 464 1303 462 1303 461 1303 461 1304 456 1307 448 1315 411 1310 408 1310 407 1310 406 1310 404 1310 404 1311 387 1328 365 1318 363 1318 362 1318 360 1318 359 1318 359 1320 346 1331 323 1331 314 1321 314 1320 312 1320 311 1320 309 1320 308 1320 307 1320 299 1325 287 1315 274 1305 273 1305 271 1305 270 1305 223 1310 222 1310 220 1310 209 1318 196 1308 195 1308 193 1308 192 1308 140 1310 138 1310 137 1310 120 1322 103 1337 53 1327 55 1362"/></Shape>
	    <String CONTENT="مال احوليست و باقی مردم ه و غيرهم مخالف"
                    HPOS="53"
                    VPOS="1288"
                    WIDTH="827"
                    HEIGHT="102"
                    WC="0.9194506101119213"></String>
          </TextLine>

          
          
          <TextLine ID="eSc_line_c04f954a"
                    TAGREFS="LT4837"
                    BASELINE="52 1437 544 1434 875 1421" 
                    HPOS="50"
                    VPOS="1372"
                    WIDTH="825"
                    HEIGHT="89">
            <Shape><Polygon POINTS="52 1437 52 1455 99 1461 100 1461 101 1461 118 1454 142 1444 192 1452 216 1455 217 1455 219 1455 227 1451 243 1443 251 1450 261 1458 263 1458 264 1458 265 1459 308 1459 308 1458 309 1458 311 1458 311 1457 319 1448 321 1447 325 1448 357 1457 359 1457 360 1457 362 1457 363 1457 363 1455 373 1447 373 1445 374 1447 391 1455 393 1455 394 1455 396 1455 435 1445 455 1440 462 1444 479 1454 481 1454 482 1454 483 1454 485 1454 507 1444 519 1454 520 1454 522 1454 523 1455 563 1455 563 1454 564 1454 565 1454 587 1440 591 1438 598 1440 640 1452 642 1452 643 1452 645 1452 673 1438 676 1437 679 1438 706 1447 707 1447 708 1447 710 1447 711 1447 711 1445 721 1437 721 1435 722 1437 756 1450 758 1450 759 1450 761 1450 788 1434 790 1433 875 1431 875 1421 871 1372 795 1373 793 1373 792 1373 789 1375 748 1403 720 1403 689 1380 681 1375 680 1375 679 1375 677 1375 676 1375 674 1375 674 1376 669 1382 649 1402 623 1385 622 1385 621 1385 619 1385 618 1385 616 1385 616 1386 608 1394 595 1389 594 1389 592 1389 591 1389 589 1389 571 1406 489 1406 468 1392 459 1385 458 1385 456 1385 455 1385 414 1394 410 1394 408 1394 390 1387 389 1387 387 1387 386 1387 384 1387 384 1389 376 1396 366 1406 345 1397 332 1393 331 1393 329 1393 328 1393 315 1399 297 1407 288 1400 277 1392 275 1392 274 1392 273 1392 219 1400 179 1383 178 1383 145 1383 144 1383 142 1383 141 1383 113 1406 50 1411 52 1437"/></Shape>
	    <String CONTENT="يکد بکرند بدانکه طاعت و اقتدا بهامام زبان واجب"
                    HPOS="50"
                    VPOS="1372"
                    WIDTH="825"
                    HEIGHT="89"
                    WC="0.9301021604434304"></String>
          </TextLine>

          
          
          <TextLine ID="eSc_line_84e1c265"
                    TAGREFS="LT4837"
                    BASELINE="797 1488 878 1484" 
                    HPOS="795"
                    VPOS="1441"
                    WIDTH="83"
                    HEIGHT="61">
            <Shape><Polygon POINTS="797 1488 797 1502 878 1489 878 1484 875 1444 820 1441 819 1441 817 1441 795 1451 797 1488"/></Shape>
	    <String CONTENT="ست"
                    HPOS="795"
                    VPOS="1441"
                    WIDTH="83"
                    HEIGHT="61"
                    WC="0.9867478311061859"></String>
          </TextLine>

          
          
          <TextLine ID="eSc_line_4fb68a9c"
                    TAGREFS="LT4837"
                    BASELINE="45 1505 476 1508 718 1499" 
                    HPOS="43"
                    VPOS="1459"
                    WIDTH="675"
                    HEIGHT="68">
            <Shape><Polygon POINTS="45 1505 45 1517 49 1522 49 1523 50 1523 52 1523 53 1523 137 1515 140 1515 141 1515 186 1526 188 1526 189 1527 212 1527 212 1526 213 1526 215 1526 215 1524 223 1517 229 1523 229 1524 230 1524 232 1524 233 1524 234 1524 236 1524 247 1515 261 1526 263 1526 264 1526 265 1527 308 1527 308 1526 309 1526 311 1526 311 1524 321 1516 322 1515 325 1516 349 1522 350 1522 352 1522 400 1516 404 1516 406 1516 435 1526 437 1526 438 1526 479 1524 481 1524 482 1524 482 1523 489 1516 492 1515 496 1516 505 1522 506 1522 507 1522 509 1522 510 1522 529 1517 543 1513 547 1517 557 1524 558 1524 560 1524 561 1524 563 1524 578 1517 585 1513 591 1517 601 1524 602 1524 604 1524 605 1524 606 1524 626 1517 639 1513 650 1517 667 1524 669 1524 670 1524 717 1517 718 1499 714 1468 650 1475 629 1468 602 1459 601 1459 599 1459 598 1459 597 1459 584 1469 574 1476 537 1476 531 1469 522 1461 522 1459 520 1459 519 1459 517 1459 473 1462 472 1462 471 1462 462 1471 440 1461 438 1461 437 1461 435 1461 434 1461 418 1472 411 1476 384 1476 365 1476 362 1472 352 1464 352 1462 350 1462 349 1462 309 1461 308 1461 307 1461 305 1461 290 1474 285 1478 250 1478 247 1474 233 1462 233 1461 232 1461 230 1461 209 1461 207 1461 206 1461 205 1461 182 1475 181 1476 179 1475 164 1461 162 1461 161 1461 100 1461 99 1461 97 1461 67 1476 66 1478 43 1478 45 1505"/></Shape>
	    <String CONTENT="برچه فربابد سابق بوده باشی و اين انامت"
                    HPOS="43"
                    VPOS="1459"
                    WIDTH="675"
                    HEIGHT="68"
                    WC="0.9296177437430934"></String>
          </TextLine>

          
          
          <TextLine ID="eSc_line_256fc7a8"
                    TAGREFS="LT4837"
                    BASELINE="48 1585 581 1584 878 1563" 
                    HPOS="46"
                    VPOS="1515"
                    WIDTH="832"
                    HEIGHT="100">
            <Shape><Polygon POINTS="48 1585 49 1609 87 1597 128 1604 130 1604 131 1604 132 1604 144 1597 155 1608 158 1609 158 1611 159 1611 161 1611 162 1611 164 1611 175 1606 193 1601 199 1606 206 1612 206 1614 207 1614 209 1614 210 1615 270 1615 270 1614 271 1614 288 1605 297 1601 304 1605 322 1612 323 1612 325 1612 326 1612 328 1612 338 1604 345 1598 362 1601 363 1601 365 1601 366 1601 380 1591 406 1601 407 1601 408 1601 410 1601 411 1601 421 1594 452 1598 455 1601 462 1608 462 1609 464 1609 465 1609 466 1609 468 1609 492 1601 495 1599 496 1601 506 1608 507 1608 509 1608 510 1608 608 1606 609 1606 626 1598 647 1587 669 1597 679 1601 680 1601 681 1601 683 1601 694 1597 727 1584 783 1584 799 1594 800 1594 802 1594 803 1594 805 1594 806 1594 806 1592 817 1582 850 1582 875 1592 878 1563 874 1515 837 1516 836 1516 834 1516 810 1532 795 1519 795 1517 793 1517 792 1517 771 1517 769 1517 768 1517 766 1517 765 1519 739 1539 724 1526 722 1526 721 1526 720 1526 718 1526 717 1526 717 1527 697 1546 640 1546 615 1534 614 1534 612 1534 611 1534 588 1547 466 1549 444 1536 423 1523 421 1523 420 1523 418 1523 400 1526 398 1526 397 1526 397 1527 384 1539 372 1551 353 1551 342 1541 326 1529 325 1529 323 1529 322 1529 292 1533 275 1526 274 1526 273 1526 271 1526 270 1526 241 1544 205 1527 203 1527 202 1527 159 1529 158 1529 157 1529 157 1530 142 1541 70 1530 69 1530 67 1530 66 1530 66 1532 46 1550 48 1585"/></Shape>
	    <String CONTENT="يش از زمان و مكان بوده اتا از ابراه ميم صلوات الند"
                    HPOS="46"
                    VPOS="1515"
                    WIDTH="832"
                    HEIGHT="100"
                    WC="0.9020967805385589"></String>
          </TextLine>

          
        </TextBlock>
        
        <TextBlock HPOS="401"
                   VPOS="50"
                   WIDTH="146"
                   HEIGHT="89"
                   ID="eSc_textblock_be6e0364"
                   TAGREFS="BT16093">
          <Shape><Polygon POINTS="435 50 524 56 547 100 496 139 435 134 401 89 435 50"/></Shape>
          
          
          <TextLine ID="eSc_line_52683ee4"
                    TAGREFS="LT4837"
                    BASELINE="449 91 512 87" 
                    HPOS="445"
                    VPOS="50"
                    WIDTH="67"
                    HEIGHT="57">
            <Shape><Polygon POINTS="503 55 489 53 473 52 459 52 454 50 445 57 449 91 449 107 512 101 512 87 509 55 505 55 503 55"/></Shape>
	    <String CONTENT=""
                    HPOS="445"
                    VPOS="50"
                    WIDTH="67"
                    HEIGHT="57"></String>
          </TextLine>

          
        </TextBlock>
        

        
      </PrintSpace>
    </Page>
  </Layout>
</alto>
