<?xml version="1.0" encoding="UTF-8"?>
<alto xmlns:xsi="http://www.w3.org/2001/XMLSchema-instance"
      xmlns="http://www.loc.gov/standards/alto/ns-v4#"
      xsi:schemaLocation="http://www.loc.gov/standards/alto/ns-v4# http://www.loc.gov/standards/alto/v4/alto-4-2.xsd">
  <Description>
    <MeasurementUnit>pixel</MeasurementUnit>
    <sourceImageInformation>
      <fileName>Rasail098.jpg</fileName>
      
    </sourceImageInformation>
  </Description>
  
  <Tags>
    <OtherTag ID="BT16094" LABEL="default" DESCRIPTION="block type default"/><OtherTag ID="BT16093" LABEL="NumberingZone:page" DESCRIPTION="block type NumberingZone:page"/><OtherTag ID="BT16092" LABEL="MarginTextZone:note" DESCRIPTION="block type MarginTextZone:note"/><OtherTag ID="BT16091" LABEL="TitlePageZone" DESCRIPTION="block type TitlePageZone"/><OtherTag ID="BT16090" LABEL="QuireMarksZone:catchwords" DESCRIPTION="block type QuireMarksZone:catchwords"/><OtherTag ID="BT16089" LABEL="NumberingZone:other" DESCRIPTION="block type NumberingZone:other"/><OtherTag ID="BT16088" LABEL="NumberingZone" DESCRIPTION="block type NumberingZone"/><OtherTag ID="BT16087" LABEL="MarginTextZone" DESCRIPTION="block type MarginTextZone"/><OtherTag ID="BT16086" LABEL="MainZone" DESCRIPTION="block type MainZone"/><OtherTag ID="BT16085" LABEL="DigitizationArtefactZone" DESCRIPTION="block type DigitizationArtefactZone"/><OtherTag ID="BT2" LABEL="Main" DESCRIPTION="block type Main"/><OtherTag ID="BT1" LABEL="Title" DESCRIPTION="block type Title"/>
    <OtherTag ID="LT4837" LABEL="DefaultLine" DESCRIPTION="line type DefaultLine"/><OtherTag ID="LT4838" LABEL="default" DESCRIPTION="line type default"/><OtherTag ID="LT4839" LABEL="HeadingLine:title" DESCRIPTION="line type HeadingLine:title"/>
  </Tags>
  
  <Layout>
    <Page WIDTH="1116"
          HEIGHT="1712"
          PHYSICAL_IMG_NR="126"
          ID="eSc_dummypage_">
      <PrintSpace HPOS="0"
                  VPOS="0"
                  WIDTH="1116"
                  HEIGHT="1712">
        
        <TextBlock HPOS="108"
                   VPOS="142"
                   WIDTH="979"
                   HEIGHT="1437"
                   ID="eSc_textblock_224bbdca"
                   TAGREFS="BT16086">
          <Shape><Polygon POINTS="877 142 1087 171 1064 964 1076 1328 1064 1476 1030 1556 916 1579 125 1579 108 1489 154 814 137 450 165 426 182 165 251 148 877 142"/></Shape>
          
          
          <TextLine ID="eSc_line_3a303c1e"
                    TAGREFS="LT4837"
                    BASELINE="192 225 298 218 1056 221" 
                    HPOS="192"
                    VPOS="168"
                    WIDTH="864"
                    HEIGHT="87">
            <Shape><Polygon POINTS="192 225 192 252 226 238 261 246 262 246 264 246 265 246 266 246 272 241 293 252 295 252 296 252 298 252 321 243 389 252 391 252 392 252 460 238 499 249 500 249 502 249 562 239 590 253 592 253 593 253 595 255 806 255 806 253 807 253 809 253 809 252 822 239 846 249 847 249 849 249 850 249 867 242 921 252 923 252 924 252 926 252 949 239 1018 239 1051 253 1056 221 1054 185 1036 185 1036 184 1018 169 1017 169 1016 169 990 169 988 169 987 169 986 169 966 184 916 184 906 184 870 171 869 171 867 171 866 171 864 171 864 172 851 184 832 184 824 184 790 169 789 169 787 169 786 169 784 169 763 184 762 185 714 185 714 184 697 169 696 169 695 169 646 169 645 169 643 169 642 169 620 184 593 175 592 175 590 175 556 182 528 172 526 172 525 172 478 184 475 184 472 184 420 168 419 168 302 168 301 168 299 168 298 168 276 184 192 184 192 225"/></Shape>
	    <String CONTENT="پداشدن ما دون تا ديل تيمم ايناست چنانچه برگاه سن"
                    HPOS="192"
                    VPOS="168"
                    WIDTH="864"
                    HEIGHT="87"
                    WC="0.8903210510810217"></String>
          </TextLine>

          
          
          <TextLine ID="eSc_line_faccb1d6"
                    TAGREFS="LT4837"
                    BASELINE="176 276 420 291 1056 301" 
                    HPOS="175"
                    VPOS="241"
                    WIDTH="881"
                    HEIGHT="95">
            <Shape><Polygon POINTS="176 276 175 299 269 302 302 321 303 321 305 321 306 321 335 305 381 325 382 325 383 325 385 325 438 309 455 325 455 326 456 326 458 326 459 328 513 328 513 326 515 326 545 311 548 309 558 311 675 330 676 332 706 332 706 330 707 330 709 330 724 318 772 332 773 332 774 332 776 332 777 332 799 319 853 335 854 335 856 336 900 336 900 335 901 335 903 335 903 333 916 323 930 335 931 335 933 335 934 335 936 335 937 335 956 322 961 318 973 322 1001 332 1003 332 1004 332 1054 323 1056 301 1056 263 881 255 880 255 879 255 877 255 870 261 853 273 822 273 809 261 807 259 807 258 806 258 804 258 803 258 802 258 797 261 792 263 787 259 777 252 776 252 774 252 773 252 772 252 757 259 742 268 724 259 722 258 720 258 719 258 710 259 680 266 669 259 655 249 653 249 652 249 650 249 649 249 625 258 597 268 587 259 586 259 585 259 583 259 582 259 580 259 569 266 335 263 321 255 298 242 296 242 295 242 293 242 258 251 208 241 206 241 205 241 176 252 176 276"/></Shape>
	    <String CONTENT="بيدا شود تيمم بر طرف مى شود درين صورت هرگاه باذو"
                    HPOS="175"
                    VPOS="241"
                    WIDTH="881"
                    HEIGHT="95"
                    WC="0.9105421056350073"></String>
          </TextLine>

          
          
          <TextLine ID="eSc_line_530a79ff"
                    TAGREFS="LT4837"
                    BASELINE="176 360 1054 379" 
                    HPOS="175"
                    VPOS="325"
                    WIDTH="879"
                    HEIGHT="84">
            <Shape><Polygon POINTS="176 360 175 378 199 386 201 386 202 386 241 379 254 389 254 390 255 390 256 390 258 390 286 388 311 398 312 398 313 398 315 398 333 390 388 399 389 399 391 399 392 399 402 390 412 398 412 399 413 399 415 399 456 400 458 400 459 400 460 400 479 386 482 385 512 385 620 386 626 390 646 405 647 405 649 405 650 406 675 406 675 405 676 405 677 405 692 393 697 389 730 389 734 393 739 398 739 399 740 399 742 399 743 399 776 396 806 408 807 408 809 408 810 408 812 408 812 406 822 399 830 406 830 408 832 408 833 408 900 409 901 409 903 409 904 409 917 399 920 398 924 400 939 406 940 406 941 406 943 406 944 406 951 400 959 395 970 402 983 408 984 408 986 408 987 408 988 408 996 402 1007 396 1040 396 1048 403 1054 379 1054 348 1034 338 1033 338 967 336 966 336 964 336 963 336 963 338 953 346 947 353 924 353 907 346 884 335 883 335 881 335 812 345 787 348 780 345 759 333 757 333 756 333 754 333 753 333 753 335 743 343 737 349 650 349 622 348 617 342 603 330 603 329 602 329 600 329 582 328 560 328 559 328 558 328 556 328 556 329 542 342 539 345 535 342 522 333 520 333 519 333 518 333 482 339 472 330 472 329 470 329 469 329 468 329 466 329 439 340 435 342 345 342 341 339 318 329 316 329 315 329 313 329 289 335 271 326 269 326 268 326 235 333 224 325 222 325 221 325 219 325 218 325 176 336 176 360"/></Shape>
	    <String CONTENT="حاضر شود باز پيمان مستحب به تار اصلى خود رجوع نمايد"
                    HPOS="175"
                    VPOS="325"
                    WIDTH="879"
                    HEIGHT="84"
                    WC="0.917116757701425"></String>
          </TextLine>

          
          
          <TextLine ID="eSc_line_b8a6e09c"
                    TAGREFS="LT4837"
                    BASELINE="438 447 1054 455" 
                    HPOS="436"
                    VPOS="403"
                    WIDTH="618"
                    HEIGHT="87">
            <Shape><Polygon POINTS="438 447 436 473 450 480 452 480 453 480 525 473 536 483 536 485 538 485 539 485 540 485 542 485 559 479 572 487 573 487 575 487 576 489 606 489 606 487 607 487 609 487 622 477 724 489 726 489 727 489 763 479 773 487 773 489 774 489 776 489 807 490 809 490 810 490 843 480 873 489 874 489 876 489 877 489 900 477 929 487 930 487 931 487 933 487 963 479 1053 479 1054 455 1053 410 1021 416 984 410 964 408 963 408 961 408 960 408 960 409 957 410 949 419 914 420 894 410 887 408 886 408 884 408 883 408 881 408 879 410 863 425 814 412 789 405 787 405 746 405 744 405 743 405 742 405 732 412 714 423 673 423 657 413 645 403 643 403 642 403 640 403 639 403 637 403 623 413 609 422 539 422 525 413 503 403 502 403 500 403 499 403 498 403 483 413 475 420 466 415 459 409 458 409 456 409 455 409 453 409 438 413 438 447"/></Shape>
	    <String CONTENT="و ساوک با مردم ظاهير و باطن پييان با"
                    HPOS="436"
                    VPOS="403"
                    WIDTH="618"
                    HEIGHT="87"
                    WC="0.8998763776487775"></String>
          </TextLine>

          
          
          <TextLine ID="eSc_line_29496d22"
                    TAGREFS="LT4837"
                    BASELINE="191 435 239 436" 
                    HPOS="189"
                    VPOS="398"
                    WIDTH="50"
                    HEIGHT="64">
            <Shape><Polygon POINTS="191 435 189 453 236 462 239 436 238 398 191 406 191 435"/></Shape>
	    <String CONTENT=""
                    HPOS="189"
                    VPOS="398"
                    WIDTH="50"
                    HEIGHT="64"></String>
          </TextLine>

          
          
          <TextLine ID="eSc_line_0142aca1"
                    TAGREFS="LT4837"
                    BASELINE="181 516 1054 532" 
                    HPOS="179"
                    VPOS="470"
                    WIDTH="875"
                    HEIGHT="93">
            <Shape><Polygon POINTS="181 516 179 527 208 542 209 542 211 542 212 542 214 542 228 530 254 530 299 530 301 532 336 553 338 553 339 553 341 553 440 536 455 535 495 536 496 537 508 547 508 549 509 549 510 549 512 549 513 549 515 549 529 539 535 536 575 536 582 540 600 557 602 557 603 557 605 557 720 549 744 560 746 560 844 562 846 562 847 562 866 552 930 563 931 563 933 563 956 553 966 549 980 554 993 559 994 559 996 559 997 559 998 559 1004 554 1020 544 1050 556 1054 532 1054 487 1018 485 1017 485 1016 485 1011 487 984 502 950 503 906 487 890 482 889 482 887 482 886 482 884 482 877 487 859 503 819 503 802 489 800 489 799 489 797 489 796 489 794 489 794 490 782 502 747 502 695 489 669 483 667 483 666 483 655 489 639 497 605 497 590 489 583 483 582 483 580 483 579 483 577 483 560 489 542 496 535 489 526 482 526 480 525 480 523 480 522 480 520 480 519 480 506 489 496 496 486 489 466 477 465 477 463 477 462 477 460 477 432 490 429 492 395 492 393 490 375 473 373 473 372 473 332 472 331 472 329 472 328 472 328 473 316 483 305 473 305 472 303 472 302 472 242 470 241 470 239 470 238 470 212 490 212 492 181 492 181 516"/></Shape>
	    <String CONTENT="را ييبايد که بيرون از قاهده آداب مسجى يک نفس"
                    HPOS="179"
                    VPOS="470"
                    WIDTH="875"
                    HEIGHT="93"
                    WC="0.8874222364690568"></String>
          </TextLine>

          
          
          <TextLine ID="eSc_line_7df17d77"
                    TAGREFS="LT4837"
                    BASELINE="589 606 1048 609" 
                    HPOS="587"
                    VPOS="562"
                    WIDTH="461"
                    HEIGHT="78">
            <Shape><Polygon POINTS="589 606 587 632 595 637 596 637 597 637 599 637 600 637 602 637 607 632 623 639 625 639 626 639 627 639 629 639 629 637 640 627 642 627 646 627 710 639 712 639 713 639 740 627 743 626 743 627 754 637 754 639 756 639 757 639 850 640 851 640 853 640 901 626 904 626 907 626 937 633 939 633 940 633 956 626 1047 626 1048 609 1046 563 939 564 937 564 936 564 936 566 920 580 894 580 881 567 879 564 879 563 877 563 876 563 874 563 873 563 863 567 836 580 756 580 744 572 743 572 742 572 740 572 673 579 666 573 653 562 652 562 650 562 649 562 589 574 589 606"/></Shape>
	    <String CONTENT="زند تا سلامتی يا بدهم در دين"
                    HPOS="587"
                    VPOS="562"
                    WIDTH="461"
                    HEIGHT="78"
                    WC="0.9083342786346164"></String>
          </TextLine>

          
          
          <TextLine ID="eSc_line_5df5cc03"
                    TAGREFS="LT4837"
                    BASELINE="185 586 392 592" 
                    HPOS="184"
                    VPOS="542"
                    WIDTH="208"
                    HEIGHT="81">
            <Shape><Polygon POINTS="185 586 184 604 215 619 216 619 295 622 296 622 298 622 299 622 299 620 305 616 312 609 333 609 388 623 392 592 391 560 351 563 346 559 332 544 332 543 331 543 329 543 289 542 288 542 266 543 265 543 264 543 264 544 248 559 235 547 234 547 232 547 231 547 185 557 185 586"/></Shape>
	    <String CONTENT="وما تو گل ال"
                    HPOS="184"
                    VPOS="542"
                    WIDTH="208"
                    HEIGHT="81"
                    WC="0.8716720789670944"></String>
          </TextLine>

          
          
          <TextLine ID="eSc_line_badeebf8"
                    TAGREFS="LT4837"
                    BASELINE="449 673 1046 684" 
                    HPOS="448"
                    VPOS="627"
                    WIDTH="598"
                    HEIGHT="97">
            <Shape><Polygon POINTS="449 673 448 703 460 703 462 704 473 714 473 716 475 716 476 716 478 717 519 717 519 716 520 716 522 716 535 704 539 701 596 701 627 701 632 706 646 719 647 719 649 719 687 720 689 720 690 720 692 720 712 706 713 706 746 721 747 721 749 721 750 721 752 721 760 716 826 723 827 723 876 713 931 724 933 724 963 723 964 723 966 723 986 710 1044 710 1046 684 1046 643 1041 639 1040 639 1040 637 1038 637 1037 637 984 637 983 637 926 647 897 653 870 647 802 633 800 633 799 633 797 633 780 647 776 650 750 647 706 642 704 642 703 642 683 647 673 649 667 646 635 630 633 630 632 630 630 630 600 646 597 647 595 646 575 637 573 637 572 637 570 637 550 643 515 627 513 627 512 627 510 627 449 644 449 673"/></Shape>
	    <String CONTENT="بالشر عليه تؤكلت على الشدء والشد"
                    HPOS="448"
                    VPOS="627"
                    WIDTH="598"
                    HEIGHT="97"
                    WC="0.8964611093203226"></String>
          </TextLine>

          
          
          <TextLine ID="eSc_line_93261336"
                    TAGREFS="LT4837"
                    BASELINE="252 666 392 671" 
                    HPOS="251"
                    VPOS="617"
                    WIDTH="141"
                    HEIGHT="86">
            <Shape><Polygon POINTS="252 666 251 697 389 703 392 671 392 634 373 622 372 622 371 622 369 622 368 622 349 632 338 637 298 637 289 626 283 619 282 619 282 617 281 617 279 617 278 617 254 622 252 666"/></Shape>
	    <String CONTENT="با الصوب"
                    HPOS="251"
                    VPOS="617"
                    WIDTH="141"
                    HEIGHT="86"
                    WC="0.9440658837556839"></String>
          </TextLine>

          
          
          <TextLine ID="eSc_line_e39cdd67"
                    TAGREFS="LT4837"
                    BASELINE="563 800 657 796" 
                    HPOS="560"
                    VPOS="749"
                    WIDTH="97"
                    HEIGHT="81">
            <Shape><Polygon POINTS="563 800 563 813 607 830 609 830 610 830 612 830 613 830 623 823 632 817 655 827 657 796 652 749 626 750 625 750 623 750 623 751 616 757 597 774 560 771 563 800"/></Shape>
	    <String CONTENT="باب"
                    HPOS="560"
                    VPOS="749"
                    WIDTH="97"
                    HEIGHT="81"
                    WC="0.9416412909825643"></String>
          </TextLine>

          
          
          <TextLine ID="eSc_line_743736ef"
                    TAGREFS="LT4837"
                    BASELINE="747 910 803 910" 
                    HPOS="747"
                    VPOS="868"
                    WIDTH="56"
                    HEIGHT="76">
            <Shape><Polygon POINTS="747 938 802 944 803 910 802 868 760 875 750 868 747 910 747 938"/></Shape>
	    <String CONTENT=""
                    HPOS="747"
                    VPOS="868"
                    WIDTH="56"
                    HEIGHT="76"></String>
          </TextLine>

          
          
          <TextLine ID="eSc_line_9d28f219"
                    TAGREFS="LT4837"
                    BASELINE="662 1058 963 1060" 
                    HPOS="660"
                    VPOS="1011"
                    WIDTH="303"
                    HEIGHT="71">
            <Shape><Polygon POINTS="662 1058 660 1070 683 1081 685 1081 686 1082 789 1082 789 1081 790 1081 792 1081 792 1079 802 1071 884 1071 887 1072 904 1081 906 1081 907 1081 961 1072 963 1060 961 1017 924 1011 923 1011 921 1011 920 1011 920 1012 916 1015 907 1025 839 1025 816 1015 804 1011 803 1011 802 1011 800 1011 787 1015 763 1024 729 1015 712 1011 710 1011 709 1011 707 1011 700 1015 689 1021 662 1015 662 1058"/></Shape>
	    <String CONTENT="بدانکه در اخبار دين"
                    HPOS="660"
                    VPOS="1011"
                    WIDTH="303"
                    HEIGHT="71"
                    WC="0.8666162083023473"></String>
          </TextLine>

          
          
          <TextLine ID="eSc_line_9f691112"
                    TAGREFS="LT4837"
                    BASELINE="165 1032 373 1034" 
                    HPOS="164"
                    VPOS="981"
                    WIDTH="209"
                    HEIGHT="80">
            <Shape><Polygon POINTS="165 1032 164 1042 222 1047 222 1048 236 1060 238 1060 239 1060 241 1061 305 1061 305 1060 306 1060 308 1060 308 1058 312 1055 321 1045 343 1045 368 1060 373 1034 373 994 348 981 346 981 345 981 343 981 305 992 305 994 254 994 254 992 231 981 229 981 228 981 165 991 165 1032"/></Shape>
	    <String CONTENT="که ايشان"
                    HPOS="164"
                    VPOS="981"
                    WIDTH="209"
                    HEIGHT="80"
                    WC="0.9848985373973846"></String>
          </TextLine>

          
          
          <TextLine ID="eSc_line_73ca9ab9"
                    TAGREFS="LT4837"
                    BASELINE="516 1121 1031 1129" 
                    HPOS="515"
                    VPOS="1082"
                    WIDTH="516"
                    HEIGHT="72">
            <Shape><Polygon POINTS="516 1121 515 1145 539 1147 540 1147 542 1147 543 1145 569 1134 622 1134 643 1145 645 1147 646 1147 647 1147 649 1147 650 1147 650 1145 665 1137 737 1137 759 1145 772 1151 773 1151 774 1151 820 1145 873 1139 880 1145 886 1151 886 1152 887 1152 889 1152 960 1154 961 1154 963 1154 986 1145 998 1141 1003 1145 1007 1149 1008 1149 1010 1149 1011 1149 1030 1145 1031 1129 1028 1088 1001 1099 959 1088 951 1087 950 1087 949 1087 937 1088 891 1098 840 1089 837 1089 836 1089 834 1089 806 1097 789 1089 784 1088 783 1088 782 1088 752 1089 696 1094 680 1091 646 1082 645 1082 516 1091 516 1121"/></Shape>
	    <String CONTENT="را در مرتبه ع تفاوت است و مرتب"
                    HPOS="515"
                    VPOS="1082"
                    WIDTH="516"
                    HEIGHT="72"
                    WC="0.8715554972489675"></String>
          </TextLine>

          
          
          <TextLine ID="eSc_line_0cea69fd"
                    TAGREFS="LT4837"
                    BASELINE="169 1104 289 1105" 
                    HPOS="168"
                    VPOS="1068"
                    WIDTH="121"
                    HEIGHT="54">
            <Shape><Polygon POINTS="169 1104 168 1111 219 1122 221 1122 288 1117 289 1105 286 1068 211 1078 206 1074 201 1070 201 1068 199 1068 198 1068 196 1068 195 1068 169 1077 169 1104"/></Shape>
	    <String CONTENT="نوييد"
                    HPOS="168"
                    VPOS="1068"
                    WIDTH="121"
                    HEIGHT="54"
                    WC="0.7672124683856965"></String>
          </TextLine>

          
          
          <TextLine ID="eSc_line_2c69ebb3"
                    TAGREFS="LT4837"
                    BASELINE="666 1204 1037 1206" 
                    HPOS="665"
                    VPOS="1165"
                    WIDTH="372"
                    HEIGHT="77">
            <Shape><Polygon POINTS="666 1204 665 1231 680 1236 682 1236 683 1236 685 1236 686 1236 686 1235 692 1231 704 1218 774 1218 783 1226 796 1238 796 1239 797 1239 799 1239 800 1241 832 1241 832 1239 833 1239 877 1224 881 1222 883 1224 900 1239 900 1241 901 1241 903 1241 904 1242 959 1242 959 1241 960 1241 961 1241 961 1239 981 1221 983 1219 1036 1219 1037 1206 1034 1167 1008 1177 950 1169 949 1169 947 1169 914 1179 894 1171 884 1167 883 1167 881 1167 856 1172 826 1178 819 1172 812 1167 812 1165 810 1165 809 1165 807 1165 806 1165 804 1165 793 1174 784 1179 763 1179 749 1175 713 1165 712 1165 710 1165 709 1165 707 1165 693 1177 690 1178 666 1178 666 1204"/></Shape>
	    <String CONTENT="که دلايل احکام از و ظاهر"
                    HPOS="665"
                    VPOS="1165"
                    WIDTH="372"
                    HEIGHT="77"
                    WC="0.9221893871823946"></String>
          </TextLine>

          
          
          <TextLine ID="eSc_line_7fde7390"
                    TAGREFS="LT4837"
                    BASELINE="162 1181 325 1184" 
                    HPOS="161"
                    VPOS="1135"
                    WIDTH="164"
                    HEIGHT="67">
            <Shape><Polygon POINTS="162 1181 161 1185 194 1186 196 1189 212 1201 214 1201 215 1201 216 1201 218 1201 244 1194 258 1189 275 1189 282 1196 288 1201 288 1202 289 1202 291 1202 292 1202 323 1199 325 1184 325 1145 268 1135 266 1135 265 1135 238 1148 231 1151 221 1148 196 1141 195 1141 194 1141 192 1141 162 1149 162 1181"/></Shape>
	    <String CONTENT="گويد"
                    HPOS="161"
                    VPOS="1135"
                    WIDTH="164"
                    HEIGHT="67"
                    WC="0.984019324183464"></String>
          </TextLine>

          
          
          <TextLine ID="eSc_line_67bb104f"
                    TAGREFS="LT4837"
                    BASELINE="635 1275 1027 1279" 
                    HPOS="633"
                    VPOS="1235"
                    WIDTH="394"
                    HEIGHT="66">
            <Shape><Polygon POINTS="635 1275 633 1295 759 1288 769 1295 770 1295 772 1295 773 1295 774 1295 777 1295 796 1289 802 1293 809 1299 810 1299 812 1299 813 1299 866 1292 886 1291 896 1292 924 1298 926 1298 927 1298 929 1298 939 1292 940 1291 943 1291 977 1301 978 1301 980 1301 1026 1289 1027 1279 1026 1241 980 1248 961 1239 960 1239 959 1239 957 1239 930 1251 903 1239 901 1239 900 1239 899 1239 897 1239 884 1251 806 1251 797 1242 796 1242 794 1242 793 1242 792 1242 766 1249 753 1238 752 1238 750 1238 749 1238 693 1248 685 1241 685 1239 683 1239 682 1239 635 1235 635 1275"/></Shape>
	    <String CONTENT="واو با دون است انر ا نام"
                    HPOS="633"
                    VPOS="1235"
                    WIDTH="394"
                    HEIGHT="66"
                    WC="0.8727500749131044"></String>
          </TextLine>

          
          
          <TextLine ID="eSc_line_9a79b517"
                    TAGREFS="LT4837"
                    BASELINE="149 1254 426 1258" 
                    HPOS="148"
                    VPOS="1206"
                    WIDTH="278"
                    HEIGHT="66">
            <Shape><Polygon POINTS="149 1254 148 1265 182 1269 184 1269 185 1269 196 1265 209 1261 225 1265 245 1271 246 1271 248 1271 249 1271 251 1271 258 1265 264 1262 332 1262 346 1265 383 1272 385 1272 425 1264 426 1258 426 1225 408 1218 406 1218 405 1218 356 1221 315 1224 303 1216 301 1215 299 1215 298 1215 296 1215 288 1216 246 1224 231 1212 224 1206 222 1206 221 1206 149 1206 149 1254"/></Shape>
	    <String CONTENT="در حتن مقابله"
                    HPOS="148"
                    VPOS="1206"
                    WIDTH="278"
                    HEIGHT="66"
                    WC="0.980049348794497"></String>
          </TextLine>

          
          
          <TextLine ID="eSc_line_94557c08"
                    TAGREFS="LT4837"
                    BASELINE="145 1328 365 1332 622 1345 1028 1346" 
                    HPOS="144"
                    VPOS="1286"
                    WIDTH="884"
                    HEIGHT="86">
            <Shape><Polygon POINTS="145 1328 144 1341 212 1352 214 1352 262 1345 269 1343 272 1345 295 1362 296 1362 298 1362 299 1362 301 1362 302 1362 302 1361 319 1346 319 1345 359 1345 362 1348 369 1355 369 1356 371 1356 372 1356 373 1356 375 1356 396 1348 402 1346 403 1348 415 1359 415 1361 416 1361 418 1361 419 1361 420 1361 429 1356 446 1365 448 1365 449 1365 513 1356 550 1366 552 1366 553 1366 555 1366 556 1366 556 1365 570 1353 573 1349 582 1353 615 1368 616 1368 617 1369 670 1369 670 1368 672 1368 673 1368 673 1366 685 1356 686 1355 689 1356 730 1369 732 1369 780 1371 782 1371 783 1371 809 1359 812 1358 814 1359 827 1371 829 1371 830 1371 863 1372 864 1372 866 1372 883 1363 961 1366 963 1366 964 1366 966 1366 969 1363 981 1356 1026 1365 1028 1346 1028 1315 961 1308 960 1308 959 1308 944 1313 940 1315 937 1313 919 1301 917 1301 916 1301 914 1301 913 1301 911 1301 911 1302 899 1312 897 1315 859 1315 853 1312 827 1298 826 1298 824 1298 823 1298 780 1311 774 1312 769 1311 736 1299 734 1299 733 1299 700 1306 689 1295 689 1293 687 1293 686 1293 685 1293 683 1293 645 1309 642 1311 620 1311 617 1308 596 1295 595 1295 593 1295 592 1295 590 1295 546 1308 545 1308 543 1308 526 1292 526 1291 525 1291 523 1291 522 1291 520 1291 495 1302 480 1296 479 1296 478 1296 476 1296 475 1296 475 1298 465 1305 443 1289 442 1289 440 1289 359 1288 338 1288 336 1288 335 1288 333 1288 333 1289 319 1301 308 1293 306 1293 305 1293 303 1293 302 1293 301 1293 301 1295 291 1303 276 1303 269 1303 254 1288 254 1286 252 1286 251 1286 249 1286 248 1286 209 1302 145 1302 145 1328"/></Shape>
	    <String CONTENT="و معارضه با مخالفانا از قبل امام دليل و حجت گويد مر"
                    HPOS="144"
                    VPOS="1286"
                    WIDTH="884"
                    HEIGHT="86"
                    WC="0.9216156987582936"></String>
          </TextLine>

          
          
          <TextLine ID="eSc_line_c4f7785f"
                    TAGREFS="LT4837"
                    BASELINE="141 1410 1024 1419" 
                    HPOS="139"
                    VPOS="1355"
                    WIDTH="885"
                    HEIGHT="87">
            <Shape><Polygon POINTS="141 1410 139 1419 161 1433 162 1433 164 1433 165 1433 166 1433 216 1419 433 1419 470 1429 472 1429 473 1429 475 1429 489 1422 520 1425 530 1435 530 1436 532 1436 533 1436 535 1436 619 1423 662 1438 663 1438 665 1438 666 1438 700 1428 709 1436 710 1436 712 1436 713 1436 766 1430 774 1438 774 1439 776 1439 777 1439 779 1439 780 1439 809 1432 816 1438 816 1439 817 1439 819 1439 820 1440 896 1440 896 1439 897 1439 914 1432 931 1440 933 1440 934 1442 993 1442 993 1440 994 1440 1023 1425 1024 1419 1024 1383 857 1383 856 1382 836 1366 834 1366 833 1366 832 1366 830 1366 829 1366 806 1382 800 1386 730 1386 724 1382 720 1378 719 1378 717 1378 716 1378 690 1382 679 1383 675 1382 622 1359 620 1359 466 1358 465 1358 463 1358 450 1365 436 1356 435 1356 433 1356 341 1356 339 1356 338 1356 336 1356 305 1379 244 1361 242 1361 216 1358 215 1358 214 1358 212 1358 205 1365 194 1356 194 1355 192 1355 191 1355 189 1355 188 1355 141 1378 141 1410"/></Shape>
	    <String CONTENT="سوم ز اداعی گويند واو شخصی است که از حجت دلايل"
                    HPOS="139"
                    VPOS="1355"
                    WIDTH="885"
                    HEIGHT="87"
                    WC="0.9000826192938763"></String>
          </TextLine>

          
          
          <TextLine ID="eSc_line_65c70c14"
                    TAGREFS="LT4837"
                    BASELINE="129 1478 774 1498 1018 1498" 
                    HPOS="128"
                    VPOS="1425"
                    WIDTH="890"
                    HEIGHT="101">
            <Shape><Polygon POINTS="129 1478 128 1489 191 1503 192 1503 194 1503 218 1492 219 1492 305 1493 306 1495 331 1509 332 1509 333 1509 335 1509 382 1502 393 1510 395 1510 396 1510 460 1512 462 1512 463 1512 490 1499 499 1507 499 1509 500 1509 502 1509 503 1509 505 1509 506 1509 515 1502 542 1515 543 1515 545 1516 592 1516 592 1515 593 1515 626 1503 650 1510 652 1510 653 1510 655 1510 676 1505 687 1515 687 1516 689 1516 690 1516 692 1516 794 1507 809 1520 809 1522 810 1522 812 1522 813 1522 814 1522 843 1513 876 1523 877 1523 966 1526 967 1526 969 1526 1017 1512 1018 1498 1018 1462 993 1456 991 1456 990 1456 988 1456 984 1460 980 1463 967 1460 906 1446 904 1446 903 1446 901 1446 883 1459 879 1460 830 1460 826 1458 806 1442 804 1442 803 1442 802 1442 743 1453 730 1445 729 1445 727 1445 726 1445 702 1449 692 1440 692 1439 690 1439 689 1439 645 1438 643 1438 642 1438 600 1452 596 1453 592 1452 573 1443 572 1443 570 1443 569 1443 549 1450 548 1452 546 1450 535 1439 535 1438 533 1438 532 1438 530 1438 529 1438 528 1438 508 1450 505 1450 472 1450 472 1449 460 1439 460 1438 459 1438 458 1438 456 1438 455 1438 453 1438 440 1448 425 1436 423 1436 422 1436 420 1436 338 1446 336 1446 335 1446 316 1429 315 1429 313 1429 312 1429 311 1429 289 1440 272 1432 271 1432 269 1432 268 1432 266 1432 252 1445 236 1445 231 1445 231 1443 216 1429 216 1428 215 1428 214 1428 171 1425 169 1425 168 1425 129 1439 129 1478"/></Shape>
	    <String CONTENT="علوم عميردو به مازون اگبر ميرساند چهارهم را ما زون اگبر"
                    HPOS="128"
                    VPOS="1425"
                    WIDTH="890"
                    HEIGHT="101"
                    WC="0.904908191615885"></String>
          </TextLine>

          
          
          <TextLine ID="eSc_line_e529bffa"
                    TAGREFS="LT4837"
                    BASELINE="135 1556 720 1573 1020 1569" 
                    HPOS="134"
                    VPOS="1503"
                    WIDTH="886"
                    HEIGHT="129">
            <Shape><Polygon POINTS="990 1563 976 1566 961 1569 947 1569 941 1539 876 1529 874 1529 844 1535 810 1513 809 1513 807 1513 806 1513 804 1513 803 1513 772 1535 767 1536 686 1536 680 1532 653 1510 652 1510 650 1510 649 1510 599 1516 565 1509 563 1509 562 1509 546 1516 535 1509 533 1509 532 1509 530 1509 529 1509 505 1522 480 1507 479 1507 478 1507 408 1506 406 1506 405 1506 386 1516 378 1507 376 1507 375 1507 373 1507 372 1507 346 1517 315 1505 313 1505 249 1503 248 1503 246 1503 245 1503 222 1517 216 1520 135 1516 135 1556 134 1586 214 1587 216 1590 248 1616 249 1616 251 1616 312 1619 313 1619 408 1616 409 1616 443 1599 456 1593 540 1597 553 1603 569 1610 570 1610 572 1610 573 1610 575 1610 575 1609 580 1605 590 1596 663 1596 677 1609 697 1626 699 1626 700 1626 702 1626 806 1622 849 1629 850 1629 921 1620 961 1632 963 1632 964 1632 966 1632 987 1622 993 1619 1017 1622 1020 1569 998 1560 990 1563"/></Shape>
	    <String CONTENT="و او شخصی است که دلايل مخلوم از واعی يردو "
                    HPOS="134"
                    VPOS="1503"
                    WIDTH="886"
                    HEIGHT="129"
                    WC="0.8911265063853491"></String>
          </TextLine>

          
        </TextBlock>
        
        <TextBlock HPOS="548"
                   VPOS="34"
                   WIDTH="128"
                   HEIGHT="84"
                   ID="eSc_textblock_e2a11fa9"
                   TAGREFS="BT16093">
          <Shape><Polygon POINTS="609 34 676 51 676 89 642 118 586 118 548 84 563 45 609 34"/></Shape>
          
          
          <TextLine ID="eSc_line_214cd2eb"
                    TAGREFS="LT4837"
                    BASELINE="589 78 647 75" 
                    HPOS="586"
                    VPOS="44"
                    WIDTH="61"
                    HEIGHT="70">
            <Shape><Polygon POINTS="589 78 589 112 647 114 647 75 643 44 586 44 589 78"/></Shape>
	    <String CONTENT=""
                    HPOS="586"
                    VPOS="44"
                    WIDTH="61"
                    HEIGHT="70"></String>
          </TextLine>

          
        </TextBlock>
        
        <TextBlock HPOS="0"
                   VPOS="1654"
                   WIDTH="198"
                   HEIGHT="50"
                   ID="eSc_textblock_7a2e1ae5"
                   TAGREFS="BT16085">
          <Shape><Polygon POINTS="81 1654 135 1654 198 1670 118 1704 0 1687 0 1666 81 1654"/></Shape>
          
        </TextBlock>
        
        <TextBlock HPOS="274"
                   VPOS="1632"
                   WIDTH="840"
                   HEIGHT="78"
                   ID="eSc_textblock_9037e51b"
                   TAGREFS="BT16085">
          <Shape><Polygon POINTS="976 1632 1114 1643 1114 1710 682 1670 274 1670 976 1632"/></Shape>
          
        </TextBlock>
        
        <TextBlock HPOS="986"
                   VPOS="1575"
                   WIDTH="21"
                   HEIGHT="10"
                   ID="eSc_textblock_af34896f"
                   TAGREFS="BT16094">
          <Shape><Polygon POINTS="986 1575 1007 1575 1007 1585 991 1585 986 1575"/></Shape>
          
        </TextBlock>
        

        
      </PrintSpace>
    </Page>
  </Layout>
</alto>
