<?xml version="1.0" encoding="UTF-8"?>
<alto xmlns:xsi="http://www.w3.org/2001/XMLSchema-instance"
      xmlns="http://www.loc.gov/standards/alto/ns-v4#"
      xsi:schemaLocation="http://www.loc.gov/standards/alto/ns-v4# http://www.loc.gov/standards/alto/v4/alto-4-2.xsd">
  <Description>
    <MeasurementUnit>pixel</MeasurementUnit>
    <sourceImageInformation>
      <fileName>Rasail123.jpg</fileName>
      
    </sourceImageInformation>
  </Description>
  
  <Tags>
    <OtherTag ID="BT16094" LABEL="default" DESCRIPTION="block type default"/><OtherTag ID="BT16093" LABEL="NumberingZone:page" DESCRIPTION="block type NumberingZone:page"/><OtherTag ID="BT16092" LABEL="MarginTextZone:note" DESCRIPTION="block type MarginTextZone:note"/><OtherTag ID="BT16091" LABEL="TitlePageZone" DESCRIPTION="block type TitlePageZone"/><OtherTag ID="BT16090" LABEL="QuireMarksZone:catchwords" DESCRIPTION="block type QuireMarksZone:catchwords"/><OtherTag ID="BT16089" LABEL="NumberingZone:other" DESCRIPTION="block type NumberingZone:other"/><OtherTag ID="BT16088" LABEL="NumberingZone" DESCRIPTION="block type NumberingZone"/><OtherTag ID="BT16087" LABEL="MarginTextZone" DESCRIPTION="block type MarginTextZone"/><OtherTag ID="BT16086" LABEL="MainZone" DESCRIPTION="block type MainZone"/><OtherTag ID="BT16085" LABEL="DigitizationArtefactZone" DESCRIPTION="block type DigitizationArtefactZone"/><OtherTag ID="BT2" LABEL="Main" DESCRIPTION="block type Main"/><OtherTag ID="BT1" LABEL="Title" DESCRIPTION="block type Title"/>
    <OtherTag ID="LT4837" LABEL="DefaultLine" DESCRIPTION="line type DefaultLine"/><OtherTag ID="LT4838" LABEL="default" DESCRIPTION="line type default"/><OtherTag ID="LT4839" LABEL="HeadingLine:title" DESCRIPTION="line type HeadingLine:title"/>
  </Tags>
  
  <Layout>
    <Page WIDTH="1204"
          HEIGHT="1678"
          PHYSICAL_IMG_NR="151"
          ID="eSc_dummypage_">
      <PrintSpace HPOS="0"
                  VPOS="0"
                  WIDTH="1204"
                  HEIGHT="1678">
        
        <TextBlock HPOS="50"
                   VPOS="145"
                   WIDTH="969"
                   HEIGHT="1453"
                   ID="eSc_textblock_10b38192"
                   TAGREFS="BT16086">
          <Shape><Polygon POINTS="95 145 1002 151 1019 887 974 1320 980 1525 952 1559 517 1598 139 1592 100 1570 106 1465 123 1464 139 1387 67 1268 50 1078 72 229 95 145"/></Shape>
          
          
          <TextLine ID="eSc_line_bf3fc7f6"
                    TAGREFS="LT4837"
                    BASELINE="89 208 987 202" 
                    HPOS="88"
                    VPOS="151"
                    WIDTH="899"
                    HEIGHT="85">
            <Shape><Polygon POINTS="88 165 89 208 89 220 114 234 116 234 117 236 166 236 166 234 167 234 169 234 188 220 215 227 216 227 218 227 251 220 265 233 265 234 267 234 268 234 269 236 289 236 289 234 290 234 318 220 323 219 327 220 349 233 350 233 352 233 476 232 478 232 496 222 503 219 525 223 555 227 556 227 557 227 559 227 559 226 563 223 570 218 654 218 669 225 678 227 679 227 681 227 704 225 750 218 773 225 784 229 785 229 787 229 788 229 798 225 819 216 843 226 857 230 858 230 860 232 901 232 901 230 903 230 904 230 910 226 922 218 985 226 987 202 981 153 949 166 922 153 914 151 913 151 911 151 872 155 755 167 718 156 717 156 715 156 714 156 713 156 711 156 697 162 692 156 686 152 685 152 683 152 682 152 681 152 679 152 679 153 675 158 669 162 664 158 658 152 657 152 655 152 594 152 592 152 591 152 571 159 557 163 548 159 542 156 541 156 539 156 538 156 536 156 536 158 534 159 524 170 430 170 422 160 415 155 415 153 413 153 412 153 355 153 353 153 352 153 332 162 310 171 211 171 192 163 172 155 170 155 106 155 104 155 103 155 89 162 88 165"/></Shape>
	    <String CONTENT="يايد زيرا كه سينه مومن خاند خداست هر که کننه در دل شته"
                    HPOS="88"
                    VPOS="151"
                    WIDTH="899"
                    HEIGHT="85"
                    WC="0.8936959620979097"></String>
          </TextLine>

          
          
          <TextLine ID="eSc_line_5685b10d"
                    TAGREFS="LT4837"
                    BASELINE="96 292 423 292 985 278" 
                    HPOS="95"
                    VPOS="230"
                    WIDTH="890"
                    HEIGHT="91">
            <Shape><Polygon POINTS="96 292 96 304 121 316 123 316 124 316 125 316 160 306 177 314 178 314 180 314 222 307 241 321 243 321 244 321 246 321 295 310 337 310 348 318 349 318 350 318 352 318 493 316 495 316 496 316 509 306 511 303 553 300 563 306 566 309 567 309 569 309 570 309 571 309 577 306 587 300 594 306 602 314 604 314 605 314 606 314 608 314 609 314 620 306 632 299 664 306 694 313 696 313 697 313 722 306 776 293 812 300 813 300 815 300 816 300 825 292 952 290 981 307 985 278 981 230 818 233 816 233 815 233 815 234 813 234 808 240 767 236 746 234 745 234 743 234 742 234 742 236 741 237 729 247 720 240 718 240 717 240 715 240 714 240 713 240 697 250 676 239 671 236 669 236 630 236 629 236 627 236 626 236 626 237 622 240 601 258 538 257 522 243 520 240 518 240 517 240 516 240 514 240 506 244 468 262 276 264 262 251 255 246 255 244 254 244 253 244 251 244 250 244 248 244 237 251 213 267 198 267 184 254 174 246 174 244 173 244 172 244 170 244 169 244 167 244 155 254 139 267 123 255 120 253 118 253 117 253 116 253 95 255 96 292"/></Shape>
	    <String CONTENT="شد خانه خدارا پليد کرده باشد چون خانه بليد شد"
                    HPOS="95"
                    VPOS="230"
                    WIDTH="890"
                    HEIGHT="91"
                    WC="0.925025573041704"></String>
          </TextLine>

          
          
          <TextLine ID="eSc_line_41934d14"
                    TAGREFS="LT4837"
                    BASELINE="90 362 402 363 829 350 988 353" 
                    HPOS="89"
                    VPOS="313"
                    WIDTH="899"
                    HEIGHT="82">
            <Shape><Polygon POINTS="90 362 90 378 118 394 120 394 121 394 123 394 124 394 137 383 156 395 158 395 159 395 160 395 162 395 204 377 226 394 227 394 229 394 230 394 374 392 482 387 483 387 511 371 562 390 563 390 564 390 602 388 604 388 605 388 623 371 644 377 646 377 647 377 648 377 650 377 661 369 662 369 664 369 721 374 722 374 861 366 865 366 896 383 897 383 899 383 900 383 901 383 921 366 939 373 941 373 942 373 988 363 988 353 987 321 953 314 952 314 950 314 934 321 910 331 879 331 840 321 834 320 833 320 832 320 829 321 806 331 784 321 773 316 771 316 770 316 769 316 755 321 724 332 711 321 703 314 703 313 701 313 700 313 676 313 675 313 674 313 672 313 662 321 644 332 630 321 623 316 623 314 622 314 620 314 587 314 585 314 584 314 583 314 576 321 559 335 507 321 503 320 502 320 500 320 499 320 497 321 464 338 369 338 357 330 356 330 355 330 353 330 304 338 282 323 281 323 279 323 278 323 276 323 246 331 209 321 206 320 205 320 204 320 202 320 201 320 201 321 173 338 151 321 149 321 148 321 89 321 90 362"/></Shape>
	    <String CONTENT="صاحب خانه درآن خانه نيايد و اواز ايمان بی نصيب"
                    HPOS="89"
                    VPOS="313"
                    WIDTH="899"
                    HEIGHT="82"
                    WC="0.917788620324845"></String>
          </TextLine>

          
          
          <TextLine ID="eSc_line_7ba8b0b9"
                    TAGREFS="LT4837"
                    BASELINE="658 429 980 423" 
                    HPOS="655"
                    VPOS="384"
                    WIDTH="325"
                    HEIGHT="60">
            <Shape><Polygon POINTS="658 429 658 439 714 444 715 444 753 440 795 434 804 440 808 443 809 443 811 443 812 443 813 443 815 443 818 440 825 433 865 433 978 440 980 423 976 384 943 385 942 385 941 385 941 387 931 395 908 387 907 387 906 387 904 387 883 397 836 391 834 391 833 391 815 398 806 391 805 391 804 391 802 391 714 399 699 390 697 390 696 390 655 390 658 429"/></Shape>
	    <String CONTENT="وازتعصب دورب"
                    HPOS="655"
                    VPOS="384"
                    WIDTH="325"
                    HEIGHT="60"
                    WC="0.9337074309587479"></String>
          </TextLine>

          
          
          <TextLine ID="eSc_line_e39b8da5"
                    TAGREFS="LT4837"
                    BASELINE="405 524 981 506" 
                    HPOS="404"
                    VPOS="450"
                    WIDTH="577"
                    HEIGHT="98">
            <Shape><Polygon POINTS="405 524 405 548 493 548 510 545 583 528 636 528 658 538 661 538 662 538 664 538 665 538 668 536 692 527 710 535 721 539 722 539 724 539 725 539 739 534 759 524 774 531 776 531 777 531 778 531 820 522 832 528 844 536 846 536 847 536 848 536 850 536 865 529 889 535 890 535 892 535 893 535 918 524 924 522 928 524 955 532 956 532 957 532 959 532 981 521 981 506 980 468 943 451 942 451 941 451 939 451 927 457 892 450 890 450 889 450 843 465 811 453 809 453 808 453 762 454 760 454 759 454 748 462 699 457 697 457 696 457 694 457 664 476 658 479 633 476 613 475 612 475 567 478 493 485 488 481 476 471 475 471 474 471 472 471 471 471 444 482 433 486 404 483 405 524"/></Shape>
	    <String CONTENT="ين بيغمير و عترتش نکنيد و دروغ م"
                    HPOS="404"
                    VPOS="450"
                    WIDTH="577"
                    HEIGHT="98"
                    WC="0.9215437360107899"></String>
          </TextLine>

          
          
          <TextLine ID="eSc_line_b7942813"
                    TAGREFS="LT4837"
                    BASELINE="75 446 527 441" 
                    HPOS="74"
                    VPOS="394"
                    WIDTH="453"
                    HEIGHT="84">
            <Shape><Polygon POINTS="75 446 75 464 233 476 234 476 236 476 271 467 282 464 285 467 297 478 299 478 300 478 302 478 303 478 325 468 334 464 344 468 369 478 370 478 371 478 527 469 527 441 524 406 465 394 464 394 462 394 461 394 437 408 427 415 297 415 292 412 264 395 262 395 261 395 260 395 258 395 209 415 208 415 176 397 174 397 142 397 141 397 139 397 138 397 123 408 96 397 95 397 93 397 92 397 90 397 90 398 74 412 75 446"/></Shape>
	    <String CONTENT="با دشمنان دسن بيغبر و برد شن"
                    HPOS="74"
                    VPOS="394"
                    WIDTH="453"
                    HEIGHT="84"
                    WC="0.7804743589035102"></String>
          </TextLine>

          
          
          <TextLine ID="eSc_line_f8ffcaf2"
                    TAGREFS="LT4837"
                    BASELINE="74 595 454 599 732 580 981 574" 
                    HPOS="72"
                    VPOS="531"
                    WIDTH="909"
                    HEIGHT="98">
            <Shape><Polygon POINTS="74 595 74 605 86 605 88 605 111 626 113 626 114 626 146 629 148 629 149 629 183 611 250 605 297 627 299 627 300 627 485 623 486 623 538 608 550 616 552 616 553 616 555 616 594 613 595 613 597 613 618 598 674 608 675 608 676 608 711 595 722 605 724 605 725 605 727 605 728 605 753 592 755 591 840 591 841 591 864 611 864 612 865 612 866 612 868 612 869 612 871 612 900 592 913 602 914 602 915 602 917 602 980 588 981 574 977 531 918 532 917 532 914 534 886 545 829 536 811 535 809 535 808 535 806 535 806 536 804 538 788 552 773 539 767 535 766 535 764 535 763 535 762 535 746 541 728 548 711 542 693 536 692 536 690 536 689 536 667 545 655 548 643 545 612 539 611 539 609 539 608 539 597 548 574 562 513 556 511 556 370 566 302 566 292 562 257 548 255 548 254 548 253 548 236 556 225 552 223 552 222 552 220 552 219 552 202 566 201 566 176 546 174 546 173 546 172 546 100 556 99 556 72 570 74 595"/></Shape>
	    <String CONTENT="خلق كرم واحسان پيشه خود سازيد كه سر پهمه طاحتها اين سه"
                    HPOS="72"
                    VPOS="531"
                    WIDTH="909"
                    HEIGHT="98"
                    WC="0.8891025914086236"></String>
          </TextLine>

          
          
          <TextLine ID="eSc_line_b7b0d88c"
                    TAGREFS="LT4837"
                    BASELINE="75 513 267 518" 
                    HPOS="74"
                    VPOS="465"
                    WIDTH="193"
                    HEIGHT="76">
            <Shape><Polygon POINTS="75 513 74 525 86 538 86 539 88 539 89 539 90 539 92 539 117 534 160 541 162 541 163 541 165 541 185 528 187 527 190 528 218 538 219 538 220 538 222 538 223 538 234 529 237 528 264 531 267 518 265 485 230 485 229 483 213 469 213 468 212 468 211 468 209 468 208 468 206 468 199 475 191 468 190 468 188 468 187 468 139 474 127 465 125 465 124 465 123 465 121 465 120 465 96 481 95 481 75 481 75 513"/></Shape>
	    <String CONTENT="تواضع باشيد"
                    HPOS="74"
                    VPOS="465"
                    WIDTH="193"
                    HEIGHT="76"
                    WC="0.9669854911890897"></String>
          </TextLine>

          
          
          <TextLine ID="eSc_line_e86c5701"
                    TAGREFS="LT4837"
                    BASELINE="682 646 984 641" 
                    HPOS="681"
                    VPOS="598"
                    WIDTH="303"
                    HEIGHT="64">
            <Shape><Polygon POINTS="682 646 682 662 728 654 757 660 773 662 774 662 797 658 826 653 848 657 879 661 880 661 984 650 984 641 978 598 941 608 878 601 861 599 860 599 858 599 857 599 854 602 843 609 801 604 798 604 797 604 795 604 771 611 757 605 752 602 750 602 749 602 748 602 738 605 724 611 718 606 714 602 714 601 713 601 711 601 710 601 681 606 682 646"/></Shape>
	    <String CONTENT="خصلت استوغ"
                    HPOS="681"
                    VPOS="598"
                    WIDTH="303"
                    HEIGHT="64"
                    WC="0.9495643138885498"></String>
          </TextLine>

          
          
          <TextLine ID="eSc_line_c5c9cb27"
                    TAGREFS="LT4837"
                    BASELINE="676 720 981 715" 
                    HPOS="675"
                    VPOS="667"
                    WIDTH="306"
                    HEIGHT="71">
            <Shape><Polygon POINTS="676 720 676 738 699 738 699 736 700 736 701 736 701 735 711 727 770 727 785 732 792 735 794 735 795 735 797 735 808 732 825 727 829 731 833 735 834 735 836 735 837 736 869 736 869 735 900 728 918 724 980 724 981 715 978 679 907 669 906 669 904 669 903 669 892 679 865 672 864 672 862 672 861 672 829 680 827 680 812 667 811 667 809 667 777 667 776 667 774 667 741 676 717 668 715 668 714 668 713 668 711 668 711 669 697 682 697 683 675 683 676 720"/></Shape>
	    <String CONTENT="در صلاح آن کعشي"
                    HPOS="675"
                    VPOS="667"
                    WIDTH="306"
                    HEIGHT="71"
                    WC="0.8793797194957733"></String>
          </TextLine>

          
          
          <TextLine ID="eSc_line_fece5d30"
                    TAGREFS="LT4837"
                    BASELINE="67 671 295 673" 
                    HPOS="67"
                    VPOS="625"
                    WIDTH="228"
                    HEIGHT="69">
            <Shape><Polygon POINTS="67 671 67 690 85 685 102 689 114 693 116 693 117 693 118 693 120 693 125 689 135 682 155 687 162 689 163 689 165 689 166 689 167 689 170 687 178 682 201 686 251 694 253 694 254 694 293 682 295 673 293 647 254 646 230 626 229 626 227 626 190 626 188 626 187 626 185 626 172 636 159 625 158 625 156 625 155 625 153 625 130 637 113 632 111 632 110 632 109 632 67 643 67 671"/></Shape>
	    <String CONTENT="مهباشد و همه"
                    HPOS="67"
                    VPOS="625"
                    WIDTH="228"
                    HEIGHT="69"
                    WC="0.9650760094324747"></String>
          </TextLine>

          
          
          <TextLine ID="eSc_line_215dec77"
                    TAGREFS="LT4837"
                    BASELINE="665 795 984 788" 
                    HPOS="664"
                    VPOS="731"
                    WIDTH="320"
                    HEIGHT="82">
            <Shape><Polygon POINTS="665 795 668 813 689 801 753 808 778 811 780 811 781 811 783 811 788 806 798 798 858 798 862 801 865 804 865 805 866 805 868 805 869 805 871 805 882 801 890 797 896 799 915 808 917 808 918 808 920 808 921 808 921 806 932 798 957 805 959 805 960 805 962 805 984 794 984 788 981 735 929 731 928 731 927 731 925 731 925 732 920 738 911 746 855 741 812 736 811 736 809 736 792 743 778 749 762 745 725 736 724 736 664 749 665 795"/></Shape>
	    <String CONTENT="زندگی و زندگانی توانر"
                    HPOS="664"
                    VPOS="731"
                    WIDTH="320"
                    HEIGHT="82"
                    WC="0.9234995785213652"></String>
          </TextLine>

          
          
          <TextLine ID="eSc_line_64ecb417"
                    TAGREFS="LT4837"
                    BASELINE="79 746 353 750" 
                    HPOS="78"
                    VPOS="689"
                    WIDTH="275"
                    HEIGHT="84">
            <Shape><Polygon POINTS="79 746 78 756 104 770 106 770 107 770 109 770 135 759 138 757 155 757 159 760 173 771 174 771 176 771 177 773 202 773 202 771 204 771 205 771 205 770 213 763 219 759 239 764 257 769 258 769 260 769 261 769 268 766 279 760 288 767 295 773 296 773 297 773 299 773 352 770 353 750 353 721 276 721 254 710 226 697 225 697 223 697 191 703 183 704 176 701 146 689 145 689 144 689 79 690 79 746"/></Shape>
	    <String CONTENT="جود سازيد تا آسان"
                    HPOS="78"
                    VPOS="689"
                    WIDTH="275"
                    HEIGHT="84"
                    WC="0.926768057876163"></String>
          </TextLine>

          
          
          <TextLine ID="eSc_line_7edf95cd"
                    TAGREFS="LT4837"
                    BASELINE="696 866 978 861" 
                    HPOS="694"
                    VPOS="806"
                    WIDTH="284"
                    HEIGHT="74">
            <Shape><Polygon POINTS="696 866 696 878 757 873 773 875 806 880 808 880 809 880 829 873 834 872 840 873 866 879 868 879 869 879 871 879 882 872 883 871 893 871 960 878 962 878 963 878 964 878 978 869 978 861 974 827 952 827 950 827 899 806 897 806 841 806 840 806 839 806 837 806 827 813 816 808 815 808 813 808 812 808 811 808 777 830 776 832 694 832 696 866"/></Shape>
	    <String CONTENT="روی تگروا نيد و در"
                    HPOS="694"
                    VPOS="806"
                    WIDTH="284"
                    HEIGHT="74"
                    WC="0.8644182483355204"></String>
          </TextLine>

          
          
          <TextLine ID="eSc_line_f2e8eff7"
                    TAGREFS="LT4837"
                    BASELINE="96 825 335 829" 
                    HPOS="95"
                    VPOS="776"
                    WIDTH="240"
                    HEIGHT="76">
            <Shape><Polygon POINTS="96 825 95 833 113 847 114 847 116 847 117 847 118 847 120 847 144 833 166 833 190 850 191 850 192 850 194 850 195 850 226 834 253 834 269 850 269 851 271 851 272 851 274 852 311 852 311 851 313 851 314 851 334 834 335 829 334 787 295 792 272 787 236 777 234 777 233 777 232 777 230 777 215 788 212 790 178 791 176 788 163 777 163 776 162 776 160 776 127 776 125 776 124 776 96 788 96 825"/></Shape>
	    <String CONTENT="نم امامم زمان"
                    HPOS="95"
                    VPOS="776"
                    WIDTH="240"
                    HEIGHT="76"
                    WC="0.8156086802482605"></String>
          </TextLine>

          
          
          <TextLine ID="eSc_line_22f9154f"
                    TAGREFS="LT4837"
                    BASELINE="625 941 854 931 992 932" 
                    HPOS="623"
                    VPOS="885"
                    WIDTH="369"
                    HEIGHT="67">
            <Shape><Polygon POINTS="625 941 625 952 862 952 862 950 864 950 865 950 865 949 866 949 872 942 873 941 889 942 946 948 948 948 991 938 992 932 987 890 983 894 977 890 969 885 967 885 966 885 964 885 963 885 962 885 953 892 946 897 885 897 873 893 858 887 857 887 855 887 854 887 837 894 826 899 820 894 808 886 806 886 805 886 804 886 802 886 801 886 792 894 767 885 766 885 764 885 720 886 718 886 717 886 717 887 707 897 706 900 665 904 623 900 625 941"/></Shape>
	    <String CONTENT="است جان بری کنو"
                    HPOS="623"
                    VPOS="885"
                    WIDTH="369"
                    HEIGHT="67"
                    WC="0.9107403039932251"></String>
          </TextLine>

          
          
          <TextLine ID="eSc_line_9f9147b2"
                    TAGREFS="LT4837"
                    BASELINE="114 894 209 897" 
                    HPOS="113"
                    VPOS="843"
                    WIDTH="96"
                    HEIGHT="75">
            <Shape><Polygon POINTS="113 910 134 918 135 918 137 918 208 911 209 897 209 855 183 845 181 845 180 845 178 845 163 850 144 854 116 843 114 894 113 910"/></Shape>
	    <String CONTENT="و نيا عما"
                    HPOS="113"
                    VPOS="843"
                    WIDTH="96"
                    HEIGHT="75"
                    WC="0.7924086186620924"></String>
          </TextLine>

          
          
          <TextLine ID="eSc_line_53853be5"
                    TAGREFS="LT4837"
                    BASELINE="85 894 96 894" 
                    HPOS="85"
                    VPOS="830"
                    WIDTH="11"
                    HEIGHT="71">
            <Shape><Polygon POINTS="85 894 85 901 96 901 96 894 95 830 85 830 85 894"/></Shape>
	    <String CONTENT=""
                    HPOS="85"
                    VPOS="830"
                    WIDTH="11"
                    HEIGHT="71"></String>
          </TextLine>

          
          
          <TextLine ID="eSc_line_dc35efa5"
                    TAGREFS="LT4837"
                    BASELINE="682 1012 983 1006" 
                    HPOS="681"
                    VPOS="953"
                    WIDTH="302"
                    HEIGHT="78">
            <Shape><Polygon POINTS="682 1012 682 1031 734 1029 735 1029 757 1017 788 1017 801 1024 808 1030 809 1030 811 1030 812 1030 813 1030 834 1023 846 1019 850 1022 855 1027 855 1029 857 1029 858 1029 860 1030 860 1029 861 1029 862 1029 862 1027 869 1020 873 1016 880 1020 893 1026 894 1026 949 1027 950 1027 952 1027 953 1027 953 1026 964 1015 966 1015 983 1015 983 1006 978 953 901 964 887 960 872 955 871 955 869 955 834 960 833 960 832 960 832 962 827 964 820 974 757 974 752 971 721 959 720 959 718 959 717 959 681 974 682 1012"/></Shape>
	    <String CONTENT="اگر ميستوانی در ايام"
                    HPOS="681"
                    VPOS="953"
                    WIDTH="302"
                    HEIGHT="78"
                    WC="0.9431000649929047"></String>
          </TextLine>

          
          
          <TextLine ID="eSc_line_367b8b2e"
                    TAGREFS="LT4837"
                    BASELINE="74 974 383 976" 
                    HPOS="72"
                    VPOS="924"
                    WIDTH="311"
                    HEIGHT="80">
            <Shape><Polygon POINTS="74 974 72 984 116 987 151 1002 152 1002 153 1002 155 1002 156 1002 173 991 180 987 226 987 255 995 276 1002 278 1002 279 1004 381 1004 383 976 381 938 341 938 338 936 321 924 320 924 318 924 257 924 255 924 254 924 253 924 244 931 236 924 234 924 233 924 180 924 178 924 177 924 176 924 176 925 169 931 166 935 158 931 151 928 149 928 148 928 146 928 141 931 127 936 74 929 74 974"/></Shape>
	    <String CONTENT="برى كن عزيزس"
                    HPOS="72"
                    VPOS="924"
                    WIDTH="311"
                    HEIGHT="80"
                    WC="0.9183590163787206"></String>
          </TextLine>

          
          
          <TextLine ID="eSc_line_7746927a"
                    TAGREFS="LT4837"
                    BASELINE="613 1087 976 1082" 
                    HPOS="612"
                    VPOS="1029"
                    WIDTH="364"
                    HEIGHT="84">
            <Shape><Polygon POINTS="613 1087 616 1111 627 1104 675 1110 696 1113 697 1113 699 1113 704 1110 717 1103 724 1110 725 1111 727 1111 728 1111 729 1111 743 1110 792 1101 806 1108 809 1110 811 1110 812 1110 813 1110 815 1110 816 1108 829 1101 864 1108 876 1110 878 1110 879 1110 880 1110 880 1108 882 1107 889 1101 896 1107 896 1108 897 1108 899 1108 900 1108 915 1107 964 1101 971 1107 976 1082 973 1031 880 1029 879 1029 878 1029 876 1029 868 1036 857 1043 829 1037 790 1029 788 1029 787 1029 785 1029 785 1030 776 1038 773 1044 764 1040 746 1031 745 1031 743 1031 742 1031 741 1031 741 1033 731 1041 727 1045 701 1045 699 1043 688 1033 688 1031 686 1031 685 1031 662 1031 661 1031 660 1031 658 1031 658 1033 646 1044 644 1047 612 1047 613 1087"/></Shape>
	    <String CONTENT="فزييزى درين باب گويد"
                    HPOS="612"
                    VPOS="1029"
                    WIDTH="364"
                    HEIGHT="84"
                    WC="0.9332156211137772"></String>
          </TextLine>

          
          
          <TextLine ID="eSc_line_64a71399"
                    TAGREFS="LT4837"
                    BASELINE="72 1044 260 1045" 
                    HPOS="71"
                    VPOS="990"
                    WIDTH="189"
                    HEIGHT="88">
            <Shape><Polygon POINTS="72 1044 71 1069 88 1078 89 1078 90 1078 138 1076 139 1076 141 1076 141 1075 149 1068 216 1078 218 1078 219 1078 258 1066 260 1045 260 1008 201 990 199 990 198 990 162 991 160 991 159 991 159 992 145 1005 130 991 128 991 127 991 125 991 124 991 123 991 103 1006 102 1006 72 1006 72 1044"/></Shape>
	    <String CONTENT="ايع نگذرانيد"
                    HPOS="71"
                    VPOS="990"
                    WIDTH="189"
                    HEIGHT="88"
                    WC="0.8538431550065676"></String>
          </TextLine>

          
          
          <TextLine ID="eSc_line_26beb01b"
                    TAGREFS="LT4837"
                    BASELINE="616 1159 809 1152" 
                    HPOS="613"
                    VPOS="1108"
                    WIDTH="196"
                    HEIGHT="67">
            <Shape><Polygon POINTS="616 1159 616 1167 661 1175 662 1175 664 1175 685 1167 692 1164 694 1167 703 1174 704 1174 706 1174 707 1174 808 1166 809 1152 805 1108 757 1118 741 1113 739 1113 738 1113 707 1120 699 1113 697 1111 696 1111 694 1111 693 1111 692 1111 681 1114 648 1122 613 1118 616 1159"/></Shape>
	    <String CONTENT="تا به پير بادی"
                    HPOS="613"
                    VPOS="1108"
                    WIDTH="196"
                    HEIGHT="67"
                    WC="0.8638001254626683"></String>
          </TextLine>

          
          
          <TextLine ID="eSc_line_f9395a6e"
                    TAGREFS="LT4837"
                    BASELINE="618 1220 806 1215" 
                    HPOS="615"
                    VPOS="1169"
                    WIDTH="191"
                    HEIGHT="65">
            <Shape><Polygon POINTS="618 1220 618 1234 711 1226 718 1229 731 1234 732 1234 734 1234 780 1233 781 1233 806 1222 806 1215 804 1177 769 1169 767 1169 766 1169 764 1169 748 1177 710 1169 708 1169 707 1169 679 1177 660 1182 615 1177 618 1220"/></Shape>
	    <String CONTENT="آدمی مشت"
                    HPOS="615"
                    VPOS="1169"
                    WIDTH="191"
                    HEIGHT="65"
                    WC="0.8975887894630432"></String>
          </TextLine>

          
          
          <TextLine ID="eSc_line_50ba3df3"
                    TAGREFS="LT4837"
                    BASELINE="282 1212 497 1210" 
                    HPOS="281"
                    VPOS="1152"
                    WIDTH="216"
                    HEIGHT="92">
            <Shape><Polygon POINTS="282 1212 282 1222 327 1224 344 1241 344 1243 345 1243 346 1243 348 1244 394 1244 394 1243 395 1243 425 1227 437 1238 437 1240 439 1240 440 1240 441 1240 443 1240 497 1220 497 1210 495 1156 453 1152 451 1152 450 1152 448 1152 434 1160 422 1169 380 1171 373 1166 364 1157 364 1156 363 1156 362 1156 360 1156 281 1173 282 1212"/></Shape>
	    <String CONTENT="من کش چو کوه"
                    HPOS="281"
                    VPOS="1152"
                    WIDTH="216"
                    HEIGHT="92"
                    WC="0.9738855014244715"></String>
          </TextLine>

          
          
          <TextLine ID="eSc_line_b5b8af90"
                    TAGREFS="LT4837"
                    BASELINE="601 1445 921 1434" 
                    HPOS="598"
                    VPOS="1374"
                    WIDTH="323"
                    HEIGHT="87">
            <Shape><Polygon POINTS="601 1445 601 1461 681 1447 694 1454 696 1454 697 1454 776 1444 787 1451 788 1452 790 1452 791 1452 792 1452 794 1452 795 1452 795 1451 797 1451 804 1444 812 1450 818 1454 819 1454 820 1454 822 1455 880 1455 880 1454 882 1454 921 1443 921 1434 917 1394 841 1398 839 1396 801 1374 799 1374 798 1374 797 1374 760 1375 759 1375 757 1375 734 1391 706 1377 704 1377 703 1377 669 1378 668 1378 667 1378 667 1380 646 1399 598 1405 601 1445"/></Shape>
	    <String CONTENT="حيف باشد كه عمر انساني"
                    HPOS="598"
                    VPOS="1374"
                    WIDTH="323"
                    HEIGHT="87"
                    WC="0.9322895868258043"></String>
          </TextLine>

          
          
          <TextLine ID="eSc_line_6b072a12"
                    TAGREFS="LT4837"
                    BASELINE="599 1518 921 1512" 
                    HPOS="598"
                    VPOS="1448"
                    WIDTH="323"
                    HEIGHT="99">
            <Shape><Polygon POINTS="599 1518 599 1547 664 1547 664 1546 665 1546 667 1546 668 1545 697 1522 791 1522 825 1538 833 1542 834 1542 836 1542 921 1533 921 1512 917 1457 830 1466 815 1461 787 1448 785 1448 784 1448 783 1448 736 1462 710 1450 708 1450 707 1450 646 1451 644 1451 643 1451 619 1469 618 1471 598 1471 599 1518"/></Shape>
	    <String CONTENT="آدمی متواند از گوشش"
                    HPOS="598"
                    VPOS="1448"
                    WIDTH="323"
                    HEIGHT="99"
                    WC="0.8980759710073472"></String>
          </TextLine>

          
          
          <TextLine ID="eSc_line_d419a629"
                    TAGREFS="LT4837"
                    BASELINE="427 1496 504 1494" 
                    HPOS="426"
                    VPOS="1410"
                    WIDTH="78"
                    HEIGHT="109">
            <Shape><Polygon POINTS="427 1496 427 1512 436 1519 437 1519 439 1519 440 1519 504 1511 504 1494 502 1419 458 1410 457 1410 455 1410 426 1426 427 1496"/></Shape>
	    <String CONTENT=""
                    HPOS="426"
                    VPOS="1410"
                    WIDTH="78"
                    HEIGHT="109"></String>
          </TextLine>

          
          
          <TextLine ID="eSc_line_2c049de5"
                    TAGREFS="LT4837"
                    BASELINE="156 1480 289 1483" 
                    HPOS="155"
                    VPOS="1422"
                    WIDTH="134"
                    HEIGHT="74">
            <Shape><Polygon POINTS="156 1480 155 1487 166 1494 167 1494 169 1494 170 1494 205 1489 222 1487 286 1496 289 1483 288 1436 227 1422 226 1422 225 1422 206 1430 204 1431 156 1429 156 1480"/></Shape>
	    <String CONTENT="خور گزرد"
                    HPOS="155"
                    VPOS="1422"
                    WIDTH="134"
                    HEIGHT="74"
                    WC="0.9317626133561134"></String>
          </TextLine>

          
          
          <TextLine ID="eSc_line_30d737d3"
                    TAGREFS="LT4837"
                    BASELINE="271 1564 453 1567 506 1561" 
                    HPOS="269"
                    VPOS="1517"
                    WIDTH="237"
                    HEIGHT="86">
            <Shape><Polygon POINTS="271 1564 269 1588 288 1595 289 1595 290 1595 325 1588 328 1588 330 1588 345 1602 345 1603 346 1603 348 1603 349 1603 409 1596 450 1603 451 1603 453 1603 454 1603 474 1588 476 1588 503 1588 506 1561 504 1517 461 1517 460 1517 458 1517 453 1518 412 1536 339 1536 328 1525 325 1522 325 1521 324 1521 323 1521 290 1517 289 1517 288 1517 271 1525 271 1564"/></Shape>
	    <String CONTENT="ز فرشته بفضل"
                    HPOS="269"
                    VPOS="1517"
                    WIDTH="237"
                    HEIGHT="86"
                    WC="0.9524408082167307"></String>
          </TextLine>

          
        </TextBlock>
        
        <TextBlock HPOS="502"
                   VPOS="39"
                   WIDTH="138"
                   HEIGHT="82"
                   ID="eSc_textblock_7cd4cb7c"
                   TAGREFS="BT16093">
          <Shape><Polygon POINTS="535 39 606 44 640 88 612 116 546 121 502 76 535 39"/></Shape>
          
          
          <TextLine ID="eSc_line_35031e42"
                    TAGREFS="LT4837"
                    BASELINE="534 72 597 72" 
                    HPOS="534"
                    VPOS="40"
                    WIDTH="63"
                    HEIGHT="55">
            <Shape><Polygon POINTS="590 43 576 41 570 40 534 46 534 72 534 86 549 95 550 95 552 95 597 85 597 72 595 43 590 43"/></Shape>
	    <String CONTENT=""
                    HPOS="534"
                    VPOS="40"
                    WIDTH="63"
                    HEIGHT="55"></String>
          </TextLine>

          
        </TextBlock>
        

        
      </PrintSpace>
    </Page>
  </Layout>
</alto>
