<?xml version="1.0" encoding="UTF-8"?>
<alto xmlns:xsi="http://www.w3.org/2001/XMLSchema-instance"
      xmlns="http://www.loc.gov/standards/alto/ns-v4#"
      xsi:schemaLocation="http://www.loc.gov/standards/alto/ns-v4# http://www.loc.gov/standards/alto/v4/alto-4-2.xsd">
  <Description>
    <MeasurementUnit>pixel</MeasurementUnit>
    <sourceImageInformation>
      <fileName>Rasail054.jpg</fileName>
      
    </sourceImageInformation>
  </Description>
  
  <Tags>
    <OtherTag ID="BT16094" LABEL="default" DESCRIPTION="block type default"/><OtherTag ID="BT16093" LABEL="NumberingZone:page" DESCRIPTION="block type NumberingZone:page"/><OtherTag ID="BT16092" LABEL="MarginTextZone:note" DESCRIPTION="block type MarginTextZone:note"/><OtherTag ID="BT16091" LABEL="TitlePageZone" DESCRIPTION="block type TitlePageZone"/><OtherTag ID="BT16090" LABEL="QuireMarksZone:catchwords" DESCRIPTION="block type QuireMarksZone:catchwords"/><OtherTag ID="BT16089" LABEL="NumberingZone:other" DESCRIPTION="block type NumberingZone:other"/><OtherTag ID="BT16088" LABEL="NumberingZone" DESCRIPTION="block type NumberingZone"/><OtherTag ID="BT16087" LABEL="MarginTextZone" DESCRIPTION="block type MarginTextZone"/><OtherTag ID="BT16086" LABEL="MainZone" DESCRIPTION="block type MainZone"/><OtherTag ID="BT16085" LABEL="DigitizationArtefactZone" DESCRIPTION="block type DigitizationArtefactZone"/><OtherTag ID="BT2" LABEL="Main" DESCRIPTION="block type Main"/><OtherTag ID="BT1" LABEL="Title" DESCRIPTION="block type Title"/>
    <OtherTag ID="LT4837" LABEL="DefaultLine" DESCRIPTION="line type DefaultLine"/><OtherTag ID="LT4838" LABEL="default" DESCRIPTION="line type default"/><OtherTag ID="LT4839" LABEL="HeadingLine:title" DESCRIPTION="line type HeadingLine:title"/>
  </Tags>
  
  <Layout>
    <Page WIDTH="1083"
          HEIGHT="1685"
          PHYSICAL_IMG_NR="82"
          ID="eSc_dummypage_">
      <PrintSpace HPOS="0"
                  VPOS="0"
                  WIDTH="1083"
                  HEIGHT="1685">
        
        <TextBlock HPOS="28"
                   VPOS="134"
                   WIDTH="998"
                   HEIGHT="1510"
                   ID="eSc_textblock_78322a95"
                   TAGREFS="BT16086">
          <Shape><Polygon POINTS="511 134 891 146 998 190 998 942 1026 1207 1009 1593 948 1633 847 1638 67 1644 33 1610 44 1061 28 1032 56 190 84 151 129 146 511 134"/></Shape>
          
          
          <TextLine ID="eSc_line_1d215aeb"
                    TAGREFS="LT4837"
                    BASELINE="74 240 948 230" 
                    HPOS="73"
                    VPOS="176"
                    WIDTH="875"
                    HEIGHT="93">
            <Shape><Polygon POINTS="74 240 74 256 130 256 143 266 144 266 146 266 147 266 195 256 259 269 261 269 262 269 294 258 310 265 311 265 474 266 476 266 477 266 507 254 512 252 515 254 530 266 532 266 533 266 535 268 571 268 571 266 573 266 574 266 591 254 592 254 629 265 630 265 632 265 633 265 658 254 665 251 684 254 702 256 703 256 720 254 743 249 748 254 762 263 764 263 765 263 766 263 802 262 803 262 804 262 817 254 825 248 868 248 873 254 883 261 883 262 884 262 886 262 887 262 889 262 890 262 903 254 910 248 946 252 948 230 945 176 873 176 872 176 870 176 865 178 800 196 745 181 733 178 731 178 730 178 729 178 716 182 696 188 679 182 677 182 675 182 674 182 672 182 671 182 671 183 651 199 601 199 589 189 589 188 588 188 587 188 585 188 584 188 563 196 540 186 526 181 525 181 523 181 522 181 521 181 511 188 491 200 473 200 453 189 443 182 442 182 441 182 439 182 438 182 436 182 427 189 410 202 283 202 269 193 261 188 259 188 258 188 257 188 255 188 238 195 219 202 207 195 192 185 191 185 189 185 188 185 122 193 103 186 102 186 101 186 99 186 73 196 74 240"/></Shape>
	    <String CONTENT="ناطق و آساس آن دوراند بايد که علم قيامت را بيان نه کنند"
                    HPOS="73"
                    VPOS="176"
                    WIDTH="875"
                    HEIGHT="93"
                    WC="0.8889014156241166"></String>
          </TextLine>

          
          
          <TextLine ID="eSc_line_a6e525d2"
                    TAGREFS="LT4837"
                    BASELINE="80 317 949 306" 
                    HPOS="78"
                    VPOS="266"
                    WIDTH="871"
                    HEIGHT="79">
            <Shape><Polygon POINTS="80 317 80 329 140 338 141 338 202 329 224 344 226 344 227 344 293 345 294 345 296 345 297 345 297 344 307 334 335 344 337 344 338 344 407 342 408 342 410 342 410 341 417 335 438 342 439 342 441 342 442 342 443 342 443 341 453 332 502 342 504 342 505 342 526 331 584 338 585 338 587 338 615 325 671 339 672 339 674 339 675 339 677 339 698 325 719 337 720 337 722 337 795 322 806 329 807 329 809 329 810 329 949 318 949 306 948 280 931 271 929 271 928 271 927 271 925 271 924 271 917 276 882 268 880 268 879 268 877 268 876 268 858 280 842 266 841 266 839 266 838 266 782 275 734 268 733 268 731 268 730 268 730 269 716 283 693 275 692 275 691 275 689 275 688 275 675 283 626 278 625 278 623 278 622 278 613 285 535 271 533 271 532 271 530 271 530 272 516 285 457 286 405 272 404 272 403 272 401 272 363 289 294 289 275 275 273 275 272 275 271 275 269 275 268 275 247 289 237 280 237 279 235 279 234 279 233 279 231 279 203 289 172 278 171 278 109 276 108 276 106 276 78 290 80 317"/></Shape>
	    <String CONTENT="و مراد به آنگه ابليس و سوسه آدم و حوانمود وايشان از ان"
                    HPOS="78"
                    VPOS="266"
                    WIDTH="871"
                    HEIGHT="79"
                    WC="0.8636821221028056"></String>
          </TextLine>

          
          
          <TextLine ID="eSc_line_13fad47a"
                    TAGREFS="LT4837"
                    BASELINE="78 391 953 381" 
                    HPOS="77"
                    VPOS="338"
                    WIDTH="876"
                    HEIGHT="80">
            <Shape><Polygon POINTS="78 391 78 405 132 405 151 418 153 418 154 418 155 418 217 407 227 415 227 417 228 417 230 417 231 418 318 418 318 417 410 415 411 415 436 405 471 414 473 414 474 414 476 414 477 414 495 401 549 414 550 414 552 414 581 400 616 412 618 412 619 412 620 412 651 400 689 412 691 412 692 412 693 412 695 412 695 411 707 398 810 411 811 411 813 411 814 411 838 397 908 407 910 407 911 407 953 394 953 381 952 355 917 338 915 338 870 338 869 338 868 338 866 338 866 339 859 345 848 338 847 338 845 338 844 338 766 345 700 339 699 339 698 339 696 339 696 341 689 348 682 342 682 341 681 341 679 341 648 341 647 341 646 341 619 355 601 346 599 346 598 346 563 353 504 342 502 342 501 342 500 342 480 359 453 349 452 349 450 349 449 349 448 349 431 360 429 360 428 360 405 353 404 353 403 353 401 353 400 353 400 355 393 360 389 360 309 355 307 355 306 355 304 355 297 360 283 351 282 351 280 351 279 351 278 351 276 351 276 352 265 362 262 362 202 356 200 356 77 363 78 391"/></Shape>
	    <String CONTENT="درفت بخورند مغی آناست که حارث مره پيش آدم آمد"
                    HPOS="77"
                    VPOS="338"
                    WIDTH="876"
                    HEIGHT="80"
                    WC="0.9097184725105762"></String>
          </TextLine>

          
          
          <TextLine ID="eSc_line_b2148b4e"
                    TAGREFS="LT4837"
                    BASELINE="61 473 955 457" 
                    HPOS="60"
                    VPOS="417"
                    WIDTH="895"
                    HEIGHT="82">
            <Shape><Polygon POINTS="61 473 61 488 92 488 115 499 116 499 117 499 192 487 303 497 304 497 306 497 334 487 370 494 372 494 574 491 575 491 577 491 589 480 629 478 678 485 679 485 681 485 682 485 691 478 709 488 710 488 712 488 713 488 740 477 901 477 920 484 921 484 922 484 924 484 955 471 955 457 950 424 872 429 861 425 847 418 845 418 844 418 842 418 841 418 841 419 834 425 828 429 823 425 811 417 810 417 809 417 807 417 806 417 779 425 724 418 723 418 722 418 720 418 720 419 712 426 709 429 698 428 672 424 671 424 670 424 654 428 636 433 616 429 585 421 584 421 582 421 581 421 580 421 568 429 560 436 535 436 522 431 504 422 502 422 471 422 470 422 469 422 452 432 439 439 297 440 233 435 140 428 139 428 137 428 136 428 125 438 122 440 116 438 96 429 95 429 94 429 92 429 60 438 61 473"/></Shape>
	    <String CONTENT="و در دعوت قيامت ححت بگفت و ددم آن اسزار برآن"
                    HPOS="60"
                    VPOS="417"
                    WIDTH="895"
                    HEIGHT="82"
                    WC="0.8911691269148951"></String>
          </TextLine>

          
          
          <TextLine ID="eSc_line_c684318c"
                    TAGREFS="LT4837"
                    BASELINE="71 542 963 530" 
                    HPOS="70"
                    VPOS="485"
                    WIDTH="893"
                    HEIGHT="83">
            <Shape><Polygon POINTS="71 542 71 558 130 558 133 558 155 568 157 568 158 568 268 558 314 556 348 558 403 565 404 565 434 558 456 554 473 558 488 564 490 564 491 564 493 564 502 558 515 553 525 558 530 563 532 563 533 563 535 563 556 558 577 556 587 558 596 563 598 563 599 563 601 563 612 558 636 551 653 558 657 561 658 561 660 563 691 563 691 561 692 561 693 561 696 558 706 551 719 558 723 561 724 561 726 561 775 558 776 558 778 558 778 557 785 551 797 558 797 560 799 560 800 560 802 561 824 561 824 560 825 560 827 560 827 558 837 550 960 558 963 530 956 485 932 501 866 488 852 485 851 485 849 485 839 488 824 492 754 491 682 488 681 488 679 488 678 488 674 492 660 502 630 499 629 499 627 499 626 499 626 501 619 506 512 505 500 497 491 491 490 491 488 491 456 491 455 491 453 491 452 491 443 498 428 509 404 511 339 511 325 501 323 498 321 498 320 498 318 498 317 498 309 501 280 512 189 512 165 504 134 495 133 495 88 495 87 495 85 495 84 495 70 502 71 542"/></Shape>
	    <String CONTENT="کسان که از ايل آن نه بودند باز گفتند و بهشت آدم از آنجا"
                    HPOS="70"
                    VPOS="485"
                    WIDTH="893"
                    HEIGHT="83"
                    WC="0.8871742723316982"></String>
          </TextLine>

          
          
          <TextLine ID="eSc_line_a4b9bca3"
                    TAGREFS="LT4837"
                    BASELINE="58 612 959 609" 
                    HPOS="57"
                    VPOS="563"
                    WIDTH="902"
                    HEIGHT="77">
            <Shape><Polygon POINTS="58 612 58 626 134 626 139 627 167 638 168 638 169 638 171 638 172 638 172 637 182 630 191 637 192 637 193 637 195 637 196 637 219 627 224 626 230 627 257 638 258 638 259 640 289 640 289 638 290 638 292 638 304 629 307 626 320 629 365 638 366 638 460 630 463 630 464 630 497 638 498 638 500 638 501 638 502 638 502 637 509 630 514 624 525 630 539 637 540 637 542 637 604 631 664 624 674 631 675 633 677 633 678 633 679 633 681 633 685 631 696 627 700 631 706 636 706 637 707 637 709 637 710 637 712 637 727 631 741 627 757 631 773 637 775 637 776 637 778 637 789 633 807 624 858 633 862 633 863 633 865 633 866 633 886 626 898 633 904 637 906 637 907 637 908 637 957 633 959 609 952 563 939 574 901 574 887 565 886 565 884 565 873 564 820 564 818 564 817 564 816 564 814 565 806 572 799 565 797 565 797 564 796 564 795 564 724 564 723 564 722 564 720 564 717 567 706 577 674 568 664 565 663 565 661 565 660 565 653 568 636 578 561 578 552 570 549 567 547 567 546 567 545 567 543 567 530 571 502 579 456 579 446 572 438 565 436 565 435 565 434 565 237 575 182 578 178 577 161 565 160 565 158 565 96 565 95 565 94 565 92 565 77 578 77 579 57 579 58 612"/></Shape>
	    <String CONTENT="بيرون آلد کون مشهابهت است محقق و مبطل است و هشت"
                    HPOS="57"
                    VPOS="563"
                    WIDTH="902"
                    HEIGHT="77"
                    WC="0.8721916197488705"></String>
          </TextLine>

          
          
          <TextLine ID="eSc_line_68952c8b"
                    TAGREFS="LT4837"
                    BASELINE="116 690 965 683" 
                    HPOS="115"
                    VPOS="634"
                    WIDTH="850"
                    HEIGHT="89">
            <Shape><Polygon POINTS="116 690 116 710 153 710 167 721 168 721 169 721 171 723 285 723 285 721 286 721 317 709 452 720 453 720 455 720 456 720 474 707 505 718 507 718 508 718 557 707 568 716 568 717 570 717 571 717 616 718 618 718 619 718 620 718 620 717 630 709 668 717 670 717 671 717 693 706 736 717 737 717 738 717 740 717 761 706 792 717 793 717 795 717 796 717 835 704 859 716 861 716 862 716 863 716 865 716 879 704 921 711 922 711 965 702 965 683 957 638 942 648 896 640 863 634 862 634 861 634 859 634 851 641 839 648 820 641 818 641 817 641 816 641 814 641 813 641 813 643 806 650 736 650 713 644 685 636 684 636 682 636 681 636 679 636 679 637 670 644 664 651 623 651 568 647 502 641 501 641 500 641 486 647 471 638 470 638 469 638 417 638 415 638 414 638 393 650 330 638 328 638 327 638 292 648 193 640 192 640 115 655 116 690"/></Shape>
	    <String CONTENT="که در آنجا جاويد بماند کون مبانيت و محقق وات اعلم با الصواب"
                    HPOS="115"
                    VPOS="634"
                    WIDTH="850"
                    HEIGHT="89"
                    WC="0.8924623772501945"></String>
          </TextLine>

          
          
          <TextLine ID="eSc_line_d201ac36"
                    TAGREFS="LT4837"
                    BASELINE="147 995 897 988" 
                    HPOS="146"
                    VPOS="940"
                    WIDTH="751"
                    HEIGHT="80">
            <Shape><Polygon POINTS="147 995 147 1008 192 1020 193 1020 195 1020 196 1020 198 1020 198 1019 210 1009 287 1020 289 1020 290 1020 292 1020 292 1019 302 1009 303 1008 325 1009 422 1019 424 1019 464 1018 466 1018 467 1018 476 1010 483 1006 540 1006 556 1012 574 1018 575 1018 577 1018 611 1012 620 1010 648 1012 712 1016 713 1016 714 1016 716 1016 720 1012 729 1006 766 1013 772 1013 773 1013 775 1013 776 1013 799 1003 821 1013 825 1015 827 1015 828 1015 837 1013 866 1006 894 1013 897 988 894 949 745 940 744 940 743 940 713 950 696 956 663 952 643 949 641 949 640 949 639 949 639 950 636 952 632 956 613 952 604 950 602 950 591 952 566 957 554 953 535 943 533 943 532 943 530 943 512 953 498 946 497 946 495 946 494 946 473 953 462 959 386 959 380 954 369 946 368 946 366 946 365 946 363 946 362 946 351 956 348 959 302 959 297 956 289 949 287 949 286 949 230 946 228 946 227 946 196 957 186 960 146 959 147 995"/></Shape>
	    <String CONTENT="در بيان بنبوت و بی و مرسل واداو العزم دوشی و مبتنی و مهرور"
                    HPOS="146"
                    VPOS="940"
                    WIDTH="751"
                    HEIGHT="80"
                    WC="0.8376408265582447"></String>
          </TextLine>

          
          
          <TextLine ID="eSc_line_15a4374b"
                    TAGREFS="LT4837"
                    BASELINE="73 1142 973 1130" 
                    HPOS="71"
                    VPOS="1074"
                    WIDTH="902"
                    HEIGHT="94">
            <Shape><Polygon POINTS="73 1142 73 1159 91 1166 92 1166 94 1166 95 1166 96 1166 106 1159 116 1154 125 1159 134 1166 136 1166 137 1166 139 1168 171 1168 171 1166 172 1166 174 1166 185 1159 198 1152 245 1152 266 1158 279 1162 280 1162 282 1162 283 1162 293 1158 310 1151 323 1158 334 1164 335 1164 337 1165 372 1165 372 1164 401 1162 403 1162 404 1162 410 1157 421 1150 432 1157 432 1158 434 1158 435 1158 436 1158 438 1158 441 1157 450 1152 478 1157 497 1159 498 1159 500 1159 501 1159 504 1157 512 1150 533 1157 535 1157 536 1157 537 1157 539 1157 540 1157 550 1148 581 1154 582 1154 632 1147 698 1155 723 1158 724 1158 726 1158 733 1155 747 1147 761 1154 762 1154 764 1154 842 1144 882 1154 889 1155 890 1155 891 1155 973 1152 973 1130 970 1082 925 1074 924 1074 922 1074 921 1074 907 1082 900 1088 894 1082 887 1076 886 1076 884 1076 854 1075 852 1075 851 1075 849 1075 837 1084 817 1096 788 1088 786 1088 785 1088 783 1088 765 1098 665 1100 505 1100 484 1089 464 1081 463 1081 415 1081 414 1081 412 1081 391 1091 373 1099 358 1092 337 1082 335 1082 334 1082 332 1082 331 1082 320 1092 306 1102 293 1092 287 1088 286 1088 285 1088 283 1088 282 1088 271 1093 265 1096 262 1093 258 1089 258 1088 257 1088 255 1088 254 1088 252 1088 251 1088 245 1093 235 1100 226 1093 214 1084 213 1084 212 1084 210 1084 92 1085 91 1085 71 1093 73 1142"/></Shape>
	    <String CONTENT="برآنکه نبوت عبارت است از آن که شخصی به نفس خود محل اثر"
                    HPOS="71"
                    VPOS="1074"
                    WIDTH="902"
                    HEIGHT="94"
                    WC="0.9188415461352893"></String>
          </TextLine>

          
          
          <TextLine ID="eSc_line_dcc9ba5c"
                    TAGREFS="LT4837"
                    BASELINE="77 1218 682 1218 969 1210" 
                    HPOS="75"
                    VPOS="1162"
                    WIDTH="894"
                    HEIGHT="82">
            <Shape><Polygon POINTS="77 1218 77 1228 153 1237 154 1237 213 1230 221 1228 223 1230 237 1241 237 1242 238 1242 240 1242 241 1244 279 1244 279 1242 280 1242 307 1230 309 1230 379 1237 380 1237 382 1237 383 1237 383 1235 390 1230 394 1227 403 1230 446 1241 448 1241 449 1241 450 1241 491 1230 502 1227 521 1230 585 1241 587 1241 681 1239 682 1239 684 1239 698 1230 705 1225 714 1230 737 1239 738 1239 740 1241 789 1241 789 1239 790 1239 809 1230 810 1230 824 1239 825 1239 827 1239 828 1239 830 1239 848 1230 861 1224 879 1224 887 1230 896 1237 897 1237 898 1237 900 1237 967 1230 969 1210 966 1162 925 1162 924 1162 922 1162 921 1162 921 1164 906 1178 870 1164 865 1162 863 1162 862 1162 799 1164 797 1164 796 1164 793 1166 775 1180 757 1166 755 1165 754 1165 752 1165 751 1165 750 1165 744 1166 709 1180 685 1169 675 1164 674 1164 672 1164 671 1164 653 1169 629 1178 613 1171 599 1164 598 1164 596 1164 595 1164 594 1164 584 1171 568 1182 474 1175 473 1175 414 1182 403 1176 400 1173 398 1173 397 1173 396 1173 394 1173 393 1173 390 1176 383 1183 341 1183 330 1178 302 1166 300 1166 299 1166 297 1166 245 1179 230 1183 220 1180 178 1166 176 1166 175 1166 174 1166 120 1183 116 1185 75 1185 77 1218"/></Shape>
	    <String CONTENT="فيض عقل گل و نفس کل گردد داين برسه قسم استه ياب"
                    HPOS="75"
                    VPOS="1162"
                    WIDTH="894"
                    HEIGHT="82"
                    WC="0.908695638179779"></String>
          </TextLine>

          
          
          <TextLine ID="eSc_line_63fd1555"
                    TAGREFS="LT4837"
                    BASELINE="70 1296 979 1286" 
                    HPOS="68"
                    VPOS="1242"
                    WIDTH="911"
                    HEIGHT="77">
            <Shape><Polygon POINTS="70 1296 70 1305 96 1314 98 1314 99 1314 101 1314 102 1314 110 1307 125 1319 126 1319 127 1319 129 1319 130 1319 132 1319 153 1307 233 1314 234 1314 283 1307 294 1315 294 1317 296 1317 297 1317 299 1317 300 1317 327 1304 351 1315 352 1315 353 1315 400 1305 414 1317 415 1317 417 1317 418 1317 419 1317 438 1310 455 1317 456 1317 457 1317 459 1317 460 1317 474 1305 587 1315 588 1315 647 1304 660 1314 661 1314 663 1314 664 1315 706 1315 706 1314 707 1314 709 1314 729 1300 788 1300 802 1311 802 1312 803 1312 804 1312 806 1312 807 1312 809 1312 827 1301 922 1311 924 1311 925 1311 979 1296 979 1286 976 1245 855 1242 854 1242 852 1242 851 1242 848 1245 835 1253 821 1245 817 1244 816 1244 814 1244 813 1244 809 1245 796 1253 783 1245 780 1244 779 1244 778 1244 776 1244 775 1244 773 1244 773 1245 772 1245 758 1258 707 1252 706 1252 705 1252 703 1252 703 1253 698 1259 677 1251 675 1251 674 1251 672 1251 653 1259 639 1251 637 1251 636 1251 634 1251 585 1260 549 1246 547 1246 546 1246 545 1246 543 1246 540 1246 493 1262 386 1262 370 1253 369 1253 368 1253 366 1253 365 1253 325 1263 290 1249 289 1249 248 1249 247 1249 245 1249 244 1249 234 1258 223 1249 221 1249 220 1249 219 1249 217 1249 186 1259 148 1251 147 1251 146 1251 144 1251 130 1263 109 1252 108 1252 68 1251 70 1296"/></Shape>
	    <String CONTENT="وحى ميسباشد يا به الهام يا بهخواب به روى صادقه و نىز"
                    HPOS="68"
                    VPOS="1242"
                    WIDTH="911"
                    HEIGHT="77"
                    WC="0.9221227151843218"></String>
          </TextLine>

          
          
          <TextLine ID="eSc_line_8a6ece83"
                    TAGREFS="LT4837"
                    BASELINE="71 1367 979 1360" 
                    HPOS="70"
                    VPOS="1314"
                    WIDTH="909"
                    HEIGHT="73">
            <Shape><Polygon POINTS="71 1367 71 1376 178 1387 179 1387 181 1387 220 1376 248 1387 250 1387 251 1387 307 1385 309 1385 339 1374 341 1374 342 1374 408 1385 410 1385 459 1383 460 1383 462 1383 462 1381 471 1373 473 1373 476 1373 539 1384 540 1384 542 1384 543 1384 560 1373 561 1373 653 1383 654 1383 655 1383 678 1371 679 1371 724 1381 726 1381 727 1381 729 1381 737 1373 754 1383 755 1383 757 1383 758 1383 792 1374 821 1381 823 1381 824 1381 825 1381 854 1370 855 1370 856 1370 920 1381 921 1381 922 1381 924 1381 924 1380 934 1371 952 1377 953 1377 955 1377 956 1377 979 1369 979 1360 977 1331 939 1318 938 1318 936 1318 935 1318 898 1329 882 1315 882 1314 880 1314 879 1314 877 1314 820 1326 799 1314 797 1314 796 1314 795 1314 730 1325 691 1315 689 1315 688 1315 612 1333 559 1333 546 1322 546 1321 545 1321 543 1321 542 1321 540 1321 539 1321 528 1328 504 1319 502 1319 501 1319 500 1319 498 1319 480 1333 373 1333 356 1319 356 1318 355 1318 353 1318 317 1318 316 1318 314 1318 279 1335 259 1335 243 1319 241 1319 240 1319 212 1319 210 1319 209 1319 185 1332 117 1319 116 1319 115 1319 70 1336 71 1367"/></Shape>
	    <String CONTENT="روی گفت اگاه شدن است و در عرف شخصی را گويند که"
                    HPOS="70"
                    VPOS="1314"
                    WIDTH="909"
                    HEIGHT="73"
                    WC="0.9353348988553752"></String>
          </TextLine>

          
          
          <TextLine ID="eSc_line_98af9cab"
                    TAGREFS="LT4837"
                    BASELINE="70 1446 980 1432" 
                    HPOS="68"
                    VPOS="1387"
                    WIDTH="912"
                    HEIGHT="81">
            <Shape><Polygon POINTS="70 1446 70 1456 102 1465 103 1465 105 1465 160 1456 161 1456 198 1465 199 1465 200 1465 202 1465 203 1465 203 1464 210 1458 248 1468 250 1468 251 1468 252 1468 254 1468 275 1454 294 1467 296 1467 297 1467 299 1467 300 1467 302 1467 302 1465 314 1454 321 1460 323 1460 324 1460 325 1460 327 1460 352 1454 356 1453 359 1453 386 1465 387 1465 389 1467 432 1467 432 1465 434 1465 456 1454 487 1464 488 1464 490 1464 563 1451 567 1451 571 1451 608 1460 609 1460 611 1460 612 1460 623 1451 629 1447 727 1447 731 1450 744 1460 745 1460 747 1460 748 1460 750 1460 789 1450 799 1447 810 1450 844 1458 845 1458 847 1458 848 1458 849 1458 861 1450 884 1458 886 1458 887 1458 980 1447 980 1432 976 1387 942 1394 906 1387 901 1387 900 1387 898 1387 896 1387 851 1399 835 1388 834 1387 832 1387 831 1387 803 1387 802 1387 800 1387 796 1388 772 1401 716 1390 706 1388 705 1388 703 1388 702 1388 702 1390 700 1390 693 1397 660 1392 658 1392 604 1405 546 1405 509 1392 508 1392 507 1392 505 1392 504 1392 484 1405 382 1394 379 1394 377 1394 376 1394 330 1408 247 1395 243 1395 241 1395 240 1395 212 1409 182 1397 181 1397 179 1397 178 1397 148 1411 117 1398 116 1398 68 1398 70 1446"/></Shape>
	    <String CONTENT="بعضی از بندگان را از حق و باطل با خبر كند بچنانچه با زون"
                    HPOS="68"
                    VPOS="1387"
                    WIDTH="912"
                    HEIGHT="81"
                    WC="0.9022143562989575"></String>
          </TextLine>

          
          
          <TextLine ID="eSc_line_b6e339b7"
                    TAGREFS="LT4837"
                    BASELINE="70 1516 817 1515 981 1508" 
                    HPOS="68"
                    VPOS="1460"
                    WIDTH="913"
                    HEIGHT="78">
            <Shape><Polygon POINTS="70 1516 70 1529 151 1524 174 1529 217 1537 219 1537 220 1537 240 1527 245 1524 252 1527 271 1537 272 1537 273 1538 321 1538 321 1537 323 1537 355 1527 362 1524 363 1527 372 1533 372 1534 373 1534 375 1534 422 1537 424 1537 425 1537 464 1526 470 1524 473 1526 491 1534 493 1534 494 1534 495 1534 519 1526 526 1523 653 1523 657 1524 696 1536 698 1536 699 1536 748 1529 813 1536 814 1536 873 1527 903 1534 904 1534 906 1534 907 1534 908 1534 924 1522 980 1522 981 1508 977 1461 908 1470 872 1465 870 1465 869 1465 814 1481 779 1471 778 1471 776 1471 775 1471 755 1482 678 1482 648 1463 644 1460 643 1460 641 1460 640 1460 619 1463 598 1468 596 1468 595 1468 595 1470 581 1482 476 1482 456 1474 455 1474 453 1474 452 1474 438 1481 411 1478 398 1465 394 1463 394 1461 393 1461 391 1461 358 1461 356 1461 355 1461 353 1461 353 1463 349 1465 334 1481 307 1482 282 1465 275 1461 273 1461 272 1461 248 1461 247 1461 245 1461 244 1461 244 1463 238 1467 223 1481 189 1467 175 1461 174 1461 172 1461 68 1467 70 1516"/></Shape>
	    <String CONTENT="مرسل بمعنى فرستاده شده و در عرف شخصی را گويند که صاب"
                    HPOS="68"
                    VPOS="1460"
                    WIDTH="913"
                    HEIGHT="78"
                    WC="0.9577514311442008"></String>
          </TextLine>

          
          
          <TextLine ID="eSc_line_058ae6e6"
                    TAGREFS="LT4837"
                    BASELINE="43 1599 984 1585" 
                    HPOS="42"
                    VPOS="1540"
                    WIDTH="942"
                    HEIGHT="81">
            <Shape><Polygon POINTS="43 1599 43 1620 290 1621 292 1621 293 1621 294 1621 302 1614 307 1611 325 1614 365 1620 366 1620 368 1620 369 1620 377 1613 382 1609 419 1609 445 1611 490 1617 491 1617 493 1617 509 1610 514 1609 516 1610 537 1617 539 1617 540 1617 591 1609 608 1606 625 1607 698 1616 699 1616 700 1616 702 1616 702 1614 710 1606 712 1604 727 1604 799 1610 800 1610 802 1610 816 1603 817 1603 824 1603 943 1611 945 1611 946 1611 984 1599 984 1585 980 1540 879 1547 851 1543 834 1541 832 1541 831 1541 824 1544 796 1558 759 1558 740 1547 734 1544 733 1544 731 1544 730 1544 723 1547 702 1560 633 1560 613 1551 599 1545 598 1545 596 1545 595 1545 594 1545 585 1551 573 1561 515 1561 502 1554 488 1547 487 1547 486 1547 434 1555 379 1548 377 1548 376 1548 352 1560 345 1562 330 1560 271 1550 269 1550 268 1550 227 1564 219 1565 200 1564 85 1553 84 1553 82 1553 42 1567 43 1599"/></Shape>
	    <String CONTENT="تايد باشد و از نزد خداوند زنان به طايفه اهل جزيره فرستاده"
                    HPOS="42"
                    VPOS="1540"
                    WIDTH="942"
                    HEIGHT="81"
                    WC="0.93794479181892"></String>
          </TextLine>

          
        </TextBlock>
        
        <TextBlock HPOS="449"
                   VPOS="73"
                   WIDTH="111"
                   HEIGHT="66"
                   ID="eSc_textblock_ee65fe98"
                   TAGREFS="BT16093">
          <Shape><Polygon POINTS="477 73 560 78 560 122 526 139 460 127 449 95 477 73"/></Shape>
          
          
          <TextLine ID="eSc_line_6784e933"
                    TAGREFS="LT4837"
                    BASELINE="473 109 529 109" 
                    HPOS="473"
                    VPOS="77"
                    WIDTH="56"
                    HEIGHT="50">
            <Shape><Polygon POINTS="473 109 473 122 528 127 529 109 529 87 502 77 501 77 500 77 498 77 473 88 473 109"/></Shape>
	    <String CONTENT=""
                    HPOS="473"
                    VPOS="77"
                    WIDTH="56"
                    HEIGHT="50"></String>
          </TextLine>

          
        </TextBlock>
        

        
      </PrintSpace>
    </Page>
  </Layout>
</alto>
