<?xml version="1.0" encoding="UTF-8"?>
<alto xmlns:xsi="http://www.w3.org/2001/XMLSchema-instance"
      xmlns="http://www.loc.gov/standards/alto/ns-v4#"
      xsi:schemaLocation="http://www.loc.gov/standards/alto/ns-v4# http://www.loc.gov/standards/alto/v4/alto-4-2.xsd">
  <Description>
    <MeasurementUnit>pixel</MeasurementUnit>
    <sourceImageInformation>
      <fileName>Rasail111.jpg</fileName>
      
    </sourceImageInformation>
  </Description>
  
  <Tags>
    <OtherTag ID="BT16094" LABEL="default" DESCRIPTION="block type default"/><OtherTag ID="BT16093" LABEL="NumberingZone:page" DESCRIPTION="block type NumberingZone:page"/><OtherTag ID="BT16092" LABEL="MarginTextZone:note" DESCRIPTION="block type MarginTextZone:note"/><OtherTag ID="BT16091" LABEL="TitlePageZone" DESCRIPTION="block type TitlePageZone"/><OtherTag ID="BT16090" LABEL="QuireMarksZone:catchwords" DESCRIPTION="block type QuireMarksZone:catchwords"/><OtherTag ID="BT16089" LABEL="NumberingZone:other" DESCRIPTION="block type NumberingZone:other"/><OtherTag ID="BT16088" LABEL="NumberingZone" DESCRIPTION="block type NumberingZone"/><OtherTag ID="BT16087" LABEL="MarginTextZone" DESCRIPTION="block type MarginTextZone"/><OtherTag ID="BT16086" LABEL="MainZone" DESCRIPTION="block type MainZone"/><OtherTag ID="BT16085" LABEL="DigitizationArtefactZone" DESCRIPTION="block type DigitizationArtefactZone"/><OtherTag ID="BT2" LABEL="Main" DESCRIPTION="block type Main"/><OtherTag ID="BT1" LABEL="Title" DESCRIPTION="block type Title"/>
    <OtherTag ID="LT4837" LABEL="DefaultLine" DESCRIPTION="line type DefaultLine"/><OtherTag ID="LT4838" LABEL="default" DESCRIPTION="line type default"/><OtherTag ID="LT4839" LABEL="HeadingLine:title" DESCRIPTION="line type HeadingLine:title"/>
  </Tags>
  
  <Layout>
    <Page WIDTH="1156"
          HEIGHT="1657"
          PHYSICAL_IMG_NR="139"
          ID="eSc_dummypage_">
      <PrintSpace HPOS="0"
                  VPOS="0"
                  WIDTH="1156"
                  HEIGHT="1657">
        
        <TextBlock HPOS="71"
                   VPOS="115"
                   WIDTH="985"
                   HEIGHT="1479"
                   ID="eSc_textblock_ab25a4fe"
                   TAGREFS="BT16086">
          <Shape><Polygon POINTS="787 115 990 121 1008 154 1056 165 1034 298 995 1572 940 1594 99 1594 71 1556 88 1523 77 950 88 635 110 573 93 475 132 160 160 127 787 115"/></Shape>
          
          
          <TextLine ID="eSc_line_22b260c9"
                    TAGREFS="LT4837"
                    BASELINE="150 205 994 208" 
                    HPOS="149"
                    VPOS="153"
                    WIDTH="845"
                    HEIGHT="84">
            <Shape><Polygon POINTS="150 205 149 216 161 229 161 230 162 230 164 230 165 230 225 222 241 234 243 234 244 234 245 236 278 236 278 234 280 234 281 234 306 218 379 218 435 218 436 218 443 225 444 225 446 225 447 225 448 225 473 218 477 218 482 218 517 226 519 226 520 226 541 219 545 218 548 219 575 236 577 236 578 236 580 237 701 237 701 236 702 236 704 236 712 229 752 236 754 236 755 236 756 236 756 234 770 223 832 236 834 236 872 229 888 234 889 234 890 234 892 234 926 225 944 219 961 225 976 230 977 230 979 230 980 230 993 225 994 208 993 158 917 154 915 154 914 154 912 154 912 156 908 158 896 171 874 161 872 161 871 161 870 161 842 172 777 172 763 162 762 162 760 162 759 162 758 162 756 162 744 172 704 172 672 162 644 154 643 154 642 154 640 154 625 162 613 169 588 162 551 153 549 153 548 153 546 153 545 153 531 164 527 168 494 169 473 164 428 153 426 153 425 153 381 162 367 153 365 153 364 153 247 153 245 153 244 153 243 153 223 168 222 169 150 169 150 205"/></Shape>
	    <String CONTENT="را از عدل و راستى چنانچه پير شد باشد از ظلم و جور"
                    HPOS="149"
                    VPOS="153"
                    WIDTH="845"
                    HEIGHT="84"
                    WC="0.9245535865121958"></String>
          </TextLine>

          
          
          <TextLine ID="eSc_line_03e6ae13"
                    TAGREFS="LT4837"
                    BASELINE="146 283 433 281 676 291 993 291" 
                    HPOS="145"
                    VPOS="229"
                    WIDTH="848"
                    HEIGHT="91">
            <Shape><Polygon POINTS="146 283 145 292 176 292 196 309 196 310 197 310 198 310 200 310 201 310 218 302 229 313 229 314 230 314 232 314 233 316 252 316 252 314 254 314 255 314 278 295 281 292 399 292 403 296 417 310 417 312 418 312 419 312 421 312 422 312 454 298 466 294 571 295 596 301 611 316 611 317 613 317 614 317 651 318 653 320 776 320 776 318 777 318 778 318 798 306 802 303 810 306 854 320 856 320 857 320 859 320 889 307 906 320 907 320 908 320 910 320 911 320 941 309 955 303 990 309 993 291 993 245 950 245 936 234 935 234 933 234 932 234 930 234 929 234 929 236 918 245 912 251 899 245 890 243 889 243 888 243 886 243 885 243 885 244 882 245 872 255 784 248 783 248 738 254 725 247 711 240 709 240 708 240 707 240 689 247 671 254 662 247 653 238 651 238 650 238 649 238 647 238 646 238 632 247 624 252 620 247 603 233 603 231 602 231 600 231 520 231 519 231 517 231 516 231 516 233 506 241 497 233 497 231 495 231 494 231 461 230 459 230 458 230 436 243 417 230 415 230 414 230 370 230 368 230 367 230 365 230 339 248 317 248 299 230 299 229 298 229 296 229 274 229 273 229 272 229 270 229 270 230 258 240 227 236 226 236 225 236 223 236 223 237 209 249 209 251 146 251 146 283"/></Shape>
	    <String CONTENT="و اينجا زياده ازان فهم نمی شود که قايم قيامت کی خوايد"
                    HPOS="145"
                    VPOS="229"
                    WIDTH="848"
                    HEIGHT="91"
                    WC="0.881068154326025"></String>
          </TextLine>

          
          
          <TextLine ID="eSc_line_3f439126"
                    TAGREFS="LT4837"
                    BASELINE="139 359 994 363" 
                    HPOS="138"
                    VPOS="310"
                    WIDTH="856"
                    HEIGHT="80">
            <Shape><Polygon POINTS="139 359 138 370 149 381 149 382 150 382 151 382 153 382 154 382 193 370 227 383 229 383 230 383 291 368 295 368 421 368 432 371 454 378 455 378 457 378 458 378 459 378 468 372 472 370 546 370 551 374 566 386 566 388 567 388 569 388 570 388 571 388 573 388 588 378 664 388 665 388 667 388 668 388 683 376 729 389 730 389 731 390 901 390 901 389 903 389 904 389 915 379 925 371 944 381 958 386 959 386 961 386 993 381 994 363 993 323 877 328 865 323 860 318 859 318 857 318 856 318 854 318 845 323 831 330 784 330 760 323 719 313 718 313 716 313 715 313 702 323 697 327 672 323 651 320 650 320 628 323 606 327 596 323 567 312 566 312 564 312 563 312 544 321 493 312 491 312 490 312 488 312 488 313 476 324 475 324 473 324 466 318 465 318 464 318 462 318 461 318 459 318 453 324 448 327 446 324 426 310 425 310 424 310 422 310 357 321 341 310 339 310 338 310 205 310 204 310 203 310 201 310 201 312 186 324 185 325 139 325 139 359"/></Shape>
	    <String CONTENT="بود بحز ايام زنان كه جامه به جامه ظهور دارد تا زمان دور"
                    HPOS="138"
                    VPOS="310"
                    WIDTH="856"
                    HEIGHT="80"
                    WC="0.9211347341537476"></String>
          </TextLine>

          
          
          <TextLine ID="eSc_line_f2b21b0d"
                    TAGREFS="LT4837"
                    BASELINE="150 425 508 428 723 440 986 439" 
                    HPOS="149"
                    VPOS="374"
                    WIDTH="837"
                    HEIGHT="95">
            <Shape><Polygon POINTS="150 425 149 437 180 457 182 457 183 457 185 457 186 457 226 437 280 451 281 451 283 451 284 451 309 439 368 439 382 451 382 452 383 452 385 452 386 452 388 452 389 452 408 440 433 440 446 450 446 451 447 451 448 451 450 451 451 451 477 440 552 440 613 463 614 463 615 463 617 463 618 463 629 457 680 465 682 465 683 465 709 457 722 465 723 465 725 465 726 466 780 466 780 465 781 465 805 452 819 465 819 466 820 466 821 466 823 468 868 468 868 466 870 466 871 466 885 455 912 468 914 468 915 469 948 469 948 468 950 468 951 468 984 446 986 439 984 386 973 383 972 383 970 383 969 383 966 386 944 404 885 404 848 390 846 390 845 390 843 390 842 390 824 401 759 401 731 386 730 386 729 386 727 386 693 400 639 400 625 385 620 381 620 379 618 379 617 379 615 379 614 379 603 385 588 394 577 388 575 388 574 388 573 388 571 388 555 392 546 385 542 382 542 381 541 381 540 381 538 381 537 381 526 385 494 397 475 385 464 376 462 376 461 376 459 376 399 382 303 375 302 375 301 375 299 375 299 376 290 385 287 386 284 385 272 374 270 374 269 374 267 374 266 374 238 382 196 374 194 374 193 374 191 374 191 375 180 385 179 385 150 385 150 425"/></Shape>
	    <String CONTENT="قائم واين علم مخصوص بخداست به قول خدای تعالى"
                    HPOS="149"
                    VPOS="374"
                    WIDTH="837"
                    HEIGHT="95"
                    WC="0.9187984943389893"></String>
          </TextLine>

          
          
          <TextLine ID="eSc_line_d4c156ae"
                    TAGREFS="LT4837"
                    BASELINE="642 512 984 517" 
                    HPOS="640"
                    VPOS="468"
                    WIDTH="344"
                    HEIGHT="78">
            <Shape><Polygon POINTS="642 512 640 538 755 531 792 537 842 545 843 545 845 545 882 535 892 533 894 535 906 545 906 546 907 546 908 546 910 546 911 546 912 546 928 535 947 541 948 541 950 541 983 533 984 517 984 475 899 472 897 472 896 472 888 475 875 481 870 476 868 475 868 473 867 473 865 473 864 473 863 473 856 476 842 481 832 476 827 472 825 472 824 472 823 472 821 472 809 476 798 481 729 481 714 477 664 468 662 468 661 468 642 477 642 512"/></Shape>
	    <String CONTENT="عنده علم انشاعته ألي"
                    HPOS="640"
                    VPOS="468"
                    WIDTH="344"
                    HEIGHT="78"
                    WC="0.918918422290257"></String>
          </TextLine>

          
          
          <TextLine ID="eSc_line_597666f1"
                    TAGREFS="LT4837"
                    BASELINE="147 499 506 504" 
                    HPOS="146"
                    VPOS="451"
                    WIDTH="360"
                    HEIGHT="75">
            <Shape><Polygon POINTS="147 499 146 517 150 521 151 521 151 523 153 523 154 523 156 524 225 524 225 523 226 523 227 523 227 521 236 515 245 505 299 517 310 519 312 519 319 517 365 506 393 520 395 520 396 520 397 520 399 520 399 519 410 509 447 508 466 520 468 520 469 520 470 520 472 520 486 513 501 526 506 504 506 470 483 454 482 454 480 454 479 454 477 454 448 463 437 454 436 454 435 454 433 454 432 454 403 462 385 454 383 454 382 454 381 454 379 454 361 468 352 459 350 459 349 459 348 459 346 459 345 459 336 468 313 459 312 459 310 459 309 459 291 466 255 451 254 451 252 451 251 451 249 451 220 469 219 469 147 469 147 499"/></Shape>
	    <String CONTENT="نزد خداست علم قيا"
                    HPOS="146"
                    VPOS="451"
                    WIDTH="360"
                    HEIGHT="75"
                    WC="0.9485515005448285"></String>
          </TextLine>

          
          
          <TextLine ID="eSc_line_c1b12d5b"
                    TAGREFS="LT4837"
                    BASELINE="726 590 979 589" 
                    HPOS="725"
                    VPOS="548"
                    WIDTH="254"
                    HEIGHT="67">
            <Shape><Polygon POINTS="726 590 727 615 758 606 776 613 777 613 778 613 780 613 813 600 852 602 859 610 863 613 863 614 864 614 865 614 867 614 901 608 917 606 919 607 922 610 922 611 923 611 925 611 926 611 928 611 929 611 929 610 933 607 941 600 976 604 979 589 976 553 912 548 911 548 910 548 908 548 900 556 890 564 854 564 845 557 831 548 830 548 828 548 827 548 825 548 801 559 794 563 788 560 770 549 769 549 767 549 766 549 765 549 763 549 745 561 741 563 725 563 726 590"/></Shape>
	    <String CONTENT="ووعویادا نستق"
                    HPOS="725"
                    VPOS="548"
                    WIDTH="254"
                    HEIGHT="67"
                    WC="0.85404555614178"></String>
          </TextLine>

          
          
          <TextLine ID="eSc_line_2aa5435e"
                    TAGREFS="LT4837"
                    BASELINE="135 573 512 573" 
                    HPOS="135"
                    VPOS="524"
                    WIDTH="377"
                    HEIGHT="73">
            <Shape><Polygon POINTS="135 573 135 581 150 589 151 589 153 589 211 586 229 596 230 596 232 597 281 597 281 596 283 596 309 582 321 595 321 596 323 596 324 596 325 597 386 597 386 596 388 596 389 596 406 582 426 589 428 589 429 589 461 582 464 582 475 590 476 590 477 590 479 590 512 582 512 573 512 534 353 524 352 524 350 524 349 524 349 526 339 534 339 535 309 535 307 535 296 526 295 526 294 526 254 524 252 524 251 524 249 524 233 535 186 535 180 535 169 527 168 527 167 527 165 527 164 527 135 535 135 573"/></Shape>
	    <String CONTENT=" ز خاين دليری و"
                    HPOS="135"
                    VPOS="524"
                    WIDTH="377"
                    HEIGHT="73"
                    WC="0.8845763643582661"></String>
          </TextLine>

          
          
          <TextLine ID="eSc_line_081c69f5"
                    TAGREFS="LT4837"
                    BASELINE="124 640 987 658" 
                    HPOS="122"
                    VPOS="596"
                    WIDTH="865"
                    HEIGHT="91">
            <Shape><Polygon POINTS="124 640 122 653 143 665 145 665 146 665 147 665 196 655 244 665 245 665 247 665 248 665 263 655 298 655 316 668 317 668 319 668 320 668 321 668 352 657 422 666 424 666 458 661 498 677 499 677 501 677 502 677 538 661 588 682 589 682 591 682 592 682 639 664 657 682 657 683 658 683 660 683 661 683 731 676 763 684 765 684 766 684 767 684 769 684 783 675 854 687 856 687 882 684 883 684 885 684 903 669 912 676 914 676 915 676 917 676 986 668 987 658 986 617 932 626 889 619 888 619 813 624 805 617 805 615 803 615 802 615 801 615 799 615 798 615 787 624 686 622 665 613 649 606 647 606 646 606 644 606 643 606 635 613 632 614 629 613 624 607 622 607 621 607 620 607 570 611 556 613 555 611 548 606 548 604 546 604 545 604 505 603 504 603 502 603 486 611 473 617 457 610 433 602 432 602 430 602 429 602 411 610 400 615 388 610 365 600 364 600 363 600 307 608 298 610 288 608 233 597 232 597 183 607 172 597 172 596 171 596 169 596 150 596 149 596 147 596 124 604 124 640"/></Shape>
	    <String CONTENT="اعتقادی و ظهور علم حقيقی که اذل آن زمان حضرت خداوند"
                    HPOS="122"
                    VPOS="596"
                    WIDTH="865"
                    HEIGHT="91"
                    WC="0.9206137468035405"></String>
          </TextLine>

          
          
          <TextLine ID="eSc_line_b3a4751b"
                    TAGREFS="LT4837"
                    BASELINE="121 712 475 716 700 729 980 733" 
                    HPOS="120"
                    VPOS="665"
                    WIDTH="860"
                    HEIGHT="90">
            <Shape><Polygon POINTS="121 712 120 724 160 737 161 737 162 737 164 737 165 737 179 726 185 723 256 723 265 729 273 734 274 734 276 734 277 734 303 730 323 726 328 730 343 742 345 742 346 742 348 742 383 737 395 744 396 744 397 744 399 745 424 745 424 744 425 744 447 733 454 729 457 733 462 738 462 740 464 740 465 740 466 740 468 740 479 734 487 730 567 730 575 735 591 747 592 747 593 747 595 747 596 747 598 747 614 737 621 733 651 738 726 751 727 751 729 751 754 740 756 740 758 740 791 752 792 752 908 753 910 753 911 753 912 753 922 747 969 755 970 755 972 755 973 755 973 753 979 747 980 733 979 689 852 697 821 697 806 687 799 682 798 682 796 682 795 682 794 682 780 686 758 694 678 694 664 686 654 679 653 679 651 679 650 679 624 683 613 675 611 675 610 675 609 675 607 675 588 684 580 690 571 684 563 679 562 679 560 679 559 679 557 679 538 684 526 673 526 672 524 672 523 672 397 669 352 669 350 669 349 669 348 669 331 683 330 683 314 669 314 668 313 668 312 668 310 668 309 668 294 675 270 666 269 666 267 666 266 666 216 682 212 683 209 682 185 665 183 665 182 665 180 665 179 665 178 665 157 682 156 682 121 682 121 712"/></Shape>
	    <String CONTENT="تازمان قايم قنامت نه شود او را بچشم نبايد داشت واين"
                    HPOS="120"
                    VPOS="665"
                    WIDTH="860"
                    HEIGHT="90"
                    WC="0.8810675781147153"></String>
          </TextLine>

          
          
          <TextLine ID="eSc_line_60589a31"
                    TAGREFS="LT4837"
                    BASELINE="125 798 440 796 790 809 976 809" 
                    HPOS="124"
                    VPOS="744"
                    WIDTH="852"
                    HEIGHT="88">
            <Shape><Polygon POINTS="125 798 124 805 132 811 133 811 135 811 136 811 138 811 157 803 232 803 272 814 273 814 274 814 276 814 305 806 320 820 320 821 321 821 323 821 324 821 325 821 327 821 350 807 379 820 381 820 382 820 383 820 385 820 401 807 433 817 435 817 436 817 437 817 439 817 453 809 520 810 538 824 540 824 541 824 542 824 544 824 571 810 573 810 575 810 600 818 602 818 603 818 604 818 606 818 606 817 613 811 614 810 642 810 644 811 665 827 667 827 668 827 669 827 671 827 693 821 702 828 704 828 705 828 707 829 756 829 756 828 758 828 788 817 806 829 807 829 809 829 810 829 892 818 910 831 911 831 912 831 914 832 941 832 941 831 943 831 944 831 958 818 961 816 972 818 976 809 973 764 947 771 928 763 918 760 917 760 915 760 914 760 906 763 890 771 885 766 885 764 883 764 882 764 881 764 749 769 737 763 718 753 716 753 715 753 714 753 712 753 702 763 696 767 647 762 586 756 585 756 584 756 571 762 564 766 559 762 545 751 544 751 542 751 541 751 476 759 466 751 466 749 465 749 464 749 462 749 393 755 342 747 341 747 339 747 309 760 306 762 301 760 241 745 240 745 207 745 205 745 204 745 178 759 164 745 164 744 162 744 161 744 160 744 158 744 157 744 139 760 125 760 125 798"/></Shape>
	    <String CONTENT="علم به تدربج حاصل شود و معنی ظهور اين علم آن بود که آنچه"
                    HPOS="124"
                    VPOS="744"
                    WIDTH="852"
                    HEIGHT="88"
                    WC="0.8801361825959436"></String>
          </TextLine>

          
          
          <TextLine ID="eSc_line_aef8d41b"
                    TAGREFS="LT4837"
                    BASELINE="122 867 323 865 719 880 975 882" 
                    HPOS="121"
                    VPOS="814"
                    WIDTH="854"
                    HEIGHT="90">
            <Shape><Polygon POINTS="122 867 121 882 153 887 154 887 156 887 157 887 157 886 161 883 169 875 189 875 208 883 211 885 212 885 214 885 215 885 219 883 243 876 255 885 263 890 265 890 266 890 267 890 269 890 285 885 301 879 309 885 317 892 319 892 320 892 321 892 350 885 359 883 363 885 379 893 381 893 382 893 424 886 447 882 476 886 498 890 499 890 522 887 548 883 569 887 617 898 618 898 620 898 621 898 635 889 654 898 656 898 657 898 658 898 660 898 675 889 676 889 687 898 687 900 689 900 690 900 691 900 693 900 711 892 741 900 743 900 744 900 745 900 778 890 783 889 784 890 796 901 796 903 798 903 799 903 854 904 856 904 973 892 975 882 975 838 952 831 951 831 950 831 948 831 930 838 904 850 872 850 861 838 859 836 859 835 857 835 856 835 854 835 853 835 852 835 848 838 830 847 689 846 676 836 664 827 662 827 661 827 660 827 658 827 628 836 621 838 615 836 600 829 599 829 598 829 596 829 578 835 549 821 548 821 546 821 499 828 490 820 488 820 487 820 381 817 379 817 378 817 330 829 298 821 296 821 295 821 294 821 292 821 292 822 280 832 258 814 256 814 255 814 254 814 252 814 227 824 218 816 218 814 216 814 215 814 214 814 212 814 211 814 186 832 185 832 122 832 122 867"/></Shape>
	    <String CONTENT="حقيقت کاراست به نوعی ادا شود که پهيچ کس را از دوست"
                    HPOS="121"
                    VPOS="814"
                    WIDTH="854"
                    HEIGHT="90"
                    WC="0.8960671085119247"></String>
          </TextLine>

          
          
          <TextLine ID="eSc_line_ac7050b5"
                    TAGREFS="LT4837"
                    BASELINE="124 937 970 956" 
                    HPOS="124"
                    VPOS="886"
                    WIDTH="846"
                    HEIGHT="93">
            <Shape><Polygon POINTS="124 937 124 947 183 947 189 950 220 962 222 962 223 962 225 962 226 962 237 954 254 965 255 965 256 965 258 965 259 965 294 952 307 965 307 966 309 966 310 966 312 966 313 966 354 952 361 951 374 952 403 958 404 958 406 958 414 954 415 952 417 954 435 969 436 969 437 969 439 970 454 970 454 969 455 969 457 969 457 967 470 955 472 954 537 955 537 956 551 967 551 969 552 969 553 969 555 969 556 969 557 969 571 956 573 956 592 956 595 958 628 972 629 972 631 972 632 972 633 972 651 959 653 958 654 959 690 974 691 974 792 977 794 977 795 977 820 970 883 979 885 979 886 979 906 970 918 979 919 979 921 979 922 979 923 979 925 979 940 965 941 965 968 965 970 956 968 915 954 922 946 915 935 904 933 904 932 904 915 904 914 904 912 904 911 904 900 914 894 919 852 921 836 914 827 908 825 908 824 908 798 912 791 914 788 912 767 901 766 901 765 901 763 901 730 912 714 916 625 916 610 911 580 900 578 900 577 900 575 900 555 909 548 914 516 914 509 909 487 894 486 894 484 894 483 894 482 894 480 894 469 903 458 894 458 893 457 893 455 893 414 892 412 892 411 892 410 892 410 893 400 901 368 890 367 890 365 890 364 890 342 898 314 890 313 890 312 890 310 890 266 904 232 887 230 887 229 887 227 887 204 893 186 886 185 886 183 886 182 886 180 886 180 887 174 894 157 886 156 886 154 886 153 886 124 901 124 937"/></Shape>
	    <String CONTENT="و دشمن بر آن سختی نه رسد و همه عالم اگر ذوق دين داشته"
                    HPOS="124"
                    VPOS="886"
                    WIDTH="846"
                    HEIGHT="93"
                    WC="0.9320160371285898"></String>
          </TextLine>

          
          
          <TextLine ID="eSc_line_586d94d9"
                    TAGREFS="LT4837"
                    BASELINE="124 1016 454 1016 969 1027" 
                    HPOS="122"
                    VPOS="963"
                    WIDTH="847"
                    HEIGHT="85">
            <Shape><Polygon POINTS="124 1016 122 1021 150 1037 151 1037 153 1037 154 1037 179 1024 185 1024 203 1024 215 1035 215 1037 216 1037 218 1037 219 1037 273 1025 278 1025 284 1027 320 1038 321 1038 323 1038 324 1038 353 1031 363 1039 364 1039 365 1039 367 1039 368 1039 370 1039 383 1030 385 1028 389 1030 407 1037 408 1037 410 1037 411 1037 412 1037 419 1031 425 1027 447 1031 479 1038 480 1038 482 1038 494 1032 506 1028 602 1028 615 1037 625 1043 627 1043 628 1043 629 1043 631 1043 647 1038 665 1031 683 1039 696 1045 697 1045 698 1045 700 1045 718 1041 744 1034 783 1042 803 1046 805 1048 872 1048 872 1046 874 1046 877 1045 894 1037 921 1046 922 1046 923 1046 925 1046 926 1046 940 1037 965 1048 969 1027 965 983 957 991 939 984 937 984 936 984 935 984 933 984 923 992 805 992 794 981 790 979 790 977 788 977 787 977 785 977 784 977 783 977 783 979 778 981 770 990 747 981 745 981 744 981 743 981 741 981 740 981 730 990 627 990 618 981 604 970 604 969 603 969 602 969 600 969 563 976 555 969 553 969 552 969 551 969 549 969 527 974 517 967 516 967 515 967 444 967 443 967 441 967 440 967 440 969 426 980 425 983 422 980 408 967 408 966 407 966 406 966 374 966 372 966 371 966 370 966 370 967 357 977 336 972 335 972 334 972 332 972 314 980 310 983 309 980 296 969 296 967 295 967 294 967 243 963 241 963 240 963 207 980 204 981 201 980 174 965 172 965 171 965 169 965 168 965 168 966 157 976 153 972 151 972 150 972 149 972 147 972 124 979 124 1016"/></Shape>
	    <String CONTENT="شند حضرت حق سبجانه و تعالی قبول اين علم در دل"
                    HPOS="122"
                    VPOS="963"
                    WIDTH="847"
                    HEIGHT="85"
                    WC="0.8976025548246171"></String>
          </TextLine>

          
          
          <TextLine ID="eSc_line_4e908b0a"
                    TAGREFS="LT4837"
                    BASELINE="127 1090 425 1093 665 1104 972 1108" 
                    HPOS="125"
                    VPOS="1042"
                    WIDTH="847"
                    HEIGHT="84">
            <Shape><Polygon POINTS="127 1090 125 1103 162 1112 164 1112 165 1112 167 1112 176 1104 182 1099 205 1104 215 1107 216 1107 218 1107 229 1106 249 1100 256 1106 259 1108 261 1108 262 1108 263 1108 285 1106 317 1101 325 1107 339 1117 341 1117 342 1117 343 1117 345 1117 364 1107 372 1103 461 1103 472 1108 484 1114 486 1114 487 1114 488 1114 501 1108 508 1106 512 1110 524 1119 526 1119 527 1119 528 1119 649 1112 690 1123 691 1123 693 1123 694 1123 737 1112 748 1110 752 1112 770 1125 772 1125 773 1125 774 1125 830 1115 857 1126 859 1126 860 1126 970 1115 972 1108 972 1070 939 1063 937 1063 936 1063 935 1063 935 1064 929 1068 925 1072 908 1068 894 1066 893 1066 878 1068 857 1071 850 1067 831 1054 830 1054 828 1054 827 1054 825 1054 794 1067 784 1070 720 1070 714 1066 689 1053 687 1053 686 1053 604 1064 588 1066 581 1063 544 1049 542 1049 483 1048 482 1048 480 1048 479 1048 464 1060 437 1048 436 1048 435 1048 388 1056 346 1045 345 1045 312 1045 310 1045 309 1045 278 1059 276 1060 270 1059 208 1042 207 1042 205 1042 127 1056 127 1090"/></Shape>
	    <String CONTENT="ايشان اندازد و ايشان بدين بكردند و اين دين را قربى"
                    HPOS="125"
                    VPOS="1042"
                    WIDTH="847"
                    HEIGHT="84"
                    WC="0.9037463301420212"></String>
          </TextLine>

          
          
          <TextLine ID="eSc_line_ff01136f"
                    TAGREFS="LT4837"
                    BASELINE="120 1161 392 1161 966 1177" 
                    HPOS="118"
                    VPOS="1108"
                    WIDTH="848"
                    HEIGHT="90">
            <Shape><Polygon POINTS="120 1161 118 1172 211 1181 212 1181 214 1181 232 1176 255 1169 294 1177 306 1180 307 1180 309 1180 313 1179 328 1172 437 1172 459 1183 462 1184 464 1184 465 1184 466 1184 468 1184 468 1183 477 1175 557 1184 559 1184 604 1177 629 1188 636 1191 638 1191 755 1194 756 1194 758 1194 762 1193 772 1187 784 1193 788 1195 790 1195 791 1195 801 1194 843 1184 854 1193 854 1194 856 1194 857 1194 859 1194 860 1194 878 1188 964 1198 966 1177 965 1141 937 1141 936 1140 910 1126 908 1126 885 1126 883 1126 882 1126 881 1126 881 1128 868 1139 842 1125 841 1125 839 1125 792 1133 769 1123 767 1123 766 1123 765 1123 731 1132 694 1122 693 1122 691 1122 690 1122 689 1122 689 1123 680 1130 668 1121 667 1121 665 1121 664 1121 662 1121 631 1132 588 1119 586 1119 585 1119 584 1119 582 1119 582 1121 570 1130 555 1118 553 1118 552 1118 551 1118 482 1129 365 1128 353 1115 353 1114 352 1114 350 1114 349 1114 348 1114 307 1125 292 1112 291 1112 290 1112 288 1112 287 1112 285 1112 266 1125 220 1117 219 1117 218 1117 204 1123 147 1108 146 1108 145 1108 143 1108 120 1119 120 1161"/></Shape>
	    <String CONTENT="بيدا شود پس از آن قائم قيامت ظهور کند و در زبان ظهوراو چند"
                    HPOS="118"
                    VPOS="1108"
                    WIDTH="848"
                    HEIGHT="90"
                    WC="0.8806895732879638"></String>
          </TextLine>

          
          
          <TextLine ID="eSc_line_68c8a03e"
                    TAGREFS="LT4837"
                    BASELINE="122 1241 448 1238 968 1252" 
                    HPOS="121"
                    VPOS="1184"
                    WIDTH="847"
                    HEIGHT="86">
            <Shape><Polygon POINTS="122 1241 121 1246 138 1257 139 1257 140 1257 142 1259 185 1259 185 1257 186 1257 187 1257 207 1245 208 1245 220 1257 220 1259 222 1259 223 1259 225 1259 226 1259 254 1245 255 1245 261 1245 312 1253 313 1253 361 1246 368 1246 370 1248 385 1260 385 1262 386 1262 388 1262 389 1263 418 1263 418 1262 419 1262 421 1262 443 1248 446 1248 469 1248 588 1249 589 1251 635 1266 636 1266 787 1267 788 1267 790 1267 817 1256 841 1268 842 1268 892 1270 893 1270 894 1270 921 1260 940 1268 941 1268 943 1268 944 1268 966 1256 968 1252 968 1215 852 1213 852 1212 819 1198 817 1198 816 1198 814 1198 813 1198 813 1199 799 1212 796 1212 783 1212 783 1210 740 1194 738 1194 737 1194 736 1194 708 1209 672 1191 671 1191 638 1191 636 1191 635 1191 600 1208 556 1188 555 1188 553 1188 552 1188 528 1201 516 1190 516 1188 515 1188 513 1188 472 1187 448 1187 447 1187 446 1187 444 1187 418 1205 359 1186 357 1186 327 1186 325 1186 324 1186 323 1186 298 1204 284 1204 277 1204 277 1202 259 1186 259 1184 258 1184 256 1184 255 1184 254 1184 226 1198 191 1187 190 1187 189 1187 122 1199 122 1241"/></Shape>
	    <String CONTENT="مردم به او بکروند که هيچ يک از سلاملين روی زنين مجال"
                    HPOS="121"
                    VPOS="1184"
                    WIDTH="847"
                    HEIGHT="86"
                    WC="0.9225209997250483"></String>
          </TextLine>

          
          
          <TextLine ID="eSc_line_b2a16f1c"
                    TAGREFS="LT4837"
                    BASELINE="121 1307 379 1307 966 1321" 
                    HPOS="120"
                    VPOS="1256"
                    WIDTH="846"
                    HEIGHT="82">
            <Shape><Polygon POINTS="121 1307 120 1313 157 1325 158 1325 160 1325 161 1325 196 1315 252 1326 254 1326 299 1318 320 1328 321 1328 323 1328 324 1328 325 1328 325 1326 335 1318 336 1318 346 1318 476 1332 477 1332 524 1324 530 1322 534 1324 562 1333 563 1333 564 1335 602 1335 602 1333 603 1333 604 1333 614 1325 617 1324 620 1325 638 1335 639 1335 718 1336 719 1336 720 1336 722 1336 731 1328 734 1326 743 1329 773 1338 774 1338 776 1338 965 1333 966 1321 965 1286 827 1286 809 1282 788 1275 787 1275 785 1275 784 1275 783 1275 776 1281 770 1285 759 1281 731 1268 730 1268 729 1268 727 1268 726 1268 712 1280 709 1282 705 1280 689 1266 687 1266 686 1266 685 1266 683 1266 682 1266 668 1275 633 1268 632 1268 631 1268 606 1277 604 1277 593 1266 593 1264 592 1264 591 1264 589 1264 588 1264 564 1275 553 1281 548 1275 535 1264 535 1263 534 1263 533 1263 495 1263 494 1263 493 1263 468 1273 458 1277 450 1273 437 1264 436 1264 435 1264 433 1264 385 1271 378 1271 374 1270 336 1259 335 1259 298 1259 296 1259 295 1259 294 1259 281 1268 270 1275 247 1267 245 1267 244 1267 243 1267 240 1267 197 1274 179 1266 160 1256 158 1256 157 1256 121 1263 121 1307"/></Shape>
	    <String CONTENT="مقاوست نماند الحمدلله که اين علم قيامت حقيقت در روزگا"
                    HPOS="120"
                    VPOS="1256"
                    WIDTH="846"
                    HEIGHT="82"
                    WC="0.9190401761036999"></String>
          </TextLine>

          
          
          <TextLine ID="eSc_line_9cbe7206"
                    TAGREFS="LT4837"
                    BASELINE="100 1383 454 1384 961 1397" 
                    HPOS="100"
                    VPOS="1326"
                    WIDTH="861"
                    HEIGHT="90">
            <Shape><Polygon POINTS="100 1383 100 1394 353 1393 371 1401 378 1405 379 1405 381 1407 418 1407 418 1405 419 1405 421 1405 424 1402 430 1397 461 1404 470 1405 472 1405 473 1405 476 1404 493 1396 613 1396 624 1408 625 1408 625 1409 627 1409 628 1409 727 1412 729 1412 730 1412 736 1411 760 1400 778 1411 778 1412 780 1412 781 1412 783 1412 784 1412 785 1412 785 1411 806 1400 874 1413 883 1415 885 1416 959 1416 961 1397 959 1355 936 1355 935 1354 919 1342 919 1340 918 1340 917 1340 915 1340 914 1340 879 1354 872 1354 799 1354 795 1353 773 1338 772 1338 770 1338 769 1338 767 1338 734 1351 731 1353 731 1351 715 1338 715 1336 714 1336 712 1336 711 1336 709 1336 664 1350 660 1351 635 1351 635 1350 620 1336 620 1335 618 1335 617 1335 615 1335 555 1347 544 1338 544 1336 542 1336 541 1336 515 1333 491 1333 490 1333 488 1333 487 1333 473 1346 446 1332 444 1332 443 1332 368 1339 360 1332 360 1331 359 1331 357 1331 334 1331 332 1331 331 1331 330 1331 313 1346 280 1346 243 1328 241 1328 240 1328 238 1328 208 1342 165 1326 164 1326 162 1326 161 1326 100 1342 100 1383"/></Shape>
	    <String CONTENT="به مرتبه رسيده که هر که می شنود محال سخن النگار نه دارد و الگر"
                    HPOS="100"
                    VPOS="1326"
                    WIDTH="861"
                    HEIGHT="90"
                    WC="0.8704728719688231"></String>
          </TextLine>

          
          
          <TextLine ID="eSc_line_089f5a8e"
                    TAGREFS="LT4837"
                    BASELINE="106 1456 528 1460 961 1473" 
                    HPOS="104"
                    VPOS="1404"
                    WIDTH="857"
                    HEIGHT="87">
            <Shape><Polygon POINTS="106 1456 104 1470 203 1477 204 1477 229 1471 258 1466 283 1473 285 1473 287 1473 288 1473 312 1473 462 1469 499 1469 505 1474 513 1481 513 1483 515 1483 516 1483 517 1483 553 1476 571 1471 586 1476 603 1480 604 1480 606 1480 607 1480 609 1480 614 1476 618 1473 624 1476 644 1485 646 1485 777 1488 778 1488 823 1478 834 1488 834 1489 835 1489 836 1489 889 1491 890 1491 959 1478 961 1473 961 1431 929 1427 928 1427 926 1427 925 1427 922 1430 917 1436 901 1430 889 1426 888 1426 886 1426 859 1430 823 1434 802 1429 772 1420 770 1420 769 1420 767 1420 766 1420 756 1429 754 1430 749 1429 741 1425 740 1425 738 1425 737 1425 726 1427 714 1431 705 1427 678 1413 676 1413 675 1413 673 1413 647 1427 640 1431 609 1431 595 1426 551 1412 549 1412 447 1409 446 1409 444 1409 425 1419 390 1408 389 1408 388 1408 386 1408 361 1418 346 1408 345 1408 343 1408 342 1408 341 1408 310 1422 307 1425 255 1425 249 1422 222 1412 220 1412 219 1412 194 1413 187 1405 186 1405 186 1404 185 1404 183 1404 182 1404 180 1404 136 1420 133 1420 106 1420 106 1456"/></Shape>
	    <String CONTENT="نگران در مقام اقراراند اميد که به نهايت رسد اين کره"
                    HPOS="104"
                    VPOS="1404"
                    WIDTH="857"
                    HEIGHT="87"
                    WC="0.892448390231413"></String>
          </TextLine>

          
          
          <TextLine ID="eSc_line_d869683e"
                    TAGREFS="LT4837"
                    BASELINE="103 1529 501 1535 738 1547 959 1545" 
                    HPOS="103"
                    VPOS="1481"
                    WIDTH="856"
                    HEIGHT="90">
            <Shape><Polygon POINTS="103 1529 103 1553 125 1546 139 1553 143 1556 145 1556 146 1556 147 1556 149 1556 151 1553 158 1549 174 1553 180 1556 182 1556 183 1556 194 1554 209 1550 222 1554 241 1560 243 1560 244 1560 245 1560 265 1554 290 1546 314 1554 341 1563 342 1563 343 1563 345 1563 346 1563 359 1554 371 1547 395 1547 401 1554 410 1563 410 1564 411 1564 412 1564 414 1565 430 1565 430 1564 432 1564 433 1564 433 1563 441 1554 448 1549 477 1549 493 1554 509 1561 511 1561 512 1561 513 1561 531 1554 538 1553 546 1554 593 1567 595 1567 596 1567 647 1556 657 1553 661 1556 672 1565 673 1565 675 1565 799 1571 801 1571 958 1556 959 1545 957 1506 719 1507 702 1503 685 1498 683 1498 682 1498 628 1500 599 1488 598 1488 596 1488 595 1488 564 1502 557 1505 534 1505 530 1502 512 1487 511 1487 509 1487 397 1484 396 1484 395 1484 364 1499 361 1500 353 1499 324 1495 313 1484 313 1483 312 1483 310 1483 220 1481 219 1481 218 1481 216 1481 200 1494 156 1484 154 1484 153 1484 103 1496 103 1529"/></Shape>
	    <String CONTENT="ز صف نشينان ديوان تقرب هبر هنگان بارگاه محرمت اند"
                    HPOS="103"
                    VPOS="1481"
                    WIDTH="856"
                    HEIGHT="90"
                    WC="0.9120368410129936"></String>
          </TextLine>

          
        </TextBlock>
        
        <TextBlock HPOS="528"
                   VPOS="44"
                   WIDTH="93"
                   HEIGHT="59"
                   ID="eSc_textblock_d9b83358"
                   TAGREFS="BT16093">
          <Shape><Polygon POINTS="578 44 621 55 610 103 528 81 540 49 578 44"/></Shape>
          
          
          <TextLine ID="eSc_line_820b0e59"
                    TAGREFS="LT4837"
                    BASELINE="555 73 604 73" 
                    HPOS="555"
                    VPOS="45"
                    WIDTH="49"
                    HEIGHT="50">
            <Shape><Polygon POINTS="596 48 584 45 555 45 555 46 555 73 555 82 603 95 604 73 603 49 596 48"/></Shape>
	    <String CONTENT=""
                    HPOS="555"
                    VPOS="45"
                    WIDTH="49"
                    HEIGHT="50"></String>
          </TextLine>

          
        </TextBlock>
        

        
      </PrintSpace>
    </Page>
  </Layout>
</alto>
