<?xml version="1.0" encoding="UTF-8"?>
<alto xmlns:xsi="http://www.w3.org/2001/XMLSchema-instance"
      xmlns="http://www.loc.gov/standards/alto/ns-v4#"
      xsi:schemaLocation="http://www.loc.gov/standards/alto/ns-v4# http://www.loc.gov/standards/alto/v4/alto-4-2.xsd">
  <Description>
    <MeasurementUnit>pixel</MeasurementUnit>
    <sourceImageInformation>
      <fileName>Rasail086.jpg</fileName>
      
    </sourceImageInformation>
  </Description>
  
  <Tags>
    <OtherTag ID="BT16094" LABEL="default" DESCRIPTION="block type default"/><OtherTag ID="BT16093" LABEL="NumberingZone:page" DESCRIPTION="block type NumberingZone:page"/><OtherTag ID="BT16092" LABEL="MarginTextZone:note" DESCRIPTION="block type MarginTextZone:note"/><OtherTag ID="BT16091" LABEL="TitlePageZone" DESCRIPTION="block type TitlePageZone"/><OtherTag ID="BT16090" LABEL="QuireMarksZone:catchwords" DESCRIPTION="block type QuireMarksZone:catchwords"/><OtherTag ID="BT16089" LABEL="NumberingZone:other" DESCRIPTION="block type NumberingZone:other"/><OtherTag ID="BT16088" LABEL="NumberingZone" DESCRIPTION="block type NumberingZone"/><OtherTag ID="BT16087" LABEL="MarginTextZone" DESCRIPTION="block type MarginTextZone"/><OtherTag ID="BT16086" LABEL="MainZone" DESCRIPTION="block type MainZone"/><OtherTag ID="BT16085" LABEL="DigitizationArtefactZone" DESCRIPTION="block type DigitizationArtefactZone"/><OtherTag ID="BT2" LABEL="Main" DESCRIPTION="block type Main"/><OtherTag ID="BT1" LABEL="Title" DESCRIPTION="block type Title"/>
    <OtherTag ID="LT4837" LABEL="DefaultLine" DESCRIPTION="line type DefaultLine"/><OtherTag ID="LT4838" LABEL="default" DESCRIPTION="line type default"/><OtherTag ID="LT4839" LABEL="HeadingLine:title" DESCRIPTION="line type HeadingLine:title"/>
  </Tags>
  
  <Layout>
    <Page WIDTH="1207"
          HEIGHT="1728"
          PHYSICAL_IMG_NR="114"
          ID="eSc_dummypage_">
      <PrintSpace HPOS="0"
                  VPOS="0"
                  WIDTH="1207"
                  HEIGHT="1728">
        
        <TextBlock HPOS="120"
                   VPOS="172"
                   WIDTH="1029"
                   HEIGHT="1479"
                   ID="eSc_textblock_72ffbfaa"
                   TAGREFS="BT16086">
          <Shape><Polygon POINTS="661 172 993 172 1149 201 1143 1611 1080 1651 161 1651 120 1601 167 920 172 334 155 316 178 286 172 236 201 190 661 172"/></Shape>
          
          
          <TextLine ID="eSc_line_aeeed74c"
                    TAGREFS="LT4837"
                    BASELINE="273 250 897 237" 
                    HPOS="270"
                    VPOS="191"
                    WIDTH="627"
                    HEIGHT="91">
            <Shape><Polygon POINTS="273 250 273 282 306 282 306 280 308 280 309 280 344 266 375 277 377 277 378 277 380 277 411 264 440 277 443 277 445 277 446 277 453 276 509 263 548 272 550 272 551 272 553 272 563 264 576 273 577 275 579 275 580 275 581 275 685 273 687 273 688 273 691 270 705 262 730 269 733 270 734 270 736 270 737 270 741 269 772 257 806 267 818 270 819 270 820 270 822 270 833 267 861 257 869 266 872 267 872 269 874 269 875 269 877 269 897 264 897 237 894 201 848 191 846 191 845 191 815 203 812 203 808 203 761 195 760 195 759 195 757 195 746 204 743 205 697 205 697 204 685 195 684 195 682 195 681 195 612 207 607 207 606 207 596 198 596 197 594 197 593 197 548 194 547 194 545 194 544 194 524 208 522 208 481 195 479 195 478 195 442 197 440 197 439 197 422 207 411 198 411 197 410 197 409 197 407 197 325 200 270 213 273 250"/></Shape>
	    <String CONTENT="در اشارت بدوزخ و درهای دوزخ دزبانه دوزخ"
                    HPOS="270"
                    VPOS="191"
                    WIDTH="627"
                    HEIGHT="91"
                    WC="0.8841279592269506"></String>
          </TextLine>

          
          
          <TextLine ID="eSc_line_b459d7d3"
                    TAGREFS="LT4837"
                    BASELINE="224 325 557 316 1026 315" 
                    HPOS="223"
                    VPOS="272"
                    WIDTH="803"
                    HEIGHT="83">
            <Shape><Polygon POINTS="224 325 227 355 240 347 269 352 270 352 272 352 295 339 309 348 311 348 312 348 313 348 315 348 334 341 352 354 354 354 355 354 357 354 358 354 360 354 360 352 375 338 436 345 437 345 489 338 519 351 521 351 522 352 543 352 543 351 544 351 545 351 545 349 558 338 604 348 606 348 607 348 609 348 609 347 617 338 638 349 639 349 640 349 642 349 643 349 645 349 645 348 658 335 826 338 846 348 848 348 849 348 944 341 1025 347 1026 315 1024 275 979 272 977 272 976 272 975 272 975 273 972 275 962 286 921 288 888 288 872 277 871 276 869 276 868 276 867 276 865 276 864 276 861 277 846 288 780 280 774 280 773 280 772 280 770 280 754 290 659 290 643 283 622 276 620 276 619 276 617 276 596 285 593 286 593 285 584 277 584 276 583 276 581 276 550 276 548 276 547 276 545 276 532 286 527 290 495 290 492 288 478 277 476 277 475 277 433 277 432 277 430 277 429 277 416 289 394 277 393 277 355 277 354 277 352 277 319 292 316 295 298 295 296 293 283 280 283 279 282 279 280 279 246 279 244 279 243 279 241 279 223 290 224 325"/></Shape>
	    <String CONTENT="بدانکه دوزخ عبارت است از باطل و فناد الم دوزخی"
                    HPOS="223"
                    VPOS="272"
                    WIDTH="803"
                    HEIGHT="83"
                    WC="0.8682897252881009"></String>
          </TextLine>

          
          
          <TextLine ID="eSc_line_e8f1df4d"
                    TAGREFS="LT4837"
                    BASELINE="241 404 504 396 1103 394" 
                    HPOS="240"
                    VPOS="347"
                    WIDTH="863"
                    HEIGHT="85">
            <Shape><Polygon POINTS="241 404 244 430 257 420 272 429 275 430 276 430 277 430 279 430 282 429 303 419 357 419 365 427 368 429 368 430 370 430 371 430 373 430 374 430 386 427 416 419 426 426 433 432 434 432 436 432 437 432 439 432 456 426 482 417 554 424 623 430 625 430 626 430 627 430 627 429 636 423 639 419 648 421 663 429 665 429 666 429 712 421 783 429 784 429 786 429 816 419 832 414 846 419 878 427 880 427 881 427 937 419 1015 427 1016 427 1018 427 1044 420 1088 426 1090 426 1091 426 1093 426 1093 424 1103 414 1103 394 1098 361 911 362 904 361 862 347 861 347 859 347 858 347 856 347 856 348 848 355 835 348 833 348 832 348 831 348 829 348 828 348 828 349 818 360 792 352 790 352 789 352 787 352 786 352 774 361 769 365 747 365 743 361 727 348 725 348 724 348 723 348 694 351 692 351 691 351 691 352 681 361 678 365 651 365 646 361 632 349 630 349 629 349 535 349 534 349 532 349 531 349 515 361 509 365 498 361 463 349 462 349 460 349 391 351 390 351 388 351 380 360 365 354 364 354 362 354 361 354 360 354 360 355 352 361 347 367 240 362 241 404"/></Shape>
	    <String CONTENT="عبارت اسعت از ايل باطل و ابل فنادايل الم ودرهای"
                    HPOS="240"
                    VPOS="347"
                    WIDTH="863"
                    HEIGHT="85"
                    WC="0.8446753811328969"></String>
          </TextLine>

          
          
          <TextLine ID="eSc_line_37a9747f"
                    TAGREFS="LT4837"
                    BASELINE="205 468 868 469 1104 476" 
                    HPOS="204"
                    VPOS="420"
                    WIDTH="900"
                    HEIGHT="78">
            <Shape><Polygon POINTS="205 468 204 482 237 493 239 493 240 493 374 485 400 495 401 495 403 495 473 485 476 485 478 485 508 495 509 495 511 496 576 496 576 495 577 495 596 486 626 493 627 493 629 493 630 493 652 488 663 496 665 496 666 496 668 496 715 486 717 486 718 486 730 496 731 496 733 496 734 496 736 496 770 488 776 486 786 488 865 498 867 498 1103 489 1104 476 1104 439 1044 430 1042 430 1041 430 1039 430 1031 436 1018 426 1018 424 1016 424 1015 424 1013 424 1012 424 986 436 972 424 970 424 969 424 967 424 966 424 920 436 848 430 846 430 845 430 844 430 835 437 833 437 828 437 747 426 746 426 744 426 743 426 743 427 738 430 728 423 727 423 725 423 724 423 723 423 704 433 694 426 692 426 691 426 689 426 688 426 648 436 646 436 645 436 567 421 566 421 564 421 534 436 458 436 437 421 436 421 434 421 345 421 344 421 342 421 324 430 301 420 299 420 298 420 233 421 231 421 205 433 205 468"/></Shape>
	    <String CONTENT="دوزخ نيزهفت انده چنانچه در قران آمده لها سبع الواب"
                    HPOS="204"
                    VPOS="420"
                    WIDTH="900"
                    HEIGHT="78"
                    WC="0.8752000074760586"></String>
          </TextLine>

          
          
          <TextLine ID="eSc_line_2a9b92f3"
                    TAGREFS="LT4837"
                    BASELINE="218 544 688 541 1104 552" 
                    HPOS="217"
                    VPOS="493"
                    WIDTH="887"
                    HEIGHT="85">
            <Shape><Polygon POINTS="218 544 217 552 313 555 351 568 352 568 354 568 355 568 357 568 373 557 375 555 393 558 433 564 434 564 436 564 455 560 465 557 468 560 483 573 485 573 486 573 488 573 489 573 515 561 534 570 535 570 537 570 538 570 557 563 568 557 580 563 589 567 590 567 591 567 593 567 600 563 612 557 679 558 692 565 708 574 710 574 711 574 746 567 766 563 783 568 806 576 808 576 809 576 846 570 855 568 869 570 911 576 913 576 914 576 924 571 930 568 933 571 939 577 940 577 941 577 943 578 1070 578 1070 577 1071 577 1073 577 1074 576 1081 568 1100 576 1104 552 1100 501 1048 522 1005 522 990 508 990 506 989 506 988 506 986 506 985 506 983 506 966 521 926 521 914 511 914 509 913 509 911 509 910 509 908 509 878 518 867 508 867 506 865 506 864 506 862 506 831 509 829 509 828 509 828 511 819 519 795 506 793 506 792 506 790 506 766 518 724 511 723 511 721 511 702 518 691 505 682 498 682 496 681 496 679 496 610 495 511 495 509 495 508 495 506 495 506 496 494 508 482 516 452 508 440 505 439 505 437 505 420 508 396 514 390 509 371 493 370 493 368 493 367 493 365 493 364 493 364 495 348 509 318 498 316 498 315 498 313 498 312 498 312 499 301 509 299 512 265 514 254 511 233 502 231 502 230 502 229 502 227 502 218 506 218 544"/></Shape>
	    <String CONTENT="ل بابنهم جز و مقسوم يعنی مرددو زرخ راست"
                    HPOS="217"
                    VPOS="493"
                    WIDTH="887"
                    HEIGHT="85"
                    WC="0.8744724362324445"></String>
          </TextLine>

          
          
          <TextLine ID="eSc_line_ee56dd4e"
                    TAGREFS="LT4837"
                    BASELINE="184 614 417 612 1104 623" 
                    HPOS="184"
                    VPOS="567"
                    WIDTH="920"
                    HEIGHT="79">
            <Shape><Polygon POINTS="184 614 184 635 233 635 233 633 234 633 265 622 276 629 277 629 279 629 280 629 337 623 370 636 371 636 373 636 374 636 375 636 391 626 460 636 462 636 463 636 465 636 465 635 478 624 544 637 545 637 547 637 581 626 638 635 639 635 704 629 734 639 736 639 737 639 738 639 777 629 790 640 790 642 792 642 793 642 795 642 800 642 887 630 911 643 913 643 914 643 916 643 917 643 918 643 933 633 953 643 954 643 956 643 957 643 988 632 1001 643 1001 645 1002 645 1003 645 1005 646 1103 646 1104 623 1104 597 980 594 953 576 952 576 950 576 949 576 947 576 914 593 841 581 839 581 838 581 812 591 799 580 797 580 796 580 795 580 736 584 723 574 723 573 721 573 720 573 684 571 682 571 606 577 604 577 603 577 589 588 563 570 561 570 560 570 531 570 530 570 528 570 527 570 512 581 496 570 495 570 494 570 492 570 491 570 489 570 489 571 473 586 427 568 426 568 381 568 380 568 378 568 377 568 358 581 342 568 342 567 341 567 339 567 338 567 337 567 311 578 279 570 277 570 276 570 275 570 253 578 234 570 233 570 231 570 230 570 229 570 229 571 214 584 184 584 184 614"/></Shape>
	    <String CONTENT="بفت درکهد هر دری از آن در بخشی مقرر شده و اين"
                    HPOS="184"
                    VPOS="567"
                    WIDTH="920"
                    HEIGHT="79"
                    WC="0.8851913161899733"></String>
          </TextLine>

          
          
          <TextLine ID="eSc_line_2b62f775"
                    TAGREFS="LT4837"
                    BASELINE="185 681 698 681 1106 692" 
                    HPOS="184"
                    VPOS="633"
                    WIDTH="922"
                    HEIGHT="81">
            <Shape><Polygon POINTS="185 681 184 686 223 705 224 705 226 707 305 707 305 705 306 705 308 705 316 696 348 707 350 707 351 707 352 707 390 695 465 708 466 708 468 708 469 708 486 694 555 692 570 692 571 692 617 709 619 709 620 709 622 709 623 709 642 695 649 701 649 702 651 702 652 702 653 702 655 702 678 694 679 694 692 701 694 701 695 701 776 695 784 695 795 695 888 705 890 705 891 705 907 696 908 696 910 696 952 712 953 712 1051 714 1052 714 1054 714 1104 699 1106 692 1106 662 865 653 864 653 862 653 855 656 845 659 833 655 813 648 812 648 810 648 779 652 759 639 757 639 756 639 754 639 753 639 751 639 728 653 727 655 724 653 712 645 711 645 710 645 708 645 707 645 688 652 682 655 676 652 648 637 646 637 558 636 557 636 555 636 554 636 547 643 532 636 531 636 530 636 528 636 501 648 483 655 452 655 437 646 414 635 413 635 411 635 410 635 409 635 390 646 384 649 367 645 362 645 361 645 360 645 358 645 342 653 325 645 311 637 309 637 308 637 306 637 292 643 286 646 282 643 269 633 267 633 266 633 265 633 185 640 185 681"/></Shape>
	    <String CONTENT="گفتدر اشارت شده به هفت نعس انسانى يعنى خوا"
                    HPOS="184"
                    VPOS="633"
                    WIDTH="922"
                    HEIGHT="81"
                    WC="0.9378915443306878"></String>
          </TextLine>

          
          
          <TextLine ID="eSc_line_23b46f62"
                    TAGREFS="LT4837"
                    BASELINE="194 770 414 761 1101 768" 
                    HPOS="193"
                    VPOS="714"
                    WIDTH="908"
                    HEIGHT="80">
            <Shape><Polygon POINTS="194 770 193 790 217 790 217 789 218 789 220 789 220 787 231 777 254 789 256 789 257 789 259 789 263 789 301 780 331 787 337 789 338 789 339 789 341 789 344 787 370 774 504 781 505 781 587 774 636 783 646 784 648 784 649 784 655 783 668 779 672 783 682 792 684 792 685 792 687 793 733 793 733 792 734 792 736 792 736 790 746 781 753 776 776 776 790 780 815 790 816 790 818 790 861 780 872 777 880 780 911 793 913 793 914 794 1041 794 1041 793 1042 793 1100 776 1101 768 1096 722 1078 735 1054 735 1041 724 1039 722 1039 721 1038 721 1037 721 1035 721 1034 721 1032 721 1029 724 1021 730 1012 724 1002 717 1001 717 999 717 998 717 996 717 983 724 963 735 884 735 859 734 849 725 838 715 836 715 835 715 833 715 832 715 831 715 819 725 808 734 789 734 764 725 730 715 728 715 727 715 671 725 661 717 659 717 658 717 613 715 612 715 610 715 587 727 560 714 558 714 557 714 555 714 554 714 538 727 537 728 535 728 522 715 522 714 521 714 519 714 518 714 473 724 403 714 401 714 400 714 398 714 398 715 384 728 347 730 316 730 315 730 292 720 290 720 289 720 194 730 194 770"/></Shape>
	    <String CONTENT="ماهير و حيال و وهم که چون اين هفته خس نابع عقل"
                    HPOS="193"
                    VPOS="714"
                    WIDTH="908"
                    HEIGHT="80"
                    WC="0.9054433768210204"></String>
          </TextLine>

          
          
          <TextLine ID="eSc_line_c77d5528"
                    TAGREFS="LT4837"
                    BASELINE="851 851 1104 858" 
                    HPOS="849"
                    VPOS="803"
                    WIDTH="255"
                    HEIGHT="82">
            <Shape><Polygon POINTS="851 851 849 868 952 882 953 882 954 882 983 874 986 874 993 874 1062 885 1064 885 1103 878 1104 858 1101 809 1071 820 1042 809 1035 806 1034 806 1032 806 1031 806 1029 806 1026 809 1009 819 965 817 957 809 952 804 952 803 950 803 949 803 914 803 913 803 911 803 910 803 903 809 894 815 851 810 851 851"/></Shape>
	    <String CONTENT="نباشند بحکم"
                    HPOS="849"
                    VPOS="803"
                    WIDTH="255"
                    HEIGHT="82"
                    WC="0.9162891588427804"></String>
          </TextLine>

          
          
          <TextLine ID="eSc_line_1d8da170"
                    TAGREFS="LT4837"
                    BASELINE="178 842 396 836 707 840" 
                    HPOS="177"
                    VPOS="781"
                    WIDTH="530"
                    HEIGHT="80">
            <Shape><Polygon POINTS="178 842 177 861 282 861 282 859 283 859 285 859 299 848 322 859 324 859 325 859 326 859 328 859 329 859 352 846 383 856 384 856 386 856 387 856 411 846 545 849 553 858 554 858 554 859 555 859 557 859 558 859 560 859 563 858 584 846 704 856 707 840 705 800 633 800 632 799 597 781 596 781 547 781 545 781 544 781 543 781 525 797 502 781 501 781 499 781 442 781 440 781 439 781 404 796 397 800 378 800 375 796 361 783 361 781 360 781 358 781 357 781 355 781 354 781 335 796 329 800 253 800 244 794 217 781 216 781 214 781 213 781 178 793 178 842"/></Shape>
	    <String CONTENT="نمايند بلکه به مقتضای طبيعت چيونی"
                    HPOS="177"
                    VPOS="781"
                    WIDTH="530"
                    HEIGHT="80"
                    WC="0.9410315210169012"></String>
          </TextLine>

          
          
          <TextLine ID="eSc_line_51897b62"
                    TAGREFS="LT4837"
                    BASELINE="1029 928 1098 931" 
                    HPOS="1028"
                    VPOS="901"
                    WIDTH="70"
                    HEIGHT="53">
            <Shape><Polygon POINTS="1029 928 1028 954 1097 948 1098 931 1097 901 1029 904 1029 928"/></Shape>
	    <String CONTENT=""
                    HPOS="1028"
                    VPOS="901"
                    WIDTH="70"
                    HEIGHT="53"></String>
          </TextLine>

          
          
          <TextLine ID="eSc_line_459e8c6a"
                    TAGREFS="LT4837"
                    BASELINE="184 910 619 908 855 920" 
                    HPOS="182"
                    VPOS="858"
                    WIDTH="673"
                    HEIGHT="80">
            <Shape><Polygon POINTS="184 910 182 921 194 928 195 928 197 928 198 928 200 928 221 920 239 933 240 933 241 933 243 933 244 933 270 927 351 934 352 934 354 934 400 921 554 921 580 933 581 933 583 933 584 933 612 923 627 934 629 934 630 934 632 934 633 934 658 924 694 934 695 934 697 934 698 934 718 927 728 936 728 937 730 937 731 937 733 938 833 938 833 937 835 937 836 937 854 924 855 920 854 882 769 885 764 881 751 869 751 868 750 868 748 868 747 868 746 868 744 868 724 881 717 885 708 881 668 862 666 862 665 862 663 862 662 862 632 881 627 884 606 884 602 881 581 861 581 859 580 859 579 859 577 859 524 865 514 858 512 858 511 858 509 858 404 859 403 859 401 859 401 861 380 879 375 882 365 879 316 866 315 866 313 866 312 866 311 866 296 879 293 882 273 882 270 879 256 865 256 864 254 864 253 864 252 864 250 864 249 864 224 879 220 881 184 879 184 910"/></Shape>
	    <String CONTENT="خص را به طرف لذات کشش بنمايند"
                    HPOS="182"
                    VPOS="858"
                    WIDTH="673"
                    HEIGHT="80"
                    WC="0.926806148783914"></String>
          </TextLine>

          
          
          <TextLine ID="eSc_line_3cb553be"
                    TAGREFS="LT4837"
                    BASELINE="181 986 528 984 1103 1005" 
                    HPOS="180"
                    VPOS="934"
                    WIDTH="923"
                    HEIGHT="94">
            <Shape><Polygon POINTS="181 986 180 1003 236 993 250 1002 252 1002 253 1002 254 1002 390 995 403 1005 404 1005 406 1005 407 1005 458 1000 472 1012 473 1013 475 1013 476 1013 478 1013 479 1013 482 1012 517 999 557 999 579 1015 580 1016 581 1016 583 1016 584 1016 596 1015 691 1002 714 1018 715 1019 717 1019 718 1019 720 1019 721 1019 724 1018 748 1005 828 1020 838 1022 881 1023 882 1023 884 1023 888 1022 923 1010 959 1023 963 1025 965 1025 988 1026 989 1026 990 1026 992 1026 993 1025 1006 1016 1016 1025 1018 1025 1018 1026 1019 1026 1021 1026 1022 1028 1101 1028 1103 1005 1101 974 1026 961 1025 961 1024 961 1005 969 996 961 996 960 995 960 993 960 992 960 940 970 937 970 936 970 900 956 898 956 897 956 846 967 823 946 823 944 822 944 820 944 796 944 795 944 793 944 753 964 736 956 734 956 733 956 731 956 715 961 697 943 697 941 695 941 694 941 544 938 543 938 541 938 501 956 470 936 469 936 468 936 466 936 426 941 397 934 396 934 394 934 393 934 391 934 361 956 256 954 220 940 218 940 217 940 216 940 181 950 181 986"/></Shape>
	    <String CONTENT="بر لذاتفانی و ظلمات شموانی را غبه گردانند و ان"
                    HPOS="180"
                    VPOS="934"
                    WIDTH="923"
                    HEIGHT="94"
                    WC="0.9149895621382672"></String>
          </TextLine>

          
          
          <TextLine ID="eSc_line_a16e3b6d"
                    TAGREFS="LT4837"
                    BASELINE="180 1059 426 1059 998 1081 1104 1078" 
                    HPOS="178"
                    VPOS="1005"
                    WIDTH="926"
                    HEIGHT="102">
            <Shape><Polygon POINTS="180 1059 178 1068 194 1080 195 1080 197 1080 234 1082 236 1082 237 1082 239 1082 246 1077 256 1084 257 1084 259 1084 260 1084 262 1084 285 1075 290 1081 292 1081 293 1081 295 1081 386 1074 420 1077 432 1088 432 1090 433 1090 434 1090 436 1090 437 1090 481 1078 518 1085 519 1085 521 1085 522 1085 530 1080 544 1092 545 1092 547 1092 579 1094 580 1094 581 1094 607 1081 636 1081 652 1094 653 1094 655 1094 656 1094 658 1094 692 1084 721 1098 723 1098 724 1098 839 1088 862 1103 864 1103 865 1103 867 1103 943 1091 967 1105 969 1105 970 1105 1008 1107 1009 1107 1103 1094 1104 1078 1100 1032 1051 1045 975 1045 937 1029 927 1026 926 1026 924 1026 923 1026 921 1026 917 1029 903 1038 878 1029 877 1029 875 1029 874 1029 829 1039 805 1039 792 1028 784 1022 783 1022 782 1022 780 1022 779 1022 777 1022 770 1028 760 1035 748 1028 737 1020 736 1020 734 1020 733 1020 731 1020 730 1020 720 1026 717 1028 715 1026 710 1022 710 1020 708 1020 707 1020 671 1019 669 1019 668 1019 666 1019 656 1026 648 1033 638 1026 629 1019 627 1019 626 1019 625 1019 623 1019 609 1026 607 1026 606 1026 593 1016 591 1016 590 1016 589 1016 587 1016 570 1025 566 1028 563 1025 553 1018 551 1018 550 1018 548 1018 547 1018 545 1018 537 1025 531 1031 506 1031 501 1025 491 1015 491 1013 489 1013 488 1013 486 1013 422 1023 400 1026 367 1026 362 1023 347 1009 345 1009 344 1009 342 1009 279 1022 277 1022 276 1022 259 1006 257 1006 256 1006 210 1005 208 1005 207 1005 180 1018 180 1059"/></Shape>
	    <String CONTENT="شخصكات دوزخ فناد ألموحالي رسلة لس أن"
                    HPOS="178"
                    VPOS="1005"
                    WIDTH="926"
                    HEIGHT="102"
                    WC="0.9243186539725253"></String>
          </TextLine>

          
          
          <TextLine ID="eSc_line_05dbb658"
                    TAGREFS="LT4837"
                    BASELINE="174 1144 466 1143 1111 1154" 
                    HPOS="172"
                    VPOS="1091"
                    WIDTH="939"
                    HEIGHT="89">
            <Shape><Polygon POINTS="174 1144 172 1159 182 1167 182 1169 184 1169 185 1169 187 1169 240 1157 276 1169 277 1169 279 1169 280 1169 301 1159 303 1157 368 1157 377 1160 393 1166 394 1166 396 1166 452 1162 491 1159 505 1163 537 1173 538 1173 540 1173 597 1164 622 1162 640 1166 674 1175 675 1175 676 1175 678 1175 700 1167 711 1163 724 1167 740 1175 741 1175 743 1175 744 1175 746 1175 753 1169 759 1163 779 1169 806 1177 808 1177 809 1179 982 1179 982 1177 983 1177 985 1177 990 1175 999 1169 1009 1175 1021 1180 1022 1180 1024 1180 1110 1176 1111 1154 1107 1114 1096 1124 1041 1124 1012 1113 998 1107 996 1107 995 1107 993 1107 992 1107 985 1111 969 1123 933 1123 920 1110 913 1104 911 1104 910 1104 908 1104 907 1104 905 1104 900 1110 887 1121 813 1121 809 1114 808 1114 808 1113 806 1113 805 1113 803 1113 766 1118 757 1111 757 1110 756 1110 754 1110 753 1110 751 1110 723 1118 679 1105 651 1095 649 1095 579 1094 577 1094 576 1094 554 1103 541 1107 532 1101 521 1094 519 1094 518 1094 445 1092 443 1092 442 1092 417 1098 393 1105 383 1098 374 1091 373 1091 371 1091 370 1091 368 1091 351 1097 321 1110 285 1110 260 1100 259 1100 257 1100 256 1100 233 1111 204 1094 203 1092 201 1092 200 1092 198 1092 174 1092 174 1144"/></Shape>
	    <String CONTENT="مفت حسس بسبت به آن شخص به هزله هفته در دو ترخ"
                    HPOS="172"
                    VPOS="1091"
                    WIDTH="939"
                    HEIGHT="89"
                    WC="0.9498423363851465"></String>
          </TextLine>

          
          
          <TextLine ID="eSc_line_7d6ee757"
                    TAGREFS="LT4837"
                    BASELINE="167 1213 527 1212 1109 1231" 
                    HPOS="165"
                    VPOS="1157"
                    WIDTH="944"
                    HEIGHT="97">
            <Shape><Polygon POINTS="167 1213 165 1225 221 1235 223 1235 224 1235 226 1235 226 1234 233 1228 240 1221 253 1228 263 1234 265 1234 266 1234 267 1234 269 1234 275 1229 282 1225 298 1229 326 1238 328 1238 329 1238 331 1238 347 1231 351 1229 355 1232 371 1238 373 1238 374 1238 375 1238 377 1238 377 1236 383 1232 393 1224 512 1225 543 1236 544 1236 545 1236 547 1236 577 1228 587 1238 591 1242 591 1244 593 1244 594 1244 596 1244 597 1244 599 1244 606 1239 623 1229 666 1241 672 1242 674 1242 675 1242 676 1242 679 1241 708 1231 728 1238 730 1238 731 1238 777 1232 789 1245 792 1247 792 1248 793 1248 795 1248 796 1248 825 1245 911 1238 944 1249 949 1251 950 1251 1106 1254 1109 1231 1109 1196 1075 1180 1074 1180 1073 1180 1071 1180 1070 1180 1050 1195 1006 1195 944 1173 943 1173 941 1173 940 1173 881 1192 851 1192 832 1173 832 1172 831 1172 829 1172 828 1172 826 1172 779 1189 697 1188 671 1167 669 1167 668 1167 666 1167 665 1167 663 1167 646 1182 635 1173 633 1173 632 1173 630 1173 629 1173 607 1185 554 1176 553 1176 551 1176 532 1183 521 1173 521 1172 519 1172 518 1172 517 1172 473 1175 449 1162 447 1162 319 1160 318 1160 316 1160 286 1175 257 1157 256 1157 254 1157 220 1157 218 1157 217 1157 216 1157 195 1173 167 1175 167 1213"/></Shape>
	    <String CONTENT="باشد بدانکه زبانه دوزخ نوده اسعت ا چنانچه در قرآن"
                    HPOS="165"
                    VPOS="1157"
                    WIDTH="944"
                    HEIGHT="97"
                    WC="0.8886793375015258"></String>
          </TextLine>

          
          
          <TextLine ID="eSc_line_ab56923f"
                    TAGREFS="LT4837"
                    BASELINE="168 1287 1114 1304" 
                    HPOS="167"
                    VPOS="1235"
                    WIDTH="947"
                    HEIGHT="95">
            <Shape><Polygon POINTS="168 1287 167 1304 205 1313 207 1313 237 1306 260 1301 355 1301 362 1308 368 1313 368 1314 370 1314 371 1314 404 1319 406 1320 430 1320 430 1319 432 1319 433 1319 433 1317 442 1310 445 1307 453 1310 469 1316 470 1316 472 1316 473 1316 485 1310 498 1306 560 1306 580 1313 597 1319 599 1319 600 1319 625 1313 645 1308 651 1314 659 1320 659 1321 661 1321 662 1321 720 1324 721 1324 723 1324 754 1316 772 1311 795 1316 808 1319 809 1319 820 1317 849 1311 859 1317 875 1327 877 1327 878 1327 880 1327 934 1319 966 1314 992 1320 1037 1330 1038 1330 1113 1321 1114 1304 1113 1260 1074 1267 1058 1258 1042 1249 1041 1249 1039 1249 1038 1249 1016 1258 1005 1262 993 1258 975 1249 973 1249 972 1249 970 1249 952 1257 934 1264 927 1257 918 1249 918 1248 917 1248 916 1248 841 1247 839 1247 838 1247 806 1255 795 1258 782 1255 763 1249 761 1249 760 1249 759 1249 757 1249 750 1255 740 1261 659 1261 649 1254 636 1244 635 1244 633 1244 632 1244 630 1244 596 1252 590 1254 589 1252 571 1241 570 1241 568 1241 537 1241 535 1241 534 1241 532 1241 519 1252 512 1257 350 1255 344 1249 331 1238 331 1236 329 1236 328 1236 256 1235 254 1235 168 1247 168 1287"/></Shape>
	    <String CONTENT="امدد که عليها قسعة عشر داين اشارت ب پفت ققرت"
                    HPOS="167"
                    VPOS="1235"
                    WIDTH="947"
                    HEIGHT="95"
                    WC="0.9086074402386491"></String>
          </TextLine>

          
          
          <TextLine ID="eSc_line_c00ee118"
                    TAGREFS="LT4837"
                    BASELINE="162 1372 662 1372 1109 1382" 
                    HPOS="161"
                    VPOS="1319"
                    WIDTH="948"
                    HEIGHT="80">
            <Shape><Polygon POINTS="162 1372 161 1385 223 1389 224 1389 226 1389 236 1386 262 1379 290 1388 305 1392 306 1392 308 1392 309 1392 322 1388 341 1382 362 1389 373 1392 374 1392 375 1392 377 1392 387 1389 410 1382 422 1389 427 1393 429 1393 430 1393 432 1395 466 1395 466 1393 468 1393 475 1391 491 1382 508 1391 511 1392 512 1392 514 1392 515 1392 517 1392 518 1391 530 1383 591 1391 593 1391 594 1391 596 1391 609 1382 658 1382 697 1393 705 1396 707 1396 708 1396 710 1396 715 1393 741 1383 805 1383 820 1395 820 1396 822 1396 823 1396 825 1396 826 1396 828 1396 844 1389 908 1396 920 1398 921 1398 923 1398 926 1398 963 1385 979 1398 980 1398 982 1398 1106 1399 1109 1382 1109 1347 1058 1346 1034 1326 1032 1326 1031 1326 1029 1326 1028 1326 990 1344 916 1344 890 1327 888 1327 887 1327 885 1327 884 1327 828 1343 799 1326 797 1326 796 1326 795 1326 793 1326 746 1339 728 1324 727 1324 725 1324 724 1324 723 1324 721 1324 700 1340 676 1324 675 1324 674 1324 672 1324 671 1324 630 1340 581 1321 580 1321 531 1320 430 1320 429 1320 427 1320 409 1330 391 1319 390 1319 388 1319 387 1319 350 1320 348 1320 347 1320 325 1337 295 1321 293 1321 292 1321 290 1321 289 1321 269 1337 239 1327 237 1327 236 1327 162 1336 162 1372"/></Shape>
	    <String CONTENT="شاقیکه سه انزان اصول است که قوت جاز به است و"
                    HPOS="161"
                    VPOS="1319"
                    WIDTH="948"
                    HEIGHT="80"
                    WC="0.9033706459132108"></String>
          </TextLine>

          
          
          <TextLine ID="eSc_line_4a61e842"
                    TAGREFS="LT4837"
                    BASELINE="159 1452 1114 1455" 
                    HPOS="159"
                    VPOS="1405"
                    WIDTH="955"
                    HEIGHT="68">
            <Shape><Polygon POINTS="159 1452 159 1468 308 1464 313 1468 316 1471 318 1471 319 1471 321 1471 339 1468 362 1464 381 1468 398 1471 400 1471 401 1471 414 1468 429 1464 453 1467 481 1471 482 1471 515 1467 540 1464 544 1467 548 1471 550 1471 551 1471 553 1473 615 1473 615 1471 616 1471 629 1467 636 1464 639 1467 648 1473 649 1473 651 1473 652 1473 691 1467 698 1465 700 1467 712 1473 714 1473 715 1473 717 1473 744 1465 747 1465 748 1465 764 1473 766 1473 767 1473 826 1465 833 1465 842 1465 943 1473 944 1473 946 1473 967 1465 985 1473 986 1473 988 1473 989 1473 990 1473 998 1465 1016 1473 1018 1473 1019 1473 1074 1465 1094 1473 1096 1473 1097 1473 1098 1473 1113 1464 1114 1455 1113 1419 980 1422 975 1419 967 1412 966 1412 965 1412 963 1412 962 1412 947 1419 946 1419 927 1409 926 1409 924 1409 923 1409 905 1419 901 1421 893 1419 841 1406 839 1406 838 1406 836 1406 815 1419 812 1421 805 1419 767 1409 766 1409 764 1409 763 1409 741 1418 720 1406 718 1406 678 1406 676 1406 675 1406 674 1406 674 1408 663 1416 646 1406 645 1406 643 1406 642 1406 607 1419 580 1405 579 1405 530 1405 528 1405 527 1405 525 1405 509 1419 508 1419 498 1412 496 1412 495 1412 494 1412 432 1419 419 1421 416 1419 404 1412 403 1412 401 1412 400 1412 398 1412 370 1419 365 1421 364 1419 351 1409 350 1409 348 1409 347 1409 345 1409 316 1419 313 1421 311 1419 283 1405 282 1405 247 1405 246 1405 244 1405 243 1405 224 1418 159 1419 159 1452"/></Shape>
	    <String CONTENT="رافعه و مولده وچار ديگر فرع که آن فت ماسکه و"
                    HPOS="159"
                    VPOS="1405"
                    WIDTH="955"
                    HEIGHT="68"
                    WC="0.932471141550276"></String>
          </TextLine>

          
          
          <TextLine ID="eSc_line_75f38ad3"
                    TAGREFS="LT4837"
                    BASELINE="159 1533 949 1529 1109 1535" 
                    HPOS="158"
                    VPOS="1481"
                    WIDTH="951"
                    HEIGHT="72">
            <Shape><Polygon POINTS="159 1533 159 1542 181 1553 182 1553 184 1553 250 1543 260 1542 265 1543 292 1553 293 1553 295 1553 350 1543 364 1542 406 1542 411 1545 424 1553 426 1553 427 1553 429 1553 430 1553 460 1545 468 1543 473 1545 492 1553 494 1553 495 1553 496 1553 515 1546 524 1542 531 1546 543 1552 544 1552 545 1552 576 1546 584 1545 589 1546 600 1552 602 1552 603 1552 604 1552 626 1546 649 1540 666 1548 672 1549 674 1549 675 1549 676 1549 682 1548 702 1540 838 1540 895 1549 907 1550 908 1552 1107 1552 1109 1535 1106 1496 1037 1496 1035 1496 1022 1486 1021 1486 1019 1486 1018 1486 1016 1486 1015 1486 1008 1491 998 1483 996 1483 995 1483 993 1483 898 1496 890 1497 888 1496 864 1481 862 1481 861 1481 829 1481 828 1481 826 1481 825 1481 805 1497 802 1497 761 1490 760 1490 759 1490 743 1496 727 1483 725 1483 724 1483 723 1483 721 1483 720 1483 701 1497 701 1499 674 1499 674 1497 646 1481 645 1481 643 1481 534 1481 532 1481 478 1483 476 1483 439 1499 410 1487 409 1487 407 1487 406 1487 384 1499 347 1483 345 1483 276 1483 275 1483 273 1483 272 1483 253 1499 193 1487 191 1487 190 1487 158 1499 159 1533"/></Shape>
	    <String CONTENT="ه و مميزه و مصوره و دوازده قوای آلسانی که ان"
                    HPOS="158"
                    VPOS="1481"
                    WIDTH="951"
                    HEIGHT="72"
                    WC="0.9189494954215156"></String>
          </TextLine>

          
          
          <TextLine ID="eSc_line_62d6c149"
                    TAGREFS="LT4837"
                    BASELINE="152 1611 1109 1602" 
                    HPOS="151"
                    VPOS="1552"
                    WIDTH="958"
                    HEIGHT="89">
            <Shape><Polygon POINTS="152 1611 152 1637 185 1640 187 1640 188 1640 195 1637 221 1627 236 1637 241 1641 243 1641 244 1641 246 1641 276 1637 334 1628 367 1637 374 1638 375 1638 377 1638 378 1638 384 1637 416 1625 475 1634 476 1634 478 1634 499 1624 570 1624 584 1632 586 1632 587 1632 589 1632 590 1632 613 1624 649 1635 651 1635 652 1635 653 1635 655 1635 656 1635 682 1622 741 1622 756 1635 757 1635 757 1637 759 1637 760 1637 761 1638 789 1638 789 1637 829 1635 831 1635 832 1635 832 1634 845 1624 861 1631 862 1631 864 1631 865 1631 867 1631 867 1630 877 1621 924 1634 930 1635 931 1635 933 1635 970 1634 972 1634 973 1634 986 1624 998 1634 999 1634 1001 1634 1002 1634 1109 1632 1109 1602 1107 1566 1073 1553 1071 1553 1070 1553 1068 1553 1039 1566 1038 1566 1037 1566 973 1552 972 1552 970 1552 969 1552 944 1566 943 1568 936 1566 856 1553 855 1553 854 1553 829 1566 786 1558 784 1558 783 1558 763 1568 760 1571 712 1571 710 1568 701 1560 700 1560 698 1560 697 1560 626 1569 617 1569 613 1569 568 1556 567 1556 566 1556 564 1556 538 1569 534 1571 521 1569 434 1558 433 1558 432 1558 430 1558 430 1559 419 1568 378 1559 377 1559 375 1559 350 1571 345 1572 342 1571 321 1558 319 1558 318 1558 316 1558 315 1558 289 1571 283 1573 277 1571 250 1559 249 1559 247 1559 151 1571 152 1611"/></Shape>
	    <String CONTENT="خواس شمسه ظاهراسفت وخواس خمش باطن قوت"
                    HPOS="151"
                    VPOS="1552"
                    WIDTH="958"
                    HEIGHT="89"
                    WC="0.9230477052765924"></String>
          </TextLine>

          
        </TextBlock>
        
        <TextBlock HPOS="449"
                   VPOS="63"
                   WIDTH="239"
                   HEIGHT="96"
                   ID="eSc_textblock_86607666"
                   TAGREFS="BT16093">
          <Shape><Polygon POINTS="473 63 602 69 676 97 688 131 659 159 501 131 499 90 449 84 473 63"/></Shape>
          
          
          <TextLine ID="eSc_line_73cda8a8"
                    TAGREFS="LT4837"
                    BASELINE="610 116 674 116" 
                    HPOS="610"
                    VPOS="87"
                    WIDTH="64"
                    HEIGHT="52">
            <Shape><Polygon POINTS="668 95 653 89 649 87 610 87 610 116 610 133 672 139 674 116 674 96 668 95"/></Shape>
	    <String CONTENT=""
                    HPOS="610"
                    VPOS="87"
                    WIDTH="64"
                    HEIGHT="52"></String>
          </TextLine>

          
        </TextBlock>
        
        <TextBlock HPOS="1139"
                   VPOS="11"
                   WIDTH="66"
                   HEIGHT="50"
                   ID="eSc_textblock_841cf9b2"
                   TAGREFS="BT16085">
          <Shape><Polygon POINTS="1191 11 1205 61 1139 27 1150 17 1191 11"/></Shape>
          
        </TextBlock>
        
        <TextBlock HPOS="443"
                   VPOS="5"
                   WIDTH="102"
                   HEIGHT="45"
                   ID="eSc_textblock_0500c00a"
                   TAGREFS="BT16093">
          <Shape><Polygon POINTS="456 5 522 5 545 44 460 50 443 38 456 5"/></Shape>
          
        </TextBlock>
        

        
      </PrintSpace>
    </Page>
  </Layout>
</alto>
