<?xml version="1.0" encoding="UTF-8"?>
<alto xmlns:xsi="http://www.w3.org/2001/XMLSchema-instance"
      xmlns="http://www.loc.gov/standards/alto/ns-v4#"
      xsi:schemaLocation="http://www.loc.gov/standards/alto/ns-v4# http://www.loc.gov/standards/alto/v4/alto-4-2.xsd">
  <Description>
    <MeasurementUnit>pixel</MeasurementUnit>
    <sourceImageInformation>
      <fileName>Rasail042.jpg</fileName>
      
    </sourceImageInformation>
  </Description>
  
  <Tags>
    <OtherTag ID="BT16094" LABEL="default" DESCRIPTION="block type default"/><OtherTag ID="BT16093" LABEL="NumberingZone:page" DESCRIPTION="block type NumberingZone:page"/><OtherTag ID="BT16092" LABEL="MarginTextZone:note" DESCRIPTION="block type MarginTextZone:note"/><OtherTag ID="BT16091" LABEL="TitlePageZone" DESCRIPTION="block type TitlePageZone"/><OtherTag ID="BT16090" LABEL="QuireMarksZone:catchwords" DESCRIPTION="block type QuireMarksZone:catchwords"/><OtherTag ID="BT16089" LABEL="NumberingZone:other" DESCRIPTION="block type NumberingZone:other"/><OtherTag ID="BT16088" LABEL="NumberingZone" DESCRIPTION="block type NumberingZone"/><OtherTag ID="BT16087" LABEL="MarginTextZone" DESCRIPTION="block type MarginTextZone"/><OtherTag ID="BT16086" LABEL="MainZone" DESCRIPTION="block type MainZone"/><OtherTag ID="BT16085" LABEL="DigitizationArtefactZone" DESCRIPTION="block type DigitizationArtefactZone"/><OtherTag ID="BT2" LABEL="Main" DESCRIPTION="block type Main"/><OtherTag ID="BT1" LABEL="Title" DESCRIPTION="block type Title"/>
    <OtherTag ID="LT4837" LABEL="DefaultLine" DESCRIPTION="line type DefaultLine"/><OtherTag ID="LT4838" LABEL="default" DESCRIPTION="line type default"/><OtherTag ID="LT4839" LABEL="HeadingLine:title" DESCRIPTION="line type HeadingLine:title"/>
  </Tags>
  
  <Layout>
    <Page WIDTH="1056"
          HEIGHT="1683"
          PHYSICAL_IMG_NR="70"
          ID="eSc_dummypage_">
      <PrintSpace HPOS="0"
                  VPOS="0"
                  WIDTH="1056"
                  HEIGHT="1683">
        
        <TextBlock HPOS="33"
                   VPOS="112"
                   WIDTH="920"
                   HEIGHT="1502"
                   ID="eSc_textblock_e2af836c"
                   TAGREFS="BT16086">
          <Shape><Polygon POINTS="460 112 931 145 925 649 947 757 953 1384 925 1537 936 1575 886 1608 112 1614 61 1569 33 145 73 117 460 112"/></Shape>
          
          
          <TextLine ID="eSc_line_e9ff3a78"
                    TAGREFS="LT4837"
                    BASELINE="43 180 900 187" 
                    HPOS="42"
                    VPOS="136"
                    WIDTH="858"
                    HEIGHT="84">
            <Shape><Polygon POINTS="886 141 869 148 860 152 852 148 838 141 836 141 835 141 834 141 832 141 832 143 825 148 820 154 786 154 766 148 741 143 740 143 738 143 737 143 728 148 724 151 718 148 703 141 702 141 700 141 699 141 683 148 676 152 589 152 582 148 572 141 571 141 570 141 568 141 567 141 553 148 550 150 549 148 537 138 536 138 535 138 533 138 532 138 497 147 490 150 487 147 480 141 480 140 478 140 477 140 476 140 474 140 457 145 363 137 362 137 360 137 359 137 346 147 345 148 345 147 330 137 328 137 327 137 325 137 275 144 240 137 238 137 237 137 219 147 214 148 143 148 141 147 116 136 115 136 113 136 43 145 43 180 42 200 115 214 116 215 154 215 154 214 155 214 182 203 213 215 214 215 216 215 320 214 321 214 346 204 365 213 366 213 367 213 369 213 370 213 380 206 393 215 393 217 394 217 396 217 397 217 398 217 439 206 474 217 476 217 477 217 478 217 506 206 523 217 525 217 526 217 528 217 595 210 657 218 658 218 660 218 661 218 661 217 672 207 682 214 683 214 685 214 686 214 718 207 755 220 756 220 758 220 759 220 761 220 775 208 800 220 801 220 803 220 804 220 824 211 846 220 848 220 849 220 850 220 852 220 865 208 880 215 881 215 883 215 884 215 898 207 900 187 900 147 891 141 886 141"/></Shape>
	    <String CONTENT="معرفت خود بقای جاودانی کرامت کناد به فضل و ر حملت وشت"
                    HPOS="42"
                    VPOS="136"
                    WIDTH="858"
                    HEIGHT="84"
                    WC="0.8961938867029154"></String>
          </TextLine>

          
          
          <TextLine ID="eSc_line_b553a432"
                    TAGREFS="LT4837"
                    BASELINE="574 269 897 265" 
                    HPOS="574"
                    VPOS="225"
                    WIDTH="323"
                    HEIGHT="75">
            <Shape><Polygon POINTS="574 294 676 300 678 300 679 300 707 290 717 286 723 288 741 298 742 298 744 300 773 300 773 298 775 298 776 298 776 297 789 286 792 284 841 284 849 291 849 293 850 293 852 293 853 293 897 281 897 265 895 237 879 225 877 225 876 225 874 225 769 234 758 227 756 227 755 227 754 227 714 234 679 239 669 232 668 231 667 231 665 231 664 231 662 231 661 231 661 232 652 241 594 241 574 230 574 269 574 294"/></Shape>
	    <String CONTENT="والشدد علم بالصواب"
                    HPOS="574"
                    VPOS="225"
                    WIDTH="323"
                    HEIGHT="75"
                    WC="0.8657305339972178"></String>
          </TextLine>

          
          
          <TextLine ID="eSc_line_3dc11ab3"
                    TAGREFS="LT4837"
                    BASELINE="501 401 532 398" 
                    HPOS="498"
                    VPOS="359"
                    WIDTH="35"
                    HEIGHT="70">
            <Shape><Polygon POINTS="501 401 502 427 533 429 532 398 525 359 498 371 501 401"/></Shape>
	    <String CONTENT="الحيف"
                    HPOS="498"
                    VPOS="359"
                    WIDTH="35"
                    HEIGHT="70"
                    WC="0.8015770673751831"></String>
          </TextLine>

          
          
          <TextLine ID="eSc_line_e2f5cf14"
                    TAGREFS="LT4837"
                    BASELINE="122 503 846 506" 
                    HPOS="120"
                    VPOS="448"
                    WIDTH="726"
                    HEIGHT="86">
            <Shape><Polygon POINTS="122 503 120 521 137 528 139 528 140 528 141 528 143 528 143 527 151 520 153 518 157 520 175 525 176 525 178 525 179 525 181 525 181 524 186 520 190 516 221 516 230 520 254 531 255 531 256 532 283 532 283 531 285 531 286 531 300 518 304 517 330 518 374 523 376 523 377 523 388 518 396 516 398 518 408 527 410 527 411 527 412 527 414 527 443 518 457 530 457 531 459 531 460 531 601 532 602 532 603 532 605 532 627 517 629 517 655 532 657 532 658 534 692 534 692 532 693 532 718 523 737 530 738 530 740 530 741 530 777 517 797 524 799 524 800 524 845 516 846 506 846 464 797 450 796 450 765 450 763 450 762 450 761 450 744 461 733 455 731 455 730 455 728 455 727 455 727 457 718 464 714 464 681 462 669 451 669 450 668 450 667 450 665 450 601 464 595 464 591 464 556 457 554 457 513 462 506 464 504 462 478 451 477 451 476 451 474 451 473 451 473 453 462 462 462 464 418 464 417 462 396 453 394 453 393 453 391 453 373 461 325 448 324 448 219 448 217 448 216 448 171 461 165 462 161 461 140 453 139 453 137 453 136 453 122 460 122 503"/></Shape>
	    <String CONTENT="در ذکر مراتب نفوس انسانی و فايده تعلق ايشان با"
                    HPOS="120"
                    VPOS="448"
                    WIDTH="726"
                    HEIGHT="86"
                    WC="0.9348921529624773"></String>
          </TextLine>

          
          
          <TextLine ID="eSc_line_b26283ef"
                    TAGREFS="LT4837"
                    BASELINE="202 572 660 577" 
                    HPOS="200"
                    VPOS="527"
                    WIDTH="460"
                    HEIGHT="78">
            <Shape><Polygon POINTS="202 572 200 582 341 586 346 590 360 598 362 598 363 598 365 598 396 591 412 589 424 593 446 603 447 603 546 604 547 604 549 604 558 600 582 589 595 600 596 600 598 600 599 600 601 600 619 594 629 603 629 604 630 604 631 604 633 605 658 605 660 577 660 549 641 549 641 548 623 532 622 532 620 532 619 532 617 532 589 548 586 549 547 549 543 546 483 530 481 530 480 530 478 530 440 542 425 528 424 528 422 528 396 528 394 528 393 528 366 544 351 530 351 528 349 528 348 528 346 528 345 528 327 538 317 528 317 527 315 527 314 527 313 527 311 527 292 534 259 527 258 527 256 527 255 527 231 544 230 544 202 544 202 572"/></Shape>
	    <String CONTENT="بدن و بيان خيرد شرد قضا و قدر"
                    HPOS="200"
                    VPOS="527"
                    WIDTH="460"
                    HEIGHT="78"
                    WC="0.9111767966171791"></String>
          </TextLine>

          
          
          <TextLine ID="eSc_line_5e375fb7"
                    TAGREFS="LT4837"
                    BASELINE="67 719 835 708" 
                    HPOS="66"
                    VPOS="657"
                    WIDTH="769"
                    HEIGHT="87">
            <Shape><Polygon POINTS="67 719 67 727 115 736 116 736 192 727 209 741 209 743 210 743 212 743 213 744 240 744 240 743 241 743 242 743 251 736 279 741 280 741 282 741 283 741 304 726 306 725 360 725 362 726 379 740 380 740 381 740 383 740 449 725 456 723 457 725 478 739 480 739 481 739 483 740 530 740 530 739 532 739 533 739 547 729 557 737 558 737 560 737 561 739 638 739 638 737 640 737 641 737 641 736 643 736 647 730 731 736 733 736 734 736 776 722 782 720 834 720 835 708 832 657 772 657 770 657 769 657 768 657 766 660 741 680 730 674 728 674 727 674 652 681 622 666 612 661 610 661 609 661 608 661 606 661 598 667 571 683 554 674 553 674 551 674 550 674 549 674 535 685 488 685 471 673 457 661 456 661 454 661 453 661 452 661 450 661 436 674 429 680 410 676 405 674 404 674 403 674 401 674 398 676 386 683 376 677 353 663 352 663 351 663 349 663 299 664 297 664 269 677 258 667 256 667 255 667 189 666 188 666 186 666 185 666 158 687 155 688 153 687 140 676 139 676 137 676 136 676 134 676 133 676 133 677 122 688 66 690 67 719"/></Shape>
	    <String CONTENT="بدانکه معلمان و حکما نفس آفسانی و شخصی را چهار مربه"
                    HPOS="66"
                    VPOS="657"
                    WIDTH="769"
                    HEIGHT="87"
                    WC="0.9158956546049851"></String>
          </TextLine>

          
          
          <TextLine ID="eSc_line_974feb7a"
                    TAGREFS="LT4837"
                    BASELINE="212 812 908 795" 
                    HPOS="209"
                    VPOS="739"
                    WIDTH="699"
                    HEIGHT="94">
            <Shape><Polygon POINTS="212 812 213 833 269 817 299 817 311 827 311 828 313 828 314 828 315 828 317 828 339 817 410 824 433 827 435 827 436 827 438 827 438 826 440 823 452 813 483 821 498 826 499 826 501 826 612 823 613 823 615 823 624 816 636 809 662 814 672 816 674 816 690 813 718 807 723 812 727 814 727 816 728 816 730 816 731 816 733 816 744 810 747 810 748 810 770 819 772 819 773 819 775 819 776 819 787 809 792 805 806 809 838 817 839 817 841 817 842 817 843 817 843 816 855 806 858 805 907 805 908 795 902 741 877 754 838 754 825 744 818 739 817 739 815 739 814 739 813 739 790 746 759 757 679 757 671 750 669 750 668 750 667 750 665 750 664 750 664 751 655 758 641 751 623 743 622 743 620 743 619 743 617 743 605 753 599 757 595 753 594 753 594 751 592 751 591 751 589 751 588 751 581 754 560 762 537 762 529 755 515 746 513 746 512 746 511 746 509 746 483 758 481 758 469 747 467 747 466 747 464 747 424 748 422 748 421 748 404 760 366 750 365 750 363 750 362 750 339 758 231 753 230 753 228 753 227 753 209 764 212 812"/></Shape>
	    <String CONTENT="اثات كرده اند عقل هيولى و عقل با الملك وعقل"
                    HPOS="209"
                    VPOS="739"
                    WIDTH="699"
                    HEIGHT="94"
                    WC="0.9150067228217458"></String>
          </TextLine>

          
          
          <TextLine ID="eSc_line_1a903a2c"
                    TAGREFS="LT4837"
                    BASELINE="63 883 911 870" 
                    HPOS="61"
                    VPOS="823"
                    WIDTH="850"
                    HEIGHT="83">
            <Shape><Polygon POINTS="63 883 63 893 120 906 122 906 123 906 124 906 124 904 134 893 139 893 169 889 296 889 307 891 342 903 344 903 345 903 346 903 380 891 433 901 435 901 436 901 438 901 438 900 449 890 453 886 464 890 481 896 483 896 484 896 511 890 528 886 535 890 549 899 550 899 551 899 553 900 617 900 617 899 619 899 620 899 620 897 630 889 633 887 644 889 704 897 706 897 707 897 709 897 709 896 717 889 721 883 749 883 786 883 793 887 810 896 811 896 813 896 846 894 848 894 849 894 849 893 856 887 862 880 874 887 881 890 883 890 884 890 909 886 911 870 907 835 883 835 881 835 863 823 862 823 860 823 859 823 858 823 831 835 829 837 786 837 783 837 756 827 755 827 754 827 688 838 685 838 669 827 668 827 667 827 665 827 664 827 662 827 647 838 647 840 605 840 603 840 592 828 592 827 591 827 589 827 588 827 586 827 556 835 529 827 528 827 526 827 525 827 487 841 469 828 467 828 466 828 464 828 379 841 365 830 363 830 362 830 339 830 338 830 337 830 304 844 219 845 196 845 183 834 183 833 182 833 181 833 150 833 148 833 147 833 117 845 91 835 89 835 88 835 87 835 61 845 63 883"/></Shape>
	    <String CONTENT="و عقل مستقاضى و هر يك را در عين بيان آورده اند بر ين"
                    HPOS="61"
                    VPOS="823"
                    WIDTH="850"
                    HEIGHT="83"
                    WC="0.9094483166370751"></String>
          </TextLine>

          
          
          <TextLine ID="eSc_line_689d9aec"
                    TAGREFS="LT4837"
                    BASELINE="73 956 912 943" 
                    HPOS="71"
                    VPOS="894"
                    WIDTH="841"
                    HEIGHT="86">
            <Shape><Polygon POINTS="73 956 73 964 85 973 87 973 88 973 89 973 91 973 112 963 126 977 126 978 127 978 129 978 130 980 160 980 160 978 161 978 162 978 162 977 178 962 179 962 212 969 213 969 271 960 278 960 280 960 328 976 330 976 331 976 332 976 366 963 383 974 384 974 386 974 387 974 388 974 390 974 390 973 404 959 431 973 432 973 433 973 494 959 519 969 520 969 522 969 523 969 543 957 547 956 557 957 629 971 630 971 631 971 658 960 668 969 668 970 669 970 671 970 672 971 724 971 724 970 784 969 786 969 787 969 787 967 800 955 803 952 853 952 858 955 869 963 870 963 872 963 873 963 912 953 912 943 908 908 887 908 886 908 870 894 869 894 867 894 866 894 865 894 838 908 790 900 789 900 787 900 786 900 773 910 773 911 723 911 721 911 693 899 692 899 690 899 613 903 612 903 610 903 598 914 543 914 518 900 516 900 515 900 513 900 485 908 445 900 443 900 442 900 408 911 384 903 383 903 381 903 318 906 317 906 315 906 315 907 310 911 301 904 301 903 300 903 299 903 258 903 256 903 255 903 213 918 195 904 193 904 192 904 168 904 167 904 165 904 164 904 164 906 150 920 92 906 91 906 89 906 88 906 71 918 73 956"/></Shape>
	    <String CONTENT="وجه که عقل يولی قوتی است که ممرد باشد از صور علمی"
                    HPOS="71"
                    VPOS="894"
                    WIDTH="841"
                    HEIGHT="86"
                    WC="0.8813561979605227"></String>
          </TextLine>

          
          
          <TextLine ID="eSc_line_d03fccee"
                    TAGREFS="LT4837"
                    BASELINE="71 1030 915 1023" 
                    HPOS="70"
                    VPOS="974"
                    WIDTH="845"
                    HEIGHT="76">
            <Shape><Polygon POINTS="71 1030 71 1036 94 1046 95 1046 96 1046 143 1037 182 1049 183 1049 185 1049 186 1049 209 1037 293 1037 306 1047 306 1049 307 1049 308 1049 310 1050 363 1050 363 1049 365 1049 408 1035 476 1042 477 1042 478 1042 491 1035 504 1046 505 1046 506 1046 539 1047 540 1047 542 1047 568 1033 608 1033 636 1046 637 1046 638 1047 669 1047 669 1046 671 1046 672 1046 689 1035 744 1046 745 1046 747 1046 748 1046 765 1035 792 1044 793 1044 794 1044 796 1044 825 1036 834 1043 834 1044 835 1044 836 1044 838 1046 884 1046 884 1044 886 1044 915 1029 915 1023 911 978 856 984 845 978 834 974 832 974 831 974 829 974 828 974 828 976 824 980 815 987 780 980 775 980 773 980 766 981 727 988 710 981 695 976 693 976 692 976 690 976 689 976 681 983 672 990 623 990 613 984 598 976 596 976 595 976 594 976 592 976 579 984 571 990 529 990 519 985 501 977 499 977 498 977 497 977 495 977 483 987 478 988 476 987 470 981 470 980 469 980 467 980 466 980 464 980 463 980 452 987 449 988 446 987 421 977 419 977 418 977 345 990 331 991 328 990 307 978 306 978 304 978 303 978 275 987 244 978 242 978 241 978 206 980 205 980 203 980 203 981 192 992 188 992 106 980 105 980 103 980 102 980 102 981 89 994 70 994 71 1030"/></Shape>
	    <String CONTENT="قابل آن باشد که او را معلومات حاصل بزشد شود اين"
                    HPOS="70"
                    VPOS="974"
                    WIDTH="845"
                    HEIGHT="76"
                    WC="0.9175718277692795"></String>
          </TextLine>

          
          
          <TextLine ID="eSc_line_b343453a"
                    TAGREFS="LT4837"
                    BASELINE="78 1106 916 1099" 
                    HPOS="77"
                    VPOS="1051"
                    WIDTH="839"
                    HEIGHT="72">
            <Shape><Polygon POINTS="78 1106 78 1113 96 1123 98 1123 99 1123 101 1123 129 1113 130 1113 132 1113 209 1123 210 1123 212 1123 213 1123 226 1112 238 1112 269 1112 300 1112 313 1122 314 1122 315 1122 317 1122 374 1112 543 1120 544 1120 546 1120 547 1120 558 1110 567 1117 568 1117 570 1117 571 1117 617 1109 619 1109 629 1117 629 1119 630 1119 631 1119 633 1120 710 1120 710 1119 711 1119 733 1109 763 1117 765 1117 766 1117 768 1117 787 1107 806 1117 807 1117 808 1117 810 1117 842 1109 883 1117 884 1117 886 1117 916 1106 916 1099 915 1061 907 1053 907 1051 905 1051 904 1051 902 1051 901 1051 900 1051 890 1060 879 1051 877 1051 876 1051 874 1051 873 1051 872 1051 855 1063 852 1064 850 1063 839 1054 839 1053 838 1053 836 1053 794 1053 793 1053 792 1053 790 1053 773 1064 748 1051 747 1051 745 1051 744 1051 717 1065 713 1068 654 1068 651 1065 629 1054 627 1054 626 1054 624 1054 601 1067 599 1067 596 1067 554 1054 553 1054 551 1054 550 1054 549 1054 535 1067 533 1068 532 1067 513 1057 512 1057 511 1057 509 1057 508 1057 497 1065 490 1060 488 1060 487 1060 485 1060 439 1068 438 1068 425 1057 424 1057 422 1057 421 1057 419 1057 418 1057 418 1058 410 1065 398 1057 398 1056 397 1056 396 1056 358 1056 356 1056 355 1056 313 1067 299 1056 297 1056 296 1056 244 1056 242 1056 241 1056 198 1071 168 1064 167 1064 165 1064 77 1072 78 1106"/></Shape>
	    <String CONTENT="مرتبه ايست که در بهدات کودکان و طفلان را ثاهت است"
                    HPOS="77"
                    VPOS="1051"
                    WIDTH="839"
                    HEIGHT="72"
                    WC="0.8870214905057635"></String>
          </TextLine>

          
          
          <TextLine ID="eSc_line_fb08ad5c"
                    TAGREFS="LT4837"
                    BASELINE="75 1185 916 1173" 
                    HPOS="74"
                    VPOS="1124"
                    WIDTH="842"
                    HEIGHT="80">
            <Shape><Polygon POINTS="75 1185 75 1192 141 1199 143 1199 144 1199 160 1192 171 1203 171 1204 172 1204 174 1204 175 1204 220 1203 221 1203 223 1203 242 1190 244 1189 320 1189 360 1189 381 1197 383 1197 384 1197 386 1197 387 1197 387 1196 388 1196 396 1187 396 1186 502 1186 519 1194 520 1194 522 1194 523 1194 525 1194 539 1186 570 1199 571 1199 572 1199 574 1199 615 1185 629 1197 630 1197 631 1197 633 1199 688 1199 688 1197 689 1197 690 1197 706 1186 716 1194 716 1196 717 1196 718 1196 720 1197 810 1197 810 1196 916 1179 916 1173 915 1140 863 1124 862 1124 860 1124 859 1124 828 1140 759 1126 758 1126 756 1126 714 1143 711 1143 652 1143 651 1143 638 1133 637 1133 636 1133 634 1133 633 1133 631 1133 619 1143 619 1144 589 1144 586 1144 543 1129 542 1129 540 1129 539 1129 537 1129 528 1137 506 1130 505 1130 504 1130 502 1130 473 1145 459 1131 459 1130 457 1130 456 1130 393 1130 391 1130 390 1130 388 1130 388 1131 387 1131 383 1137 352 1131 351 1131 349 1131 325 1143 226 1134 224 1134 223 1134 221 1134 203 1148 164 1134 162 1134 161 1134 160 1134 158 1134 158 1136 144 1150 143 1151 74 1151 75 1185"/></Shape>
	    <String CONTENT="وعقل با الملک قوتی است که او را معلويات خاصن باشد و"
                    HPOS="74"
                    VPOS="1124"
                    WIDTH="842"
                    HEIGHT="80"
                    WC="0.9106711803698072"></String>
          </TextLine>

          
          
          <TextLine ID="eSc_line_397b00c9"
                    TAGREFS="LT4837"
                    BASELINE="77 1259 259 1252 922 1248" 
                    HPOS="75"
                    VPOS="1196"
                    WIDTH="847"
                    HEIGHT="83">
            <Shape><Polygon POINTS="77 1259 78 1276 127 1262 143 1274 146 1277 147 1277 148 1277 150 1279 189 1279 189 1277 190 1277 192 1277 196 1273 212 1260 226 1267 227 1267 228 1267 230 1267 231 1267 245 1259 279 1259 290 1270 294 1273 294 1274 296 1274 297 1274 299 1274 300 1274 301 1274 307 1270 320 1259 388 1259 398 1267 403 1270 403 1272 404 1272 405 1272 407 1272 408 1272 422 1266 438 1260 452 1266 463 1269 464 1269 466 1269 467 1269 469 1269 469 1267 473 1265 481 1258 509 1258 516 1263 525 1270 525 1272 526 1272 528 1272 529 1272 530 1272 557 1262 558 1262 560 1262 571 1270 572 1270 574 1270 575 1270 577 1270 578 1270 578 1269 586 1262 592 1256 608 1260 650 1273 651 1273 652 1273 765 1272 766 1272 768 1272 768 1270 784 1256 786 1255 793 1255 897 1269 898 1269 900 1269 901 1269 922 1253 922 1248 921 1204 898 1196 897 1196 895 1196 894 1196 893 1196 880 1204 876 1207 867 1204 839 1197 838 1197 836 1197 835 1197 818 1206 810 1210 803 1206 790 1197 789 1197 787 1197 786 1197 784 1197 783 1197 770 1207 765 1210 758 1207 741 1200 740 1200 738 1200 737 1200 735 1200 727 1207 721 1213 619 1213 606 1208 561 1200 560 1200 558 1200 557 1200 546 1210 542 1214 492 1214 488 1211 469 1203 467 1203 466 1203 411 1213 398 1214 393 1213 365 1201 363 1201 362 1201 310 1214 308 1214 290 1201 289 1201 287 1201 244 1201 242 1201 155 1214 141 1203 140 1203 139 1203 116 1203 115 1203 113 1203 75 1217 77 1259"/></Shape>
	    <String CONTENT="تواند که عقل مجهولات را از معلومات خود بداند بطريقه و فكر"
                    HPOS="75"
                    VPOS="1196"
                    WIDTH="847"
                    HEIGHT="83"
                    WC="0.9196638444013763"></String>
          </TextLine>

          
          
          <TextLine ID="eSc_line_189e2c5c"
                    TAGREFS="LT4837"
                    BASELINE="81 1329 919 1321" 
                    HPOS="80"
                    VPOS="1274"
                    WIDTH="839"
                    HEIGHT="72">
            <Shape><Polygon POINTS="81 1329 81 1335 105 1346 106 1346 108 1346 174 1336 207 1343 209 1343 210 1343 228 1335 242 1344 244 1344 245 1344 247 1344 248 1344 276 1335 292 1346 293 1346 294 1346 296 1346 358 1333 360 1333 362 1333 433 1344 435 1344 436 1344 438 1344 438 1343 446 1335 463 1342 464 1342 466 1342 467 1342 499 1332 502 1332 512 1332 637 1343 638 1343 640 1343 641 1343 641 1342 654 1332 654 1330 655 1332 676 1340 678 1340 679 1340 741 1330 744 1330 745 1330 756 1340 756 1342 758 1342 759 1342 761 1342 813 1333 883 1340 884 1340 886 1340 919 1329 919 1321 916 1287 880 1279 879 1279 877 1279 876 1279 876 1280 867 1287 865 1290 825 1290 822 1287 801 1274 800 1274 799 1274 797 1274 796 1274 794 1274 776 1288 773 1290 759 1288 703 1283 702 1283 700 1283 682 1290 681 1290 664 1274 662 1274 661 1274 660 1274 658 1274 657 1274 634 1290 631 1291 586 1291 575 1291 554 1276 553 1276 551 1276 550 1276 464 1284 417 1277 415 1277 414 1277 412 1277 400 1286 384 1277 383 1277 381 1277 380 1277 356 1286 310 1279 308 1279 307 1279 306 1279 294 1287 268 1279 266 1279 265 1279 264 1279 214 1295 190 1287 189 1287 188 1287 186 1287 164 1297 80 1297 81 1329"/></Shape>
	    <String CONTENT="واين مرتبه ايست که در مرتبه اکثر اه معاش ثابت است"
                    HPOS="80"
                    VPOS="1274"
                    WIDTH="839"
                    HEIGHT="72"
                    WC="0.8973551392555237"></String>
          </TextLine>

          
          
          <TextLine ID="eSc_line_26f18d6b"
                    TAGREFS="LT4837"
                    BASELINE="85 1412 301 1403 916 1398" 
                    HPOS="84"
                    VPOS="1352"
                    WIDTH="832"
                    HEIGHT="79">
            <Shape><Polygon POINTS="85 1412 87 1431 109 1420 130 1427 132 1427 133 1427 179 1419 189 1427 190 1427 192 1427 231 1429 233 1429 234 1429 235 1429 238 1426 256 1412 342 1416 344 1416 424 1409 445 1419 446 1419 447 1419 449 1419 450 1419 469 1410 490 1417 495 1419 497 1419 498 1419 499 1419 504 1417 515 1412 536 1416 540 1416 542 1416 543 1416 544 1416 544 1415 551 1408 568 1415 577 1417 578 1417 579 1417 599 1413 613 1410 620 1413 647 1424 648 1424 650 1424 751 1423 752 1423 754 1423 777 1408 780 1405 783 1408 803 1422 804 1422 806 1422 807 1423 849 1423 849 1422 850 1422 852 1422 877 1405 886 1410 887 1410 888 1410 890 1410 891 1410 916 1402 916 1398 909 1356 901 1363 881 1356 866 1352 865 1352 863 1352 862 1352 849 1357 828 1366 821 1357 818 1356 818 1354 817 1354 815 1354 769 1352 768 1352 766 1352 765 1352 765 1353 758 1359 751 1368 730 1368 720 1360 711 1353 710 1353 709 1353 707 1353 706 1353 704 1353 692 1361 679 1368 647 1370 592 1370 579 1364 558 1354 557 1354 556 1354 554 1354 532 1364 530 1366 529 1364 518 1357 516 1357 515 1357 513 1357 512 1357 511 1357 499 1366 498 1367 494 1366 474 1359 473 1359 471 1359 470 1359 469 1359 469 1360 462 1367 459 1368 456 1367 443 1356 442 1356 440 1356 439 1356 438 1356 412 1367 390 1357 388 1357 387 1357 386 1357 359 1366 339 1357 338 1357 337 1357 293 1366 285 1359 283 1359 282 1359 280 1359 279 1359 252 1370 165 1360 164 1360 162 1360 161 1360 143 1374 143 1375 84 1375 85 1412"/></Shape>
	    <String CONTENT="وعقل بالفعل قوتیاست که معلومات او را حاصل بوديم در"
                    HPOS="84"
                    VPOS="1352"
                    WIDTH="832"
                    HEIGHT="79"
                    WC="0.8892234665155411"></String>
          </TextLine>

          
          
          <TextLine ID="eSc_line_b232649e"
                    TAGREFS="LT4837"
                    BASELINE="94 1493 921 1481" 
                    HPOS="92"
                    VPOS="1433"
                    WIDTH="829"
                    HEIGHT="81">
            <Shape><Polygon POINTS="94 1493 94 1503 134 1499 140 1503 150 1511 150 1513 151 1513 153 1513 154 1514 185 1514 185 1513 186 1513 207 1502 214 1497 226 1502 237 1504 238 1504 240 1504 286 1500 321 1496 325 1499 337 1509 337 1510 338 1510 339 1510 341 1510 367 1509 369 1509 370 1509 387 1497 391 1495 397 1497 405 1502 407 1502 408 1502 410 1502 424 1497 431 1495 435 1496 457 1509 459 1509 460 1509 462 1509 512 1495 522 1493 530 1495 575 1504 577 1504 578 1504 579 1504 596 1493 610 1503 612 1503 613 1503 615 1503 657 1496 669 1504 671 1504 672 1504 674 1504 675 1504 700 1492 703 1490 704 1492 734 1504 735 1504 737 1504 797 1492 813 1499 814 1499 815 1499 817 1499 818 1499 818 1497 828 1489 828 1488 829 1489 855 1502 856 1502 858 1502 919 1486 921 1481 919 1440 911 1434 909 1434 908 1434 907 1434 905 1434 886 1443 873 1448 820 1448 807 1444 775 1433 773 1433 772 1433 770 1433 744 1445 734 1450 709 1447 681 1443 679 1443 633 1448 608 1451 603 1448 588 1436 586 1436 585 1436 584 1436 582 1436 556 1450 550 1452 546 1450 518 1436 516 1436 491 1436 490 1436 488 1436 487 1436 469 1450 460 1443 459 1443 457 1443 456 1443 433 1447 422 1437 421 1437 419 1437 391 1437 390 1437 388 1437 387 1437 360 1454 332 1438 331 1438 330 1438 212 1440 210 1440 209 1440 185 1457 169 1448 168 1448 167 1448 165 1448 164 1448 164 1450 154 1458 126 1450 124 1450 123 1450 122 1450 92 1460 94 1493"/></Shape>
	    <String CONTENT="حاضر ساختن معلومات نور اختياج بفکر بباشد بلكه محمو"
                    HPOS="92"
                    VPOS="1433"
                    WIDTH="829"
                    HEIGHT="81"
                    WC="0.8946024858951569"></String>
          </TextLine>

          
          
          <TextLine ID="eSc_line_d2aba532"
                    TAGREFS="LT4837"
                    BASELINE="81 1573 919 1552" 
                    HPOS="80"
                    VPOS="1502"
                    WIDTH="839"
                    HEIGHT="103">
            <Shape><Polygon POINTS="81 1573 81 1605 134 1605 134 1604 136 1604 137 1604 139 1603 171 1582 200 1587 202 1587 289 1579 297 1586 299 1586 300 1586 301 1586 303 1586 304 1586 315 1577 410 1576 424 1583 425 1583 426 1583 428 1583 460 1575 477 1589 480 1591 481 1591 483 1591 484 1591 485 1591 494 1589 526 1575 558 1586 581 1593 582 1593 584 1593 585 1593 586 1593 601 1583 619 1572 641 1580 643 1580 644 1580 674 1577 678 1580 686 1589 686 1590 688 1590 689 1590 690 1590 717 1589 718 1589 720 1589 720 1587 731 1579 745 1589 747 1589 748 1589 749 1589 807 1587 873 1582 874 1582 893 1572 902 1566 916 1570 919 1552 916 1507 891 1502 890 1502 888 1502 887 1502 886 1502 877 1510 869 1516 860 1510 859 1510 858 1510 856 1510 849 1510 792 1521 763 1514 759 1513 758 1513 756 1513 731 1514 629 1525 584 1520 564 1518 563 1518 561 1518 554 1521 543 1527 532 1523 504 1511 502 1511 501 1511 499 1511 498 1511 498 1513 485 1524 483 1527 477 1524 459 1513 457 1513 456 1513 454 1513 453 1513 411 1525 393 1514 391 1514 390 1514 388 1514 248 1517 247 1517 245 1517 230 1530 185 1518 183 1518 182 1518 181 1518 179 1518 179 1520 178 1520 172 1527 165 1523 164 1523 162 1523 161 1523 160 1523 127 1537 124 1539 80 1539 81 1573"/></Shape>
	    <String CONTENT="ا با الفعل حاصل بود واين مرتبه ايست که در عقلاد حکمای"
                    HPOS="80"
                    VPOS="1502"
                    WIDTH="839"
                    HEIGHT="103"
                    WC="0.8771754986834976"></String>
          </TextLine>

          
        </TextBlock>
        
        <TextBlock HPOS="398"
                   VPOS="39"
                   WIDTH="128"
                   HEIGHT="66"
                   ID="eSc_textblock_71e75387"
                   TAGREFS="BT16093">
          <Shape><Polygon POINTS="426 39 498 39 526 82 492 105 426 99 398 71 426 39"/></Shape>
          
          
          <TextLine ID="eSc_line_08ab69b1"
                    TAGREFS="LT4837"
                    BASELINE="433 68 497 68" 
                    HPOS="433"
                    VPOS="39"
                    WIDTH="64"
                    HEIGHT="54">
            <Shape><Polygon POINTS="490 39 476 39 467 39 433 44 433 68 433 92 470 85 494 93 497 68 495 39 490 39"/></Shape>
	    <String CONTENT=""
                    HPOS="433"
                    VPOS="39"
                    WIDTH="64"
                    HEIGHT="54"></String>
          </TextLine>

          
        </TextBlock>
        

        
      </PrintSpace>
    </Page>
  </Layout>
</alto>
