<?xml version="1.0" encoding="UTF-8"?>
<alto xmlns:xsi="http://www.w3.org/2001/XMLSchema-instance"
      xmlns="http://www.loc.gov/standards/alto/ns-v4#"
      xsi:schemaLocation="http://www.loc.gov/standards/alto/ns-v4# http://www.loc.gov/standards/alto/v4/alto-4-2.xsd">
  <Description>
    <MeasurementUnit>pixel</MeasurementUnit>
    <sourceImageInformation>
      <fileName>Rasail051.jpg</fileName>
      
    </sourceImageInformation>
  </Description>
  
  <Tags>
    <OtherTag ID="BT16094" LABEL="default" DESCRIPTION="block type default"/><OtherTag ID="BT16093" LABEL="NumberingZone:page" DESCRIPTION="block type NumberingZone:page"/><OtherTag ID="BT16092" LABEL="MarginTextZone:note" DESCRIPTION="block type MarginTextZone:note"/><OtherTag ID="BT16091" LABEL="TitlePageZone" DESCRIPTION="block type TitlePageZone"/><OtherTag ID="BT16090" LABEL="QuireMarksZone:catchwords" DESCRIPTION="block type QuireMarksZone:catchwords"/><OtherTag ID="BT16089" LABEL="NumberingZone:other" DESCRIPTION="block type NumberingZone:other"/><OtherTag ID="BT16088" LABEL="NumberingZone" DESCRIPTION="block type NumberingZone"/><OtherTag ID="BT16087" LABEL="MarginTextZone" DESCRIPTION="block type MarginTextZone"/><OtherTag ID="BT16086" LABEL="MainZone" DESCRIPTION="block type MainZone"/><OtherTag ID="BT16085" LABEL="DigitizationArtefactZone" DESCRIPTION="block type DigitizationArtefactZone"/><OtherTag ID="BT2" LABEL="Main" DESCRIPTION="block type Main"/><OtherTag ID="BT1" LABEL="Title" DESCRIPTION="block type Title"/>
    <OtherTag ID="LT4837" LABEL="DefaultLine" DESCRIPTION="line type DefaultLine"/><OtherTag ID="LT4838" LABEL="default" DESCRIPTION="line type default"/><OtherTag ID="LT4839" LABEL="HeadingLine:title" DESCRIPTION="line type HeadingLine:title"/>
  </Tags>
  
  <Layout>
    <Page WIDTH="1142"
          HEIGHT="1686"
          PHYSICAL_IMG_NR="79"
          ID="eSc_dummypage_">
      <PrintSpace HPOS="0"
                  VPOS="0"
                  WIDTH="1142"
                  HEIGHT="1686">
        
        <TextBlock HPOS="16"
                   VPOS="146"
                   WIDTH="899"
                   HEIGHT="1454"
                   ID="eSc_textblock_59ea311d"
                   TAGREFS="BT16086">
          <Shape><Polygon POINTS="241 146 904 174 915 391 887 466 881 616 909 741 909 897 870 1258 870 1515 842 1594 67 1600 33 1577 16 623 45 588 39 421 61 391 61 325 33 302 39 196 67 151 241 146"/></Shape>
          
          
          <TextLine ID="eSc_line_52de9e20"
                    TAGREFS="LT4837"
                    BASELINE="53 220 887 210" 
                    HPOS="52"
                    VPOS="167"
                    WIDTH="835"
                    HEIGHT="94">
            <Shape><Polygon POINTS="881 172 867 171 864 171 818 182 804 168 797 168 783 168 769 167 755 167 741 167 722 167 721 167 720 167 708 172 684 184 663 174 648 167 646 167 645 167 644 167 642 167 632 174 623 182 610 177 608 177 607 177 606 177 587 186 525 188 451 188 443 181 430 170 428 170 427 170 426 170 340 171 338 171 337 171 337 172 324 185 320 188 293 185 258 182 257 182 255 182 254 182 254 184 250 186 247 189 232 188 129 174 127 174 126 174 125 174 109 184 85 177 84 177 82 177 81 177 52 191 53 220 53 247 115 247 119 248 150 261 151 261 153 261 154 261 172 252 199 257 201 257 202 257 203 257 217 247 219 245 222 247 251 259 253 259 254 261 291 261 291 259 292 259 317 245 320 244 327 245 354 251 355 251 357 251 378 245 402 258 403 258 405 258 406 258 407 258 431 244 457 254 458 254 459 254 461 254 490 244 514 254 516 254 645 255 646 255 686 254 687 254 689 254 689 252 701 240 720 250 721 250 722 250 787 238 794 238 797 238 831 252 832 252 833 252 835 252 836 252 855 238 856 238 886 238 887 210 883 172 881 172"/></Shape>
	    <String CONTENT="حاصل نه می شود الا به متابعت امرد نه داعيان و ايام زمان"
                    HPOS="52"
                    VPOS="167"
                    WIDTH="835"
                    HEIGHT="94"
                    WC="0.8739888966083527"></String>
          </TextLine>

          
          
          <TextLine ID="eSc_line_b37c8cc9"
                    TAGREFS="LT4837"
                    BASELINE="410 306 879 289" 
                    HPOS="407"
                    VPOS="243"
                    WIDTH="472"
                    HEIGHT="99">
            <Shape><Polygon POINTS="410 306 410 328 428 328 430 328 444 341 444 342 445 342 447 342 448 342 450 342 513 325 516 325 518 325 563 338 565 338 566 338 645 334 646 334 670 323 696 332 697 332 698 332 700 332 755 318 762 317 767 318 794 327 796 327 797 327 798 327 800 327 800 325 810 317 812 314 879 314 879 289 873 243 843 255 831 245 829 245 828 245 826 245 774 247 773 247 772 247 769 250 752 265 729 257 728 257 727 257 725 257 696 266 677 257 666 251 665 251 663 251 662 251 661 251 649 259 638 266 624 261 614 258 613 258 611 258 610 258 597 264 580 271 573 265 563 257 562 257 561 257 559 257 558 257 556 257 556 258 547 266 534 261 533 261 531 261 451 273 445 275 444 275 434 266 434 265 433 265 431 265 430 265 428 265 407 275 410 306"/></Shape>
	    <String CONTENT="ذكره السجود والتاعلم بن الصواب"
                    HPOS="407"
                    VPOS="243"
                    WIDTH="472"
                    HEIGHT="99"
                    WC="0.868553810318311"></String>
          </TextLine>

          
          
          <TextLine ID="eSc_line_2b58ee03"
                    TAGREFS="LT4837"
                    BASELINE="490 452 523 448" 
                    HPOS="486"
                    VPOS="414"
                    WIDTH="39"
                    HEIGHT="67">
            <Shape><Polygon POINTS="490 452 495 481 525 472 523 448 514 414 486 427 490 452"/></Shape>
	    <String CONTENT="حي"
                    HPOS="486"
                    VPOS="414"
                    WIDTH="39"
                    HEIGHT="67"
                    WC="0.7337501347064972"></String>
          </TextLine>

          
          
          <TextLine ID="eSc_line_44728745"
                    TAGREFS="LT4837"
                    BASELINE="396 456 445 455" 
                    HPOS="393"
                    VPOS="408"
                    WIDTH="52"
                    HEIGHT="69">
            <Shape><Polygon POINTS="396 456 396 477 445 474 445 455 441 408 393 414 396 456"/></Shape>
	    <String CONTENT=""
                    HPOS="393"
                    VPOS="408"
                    WIDTH="52"
                    HEIGHT="69"></String>
          </TextLine>

          
          
          <TextLine ID="eSc_line_80cb63cb"
                    TAGREFS="LT4837"
                    BASELINE="655 560 710 560" 
                    HPOS="655"
                    VPOS="491"
                    WIDTH="55"
                    HEIGHT="85">
            <Shape><Polygon POINTS="655 560 655 573 708 576 710 560 708 491 655 491 655 560"/></Shape>
	    <String CONTENT="ور نحق"
                    HPOS="655"
                    VPOS="491"
                    WIDTH="55"
                    HEIGHT="85"
                    WC="0.784105658531189"></String>
          </TextLine>

          
          
          <TextLine ID="eSc_line_701ff487"
                    TAGREFS="LT4837"
                    BASELINE="267 566 534 563" 
                    HPOS="265"
                    VPOS="511"
                    WIDTH="269"
                    HEIGHT="80">
            <Shape><Polygon POINTS="267 566 267 585 337 577 369 587 371 587 372 587 374 587 378 587 424 576 435 587 440 590 440 591 441 591 443 591 444 591 534 587 534 563 527 511 493 539 472 524 471 524 469 524 468 524 466 524 465 524 447 540 395 540 375 528 350 511 348 511 347 511 296 511 295 511 293 511 292 511 292 512 265 535 267 566"/></Shape>
	    <String CONTENT="بليس نسست به آوم"
                    HPOS="265"
                    VPOS="511"
                    WIDTH="269"
                    HEIGHT="80"
                    WC="0.9006439324687509"></String>
          </TextLine>

          
          
          <TextLine ID="eSc_line_3e005785"
                    TAGREFS="LT4837"
                    BASELINE="18 668 808 661" 
                    HPOS="16"
                    VPOS="608"
                    WIDTH="792"
                    HEIGHT="87">
            <Shape><Polygon POINTS="18 668 18 695 82 682 139 695 143 695 144 695 146 695 147 695 160 685 185 694 187 694 188 694 189 694 191 694 192 694 234 681 261 692 265 694 267 694 268 694 270 694 271 694 272 692 291 680 344 680 385 680 414 689 424 692 426 692 427 692 428 692 435 689 452 681 466 688 476 692 478 692 479 692 480 692 497 688 509 685 541 687 614 691 616 691 617 691 618 691 618 689 624 685 625 682 631 685 645 691 646 691 648 691 649 691 665 684 677 678 684 684 691 689 693 689 694 689 696 689 697 689 698 689 707 684 713 680 739 682 781 688 783 688 784 688 808 681 808 661 804 608 766 612 765 612 763 612 746 628 718 628 698 611 697 611 696 611 694 611 644 613 642 613 614 628 569 615 561 613 559 613 558 613 540 616 475 629 462 619 459 616 458 616 457 616 455 616 454 616 445 619 427 628 410 621 386 612 385 612 383 612 382 612 362 621 337 611 336 611 334 611 333 611 331 611 316 623 309 618 308 618 306 618 305 618 303 618 284 626 270 630 254 626 237 622 236 622 234 622 233 622 232 622 232 623 226 628 223 632 170 632 165 629 136 615 135 615 45 613 43 613 42 613 40 613 16 630 18 668"/></Shape>
	    <String CONTENT="اين دوره که شش بهزارسال نه صد گسری از دور او گذش"
                    HPOS="16"
                    VPOS="608"
                    WIDTH="792"
                    HEIGHT="87"
                    WC="0.9032393638044596"></String>
          </TextLine>

          
          
          <TextLine ID="eSc_line_14b5402b"
                    TAGREFS="LT4837"
                    BASELINE="47 748 867 734" 
                    HPOS="46"
                    VPOS="687"
                    WIDTH="821"
                    HEIGHT="89">
            <Shape><Polygon POINTS="47 748 47 760 140 758 142 758 164 776 165 776 167 776 168 776 257 757 300 774 302 774 303 774 390 764 435 772 437 772 438 772 440 772 461 757 471 765 472 765 473 765 475 765 476 765 497 760 510 769 510 771 511 771 513 771 514 771 620 769 621 769 663 758 693 765 694 765 696 765 697 765 735 748 783 755 784 755 786 755 787 755 787 754 788 754 793 747 867 744 867 734 863 699 841 701 838 699 822 687 821 687 819 687 818 687 731 688 729 688 728 688 710 702 708 703 708 702 687 689 686 689 684 689 683 689 682 689 665 696 632 689 631 689 630 689 628 689 628 691 614 705 613 708 516 709 513 708 506 702 504 702 503 702 502 702 426 709 424 709 385 694 383 694 382 694 381 694 360 705 347 695 345 695 344 695 343 695 341 695 302 709 274 696 272 696 271 696 270 696 268 696 254 709 217 713 194 699 192 699 191 699 189 699 188 699 161 713 139 708 137 708 136 708 70 716 63 710 63 709 61 709 60 709 59 709 57 709 56 709 46 715 47 748"/></Shape>
	    <String CONTENT="است آن است که شخصی بود حارث مره نام از معلمان دور"
                    HPOS="46"
                    VPOS="687"
                    WIDTH="821"
                    HEIGHT="89"
                    WC="0.9126653289794922"></String>
          </TextLine>

          
          
          <TextLine ID="eSc_line_00af2386"
                    TAGREFS="LT4837"
                    BASELINE="28 816 499 820 866 812" 
                    HPOS="26"
                    VPOS="767"
                    WIDTH="840"
                    HEIGHT="83">
            <Shape><Polygon POINTS="28 816 28 830 74 848 75 848 77 850 210 850 210 848 212 848 213 848 223 841 246 848 247 848 248 848 250 848 251 848 251 847 270 831 306 833 331 848 333 848 334 848 336 848 381 840 426 848 427 848 428 848 430 848 450 831 527 843 528 843 530 843 569 830 586 845 586 847 587 847 589 847 590 847 592 847 613 840 632 847 634 847 635 847 637 847 638 847 665 830 686 830 690 830 725 847 727 847 728 847 729 847 731 847 756 830 866 830 866 812 860 774 826 783 815 772 810 768 810 767 808 767 807 767 774 767 773 767 772 767 758 772 720 788 687 775 686 775 684 775 683 775 682 775 661 789 597 789 585 779 583 779 582 779 580 779 579 779 559 789 488 789 465 771 462 768 461 768 459 768 433 768 431 768 430 768 428 768 426 769 406 785 386 769 385 768 383 768 382 768 381 768 379 768 378 768 376 769 347 789 281 771 279 771 278 771 277 771 206 789 160 771 158 771 157 771 156 771 154 771 154 772 136 791 118 791 88 768 87 768 85 768 26 768 28 816"/></Shape>
	    <String CONTENT="آخر و کشف ايامت و منصب معلمی ملائکه داشته يعنی تمام مازونا"
                    HPOS="26"
                    VPOS="767"
                    WIDTH="840"
                    HEIGHT="83"
                    WC="0.8603960886597634"></String>
          </TextLine>

          
          
          <TextLine ID="eSc_line_47128041"
                    TAGREFS="LT4837"
                    BASELINE="56 896 866 887" 
                    HPOS="54"
                    VPOS="845"
                    WIDTH="812"
                    HEIGHT="82">
            <Shape><Polygon POINTS="56 896 56 909 111 921 112 921 113 921 115 921 115 920 125 911 158 925 160 925 161 927 177 927 177 925 178 925 180 925 180 924 198 909 255 909 275 924 277 924 278 924 279 924 281 924 330 907 355 923 357 923 358 923 360 924 430 924 430 923 431 923 433 923 461 906 486 920 488 920 489 920 490 920 492 920 500 914 593 921 594 921 651 920 652 920 653 920 668 909 707 920 708 920 710 920 711 920 745 903 770 916 772 916 773 916 774 916 776 916 776 914 788 903 824 909 825 909 866 900 866 887 864 855 826 845 825 845 824 845 762 857 751 858 748 857 738 848 738 847 736 847 735 847 734 847 732 847 697 855 659 847 658 847 656 847 610 858 607 859 606 858 594 850 594 848 593 848 592 848 565 848 563 848 562 848 561 848 561 850 549 859 538 850 538 848 537 848 535 848 534 848 533 848 492 861 488 861 485 861 457 855 455 855 419 861 413 862 405 855 403 855 402 855 400 855 399 855 398 855 398 857 392 862 390 864 272 864 271 864 258 854 257 854 255 854 254 854 253 854 233 861 223 852 223 851 222 851 220 851 189 851 188 851 187 851 185 851 167 865 167 866 144 866 140 866 120 854 119 854 118 854 116 854 115 854 113 854 97 866 54 866 56 896"/></Shape>
	    <String CONTENT="ان دور از و تعليم می گرفتند و بيون آدم در اول اين"
                    HPOS="54"
                    VPOS="845"
                    WIDTH="812"
                    HEIGHT="82"
                    WC="0.8932171243429184"></String>
          </TextLine>

          
          
          <TextLine ID="eSc_line_d401e6e9"
                    TAGREFS="LT4837"
                    BASELINE="49 969 859 961" 
                    HPOS="47"
                    VPOS="917"
                    WIDTH="812"
                    HEIGHT="80">
            <Shape><Polygon POINTS="49 969 49 982 94 982 97 983 102 989 104 989 105 989 106 989 133 983 142 982 144 983 161 996 163 996 164 996 165 996 167 996 205 983 216 980 222 984 237 996 239 996 240 996 241 997 303 997 303 996 305 996 329 984 343 979 367 984 376 987 378 987 379 987 381 987 389 986 409 980 416 986 426 994 427 994 428 994 430 994 473 986 485 984 502 986 554 993 555 993 556 993 558 993 558 991 563 987 568 983 593 987 623 991 624 991 625 991 627 991 631 987 641 979 653 987 659 991 661 991 662 991 663 993 708 993 708 991 710 991 711 991 715 989 734 975 752 982 753 982 755 982 793 975 808 986 810 986 811 986 856 989 859 961 856 928 817 928 797 917 796 917 794 917 793 917 791 917 777 928 774 930 756 928 684 924 683 924 682 924 661 930 658 931 656 930 651 925 651 924 649 924 648 924 646 924 610 931 606 931 604 931 592 920 592 918 590 918 589 918 587 918 586 918 585 918 565 931 562 932 545 931 479 925 478 925 438 932 437 932 426 923 424 923 423 923 421 923 393 928 330 921 329 921 327 921 326 921 326 923 316 931 302 925 300 925 299 925 298 925 264 935 261 935 246 924 244 924 243 924 241 924 240 924 239 924 220 935 182 923 181 923 180 923 90 924 88 924 87 924 87 925 77 935 47 937 49 969"/></Shape>
	    <String CONTENT="دوره به فرمان ايام زمان ناطق شده شرايع را وضع کرد و"
                    HPOS="47"
                    VPOS="917"
                    WIDTH="812"
                    HEIGHT="80"
                    WC="0.9453300132470972"></String>
          </TextLine>

          
          
          <TextLine ID="eSc_line_89f1ffbd"
                    TAGREFS="LT4837"
                    BASELINE="53 1048 537 1046 855 1035" 
                    HPOS="52"
                    VPOS="993"
                    WIDTH="803"
                    HEIGHT="83">
            <Shape><Polygon POINTS="53 1048 53 1060 85 1074 87 1074 88 1074 90 1074 91 1074 91 1073 104 1062 139 1062 153 1072 154 1072 156 1072 157 1072 158 1072 160 1072 160 1070 170 1060 225 1060 271 1076 272 1076 274 1076 275 1076 319 1059 420 1073 421 1074 466 1074 466 1073 468 1073 469 1073 469 1072 483 1057 513 1072 514 1072 516 1073 592 1073 592 1072 593 1072 594 1072 594 1070 601 1064 714 1070 715 1070 717 1070 718 1070 741 1053 756 1064 758 1064 759 1064 760 1064 855 1050 855 1035 850 993 803 994 801 994 800 994 788 1004 772 997 770 997 769 997 767 997 766 997 752 1007 738 996 736 994 735 994 734 994 732 994 694 996 693 996 689 997 668 1008 651 998 644 996 642 996 641 996 639 996 630 1000 614 1007 601 1001 599 1000 597 1000 596 1000 594 1000 590 1001 561 1013 509 1013 502 1004 497 1001 497 1000 496 1000 495 1000 493 1000 492 1000 490 1000 485 1004 475 1014 413 1014 406 1007 399 1001 398 1001 396 1001 395 1001 393 1001 374 1008 358 1014 336 1010 298 1003 296 1003 295 1003 293 1003 284 1010 272 1001 271 1001 270 1001 268 1001 229 1003 227 1003 226 1003 216 1011 203 1001 202 1001 201 1001 175 1001 174 1001 172 1001 171 1001 160 1011 151 1004 151 1003 150 1003 149 1003 116 1003 115 1003 113 1003 112 1003 95 1017 78 1008 77 1008 75 1008 74 1008 52 1017 53 1048"/></Shape>
	    <String CONTENT="لمثلات عقلی را به مثالات خسى بيادرد خداوند انام زمان"
                    HPOS="52"
                    VPOS="993"
                    WIDTH="803"
                    HEIGHT="83"
                    WC="0.9132162945774885"></String>
          </TextLine>

          
          
          <TextLine ID="eSc_line_5a0d96f3"
                    TAGREFS="LT4837"
                    BASELINE="63 1122 549 1122 852 1111" 
                    HPOS="61"
                    VPOS="1064"
                    WIDTH="791"
                    HEIGHT="85">
            <Shape><Polygon POINTS="63 1122 63 1133 136 1133 137 1133 195 1149 196 1149 198 1149 199 1149 201 1149 217 1135 227 1142 229 1142 230 1142 232 1142 233 1142 234 1142 244 1133 278 1147 279 1147 281 1147 317 1146 319 1146 320 1146 320 1145 322 1145 327 1138 344 1145 345 1145 347 1145 348 1145 389 1131 390 1131 431 1146 433 1146 434 1147 469 1147 469 1146 471 1146 472 1146 490 1135 514 1145 516 1145 517 1146 587 1146 587 1145 589 1145 590 1145 604 1133 649 1143 651 1143 652 1143 653 1143 653 1142 669 1129 697 1129 738 1143 739 1143 741 1143 742 1143 743 1143 743 1142 749 1136 765 1142 766 1142 767 1142 769 1142 770 1142 790 1126 850 1125 852 1111 848 1076 814 1076 803 1066 803 1064 801 1064 800 1064 798 1064 797 1064 759 1076 708 1066 707 1066 706 1066 682 1079 666 1087 623 1087 613 1080 608 1077 607 1077 606 1077 604 1077 603 1077 601 1077 597 1080 586 1088 502 1088 490 1083 480 1079 479 1079 478 1079 476 1079 475 1079 469 1083 464 1088 424 1088 419 1084 400 1069 399 1069 398 1069 333 1069 331 1069 330 1069 329 1069 305 1087 302 1088 299 1087 278 1070 277 1070 275 1070 232 1070 230 1070 229 1070 208 1081 188 1072 187 1072 125 1072 123 1072 122 1072 61 1091 63 1122"/></Shape>
	    <String CONTENT="خلافت اورا بر عالميان مقترر داشته که اذ قال رتک"
                    HPOS="61"
                    VPOS="1064"
                    WIDTH="791"
                    HEIGHT="85"
                    WC="0.8688061059789455"></String>
          </TextLine>

          
          
          <TextLine ID="eSc_line_090838c0"
                    TAGREFS="LT4837"
                    BASELINE="50 1191 430 1199 850 1192" 
                    HPOS="49"
                    VPOS="1139"
                    WIDTH="801"
                    HEIGHT="84">
            <Shape><Polygon POINTS="50 1191 49 1206 74 1216 75 1216 77 1216 78 1216 80 1216 91 1206 92 1206 171 1206 174 1208 185 1218 185 1219 187 1219 188 1219 189 1219 191 1219 208 1209 225 1222 226 1222 227 1222 229 1222 306 1216 308 1216 317 1211 327 1206 364 1206 369 1212 379 1220 379 1222 381 1222 382 1222 383 1222 385 1222 413 1213 417 1212 421 1213 441 1222 443 1222 444 1223 476 1223 476 1222 478 1222 479 1222 479 1220 486 1215 495 1222 496 1222 497 1222 499 1223 575 1223 575 1222 576 1222 586 1216 607 1206 642 1206 662 1219 666 1222 668 1222 669 1222 670 1223 691 1223 691 1222 693 1222 700 1219 732 1206 759 1220 762 1222 763 1222 765 1222 766 1222 767 1222 767 1220 783 1206 801 1206 817 1219 817 1220 818 1220 819 1220 848 1222 850 1192 848 1146 753 1139 752 1139 751 1139 731 1147 715 1154 706 1147 693 1139 691 1139 690 1139 658 1139 656 1139 655 1139 653 1139 644 1149 632 1157 580 1150 562 1147 561 1147 559 1147 552 1150 535 1157 524 1150 517 1146 516 1146 514 1146 513 1146 511 1146 510 1146 510 1147 506 1150 499 1156 492 1152 476 1139 475 1139 473 1139 472 1139 471 1139 469 1139 469 1140 462 1146 455 1142 454 1142 452 1142 451 1142 450 1142 409 1152 389 1157 383 1153 371 1142 369 1142 368 1142 367 1142 365 1142 364 1142 355 1149 343 1139 341 1139 340 1139 338 1139 293 1146 292 1146 291 1146 291 1147 282 1154 279 1159 233 1159 229 1154 196 1139 195 1139 160 1139 158 1139 157 1139 119 1157 118 1159 50 1159 50 1191"/></Shape>
	    <String CONTENT="للملائکة إني جاعل في الأرض خليفة بعني كفت رب"
                    HPOS="49"
                    VPOS="1139"
                    WIDTH="801"
                    HEIGHT="84"
                    WC="0.9318698993388642"></String>
          </TextLine>

          
          
          <TextLine ID="eSc_line_897f6489"
                    TAGREFS="LT4837"
                    BASELINE="57 1263 843 1267" 
                    HPOS="56"
                    VPOS="1211"
                    WIDTH="787"
                    HEIGHT="81">
            <Shape><Polygon POINTS="57 1263 56 1277 129 1277 140 1286 140 1288 142 1288 143 1288 144 1288 146 1288 184 1277 185 1277 232 1285 233 1285 234 1285 236 1285 246 1277 319 1289 320 1291 351 1291 351 1289 353 1289 354 1289 354 1288 362 1281 471 1289 472 1289 473 1289 475 1289 493 1278 510 1288 511 1288 580 1291 582 1292 662 1292 662 1291 663 1291 665 1291 677 1282 687 1291 689 1291 690 1291 691 1291 693 1291 715 1279 786 1279 807 1291 808 1291 810 1291 811 1291 842 1278 843 1267 843 1219 833 1213 832 1213 831 1213 829 1213 828 1213 826 1213 826 1215 819 1220 814 1226 796 1220 794 1220 793 1220 791 1220 790 1220 788 1220 756 1234 639 1234 606 1220 604 1220 603 1220 601 1220 600 1220 599 1220 562 1232 551 1220 545 1216 545 1215 544 1215 542 1215 541 1215 540 1215 538 1215 531 1220 517 1232 462 1220 451 1219 450 1219 448 1219 447 1219 445 1220 430 1232 306 1232 291 1220 277 1211 275 1211 274 1211 70 1211 68 1211 67 1211 66 1211 57 1216 57 1263"/></Shape>
	    <String CONTENT="به معلمان يا آدم را خليفه گردانيديم در زيين قانوا تجعل فيها"
                    HPOS="56"
                    VPOS="1211"
                    WIDTH="787"
                    HEIGHT="81"
                    WC="0.9016372387607893"></String>
          </TextLine>

          
          
          <TextLine ID="eSc_line_c9ac6229"
                    TAGREFS="LT4837"
                    BASELINE="49 1341 843 1336" 
                    HPOS="47"
                    VPOS="1284"
                    WIDTH="796"
                    HEIGHT="83">
            <Shape><Polygon POINTS="49 1341 49 1367 68 1367 68 1365 70 1365 71 1365 71 1364 82 1354 171 1354 191 1364 194 1367 195 1367 196 1367 198 1367 199 1367 206 1364 232 1354 262 1364 270 1365 271 1365 272 1367 319 1367 319 1365 320 1365 330 1362 362 1353 386 1362 395 1365 396 1365 398 1367 424 1367 424 1365 426 1365 427 1365 433 1361 447 1351 483 1361 497 1364 499 1364 500 1365 523 1365 523 1364 524 1364 525 1364 525 1362 528 1360 537 1351 551 1360 556 1362 558 1362 559 1362 561 1362 566 1360 579 1353 590 1360 600 1364 601 1364 603 1364 701 1362 703 1362 704 1362 704 1361 708 1358 717 1350 749 1350 758 1357 762 1361 762 1362 763 1362 765 1362 766 1362 843 1355 843 1336 839 1301 819 1301 818 1301 810 1292 810 1291 808 1291 807 1291 805 1291 804 1291 803 1291 788 1301 786 1302 669 1302 669 1301 645 1284 644 1284 642 1284 641 1284 579 1291 561 1285 559 1285 558 1285 556 1285 535 1295 527 1286 525 1286 524 1286 523 1286 521 1286 520 1286 509 1294 483 1285 482 1285 480 1285 479 1285 434 1298 368 1286 367 1286 365 1286 317 1303 316 1303 278 1295 277 1295 239 1305 234 1305 233 1305 206 1288 205 1288 203 1288 111 1288 109 1288 108 1288 106 1288 106 1289 94 1302 47 1305 49 1341"/></Shape>
	    <String CONTENT="من يفسد فيها ويسفك الدهاع يعني مطلمان گفتند کسى"
                    HPOS="47"
                    VPOS="1284"
                    WIDTH="796"
                    HEIGHT="83"
                    WC="0.9379998635738453"></String>
          </TextLine>

          
          
          <TextLine ID="eSc_line_8deda121"
                    TAGREFS="LT4837"
                    BASELINE="56 1414 841 1414" 
                    HPOS="56"
                    VPOS="1367"
                    WIDTH="785"
                    HEIGHT="77">
            <Shape><Polygon POINTS="56 1414 56 1426 144 1442 146 1444 271 1444 271 1442 272 1442 274 1442 274 1441 288 1428 298 1437 298 1438 299 1438 300 1438 302 1438 350 1427 390 1441 392 1441 393 1441 395 1441 396 1441 413 1430 478 1437 479 1437 518 1428 531 1438 531 1440 533 1440 534 1440 535 1440 537 1440 575 1428 625 1442 627 1442 628 1442 630 1442 656 1430 673 1438 675 1438 676 1438 736 1431 773 1440 774 1440 776 1440 777 1440 779 1440 796 1427 841 1427 841 1414 841 1382 825 1368 825 1367 824 1367 822 1367 794 1367 793 1367 791 1367 790 1367 770 1382 731 1367 729 1367 728 1367 727 1367 677 1379 665 1368 665 1367 663 1367 662 1367 613 1367 611 1367 610 1367 579 1383 538 1383 500 1367 499 1367 468 1367 466 1367 465 1367 421 1383 309 1383 298 1374 298 1372 296 1372 295 1372 293 1372 292 1372 272 1381 260 1372 258 1372 257 1372 255 1372 254 1372 253 1372 241 1382 223 1368 222 1368 220 1368 160 1367 158 1367 157 1367 126 1379 91 1374 90 1374 88 1374 56 1382 56 1414"/></Shape>
	    <String CONTENT="را خليفه می گردانی که فساد می کند بر زين يعنی علم قيامت"
                    HPOS="56"
                    VPOS="1367"
                    WIDTH="785"
                    HEIGHT="77"
                    WC="0.873278820514679"></String>
          </TextLine>

          
          
          <TextLine ID="eSc_line_27558212"
                    TAGREFS="LT4837"
                    BASELINE="53 1490 838 1487" 
                    HPOS="52"
                    VPOS="1441"
                    WIDTH="786"
                    HEIGHT="76">
            <Shape><Polygon POINTS="53 1490 53 1501 92 1501 94 1501 106 1514 106 1515 108 1515 109 1515 111 1517 156 1517 156 1515 157 1515 158 1515 158 1514 172 1501 174 1501 243 1501 244 1501 258 1511 260 1511 261 1511 262 1511 264 1511 275 1506 310 1515 312 1515 313 1515 315 1515 365 1501 389 1515 390 1515 392 1515 393 1517 444 1517 444 1515 445 1515 472 1503 521 1514 523 1514 524 1514 566 1500 568 1500 585 1500 662 1501 675 1513 675 1514 676 1514 677 1514 679 1515 804 1515 804 1514 805 1514 838 1499 838 1487 836 1449 821 1441 819 1441 818 1441 817 1441 815 1441 814 1441 814 1442 804 1451 803 1452 800 1451 790 1442 790 1441 788 1441 787 1441 786 1441 739 1451 722 1455 690 1455 686 1451 676 1442 676 1441 675 1441 673 1441 672 1441 670 1441 669 1441 669 1442 659 1451 655 1455 603 1455 597 1451 586 1441 585 1441 583 1441 582 1441 580 1441 562 1451 561 1451 559 1451 538 1442 537 1442 535 1442 534 1442 533 1442 523 1449 517 1454 513 1449 503 1444 502 1444 500 1444 499 1444 466 1449 440 1455 433 1449 426 1444 426 1442 424 1442 423 1442 421 1442 420 1442 419 1442 407 1449 398 1455 357 1449 341 1448 340 1448 330 1449 303 1455 292 1449 279 1442 278 1442 277 1442 275 1442 251 1449 248 1449 246 1449 213 1442 212 1442 210 1442 188 1449 181 1451 177 1449 161 1442 160 1442 158 1442 157 1442 156 1442 147 1449 146 1451 143 1449 135 1442 133 1442 132 1442 130 1442 52 1448 53 1490"/></Shape>
	    <String CONTENT="را باز مى پوشاندد خونا ميريزاند بينى به ظابر تنزيل هلاك"
                    HPOS="52"
                    VPOS="1441"
                    WIDTH="786"
                    HEIGHT="76"
                    WC="0.9032246139916507"></String>
          </TextLine>

          
          
          <TextLine ID="eSc_line_e89b5a77"
                    TAGREFS="LT4837"
                    BASELINE="57 1566 829 1566" 
                    HPOS="57"
                    VPOS="1517"
                    WIDTH="772"
                    HEIGHT="88">
            <Shape><Polygon POINTS="57 1566 57 1584 199 1584 209 1587 222 1593 223 1593 225 1593 226 1593 227 1593 233 1589 237 1586 251 1589 270 1593 271 1593 272 1593 274 1593 277 1590 284 1584 292 1590 306 1600 308 1600 309 1600 310 1600 312 1600 313 1600 326 1591 337 1584 369 1593 403 1600 405 1600 406 1600 407 1600 416 1593 421 1590 426 1594 434 1600 435 1600 437 1600 438 1600 440 1600 458 1594 476 1590 502 1590 510 1596 521 1604 523 1604 524 1604 525 1605 663 1605 663 1604 665 1604 666 1604 672 1600 691 1589 745 1584 770 1603 770 1604 772 1604 773 1604 774 1605 829 1605 829 1566 829 1524 791 1517 790 1517 788 1517 787 1517 779 1523 767 1531 749 1523 736 1518 735 1518 734 1518 732 1518 720 1523 691 1534 663 1527 662 1527 661 1527 659 1527 658 1527 658 1528 651 1535 599 1535 576 1523 565 1517 563 1517 518 1517 517 1517 516 1517 504 1523 479 1535 447 1535 434 1523 430 1518 430 1517 428 1517 427 1517 400 1517 399 1517 398 1517 396 1517 390 1521 372 1534 324 1521 322 1521 320 1521 319 1521 317 1521 316 1521 289 1535 230 1535 210 1521 205 1517 203 1517 202 1517 201 1517 199 1517 198 1517 194 1521 177 1535 161 1535 140 1521 135 1517 133 1517 132 1517 130 1517 57 1520 57 1566"/></Shape>
	    <String CONTENT="می گرداند و مخن نسبج بجندك وتقدس لا يعنى ما"
                    HPOS="57"
                    VPOS="1517"
                    WIDTH="772"
                    HEIGHT="88"
                    WC="0.8489248655563177"></String>
          </TextLine>

          
        </TextBlock>
        
        <TextBlock HPOS="416"
                   VPOS="56"
                   WIDTH="128"
                   HEIGHT="77"
                   ID="eSc_textblock_3800e2ec"
                   TAGREFS="BT16093">
          <Shape><Polygon POINTS="472 56 538 61 544 110 504 133 438 127 416 84 472 56"/></Shape>
          
          
          <TextLine ID="eSc_line_a048f107"
                    TAGREFS="LT4837"
                    BASELINE="451 96 509 94" 
                    HPOS="451"
                    VPOS="60"
                    WIDTH="58"
                    HEIGHT="62">
            <Shape><Polygon POINTS="451 64 451 96 451 118 507 122 509 94 506 67 480 60 479 60 478 60 476 60 475 60 469 64 461 70 452 63 451 64"/></Shape>
	    <String CONTENT=""
                    HPOS="451"
                    VPOS="60"
                    WIDTH="58"
                    HEIGHT="62"></String>
          </TextLine>

          
        </TextBlock>
        

        
      </PrintSpace>
    </Page>
  </Layout>
</alto>
