<?xml version="1.0" encoding="UTF-8"?>
<alto xmlns:xsi="http://www.w3.org/2001/XMLSchema-instance"
      xmlns="http://www.loc.gov/standards/alto/ns-v4#"
      xsi:schemaLocation="http://www.loc.gov/standards/alto/ns-v4# http://www.loc.gov/standards/alto/v4/alto-4-2.xsd">
  <Description>
    <MeasurementUnit>pixel</MeasurementUnit>
    <sourceImageInformation>
      <fileName>Rasail126.jpg</fileName>
      
    </sourceImageInformation>
  </Description>
  
  <Tags>
    <OtherTag ID="BT16094" LABEL="default" DESCRIPTION="block type default"/><OtherTag ID="BT16093" LABEL="NumberingZone:page" DESCRIPTION="block type NumberingZone:page"/><OtherTag ID="BT16092" LABEL="MarginTextZone:note" DESCRIPTION="block type MarginTextZone:note"/><OtherTag ID="BT16091" LABEL="TitlePageZone" DESCRIPTION="block type TitlePageZone"/><OtherTag ID="BT16090" LABEL="QuireMarksZone:catchwords" DESCRIPTION="block type QuireMarksZone:catchwords"/><OtherTag ID="BT16089" LABEL="NumberingZone:other" DESCRIPTION="block type NumberingZone:other"/><OtherTag ID="BT16088" LABEL="NumberingZone" DESCRIPTION="block type NumberingZone"/><OtherTag ID="BT16087" LABEL="MarginTextZone" DESCRIPTION="block type MarginTextZone"/><OtherTag ID="BT16086" LABEL="MainZone" DESCRIPTION="block type MainZone"/><OtherTag ID="BT16085" LABEL="DigitizationArtefactZone" DESCRIPTION="block type DigitizationArtefactZone"/><OtherTag ID="BT2" LABEL="Main" DESCRIPTION="block type Main"/><OtherTag ID="BT1" LABEL="Title" DESCRIPTION="block type Title"/>
    <OtherTag ID="LT4837" LABEL="DefaultLine" DESCRIPTION="line type DefaultLine"/><OtherTag ID="LT4838" LABEL="default" DESCRIPTION="line type default"/><OtherTag ID="LT4839" LABEL="HeadingLine:title" DESCRIPTION="line type HeadingLine:title"/>
  </Tags>
  
  <Layout>
    <Page WIDTH="1324"
          HEIGHT="1632"
          PHYSICAL_IMG_NR="154"
          ID="eSc_dummypage_">
      <PrintSpace HPOS="0"
                  VPOS="0"
                  WIDTH="1324"
                  HEIGHT="1632">
        
        <TextBlock HPOS="54"
                   VPOS="152"
                   WIDTH="1161"
                   HEIGHT="1397"
                   ID="eSc_textblock_ccf695cf"
                   TAGREFS="BT16086">
          <Shape><Polygon POINTS="640 152 1089 157 1215 195 1193 359 1198 662 1177 794 1160 1304 1117 1380 858 1380 862 1402 824 1441 835 1500 819 1516 840 1532 808 1549 321 1543 304 1456 321 1387 250 1380 266 1365 249 1331 103 1320 76 1293 54 1190 76 950 65 821 87 743 54 580 70 233 97 227 103 184 136 157 640 152"/></Shape>
          
          
          <TextLine ID="eSc_line_16c0280b"
                    TAGREFS="LT4837"
                    BASELINE="538 235 1174 248" 
                    HPOS="537"
                    VPOS="184"
                    WIDTH="637"
                    HEIGHT="90">
            <Shape><Polygon POINTS="538 235 537 252 601 263 602 263 659 255 664 255 665 255 684 265 685 265 687 265 786 258 789 258 790 258 804 267 805 267 806 267 808 267 854 259 855 259 898 269 899 269 900 269 917 261 929 270 930 270 932 270 983 272 985 272 1036 263 1045 270 1045 272 1046 272 1047 272 1049 272 1109 265 1155 274 1156 274 1157 274 1159 274 1172 265 1174 248 1174 213 1089 198 1088 198 1087 198 1051 210 1049 210 1045 210 985 190 983 190 982 190 981 190 951 198 941 190 940 190 938 190 859 189 858 189 857 189 855 189 845 198 821 187 820 187 774 186 772 186 771 186 770 186 749 204 748 205 730 205 704 204 703 202 666 184 665 184 664 184 662 184 661 184 642 201 640 201 538 199 538 235"/></Shape>
	    <String CONTENT="باشد و ديگر آنکه اگر ور ظمورعتو"
                    HPOS="537"
                    VPOS="184"
                    WIDTH="637"
                    HEIGHT="90"
                    WC="0.8639052771031857"></String>
          </TextLine>

          
          
          <TextLine ID="eSc_line_44b72f82"
                    TAGREFS="LT4837"
                    BASELINE="112 220 322 225" 
                    HPOS="111"
                    VPOS="172"
                    WIDTH="211"
                    HEIGHT="76">
            <Shape><Polygon POINTS="112 220 111 229 163 246 164 246 166 246 167 246 168 246 183 233 186 232 189 233 216 247 217 247 219 248 258 248 258 247 259 247 261 247 261 246 270 239 274 235 319 240 322 225 319 179 306 186 292 179 283 175 281 175 280 175 278 175 269 180 257 186 238 180 209 172 208 172 206 172 205 172 204 172 204 174 195 180 191 184 179 182 159 176 157 176 156 176 155 176 153 176 153 178 148 182 146 183 112 183 112 220"/></Shape>
	    <String CONTENT=" كند"
                    HPOS="111"
                    VPOS="172"
                    WIDTH="211"
                    HEIGHT="76"
                    WC="0.903349444270134"></String>
          </TextLine>

          
          
          <TextLine ID="eSc_line_97e00248"
                    TAGREFS="LT4837"
                    BASELINE="613 316 1171 325" 
                    HPOS="612"
                    VPOS="273"
                    WIDTH="559"
                    HEIGHT="81">
            <Shape><Polygon POINTS="612 341 649 338 654 344 658 346 658 348 659 348 661 348 662 349 684 349 684 348 685 348 687 348 687 346 691 344 696 340 700 344 703 346 704 346 706 346 707 346 708 346 718 344 737 340 759 345 782 349 783 349 806 345 825 341 834 345 845 350 846 350 847 350 849 350 850 350 850 349 855 345 859 341 870 345 876 348 877 348 879 348 880 348 881 348 884 345 891 341 899 346 907 352 908 352 910 352 911 352 951 346 970 344 974 346 982 353 983 353 985 353 986 354 1049 354 1049 353 1050 353 1051 353 1058 348 1064 344 1072 348 1079 350 1080 350 1081 350 1170 348 1171 325 1167 278 1141 297 1117 278 1115 278 1114 278 1077 278 1076 278 1074 278 1073 278 1053 297 1027 297 1009 280 1008 278 1008 277 1006 277 1005 277 985 276 941 276 940 276 938 276 937 276 937 277 933 280 928 285 919 280 914 276 913 276 911 276 910 276 864 278 862 278 857 280 812 293 771 291 752 280 737 273 736 273 734 273 704 277 703 277 702 277 702 278 699 281 688 292 639 292 615 281 613 316 612 341"/></Shape>
	    <String CONTENT="درور شکلی خورشيد خورنه"
                    HPOS="612"
                    VPOS="273"
                    WIDTH="559"
                    HEIGHT="81"
                    WC="0.903594355691563"></String>
          </TextLine>

          
          
          <TextLine ID="eSc_line_c3ac233b"
                    TAGREFS="LT4837"
                    BASELINE="117 297 227 297" 
                    HPOS="117"
                    VPOS="243"
                    WIDTH="110"
                    HEIGHT="83">
            <Shape><Polygon POINTS="117 297 117 310 167 308 187 320 194 325 195 325 197 325 198 326 227 326 227 297 227 255 161 243 160 243 159 243 117 257 117 297"/></Shape>
	    <String CONTENT="چنانگ"
                    HPOS="117"
                    VPOS="243"
                    WIDTH="110"
                    HEIGHT="83"
                    WC="0.8445040225982666"></String>
          </TextLine>

          
          
          <TextLine ID="eSc_line_bc048be7"
                    TAGREFS="LT4837"
                    BASELINE="962 406 1170 398" 
                    HPOS="959"
                    VPOS="359"
                    WIDTH="211"
                    HEIGHT="77">
            <Shape><Polygon POINTS="962 406 963 424 971 421 974 424 991 436 993 436 994 436 996 436 997 436 1028 421 1030 421 1099 432 1100 432 1102 432 1137 416 1140 414 1168 414 1170 398 1164 359 1129 376 959 368 962 406"/></Shape>
	    <String CONTENT="مخته اند"
                    HPOS="959"
                    VPOS="359"
                    WIDTH="211"
                    HEIGHT="77"
                    WC="0.8275246918201447"></String>
          </TextLine>

          
          
          <TextLine ID="eSc_line_0199340f"
                    TAGREFS="LT4837"
                    BASELINE="583 461 879 462" 
                    HPOS="582"
                    VPOS="417"
                    WIDTH="297"
                    HEIGHT="78">
            <Shape><Polygon POINTS="583 461 582 486 604 495 605 495 606 495 662 486 708 495 710 495 764 484 767 484 770 484 815 495 816 495 877 482 879 462 876 421 815 431 804 422 801 420 800 420 798 420 797 420 796 420 794 420 790 424 785 427 781 424 768 417 767 417 704 417 703 417 702 417 700 417 689 427 683 432 620 432 616 429 600 418 598 418 597 418 596 418 594 418 593 418 583 425 583 461"/></Shape>
	    <String CONTENT="ظمور معنوی امروز"
                    HPOS="582"
                    VPOS="417"
                    WIDTH="297"
                    HEIGHT="78"
                    WC="0.9304088652133942"></String>
          </TextLine>

          
          
          <TextLine ID="eSc_line_36b19065"
                    TAGREFS="LT4837"
                    BASELINE="552 390 680 390" 
                    HPOS="552"
                    VPOS="359"
                    WIDTH="128"
                    HEIGHT="59">
            <Shape><Polygon POINTS="552 390 552 405 590 418 591 418 593 418 594 418 612 412 621 409 679 418 680 390 679 359 552 361 552 390"/></Shape>
	    <String CONTENT="ق"
                    HPOS="552"
                    VPOS="359"
                    WIDTH="128"
                    HEIGHT="59"
                    WC="0.9827651381492615"></String>
          </TextLine>

          
          
          <TextLine ID="eSc_line_c4ae6817"
                    TAGREFS="LT4837"
                    BASELINE="332 527 883 524" 
                    HPOS="330"
                    VPOS="481"
                    WIDTH="553"
                    HEIGHT="82">
            <Shape><Polygon POINTS="332 527 332 544 428 544 429 545 438 552 439 552 440 552 442 552 485 545 499 556 499 557 500 557 502 557 503 557 504 557 530 550 553 563 555 563 556 563 557 563 581 556 617 561 619 561 620 561 621 561 621 560 634 549 651 561 653 561 654 561 655 561 692 554 740 561 741 561 742 561 744 561 763 548 789 549 801 560 801 561 802 561 804 561 805 563 857 563 857 561 858 561 859 561 883 545 883 524 876 482 870 486 866 482 865 481 864 481 862 481 861 481 859 481 858 481 858 482 857 482 840 500 809 500 779 485 768 481 767 481 766 481 764 481 763 481 757 486 745 497 722 499 689 489 688 489 687 489 684 489 572 500 537 495 515 490 514 490 512 490 511 490 504 495 499 499 495 496 481 485 480 485 478 485 378 482 376 482 353 484 352 484 351 484 330 496 332 527"/></Shape>
	    <String CONTENT="ظهور شکلی فردا بيه سود نهوامد کرد"
                    HPOS="330"
                    VPOS="481"
                    WIDTH="553"
                    HEIGHT="82"
                    WC="0.9143778790127147"></String>
          </TextLine>

          
          
          <TextLine ID="eSc_line_9ae91675"
                    TAGREFS="LT4837"
                    BASELINE="345 451 462 452" 
                    HPOS="344"
                    VPOS="413"
                    WIDTH="118"
                    HEIGHT="58">
            <Shape><Polygon POINTS="345 451 344 463 459 471 462 452 459 413 345 418 345 451"/></Shape>
	    <String CONTENT="وموو"
                    HPOS="344"
                    VPOS="413"
                    WIDTH="118"
                    HEIGHT="58"
                    WC="0.9492993056774139"></String>
          </TextLine>

          
          
          <TextLine ID="eSc_line_072d1b9a"
                    TAGREFS="LT4837"
                    BASELINE="329 601 873 597" 
                    HPOS="327"
                    VPOS="558"
                    WIDTH="546"
                    HEIGHT="77">
            <Shape><Polygon POINTS="329 601 332 624 341 617 400 617 427 621 476 631 477 631 478 631 480 631 492 621 504 631 506 631 507 631 508 631 510 631 532 620 536 618 540 620 585 633 586 633 587 635 691 635 691 633 692 633 734 620 753 629 755 629 812 632 813 632 815 632 816 632 846 614 847 614 872 614 873 597 869 558 846 560 845 560 843 560 843 561 830 575 802 575 789 561 789 560 787 560 786 560 785 560 783 560 751 575 687 575 619 572 609 563 608 563 606 563 605 563 604 563 578 575 548 563 545 561 544 561 542 561 541 561 538 563 507 573 480 564 478 564 477 564 427 575 413 564 412 563 410 563 409 563 359 563 357 563 356 563 355 563 353 564 346 571 327 565 329 601"/></Shape>
	    <String CONTENT="ور معنوی قائم است دعوت اد"
                    HPOS="327"
                    VPOS="558"
                    WIDTH="546"
                    HEIGHT="77"
                    WC="0.8802955013055068"></String>
          </TextLine>

          
          
          <TextLine ID="eSc_line_f791d9c5"
                    TAGREFS="LT4837"
                    BASELINE="326 673 859 678" 
                    HPOS="325"
                    VPOS="620"
                    WIDTH="534"
                    HEIGHT="84">
            <Shape><Polygon POINTS="326 673 325 690 337 700 338 700 340 700 341 700 342 700 344 700 344 699 357 688 359 688 451 688 464 690 493 699 495 699 496 699 529 693 534 692 537 693 552 703 553 703 555 703 556 703 557 703 574 694 585 689 612 689 619 696 625 701 625 703 627 703 628 703 630 703 631 703 632 703 632 701 638 696 643 692 651 697 655 700 657 700 658 700 659 700 661 700 669 697 684 692 693 699 703 704 704 704 706 704 707 704 858 703 859 678 859 646 832 626 831 626 830 626 808 624 806 624 805 624 804 624 772 644 772 646 771 644 755 632 753 632 752 632 751 632 749 632 722 643 717 644 665 640 624 637 623 637 621 637 620 637 620 639 612 644 602 637 587 628 586 628 585 628 583 628 545 635 514 641 491 633 458 620 457 620 455 620 413 628 405 621 405 620 404 620 402 620 401 620 326 625 326 673"/></Shape>
	    <String CONTENT="ور آن چه ست نه افزوتن بود نگردد کم"
                    HPOS="325"
                    VPOS="620"
                    WIDTH="534"
                    HEIGHT="84"
                    WC="0.8758486679622105"></String>
          </TextLine>

          
          
          <TextLine ID="eSc_line_8c131151"
                    TAGREFS="LT4837"
                    BASELINE="1012 791 1032 791" 
                    HPOS="1012"
                    VPOS="724"
                    WIDTH="20"
                    HEIGHT="83">
            <Shape><Polygon POINTS="1012 791 1012 805 1031 807 1032 791 1032 724 1012 724 1012 791"/></Shape>
	    <String CONTENT=""
                    HPOS="1012"
                    VPOS="724"
                    WIDTH="20"
                    HEIGHT="83"></String>
          </TextLine>

          
          
          <TextLine ID="eSc_line_d9ac2817"
                    TAGREFS="LT4837"
                    BASELINE="555 753 673 753" 
                    HPOS="555"
                    VPOS="699"
                    WIDTH="118"
                    HEIGHT="91">
            <Shape><Polygon POINTS="555 753 555 777 591 787 593 787 594 787 612 780 620 787 620 788 621 788 623 788 624 790 657 790 657 788 658 788 659 788 673 779 673 753 673 711 655 711 644 700 644 699 643 699 642 699 601 699 600 699 598 699 555 709 555 753"/></Shape>
	    <String CONTENT="نشش"
                    HPOS="555"
                    VPOS="699"
                    WIDTH="118"
                    HEIGHT="91"
                    WC="0.888191024462382"></String>
          </TextLine>

          
          
          <TextLine ID="eSc_line_13b9fe24"
                    TAGREFS="LT4837"
                    BASELINE="106 737 302 734" 
                    HPOS="104"
                    VPOS="674"
                    WIDTH="198"
                    HEIGHT="86">
            <Shape><Polygon POINTS="106 737 106 746 137 760 138 760 140 760 141 760 172 749 174 749 175 749 202 758 204 758 205 758 238 752 262 746 300 753 302 734 298 692 272 692 270 692 255 677 255 675 254 675 253 675 208 674 206 674 205 674 204 674 204 675 189 688 163 688 152 678 152 677 151 677 149 677 148 677 146 677 145 677 123 693 123 694 104 694 106 737"/></Shape>
	    <String CONTENT="دينه"
                    HPOS="104"
                    VPOS="674"
                    WIDTH="198"
                    HEIGHT="86"
                    WC="0.895057737827301"></String>
          </TextLine>

          
          
          <TextLine ID="eSc_line_f7e5d4b3"
                    TAGREFS="LT4837"
                    BASELINE="1062 866 1144 860" 
                    HPOS="1060"
                    VPOS="816"
                    WIDTH="84"
                    HEIGHT="66">
            <Shape><Polygon POINTS="1144 860 1138 816 1084 826 1060 820 1062 866 1064 879 1083 871 1103 879 1109 882 1110 882 1111 882 1144 879 1144 860"/></Shape>
	    <String CONTENT=""
                    HPOS="1060"
                    VPOS="816"
                    WIDTH="84"
                    HEIGHT="66"></String>
          </TextLine>

          
          
          <TextLine ID="eSc_line_c3fb5a3f"
                    TAGREFS="LT4837"
                    BASELINE="108 803 255 806" 
                    HPOS="107"
                    VPOS="752"
                    WIDTH="148"
                    HEIGHT="69">
            <Shape><Polygon POINTS="108 803 107 816 253 821 255 806 255 768 242 761 240 761 239 761 238 761 214 768 183 752 182 752 180 752 108 765 108 803"/></Shape>
	    <String CONTENT="چون"
                    HPOS="107"
                    VPOS="752"
                    WIDTH="148"
                    HEIGHT="69"
                    WC="0.9966032107671102"></String>
          </TextLine>

          
          
          <TextLine ID="eSc_line_241e46e8"
                    TAGREFS="LT4837"
                    BASELINE="1074 935 1136 932" 
                    HPOS="1072"
                    VPOS="894"
                    WIDTH="64"
                    HEIGHT="68">
            <Shape><Polygon POINTS="1074 935 1076 962 1114 961 1115 961 1136 949 1136 932 1133 903 1103 894 1102 894 1100 894 1099 894 1072 904 1074 935"/></Shape>
	    <String CONTENT=""
                    HPOS="1072"
                    VPOS="894"
                    WIDTH="64"
                    HEIGHT="68"></String>
          </TextLine>

          
          
          <TextLine ID="eSc_line_af314098"
                    TAGREFS="LT4837"
                    BASELINE="114 878 238 879" 
                    HPOS="114"
                    VPOS="813"
                    WIDTH="124"
                    HEIGHT="71">
            <Shape><Polygon POINTS="114 878 114 884 236 884 238 879 238 828 206 813 205 813 170 813 168 813 167 813 166 813 166 814 145 833 142 836 114 836 114 878"/></Shape>
	    <String CONTENT=""
                    HPOS="114"
                    VPOS="813"
                    WIDTH="124"
                    HEIGHT="71"></String>
          </TextLine>

          
          
          <TextLine ID="eSc_line_10c49e1d"
                    TAGREFS="LT4837"
                    BASELINE="1084 1006 1128 1000" 
                    HPOS="1079"
                    VPOS="960"
                    WIDTH="50"
                    HEIGHT="68">
            <Shape><Polygon POINTS="1084 1006 1087 1028 1129 1021 1128 1000 1119 960 1079 972 1084 1006"/></Shape>
	    <String CONTENT=""
                    HPOS="1079"
                    VPOS="960"
                    WIDTH="50"
                    HEIGHT="68"></String>
          </TextLine>

          
          
          <TextLine ID="eSc_line_b991d2cf"
                    TAGREFS="LT4837"
                    BASELINE="110 949 272 949" 
                    HPOS="110"
                    VPOS="897"
                    WIDTH="162"
                    HEIGHT="69">
            <Shape><Polygon POINTS="110 949 110 962 144 966 145 966 157 964 187 957 197 965 198 965 200 965 201 965 204 965 239 957 269 966 272 949 272 908 235 897 234 897 232 897 231 897 229 897 212 909 197 898 195 898 194 898 193 898 191 898 151 913 148 915 110 915 110 949"/></Shape>
	    <String CONTENT="که ظهور"
                    HPOS="110"
                    VPOS="897"
                    WIDTH="162"
                    HEIGHT="69"
                    WC="0.8945405312946865"></String>
          </TextLine>

          
          
          <TextLine ID="eSc_line_8e848892"
                    TAGREFS="LT4837"
                    BASELINE="1051 1088 1123 1083" 
                    HPOS="1049"
                    VPOS="1032"
                    WIDTH="74"
                    HEIGHT="91">
            <Shape><Polygon POINTS="1051 1088 1054 1123 1123 1098 1123 1083 1119 1032 1079 1032 1077 1032 1076 1032 1049 1044 1051 1088"/></Shape>
	    <String CONTENT=""
                    HPOS="1049"
                    VPOS="1032"
                    WIDTH="74"
                    HEIGHT="91"></String>
          </TextLine>

          
          
          <TextLine ID="eSc_line_6b241fb9"
                    TAGREFS="LT4837"
                    BASELINE="1050 1162 1125 1161" 
                    HPOS="1049"
                    VPOS="1119"
                    WIDTH="76"
                    HEIGHT="75">
            <Shape><Polygon POINTS="1050 1162 1050 1194 1079 1191 1080 1191 1081 1191 1088 1184 1103 1175 1122 1176 1125 1161 1122 1119 1049 1119 1050 1162"/></Shape>
	    <String CONTENT=""
                    HPOS="1049"
                    VPOS="1119"
                    WIDTH="76"
                    HEIGHT="75"></String>
          </TextLine>

          
          
          <TextLine ID="eSc_line_350281b4"
                    TAGREFS="LT4837"
                    BASELINE="704 1112 922 1113" 
                    HPOS="703"
                    VPOS="1064"
                    WIDTH="219"
                    HEIGHT="82">
            <Shape><Polygon POINTS="703 1126 756 1145 757 1145 759 1145 760 1145 762 1145 775 1132 782 1127 816 1127 839 1138 843 1141 845 1141 919 1146 922 1113 922 1082 839 1082 817 1073 798 1066 797 1066 796 1066 794 1066 782 1070 752 1081 706 1064 704 1112 703 1126"/></Shape>
	    <String CONTENT="گاهگاهى"
                    HPOS="703"
                    VPOS="1064"
                    WIDTH="219"
                    HEIGHT="82"
                    WC="0.8881359355790275"></String>
          </TextLine>

          
          
          <TextLine ID="eSc_line_121d8798"
                    TAGREFS="LT4837"
                    BASELINE="103 1093 454 1097" 
                    HPOS="102"
                    VPOS="1037"
                    WIDTH="352"
                    HEIGHT="76">
            <Shape><Polygon POINTS="103 1093 102 1098 220 1112 221 1113 258 1113 258 1112 259 1112 261 1112 261 1111 268 1105 270 1102 287 1105 322 1112 323 1112 325 1112 338 1108 349 1104 451 1111 454 1097 454 1063 410 1063 410 1062 390 1043 390 1041 389 1041 387 1041 386 1041 385 1041 327 1060 311 1045 310 1045 308 1045 307 1045 306 1045 273 1055 221 1037 220 1037 167 1037 166 1037 164 1037 103 1058 103 1093"/></Shape>
	    <String CONTENT="و ظهور مغنوی حخت"
                    HPOS="102"
                    VPOS="1037"
                    WIDTH="352"
                    HEIGHT="76"
                    WC="0.9200022518634796"></String>
          </TextLine>

          
          
          <TextLine ID="eSc_line_f7e8790b"
                    TAGREFS="LT4837"
                    BASELINE="1023 1228 1121 1229" 
                    HPOS="1021"
                    VPOS="1191"
                    WIDTH="100"
                    HEIGHT="56">
            <Shape><Polygon POINTS="1021 1247 1119 1238 1121 1229 1119 1200 1080 1191 1079 1191 1077 1191 1076 1191 1076 1192 1072 1195 1065 1203 1047 1203 1024 1191 1023 1228 1021 1247"/></Shape>
	    <String CONTENT="سر"
                    HPOS="1021"
                    VPOS="1191"
                    WIDTH="100"
                    HEIGHT="56"
                    WC="0.91017746925354"></String>
          </TextLine>

          
          
          <TextLine ID="eSc_line_a2120217"
                    TAGREFS="LT4837"
                    BASELINE="102 1166 885 1176" 
                    HPOS="100"
                    VPOS="1115"
                    WIDTH="785"
                    HEIGHT="85">
            <Shape><Polygon POINTS="102 1166 100 1184 170 1192 171 1192 172 1192 185 1185 187 1184 190 1185 200 1192 201 1192 202 1192 204 1192 205 1192 221 1187 228 1184 292 1184 302 1187 323 1195 325 1195 326 1195 386 1188 412 1185 420 1188 438 1196 439 1196 440 1198 473 1198 473 1196 474 1196 476 1196 484 1190 488 1187 504 1190 549 1198 551 1199 597 1199 597 1198 598 1198 600 1198 609 1191 613 1188 627 1191 661 1199 662 1199 664 1199 677 1192 681 1190 708 1192 762 1198 763 1198 790 1194 804 1191 811 1194 825 1200 827 1200 828 1200 884 1194 885 1176 884 1143 798 1142 781 1127 779 1127 778 1127 776 1127 775 1127 774 1127 760 1139 741 1127 740 1127 738 1127 737 1127 736 1127 706 1139 639 1139 617 1120 616 1120 615 1120 613 1120 612 1120 566 1138 533 1136 508 1119 507 1119 506 1119 504 1119 429 1130 402 1117 401 1117 400 1117 363 1126 357 1119 356 1119 356 1117 355 1117 353 1117 352 1117 351 1117 312 1134 296 1117 296 1116 295 1116 293 1116 292 1116 246 1122 212 1115 167 1115 166 1115 164 1115 163 1115 148 1127 102 1132 102 1166"/></Shape>
	    <String CONTENT="سازد به سلب آنکه بندگان قابل درآف زمان"
                    HPOS="100"
                    VPOS="1115"
                    WIDTH="785"
                    HEIGHT="85"
                    WC="0.9512189283967019"></String>
          </TextLine>

          
          
          <TextLine ID="eSc_line_4031ae23"
                    TAGREFS="LT4837"
                    BASELINE="938 1293 1119 1290" 
                    HPOS="937"
                    VPOS="1244"
                    WIDTH="182"
                    HEIGHT="84">
            <Shape><Polygon POINTS="938 1293 938 1312 990 1328 991 1328 993 1328 1042 1327 1043 1327 1045 1327 1057 1316 1080 1327 1081 1327 1083 1327 1084 1327 1119 1315 1119 1290 1115 1244 1058 1256 937 1247 938 1293"/></Shape>
	    <String CONTENT="س"
                    HPOS="937"
                    VPOS="1244"
                    WIDTH="182"
                    HEIGHT="84"
                    WC="0.9830071926116943"></String>
          </TextLine>

          
          
          <TextLine ID="eSc_line_bec9e49f"
                    TAGREFS="LT4837"
                    BASELINE="397 1238 749 1241 879 1249" 
                    HPOS="395"
                    VPOS="1191"
                    WIDTH="484"
                    HEIGHT="76">
            <Shape><Polygon POINTS="395 1249 455 1262 457 1262 506 1253 530 1263 532 1263 593 1264 594 1264 596 1264 624 1255 631 1253 642 1256 683 1264 684 1264 717 1258 727 1255 732 1258 741 1264 742 1264 744 1264 745 1264 747 1264 748 1264 748 1263 753 1258 757 1255 783 1259 839 1267 840 1267 877 1260 879 1249 877 1206 830 1207 825 1204 815 1195 815 1194 813 1194 812 1194 793 1194 791 1194 790 1194 789 1194 775 1203 772 1206 770 1203 756 1194 755 1194 753 1194 688 1191 687 1191 649 1199 638 1192 636 1192 635 1192 634 1192 632 1192 604 1200 582 1209 533 1209 519 1199 512 1195 511 1195 510 1195 508 1195 507 1195 495 1199 474 1206 440 1199 439 1199 438 1199 412 1206 400 1198 397 1238 395 1249"/></Shape>
	    <String CONTENT="باالند چنانکه گفته اند"
                    HPOS="395"
                    VPOS="1191"
                    WIDTH="484"
                    HEIGHT="76"
                    WC="0.9016974703832106"></String>
          </TextLine>

          
          
          <TextLine ID="eSc_line_c31ca76a"
                    TAGREFS="LT4837"
                    BASELINE="408 1312 800 1312" 
                    HPOS="408"
                    VPOS="1262"
                    WIDTH="392"
                    HEIGHT="74">
            <Shape><Polygon POINTS="408 1312 408 1326 484 1323 493 1326 527 1336 529 1336 530 1336 589 1327 598 1335 600 1335 601 1335 664 1336 665 1336 666 1336 668 1336 668 1335 680 1323 681 1323 700 1323 703 1323 742 1336 744 1336 745 1336 747 1336 800 1321 800 1312 797 1262 767 1274 733 1262 732 1262 730 1262 729 1262 727 1262 726 1262 726 1263 717 1271 699 1263 698 1263 696 1263 695 1263 640 1278 514 1274 500 1264 498 1262 496 1262 495 1262 493 1262 408 1264 408 1312"/></Shape>
	    <String CONTENT="ظهور معنويم وير پردز"
                    HPOS="408"
                    VPOS="1262"
                    WIDTH="392"
                    HEIGHT="74"
                    WC="0.872633770108223"></String>
          </TextLine>

          
          
          <TextLine ID="eSc_line_9697b539"
                    TAGREFS="LT4837"
                    BASELINE="391 1379 801 1376" 
                    HPOS="390"
                    VPOS="1334"
                    WIDTH="411"
                    HEIGHT="70">
            <Shape><Polygon POINTS="391 1379 391 1394 485 1394 495 1402 495 1403 496 1403 498 1403 499 1404 527 1404 527 1403 529 1403 530 1403 530 1402 538 1395 549 1402 551 1402 552 1402 553 1402 597 1394 767 1402 768 1402 770 1402 801 1391 801 1376 797 1334 755 1343 732 1336 730 1336 729 1336 727 1336 726 1336 725 1336 693 1353 655 1353 640 1340 636 1338 635 1338 634 1338 632 1338 631 1338 620 1342 591 1354 578 1354 570 1345 561 1338 561 1336 560 1336 559 1336 557 1336 556 1336 534 1346 519 1353 493 1349 429 1336 428 1336 427 1336 425 1336 425 1338 409 1353 408 1354 390 1354 391 1379"/></Shape>
	    <String CONTENT="نگيرانه از نزومندان خود بار"
                    HPOS="390"
                    VPOS="1334"
                    WIDTH="411"
                    HEIGHT="70"
                    WC="0.9034305568094607"></String>
          </TextLine>

          
          
          <TextLine ID="eSc_line_351a8dd1"
                    TAGREFS="LT4837"
                    BASELINE="394 1447 798 1447" 
                    HPOS="394"
                    VPOS="1406"
                    WIDTH="404"
                    HEIGHT="73">
            <Shape><Polygon POINTS="394 1447 394 1468 500 1463 515 1467 526 1470 527 1470 529 1470 530 1470 544 1467 560 1463 586 1463 589 1466 601 1476 601 1478 602 1478 604 1478 605 1479 655 1479 655 1478 657 1478 658 1478 670 1468 718 1478 719 1478 798 1462 798 1447 798 1414 790 1408 789 1408 787 1408 786 1408 785 1408 783 1408 770 1417 768 1418 763 1418 706 1406 704 1406 703 1406 702 1406 688 1418 685 1421 672 1421 670 1418 658 1407 658 1406 657 1406 655 1406 639 1406 638 1406 636 1406 613 1418 605 1418 594 1419 593 1418 582 1410 582 1408 581 1408 579 1408 578 1408 576 1408 549 1419 548 1419 547 1419 522 1406 521 1406 519 1406 518 1406 480 1415 454 1406 453 1406 451 1406 450 1406 449 1406 427 1419 425 1421 394 1421 394 1447"/></Shape>
	    <String CONTENT="ازين پس باب رحم بلند"
                    HPOS="394"
                    VPOS="1406"
                    WIDTH="404"
                    HEIGHT="73"
                    WC="0.8086074531078339"></String>
          </TextLine>

          
          
          <TextLine ID="eSc_line_08c23c97"
                    TAGREFS="LT4837"
                    BASELINE="374 1520 798 1520" 
                    HPOS="374"
                    VPOS="1475"
                    WIDTH="424"
                    HEIGHT="79">
            <Shape><Polygon POINTS="374 1520 374 1551 395 1553 397 1553 398 1553 400 1553 401 1551 420 1540 526 1547 591 1551 593 1551 594 1551 596 1551 596 1550 602 1544 605 1542 609 1544 617 1551 617 1553 619 1553 620 1553 621 1554 730 1554 730 1553 732 1553 733 1553 747 1540 764 1553 766 1553 767 1553 768 1553 770 1553 798 1539 798 1520 797 1475 738 1478 737 1478 736 1478 736 1479 727 1486 717 1476 717 1475 715 1475 714 1475 713 1475 711 1475 710 1475 710 1476 683 1491 650 1482 649 1482 647 1482 646 1482 620 1491 549 1483 548 1483 506 1491 489 1483 488 1483 487 1483 485 1483 461 1491 449 1481 443 1475 442 1475 440 1475 439 1475 374 1481 374 1520"/></Shape>
	    <String CONTENT="اگر هوی رود پيرمانه بندگ"
                    HPOS="374"
                    VPOS="1475"
                    WIDTH="424"
                    HEIGHT="79"
                    WC="0.8412313858668009"></String>
          </TextLine>

          
        </TextBlock>
        
        <TextBlock HPOS="548"
                   VPOS="65"
                   WIDTH="151"
                   HEIGHT="85"
                   ID="eSc_textblock_aa5faa47"
                   TAGREFS="BT16093">
          <Shape><Polygon POINTS="586 65 672 70 699 118 655 150 581 150 548 92 586 65"/></Shape>
          
          
          <TextLine ID="eSc_line_55c99e51"
                    TAGREFS="LT4837"
                    BASELINE="583 108 664 104" 
                    HPOS="581"
                    VPOS="76"
                    WIDTH="83"
                    HEIGHT="46">
            <Shape><Polygon POINTS="583 108 583 122 664 119 664 104 659 76 581 81 583 108"/></Shape>
	    <String CONTENT=""
                    HPOS="581"
                    VPOS="76"
                    WIDTH="83"
                    HEIGHT="46"></String>
          </TextLine>

          
        </TextBlock>
        

        
      </PrintSpace>
    </Page>
  </Layout>
</alto>
