<?xml version="1.0" encoding="UTF-8"?>
<alto xmlns:xsi="http://www.w3.org/2001/XMLSchema-instance"
      xmlns="http://www.loc.gov/standards/alto/ns-v4#"
      xsi:schemaLocation="http://www.loc.gov/standards/alto/ns-v4# http://www.loc.gov/standards/alto/v4/alto-4-2.xsd">
  <Description>
    <MeasurementUnit>pixel</MeasurementUnit>
    <sourceImageInformation>
      <fileName>Rasail014.jpg</fileName>
      
    </sourceImageInformation>
  </Description>
  
  <Tags>
    <OtherTag ID="BT16094" LABEL="default" DESCRIPTION="block type default"/><OtherTag ID="BT16093" LABEL="NumberingZone:page" DESCRIPTION="block type NumberingZone:page"/><OtherTag ID="BT16092" LABEL="MarginTextZone:note" DESCRIPTION="block type MarginTextZone:note"/><OtherTag ID="BT16091" LABEL="TitlePageZone" DESCRIPTION="block type TitlePageZone"/><OtherTag ID="BT16090" LABEL="QuireMarksZone:catchwords" DESCRIPTION="block type QuireMarksZone:catchwords"/><OtherTag ID="BT16089" LABEL="NumberingZone:other" DESCRIPTION="block type NumberingZone:other"/><OtherTag ID="BT16088" LABEL="NumberingZone" DESCRIPTION="block type NumberingZone"/><OtherTag ID="BT16087" LABEL="MarginTextZone" DESCRIPTION="block type MarginTextZone"/><OtherTag ID="BT16086" LABEL="MainZone" DESCRIPTION="block type MainZone"/><OtherTag ID="BT16085" LABEL="DigitizationArtefactZone" DESCRIPTION="block type DigitizationArtefactZone"/><OtherTag ID="BT2" LABEL="Main" DESCRIPTION="block type Main"/><OtherTag ID="BT1" LABEL="Title" DESCRIPTION="block type Title"/>
    <OtherTag ID="LT4837" LABEL="DefaultLine" DESCRIPTION="line type DefaultLine"/><OtherTag ID="LT4838" LABEL="default" DESCRIPTION="line type default"/><OtherTag ID="LT4839" LABEL="HeadingLine:title" DESCRIPTION="line type HeadingLine:title"/>
  </Tags>
  
  <Layout>
    <Page WIDTH="1146"
          HEIGHT="1811"
          PHYSICAL_IMG_NR="42"
          ID="eSc_dummypage_">
      <PrintSpace HPOS="0"
                  VPOS="0"
                  WIDTH="1146"
                  HEIGHT="1811">
        
        <TextBlock HPOS="30"
                   VPOS="150"
                   WIDTH="1037"
                   HEIGHT="1599"
                   ID="eSc_textblock_a1fb22cc"
                   TAGREFS="BT16086">
          <Shape><Polygon POINTS="809 150 1007 162 1067 187 1067 541 1031 953 1031 1706 976 1743 60 1749 30 1718 30 338 48 175 809 150"/></Shape>
          
          
          <TextLine ID="eSc_line_d4e73b47"
                    TAGREFS="LT4837"
                    BASELINE="45 238 1022 226" 
                    HPOS="43"
                    VPOS="178"
                    WIDTH="979"
                    HEIGHT="89">
            <Shape><Polygon POINTS="45 238 45 252 75 267 77 267 78 267 80 267 81 267 102 252 188 252 203 259 205 259 206 259 244 252 274 262 276 262 277 262 279 262 323 250 324 250 326 250 409 264 410 264 522 262 523 262 549 249 552 247 563 249 649 261 650 261 652 261 653 261 653 259 667 247 688 259 690 259 691 259 735 252 773 259 774 259 776 259 777 259 795 247 798 244 803 245 825 258 827 258 828 258 830 258 868 247 978 256 979 256 981 256 982 256 999 245 1002 242 1020 244 1022 226 1019 178 966 178 964 178 963 178 957 179 896 194 872 181 868 179 866 179 865 179 863 179 856 182 819 196 754 196 733 185 723 181 721 181 720 181 718 181 717 181 711 187 697 196 652 199 597 199 582 190 567 182 566 182 532 182 531 182 357 196 286 202 264 199 229 194 227 194 226 194 211 200 209 202 208 200 187 190 185 190 184 190 182 190 181 190 163 202 122 188 120 188 119 188 43 205 45 238"/></Shape>
	    <String CONTENT="خدای قعالی آدم را به صورت خود آفريده و دميده دراو روح"
                    HPOS="43"
                    VPOS="178"
                    WIDTH="979"
                    HEIGHT="89"
                    WC="0.9226784933697093"></String>
          </TextLine>

          
          
          <TextLine ID="eSc_line_f3f55540"
                    TAGREFS="LT4837"
                    BASELINE="43 319 1026 313" 
                    HPOS="42"
                    VPOS="271"
                    WIDTH="984"
                    HEIGHT="80">
            <Shape><Polygon POINTS="43 319 43 333 86 342 87 342 129 335 146 348 146 350 147 350 149 350 150 351 203 351 203 350 205 350 237 336 265 350 267 350 268 350 270 350 312 333 375 341 377 341 465 333 483 348 484 348 486 348 487 350 532 350 532 348 593 347 594 347 640 332 662 347 664 347 665 347 667 348 747 348 747 347 748 347 750 347 767 333 812 345 813 345 815 345 816 345 877 330 948 330 964 342 966 342 967 342 969 342 970 342 1026 327 1026 313 1023 274 995 271 993 271 991 271 990 271 990 273 987 274 975 285 901 276 881 274 880 274 878 274 877 274 874 277 860 286 815 277 801 276 800 276 798 276 789 279 754 289 688 289 670 280 653 274 652 274 650 274 649 274 634 282 620 288 588 282 534 273 532 273 531 273 487 285 474 288 466 285 448 277 446 277 445 277 443 277 442 277 433 285 431 286 428 285 412 280 410 280 409 280 327 288 285 292 262 292 259 289 244 276 243 276 241 276 240 276 238 276 218 283 211 276 209 276 208 276 149 276 147 276 146 276 144 276 129 288 116 277 114 277 113 277 111 277 42 292 43 319"/></Shape>
	    <String CONTENT="خوده و صورت انزدی نفس کلاست و آدم ناطق است"
                    HPOS="42"
                    VPOS="271"
                    WIDTH="984"
                    HEIGHT="80"
                    WC="0.9479790884394979"></String>
          </TextLine>

          
          
          <TextLine ID="eSc_line_dd3ef2bb"
                    TAGREFS="LT4837"
                    BASELINE="39 404 1020 395" 
                    HPOS="37"
                    VPOS="353"
                    WIDTH="983"
                    HEIGHT="78">
            <Shape><Polygon POINTS="39 404 39 416 66 431 67 431 69 431 212 415 363 430 365 430 448 428 449 428 484 413 542 424 543 424 545 424 546 424 560 413 591 425 593 425 594 425 596 425 616 416 638 427 640 427 641 427 643 427 677 412 691 422 693 422 694 422 739 425 741 425 742 425 792 410 868 410 918 424 919 424 921 424 922 424 924 424 946 408 985 416 987 416 988 416 1020 405 1020 395 1016 362 963 365 952 362 922 353 921 353 919 353 918 353 899 363 895 365 883 363 853 357 851 357 821 363 813 365 812 363 797 353 795 353 794 353 745 353 744 353 742 353 741 353 724 365 720 368 682 368 677 365 668 359 667 359 665 359 664 359 662 359 649 365 640 356 638 356 637 356 635 356 634 356 632 356 619 366 616 368 614 366 605 360 603 360 602 360 600 360 539 368 531 368 529 368 513 356 511 356 510 356 508 356 507 356 466 368 462 369 462 368 448 357 448 356 446 356 445 356 403 356 401 356 400 356 398 356 398 357 385 369 382 369 306 357 304 357 303 357 301 357 301 359 292 366 237 363 235 363 193 372 188 372 184 372 141 359 140 359 67 359 66 359 64 359 37 371 39 404"/></Shape>
	    <String CONTENT="در زمان خود نتاشيد و صورت نفس گل بود و در حدتاويل"
                    HPOS="37"
                    VPOS="353"
                    WIDTH="983"
                    HEIGHT="78"
                    WC="0.9369187841610033"></String>
          </TextLine>

          
          
          <TextLine ID="eSc_line_5dcfd8a2"
                    TAGREFS="LT4837"
                    BASELINE="45 482 1019 473" 
                    HPOS="43"
                    VPOS="431"
                    WIDTH="976"
                    HEIGHT="79">
            <Shape><Polygon POINTS="45 482 45 495 87 495 90 495 137 510 138 510 140 510 224 498 271 508 273 510 359 510 359 508 360 508 362 508 380 493 398 507 400 507 401 507 403 507 404 507 452 491 469 505 469 507 471 507 472 507 474 508 528 508 528 507 616 491 638 504 640 504 641 504 643 504 644 504 661 490 691 496 693 496 812 488 816 488 834 496 836 496 837 496 875 487 880 487 884 487 939 501 940 501 942 501 943 501 960 487 961 487 1017 487 1019 473 1014 436 919 442 910 437 902 431 901 431 899 431 860 431 859 431 857 431 856 431 848 437 841 443 798 439 756 434 754 434 753 434 751 434 751 436 747 440 742 443 703 440 658 437 656 437 655 437 653 437 649 442 644 445 628 442 602 437 600 437 576 443 566 445 560 443 540 434 539 434 537 434 487 445 477 446 474 445 466 437 466 436 465 436 463 436 368 436 366 436 306 437 304 437 285 448 283 448 271 448 150 442 149 442 147 442 146 442 146 443 138 449 99 439 98 439 96 439 43 451 45 482"/></Shape>
	    <String CONTENT="روی اشارت است به ايام يعنی زشت نگردانيد ايامان را ما"
                    HPOS="43"
                    VPOS="431"
                    WIDTH="976"
                    HEIGHT="79"
                    WC="0.8926331377946414"></String>
          </TextLine>

          
          
          <TextLine ID="eSc_line_e81861f2"
                    TAGREFS="LT4837"
                    BASELINE="49 581 418 567 1017 561" 
                    HPOS="48"
                    VPOS="505"
                    WIDTH="969"
                    HEIGHT="95">
            <Shape><Polygon POINTS="49 581 51 600 81 593 89 600 90 600 92 600 93 600 164 599 166 599 167 599 169 597 184 585 221 585 282 594 304 597 306 597 308 597 309 597 314 593 327 584 362 591 380 596 382 596 383 596 385 596 391 591 406 582 446 582 455 590 462 594 463 594 465 594 466 594 468 594 484 588 502 582 522 587 542 593 543 593 545 593 546 593 548 593 558 587 570 579 591 585 611 591 613 591 614 591 616 591 617 591 628 584 637 579 650 584 664 588 665 588 667 588 668 588 670 588 674 584 680 578 747 576 773 581 816 588 818 588 819 588 854 579 913 587 914 587 916 587 957 574 964 573 969 574 990 585 991 585 993 585 995 585 1017 573 1017 561 1016 523 973 505 972 505 970 505 969 505 925 517 896 507 895 507 893 507 892 507 827 526 824 528 773 528 756 528 708 513 706 513 705 513 703 513 702 513 682 526 606 511 605 511 603 511 539 531 537 531 501 520 499 520 498 520 496 520 495 520 477 532 472 532 412 523 410 523 409 523 392 529 378 517 378 516 377 516 375 516 336 516 335 516 333 516 304 529 289 517 288 517 286 517 255 517 253 517 252 517 250 517 231 535 194 519 193 519 154 519 152 519 150 519 149 519 129 537 48 538 49 581"/></Shape>
	    <String CONTENT="به آنکه مخالفان خاندان غير امام ه ايام فگيريد که ناطق ير"
                    HPOS="48"
                    VPOS="505"
                    WIDTH="969"
                    HEIGHT="95"
                    WC="0.8866725752228185"></String>
          </TextLine>

          
          
          <TextLine ID="eSc_line_89ec4b41"
                    TAGREFS="LT4837"
                    BASELINE="49 650 1022 636" 
                    HPOS="48"
                    VPOS="593"
                    WIDTH="974"
                    HEIGHT="81">
            <Shape><Polygon POINTS="49 650 49 674 92 674 92 673 93 673 95 673 114 659 178 670 182 670 184 670 185 670 188 670 231 657 303 657 324 665 333 668 335 668 336 668 338 668 350 665 385 654 424 662 455 668 457 668 459 668 483 661 507 653 526 659 537 662 539 662 540 662 542 662 543 662 548 659 558 653 581 657 596 661 597 661 637 656 664 653 668 654 688 665 690 665 691 665 693 665 732 656 803 664 804 664 836 662 837 662 839 662 839 661 853 650 854 648 886 648 887 648 904 662 905 662 907 662 908 662 1022 644 1022 636 1019 605 991 599 990 599 988 599 970 605 966 606 964 605 951 593 949 593 948 593 946 593 945 593 893 606 890 606 889 606 837 594 836 594 834 594 807 608 803 609 794 608 741 599 739 599 738 599 736 599 724 609 723 609 721 609 679 602 677 602 676 602 640 611 638 611 623 600 622 600 620 600 619 600 617 600 587 611 525 599 523 599 522 599 480 612 468 603 466 603 465 603 463 603 434 609 424 600 422 600 421 600 372 600 371 600 341 602 339 602 338 602 318 615 276 605 274 605 273 605 271 605 252 615 224 603 223 603 221 603 220 603 218 603 197 618 141 618 126 606 126 605 125 605 123 605 98 605 96 605 95 605 48 620 49 650"/></Shape>
	    <String CONTENT="عصری دامی خلايق است بر صورت مشتابعت طهور ايام"
                    HPOS="48"
                    VPOS="593"
                    WIDTH="974"
                    HEIGHT="81"
                    WC="0.9331277390321095"></String>
          </TextLine>

          
          
          <TextLine ID="eSc_line_9f65742e"
                    TAGREFS="LT4837"
                    BASELINE="46 728 1016 716" 
                    HPOS="45"
                    VPOS="671"
                    WIDTH="971"
                    HEIGHT="82">
            <Shape><Polygon POINTS="46 728 46 753 149 737 179 750 181 750 182 751 250 751 250 750 252 750 258 748 298 734 359 734 394 745 406 748 407 748 409 748 410 748 412 748 418 744 434 733 457 742 468 747 469 747 471 748 517 748 517 747 519 747 520 747 520 745 525 741 534 731 557 741 566 744 567 744 569 744 570 744 572 744 576 739 590 731 622 739 634 741 635 741 637 741 638 741 641 737 652 731 659 737 667 744 668 744 670 744 671 745 702 745 702 744 703 744 730 736 750 730 762 734 777 742 779 742 780 742 782 742 807 734 825 728 836 733 847 737 848 737 850 737 890 731 924 727 930 731 943 741 945 741 946 741 948 742 993 742 993 741 995 741 1016 728 1016 716 1011 676 948 686 939 679 939 677 937 677 936 677 934 677 931 677 896 683 877 679 853 671 851 671 850 671 848 671 831 679 827 682 822 680 807 673 806 673 804 673 803 673 786 680 767 689 708 682 685 680 683 680 682 680 676 683 671 686 668 683 661 677 659 677 658 677 656 677 655 677 653 677 646 683 637 691 623 685 603 676 602 676 600 676 599 676 576 685 564 692 523 692 513 686 487 677 486 677 484 677 483 677 449 688 437 692 425 689 382 677 380 677 378 677 377 677 375 677 359 691 357 692 314 694 297 692 244 685 243 685 241 685 240 685 231 694 203 679 202 679 200 679 78 680 77 680 45 695 46 728"/></Shape>
	    <String CONTENT="ح و مراد ز روح ايردی درين عديث است چنانچه قرآن هم"
                    HPOS="45"
                    VPOS="671"
                    WIDTH="971"
                    HEIGHT="82"
                    WC="0.8684283375740052"></String>
          </TextLine>

          
          
          <TextLine ID="eSc_line_59a13225"
                    TAGREFS="LT4837"
                    BASELINE="45 802 1014 799" 
                    HPOS="43"
                    VPOS="744"
                    WIDTH="971"
                    HEIGHT="83">
            <Shape><Polygon POINTS="45 802 45 816 87 811 95 816 101 822 102 822 104 822 226 825 227 825 229 825 267 814 274 813 277 814 295 824 297 824 298 824 300 824 314 816 323 825 324 825 326 825 327 827 397 827 397 825 398 825 400 825 416 813 431 825 433 825 434 825 436 827 481 827 481 825 597 811 605 811 609 811 679 824 680 824 682 824 708 811 708 810 717 810 918 810 933 820 934 820 936 820 937 820 939 820 961 814 990 824 991 824 993 824 995 824 996 824 1014 808 1014 799 1013 769 985 751 984 751 982 751 981 751 979 751 978 751 960 763 940 745 940 744 939 744 937 744 936 744 890 754 869 744 868 744 866 744 865 744 863 744 828 769 803 760 801 760 800 760 798 760 777 769 744 744 742 744 741 744 739 744 738 744 680 763 661 745 661 744 659 744 658 744 531 744 529 744 528 744 490 762 457 745 455 745 454 745 452 745 406 771 395 762 394 762 392 762 391 762 389 762 388 762 377 772 259 772 229 745 227 745 226 745 211 745 209 745 208 745 206 745 161 772 113 772 99 759 99 757 98 757 96 757 95 757 93 757 43 772 45 802"/></Shape>
	    <String CONTENT="بدان كوياست وكلمة القتناها إلى مريم وروح منه"
                    HPOS="43"
                    VPOS="744"
                    WIDTH="971"
                    HEIGHT="83"
                    WC="0.9331982135772705"></String>
          </TextLine>

          
          
          <TextLine ID="eSc_line_4711f632"
                    TAGREFS="LT4837"
                    BASELINE="48 884 1016 891" 
                    HPOS="46"
                    VPOS="836"
                    WIDTH="970"
                    HEIGHT="77">
            <Shape><Polygon POINTS="48 884 46 894 58 903 60 903 61 903 63 903 120 897 129 905 129 907 131 907 132 907 134 908 191 908 191 907 193 907 194 907 205 897 218 907 220 907 221 907 223 907 265 899 276 908 277 908 279 908 280 908 336 899 382 908 383 908 385 908 386 908 386 907 400 896 454 896 469 910 471 910 472 910 474 910 475 910 505 897 537 908 539 908 540 908 542 908 557 900 567 910 569 910 570 910 572 910 649 899 661 910 661 911 662 911 664 911 665 911 788 899 792 899 821 913 822 913 824 913 825 913 854 903 880 913 881 913 883 913 884 913 910 900 958 911 960 911 1014 900 1016 891 1016 840 921 840 919 840 918 840 916 840 916 842 896 860 871 860 831 842 824 839 822 839 756 839 754 839 753 839 751 839 747 843 733 855 700 843 699 843 697 843 696 843 694 843 693 843 661 855 566 849 561 845 554 839 554 837 552 837 551 837 549 837 548 837 546 837 532 845 516 855 480 846 468 843 466 843 465 843 463 843 452 846 427 854 403 848 398 846 397 846 395 846 386 848 350 854 327 848 282 836 280 836 279 836 277 836 243 849 234 852 218 849 188 843 187 843 185 843 184 843 175 849 170 852 166 851 143 839 141 839 140 839 138 839 137 839 120 851 117 852 48 852 48 884"/></Shape>
	    <String CONTENT="يعی کلمه حق را که آن روخ است از تحق انداخت به جانب"
                    HPOS="46"
                    VPOS="836"
                    WIDTH="970"
                    HEIGHT="77"
                    WC="0.9057788171020209"></String>
          </TextLine>

          
          
          <TextLine ID="eSc_line_e6930bbe"
                    TAGREFS="LT4837"
                    BASELINE="49 977 1011 962" 
                    HPOS="48"
                    VPOS="913"
                    WIDTH="963"
                    HEIGHT="89">
            <Shape><Polygon POINTS="49 977 49 985 67 994 69 994 70 994 114 985 140 1002 141 1002 143 1002 144 1002 146 1002 147 1002 178 983 218 1000 220 1000 221 1000 268 999 270 999 271 999 271 997 283 986 301 999 303 999 304 999 306 999 369 997 371 997 372 997 391 980 392 980 394 980 431 990 433 990 434 990 436 990 436 988 445 980 448 979 593 979 613 979 643 980 653 991 655 991 656 991 658 991 659 991 661 991 673 982 685 991 686 991 688 991 690 991 691 991 723 979 733 974 738 979 751 991 753 991 754 991 756 993 788 993 788 991 789 991 791 991 812 977 822 973 883 973 895 977 921 988 922 988 924 990 981 990 981 988 982 988 1011 976 1011 962 1005 919 975 929 957 920 943 913 942 913 940 913 939 913 937 913 928 920 919 926 910 920 905 919 904 919 902 919 901 919 892 922 857 931 844 922 831 914 830 914 828 914 827 914 780 923 753 929 744 925 730 916 729 916 727 916 726 916 679 917 677 917 650 926 629 934 603 928 572 920 570 920 569 920 567 920 555 929 549 934 525 929 504 926 502 926 501 926 499 926 493 931 483 937 454 931 448 931 446 931 434 932 383 938 375 934 371 929 369 929 368 929 366 929 365 929 351 934 333 941 240 941 234 937 221 928 220 928 218 928 217 928 215 928 185 937 144 925 143 925 141 925 86 926 84 926 48 938 49 977"/></Shape>
	    <String CONTENT="مريم و درايت ديگر آمده است وهريم عهزن التی"
                    HPOS="48"
                    VPOS="913"
                    WIDTH="963"
                    HEIGHT="89"
                    WC="0.9345338212889295"></String>
          </TextLine>

          
          
          <TextLine ID="eSc_line_dfc4542d"
                    TAGREFS="LT4837"
                    BASELINE="43 1054 312 1053 705 1039 1014 1041" 
                    HPOS="42"
                    VPOS="994"
                    WIDTH="972"
                    HEIGHT="79">
            <Shape><Polygon POINTS="43 1054 43 1060 70 1073 72 1073 73 1073 117 1065 129 1073 131 1073 132 1073 134 1073 191 1062 214 1071 215 1071 217 1071 218 1071 220 1071 220 1069 229 1060 244 1069 246 1069 247 1069 249 1071 318 1071 318 1069 409 1068 410 1068 412 1068 412 1066 422 1056 466 1056 484 1066 486 1066 487 1066 489 1066 490 1066 517 1054 683 1060 685 1060 686 1060 718 1053 742 1062 744 1062 745 1062 747 1062 748 1062 748 1060 759 1051 777 1062 779 1062 780 1062 782 1062 816 1050 863 1059 865 1059 966 1047 998 1054 999 1054 1001 1054 1002 1054 1004 1054 1014 1045 1014 1041 1013 1005 995 999 993 999 991 999 884 1008 853 1011 850 1009 833 994 831 994 830 994 828 994 767 1005 700 996 699 996 697 996 696 996 673 1012 671 1014 670 1012 655 1002 653 1002 652 1002 650 1002 620 1008 525 999 523 999 522 999 520 999 496 1015 493 1017 492 1015 469 1003 468 1003 466 1003 465 1003 443 1014 427 1003 425 1003 424 1003 422 1003 421 1003 419 1003 401 1017 398 1018 385 1017 327 1012 326 1012 294 1018 289 1020 285 1020 235 1003 234 1003 232 1003 231 1003 229 1003 205 1020 188 1011 187 1011 185 1011 184 1011 155 1020 129 1005 128 1005 126 1005 125 1005 42 1023 43 1054"/></Shape>
	    <String CONTENT="أحصنت فرجها ونفضنا فيه من وحتا وصدقت"
                    HPOS="42"
                    VPOS="994"
                    WIDTH="972"
                    HEIGHT="79"
                    WC="0.9849325015738204"></String>
          </TextLine>

          
          
          <TextLine ID="eSc_line_c96656d6"
                    TAGREFS="LT4837"
                    BASELINE="55 1128 1011 1125" 
                    HPOS="54"
                    VPOS="1063"
                    WIDTH="957"
                    HEIGHT="86">
            <Shape><Polygon POINTS="55 1128 55 1139 227 1148 229 1148 273 1139 288 1136 294 1139 311 1148 312 1148 314 1149 360 1149 360 1148 362 1148 363 1148 375 1139 380 1136 388 1139 413 1148 415 1148 416 1148 475 1145 477 1145 478 1145 486 1139 489 1136 496 1139 514 1143 516 1143 517 1143 549 1137 572 1134 585 1137 608 1145 609 1145 611 1145 613 1145 614 1145 622 1137 628 1134 680 1134 696 1137 733 1146 735 1146 736 1146 753 1137 757 1134 762 1137 776 1146 777 1146 779 1146 780 1146 822 1137 836 1134 842 1137 860 1146 862 1146 863 1146 865 1146 886 1137 892 1134 896 1137 907 1145 908 1145 910 1145 911 1145 948 1137 952 1136 954 1137 969 1146 970 1146 972 1146 973 1146 975 1146 976 1146 976 1145 987 1137 988 1136 1008 1136 1011 1125 1010 1077 996 1065 996 1063 995 1063 993 1063 991 1063 990 1063 937 1077 922 1065 922 1063 921 1063 919 1063 892 1063 890 1063 889 1063 887 1063 887 1065 874 1079 857 1080 821 1085 807 1082 779 1073 777 1073 776 1073 774 1073 765 1077 745 1063 744 1063 742 1063 652 1063 650 1063 649 1063 596 1085 590 1086 540 1086 540 1085 514 1068 513 1068 511 1068 469 1065 468 1065 466 1065 439 1079 425 1066 424 1066 422 1066 421 1066 419 1066 418 1066 389 1088 386 1091 301 1091 297 1089 250 1065 249 1065 247 1065 246 1065 154 1091 154 1092 54 1092 55 1128"/></Shape>
	    <String CONTENT="بكلمات ربمها وكتبه وكانت من القانتين"
                    HPOS="54"
                    VPOS="1063"
                    WIDTH="957"
                    HEIGHT="86"
                    WC="0.9762688361936145"></String>
          </TextLine>

          
          
          <TextLine ID="eSc_line_6655cd21"
                    TAGREFS="LT4837"
                    BASELINE="43 1210 1010 1213" 
                    HPOS="42"
                    VPOS="1159"
                    WIDTH="968"
                    HEIGHT="77">
            <Shape><Polygon POINTS="43 1210 42 1220 60 1232 61 1232 63 1232 64 1234 200 1234 200 1232 202 1232 229 1222 276 1232 277 1232 279 1232 320 1222 372 1232 374 1234 412 1234 412 1232 413 1232 415 1232 415 1231 424 1223 478 1232 480 1232 481 1232 514 1222 525 1231 525 1232 526 1232 528 1232 529 1232 673 1223 690 1234 691 1234 693 1234 694 1236 738 1236 738 1234 739 1234 741 1234 756 1223 854 1223 868 1234 869 1234 871 1234 872 1236 904 1236 904 1234 905 1234 928 1223 949 1234 951 1234 952 1234 1008 1222 1010 1213 1007 1160 981 1163 979 1163 978 1163 978 1165 963 1178 911 1162 907 1160 905 1160 904 1160 902 1160 898 1162 863 1175 831 1163 828 1162 827 1162 825 1162 824 1162 821 1163 791 1178 776 1163 774 1163 774 1162 773 1162 771 1162 770 1162 768 1162 767 1162 765 1163 757 1169 750 1165 744 1160 742 1160 741 1160 739 1160 738 1160 736 1160 732 1165 709 1180 690 1180 673 1165 667 1160 665 1160 664 1160 662 1160 661 1160 650 1166 637 1174 623 1166 611 1160 609 1160 567 1160 566 1160 564 1160 563 1160 563 1162 555 1168 552 1171 546 1168 528 1159 526 1159 504 1159 502 1159 501 1159 499 1159 489 1169 481 1175 469 1169 452 1160 451 1160 449 1160 448 1160 419 1169 398 1178 282 1178 273 1172 264 1166 262 1166 261 1166 259 1166 258 1166 256 1166 256 1168 250 1172 244 1178 154 1178 150 1174 137 1163 137 1162 135 1162 134 1162 95 1159 93 1159 92 1159 43 1175 43 1210"/></Shape>
	    <String CONTENT="يعنی مريم دختر عمران بود آنکه نگهداشت عبرج خودر"
                    HPOS="42"
                    VPOS="1159"
                    WIDTH="968"
                    HEIGHT="77"
                    WC="0.9441009399791559"></String>
          </TextLine>

          
          
          <TextLine ID="eSc_line_ab894c46"
                    TAGREFS="LT4837"
                    BASELINE="51 1300 255 1300 708 1285 1007 1285" 
                    HPOS="49"
                    VPOS="1234"
                    WIDTH="958"
                    HEIGHT="89">
            <Shape><Polygon POINTS="51 1300 51 1309 78 1323 80 1323 81 1323 83 1323 122 1311 193 1322 194 1322 280 1303 285 1303 289 1303 342 1319 344 1319 345 1319 347 1319 366 1308 382 1317 383 1317 385 1317 386 1317 428 1315 430 1315 431 1315 443 1305 457 1312 459 1312 460 1312 462 1312 492 1300 496 1299 507 1300 569 1309 570 1309 572 1309 573 1309 588 1299 591 1297 616 1297 619 1297 638 1312 640 1312 641 1312 643 1312 644 1312 682 1297 686 1296 691 1297 712 1302 714 1302 715 1302 717 1302 729 1296 733 1293 845 1293 847 1294 860 1305 860 1306 862 1306 863 1306 865 1308 940 1308 940 1306 985 1305 987 1305 988 1305 1007 1293 1007 1285 1005 1249 860 1237 859 1237 857 1237 837 1245 812 1234 810 1234 809 1234 807 1234 806 1234 782 1249 767 1237 765 1237 764 1237 762 1237 760 1237 759 1237 759 1239 744 1252 683 1246 682 1246 680 1246 665 1254 650 1240 650 1239 649 1239 647 1239 646 1239 644 1239 619 1246 591 1239 590 1239 588 1239 587 1239 585 1239 570 1249 507 1240 505 1240 504 1240 465 1252 459 1248 459 1246 457 1246 455 1246 454 1246 452 1246 451 1246 451 1248 437 1260 431 1260 413 1260 412 1260 395 1249 394 1249 392 1249 391 1249 389 1249 345 1261 342 1261 341 1261 271 1245 270 1245 268 1245 237 1261 205 1254 203 1254 202 1254 154 1264 128 1248 126 1248 125 1248 123 1248 122 1248 49 1266 51 1300"/></Shape>
	    <String CONTENT="دميدم ديه باو از روزج خود تصديق نمود به کلمتان خدای"
                    HPOS="49"
                    VPOS="1234"
                    WIDTH="958"
                    HEIGHT="89"
                    WC="0.8859627030643762"></String>
          </TextLine>

          
          
          <TextLine ID="eSc_line_a94f6a00"
                    TAGREFS="LT4837"
                    BASELINE="51 1385 1007 1367" 
                    HPOS="49"
                    VPOS="1317"
                    WIDTH="958"
                    HEIGHT="91">
            <Shape><Polygon POINTS="51 1385 51 1392 67 1402 69 1402 70 1402 72 1402 96 1392 126 1408 128 1408 129 1408 158 1406 160 1406 161 1406 184 1389 205 1406 206 1406 208 1406 209 1406 274 1405 276 1405 277 1405 303 1386 304 1386 341 1392 342 1392 344 1392 369 1385 371 1385 386 1398 388 1398 389 1398 391 1398 392 1398 419 1388 443 1397 445 1397 446 1397 448 1397 449 1397 465 1383 466 1383 510 1392 511 1392 572 1382 591 1395 593 1395 594 1395 653 1397 655 1397 656 1397 658 1397 680 1380 697 1395 699 1395 700 1395 702 1397 747 1397 747 1395 748 1395 750 1395 774 1379 857 1386 859 1386 860 1386 884 1376 899 1386 901 1386 902 1386 904 1386 905 1386 928 1376 964 1386 966 1386 967 1386 969 1386 970 1386 970 1385 982 1374 1005 1374 1007 1367 1002 1332 936 1332 907 1317 905 1317 904 1317 902 1317 901 1317 901 1319 886 1332 865 1332 848 1319 847 1319 845 1319 813 1317 812 1317 810 1317 809 1317 786 1331 738 1323 736 1323 735 1323 733 1323 718 1337 699 1326 697 1326 696 1326 694 1326 665 1338 664 1338 647 1323 647 1322 646 1322 644 1322 643 1322 641 1322 640 1322 629 1332 585 1334 558 1322 557 1322 555 1322 554 1322 523 1337 508 1323 507 1323 505 1323 446 1323 445 1323 406 1326 404 1326 366 1343 365 1344 363 1344 354 1337 353 1337 351 1337 350 1337 348 1337 333 1344 314 1329 312 1329 311 1329 309 1329 308 1329 276 1346 274 1347 226 1347 224 1346 200 1329 199 1329 197 1329 135 1329 134 1329 132 1329 131 1329 99 1349 96 1350 49 1350 51 1385"/></Shape>
	    <String CONTENT="خود ادجود مريم از پای استادگان در تا ويل دختر کنابت"
                    HPOS="49"
                    VPOS="1317"
                    WIDTH="958"
                    HEIGHT="91"
                    WC="0.9255600261921976"></String>
          </TextLine>

          
          
          <TextLine ID="eSc_line_bc99787e"
                    TAGREFS="LT4837"
                    BASELINE="51 1462 1005 1451" 
                    HPOS="49"
                    VPOS="1394"
                    WIDTH="956"
                    HEIGHT="91">
            <Shape><Polygon POINTS="51 1462 51 1472 64 1483 66 1483 67 1483 69 1483 119 1472 129 1482 129 1483 131 1483 132 1483 134 1485 185 1485 185 1483 226 1482 227 1482 229 1482 243 1469 261 1480 262 1480 264 1480 265 1480 267 1480 283 1469 314 1474 315 1474 317 1474 333 1466 333 1465 460 1465 472 1474 474 1474 475 1474 534 1478 536 1478 537 1478 576 1465 593 1477 594 1477 596 1477 597 1478 643 1478 643 1477 644 1477 674 1463 686 1475 686 1477 688 1477 690 1477 691 1477 821 1462 848 1469 850 1469 851 1469 853 1469 854 1469 868 1460 902 1474 904 1474 905 1474 1005 1457 1005 1451 1002 1415 901 1414 881 1403 880 1403 878 1403 877 1403 853 1415 839 1402 839 1400 837 1400 836 1400 803 1394 801 1394 724 1412 671 1395 670 1395 668 1395 667 1395 665 1395 638 1414 597 1395 596 1395 594 1395 543 1398 542 1398 540 1398 517 1420 475 1420 459 1405 457 1405 455 1405 454 1405 452 1405 451 1405 431 1420 363 1420 323 1398 321 1398 320 1398 318 1398 270 1411 250 1403 249 1403 247 1403 246 1403 224 1414 188 1400 187 1400 185 1400 184 1400 137 1420 92 1403 90 1403 89 1403 87 1403 49 1423 51 1462"/></Shape>
	    <String CONTENT="است از تفرج کنايت است از گوش كه چنانچه"
                    HPOS="49"
                    VPOS="1394"
                    WIDTH="956"
                    HEIGHT="91"
                    WC="0.8943965505612524"></String>
          </TextLine>

          
          
          <TextLine ID="eSc_line_e8a4c4ca"
                    TAGREFS="LT4837"
                    BASELINE="60 1545 999 1531" 
                    HPOS="58"
                    VPOS="1477"
                    WIDTH="941"
                    HEIGHT="91">
            <Shape><Polygon POINTS="60 1545 60 1555 83 1568 84 1568 86 1568 87 1568 108 1558 161 1568 163 1568 164 1568 166 1568 179 1558 258 1566 259 1566 261 1566 262 1566 276 1554 280 1551 303 1554 330 1557 332 1557 357 1554 383 1549 389 1552 401 1563 403 1563 404 1563 406 1563 451 1554 472 1563 474 1563 475 1563 477 1563 504 1552 516 1548 539 1548 543 1552 552 1560 552 1561 554 1561 555 1561 557 1561 637 1551 690 1545 720 1545 727 1551 736 1558 738 1558 739 1558 741 1558 742 1558 744 1558 754 1551 764 1543 798 1543 998 1548 999 1531 998 1497 964 1478 963 1478 961 1478 960 1478 904 1495 884 1477 883 1477 881 1477 827 1477 825 1477 824 1477 822 1477 822 1478 812 1488 735 1485 733 1485 732 1485 712 1494 686 1485 685 1485 683 1485 682 1485 680 1485 662 1497 635 1488 634 1488 632 1488 631 1488 599 1500 560 1498 543 1483 543 1482 542 1482 540 1482 539 1482 537 1482 536 1482 504 1503 474 1504 422 1504 401 1491 400 1491 398 1491 397 1491 395 1491 368 1500 338 1486 336 1486 295 1485 294 1485 292 1485 291 1485 262 1507 231 1507 197 1486 196 1486 194 1486 164 1486 163 1486 161 1486 104 1507 84 1501 83 1501 81 1501 80 1501 58 1509 60 1545"/></Shape>
	    <String CONTENT="انه فرن صورمت بسمانى به ظهور آيد و از سخنى به راه گوين"
                    HPOS="58"
                    VPOS="1477"
                    WIDTH="941"
                    HEIGHT="91"
                    WC="0.8994116788560694"></String>
          </TextLine>

          
          
          <TextLine ID="eSc_line_da0014cd"
                    TAGREFS="LT4837"
                    BASELINE="61 1634 996 1610" 
                    HPOS="60"
                    VPOS="1558"
                    WIDTH="936"
                    HEIGHT="97">
            <Shape><Polygon POINTS="61 1634 61 1655 137 1655 137 1654 149 1651 194 1641 231 1641 240 1648 243 1651 244 1651 246 1651 247 1651 249 1651 261 1648 295 1638 330 1644 338 1646 339 1646 341 1646 342 1646 344 1644 353 1637 362 1644 365 1648 366 1648 368 1648 369 1649 409 1649 409 1648 410 1648 421 1641 434 1635 496 1640 513 1640 514 1640 516 1640 519 1638 534 1632 542 1638 548 1643 549 1643 551 1643 552 1643 632 1641 634 1641 635 1641 644 1634 652 1629 667 1634 685 1638 686 1638 688 1638 690 1638 691 1638 699 1632 705 1628 714 1632 729 1638 730 1638 732 1638 816 1637 818 1637 819 1637 830 1628 834 1625 850 1628 874 1631 875 1631 877 1631 878 1631 884 1626 889 1623 898 1626 928 1634 930 1634 931 1634 995 1622 996 1610 993 1565 987 1558 985 1558 984 1558 982 1558 981 1558 952 1568 933 1574 874 1571 834 1568 833 1568 831 1568 818 1571 800 1577 786 1572 762 1563 760 1563 759 1563 757 1563 736 1574 726 1578 717 1574 699 1566 697 1566 643 1566 641 1566 640 1566 638 1566 625 1577 619 1581 613 1577 602 1568 600 1568 599 1568 597 1568 528 1569 526 1569 525 1569 510 1580 504 1584 455 1586 449 1581 440 1574 440 1572 439 1572 437 1572 436 1572 382 1574 380 1574 356 1583 341 1590 301 1590 295 1584 288 1578 286 1578 285 1578 283 1578 240 1586 211 1592 199 1587 176 1578 175 1578 173 1578 60 1590 61 1634"/></Shape>
	    <String CONTENT="صور روخانی حاصلی می شود و معنیايت بوجد تاويل"
                    HPOS="60"
                    VPOS="1558"
                    WIDTH="936"
                    HEIGHT="97"
                    WC="0.9025842493230646"></String>
          </TextLine>

          
          
          <TextLine ID="eSc_line_b8b3c8ff"
                    TAGREFS="LT4837"
                    BASELINE="61 1717 991 1691" 
                    HPOS="60"
                    VPOS="1634"
                    WIDTH="931"
                    HEIGHT="115">
            <Shape><Polygon POINTS="61 1717 61 1749 123 1738 161 1747 166 1747 167 1747 169 1747 170 1747 170 1746 193 1729 205 1740 206 1740 208 1740 261 1744 277 1744 279 1744 280 1744 283 1743 318 1724 360 1734 362 1734 363 1734 394 1721 528 1727 529 1727 531 1727 555 1717 597 1735 599 1735 600 1735 602 1735 613 1734 673 1724 683 1732 685 1732 686 1732 688 1732 753 1731 754 1731 756 1731 791 1711 839 1715 841 1715 883 1708 918 1708 937 1724 939 1724 940 1724 942 1724 991 1723 991 1691 982 1638 975 1649 933 1649 922 1641 921 1641 919 1641 918 1641 853 1646 847 1643 834 1634 833 1634 831 1634 830 1634 788 1635 786 1635 785 1635 773 1646 762 1654 733 1648 730 1648 729 1648 724 1648 688 1655 679 1649 676 1648 674 1648 673 1648 671 1648 670 1648 668 1648 665 1651 656 1657 619 1652 555 1643 554 1643 552 1643 551 1643 551 1644 540 1655 536 1660 511 1655 487 1652 486 1652 484 1652 483 1652 483 1654 478 1657 475 1661 468 1657 442 1646 440 1646 439 1646 354 1655 333 1648 332 1648 330 1648 329 1648 303 1661 289 1649 288 1649 286 1649 285 1649 215 1660 199 1652 197 1652 196 1652 194 1652 193 1652 170 1669 169 1669 122 1654 120 1654 119 1654 117 1654 116 1654 116 1655 101 1670 99 1673 60 1673 61 1717"/></Shape>
	    <String CONTENT="ايناست که مريم حجت عمران بود نگهداشت کوش خود"
                    HPOS="60"
                    VPOS="1634"
                    WIDTH="931"
                    HEIGHT="115"
                    WC="0.8832262395457788"></String>
          </TextLine>

          
        </TextBlock>
        
        <TextBlock HPOS="507"
                   VPOS="60"
                   WIDTH="77"
                   HEIGHT="53"
                   ID="eSc_textblock_82b886be"
                   TAGREFS="BT16093">
          <Shape><Polygon POINTS="525 60 584 78 566 113 507 101 525 60"/></Shape>
          
          
          <TextLine ID="eSc_line_028feb64"
                    TAGREFS="LT4837"
                    BASELINE="526 92 551 87" 
                    HPOS="520"
                    VPOS="63"
                    WIDTH="32"
                    HEIGHT="42">
            <Shape><Polygon POINTS="536 63 525 64 520 66 526 92 528 105 552 102 551 87 543 64 536 63"/></Shape>
	    <String CONTENT=""
                    HPOS="520"
                    VPOS="63"
                    WIDTH="32"
                    HEIGHT="42"></String>
          </TextLine>

          
        </TextBlock>
        

        
      </PrintSpace>
    </Page>
  </Layout>
</alto>
