<?xml version="1.0" encoding="UTF-8"?>
<alto xmlns:xsi="http://www.w3.org/2001/XMLSchema-instance"
      xmlns="http://www.loc.gov/standards/alto/ns-v4#"
      xsi:schemaLocation="http://www.loc.gov/standards/alto/ns-v4# http://www.loc.gov/standards/alto/v4/alto-4-2.xsd">
  <Description>
    <MeasurementUnit>pixel</MeasurementUnit>
    <sourceImageInformation>
      <fileName>Rasail099.jpg</fileName>
      
    </sourceImageInformation>
  </Description>
  
  <Tags>
    <OtherTag ID="BT16094" LABEL="default" DESCRIPTION="block type default"/><OtherTag ID="BT16093" LABEL="NumberingZone:page" DESCRIPTION="block type NumberingZone:page"/><OtherTag ID="BT16092" LABEL="MarginTextZone:note" DESCRIPTION="block type MarginTextZone:note"/><OtherTag ID="BT16091" LABEL="TitlePageZone" DESCRIPTION="block type TitlePageZone"/><OtherTag ID="BT16090" LABEL="QuireMarksZone:catchwords" DESCRIPTION="block type QuireMarksZone:catchwords"/><OtherTag ID="BT16089" LABEL="NumberingZone:other" DESCRIPTION="block type NumberingZone:other"/><OtherTag ID="BT16088" LABEL="NumberingZone" DESCRIPTION="block type NumberingZone"/><OtherTag ID="BT16087" LABEL="MarginTextZone" DESCRIPTION="block type MarginTextZone"/><OtherTag ID="BT16086" LABEL="MainZone" DESCRIPTION="block type MainZone"/><OtherTag ID="BT16085" LABEL="DigitizationArtefactZone" DESCRIPTION="block type DigitizationArtefactZone"/><OtherTag ID="BT2" LABEL="Main" DESCRIPTION="block type Main"/><OtherTag ID="BT1" LABEL="Title" DESCRIPTION="block type Title"/>
    <OtherTag ID="LT4837" LABEL="DefaultLine" DESCRIPTION="line type DefaultLine"/><OtherTag ID="LT4838" LABEL="default" DESCRIPTION="line type default"/><OtherTag ID="LT4839" LABEL="HeadingLine:title" DESCRIPTION="line type HeadingLine:title"/>
  </Tags>
  
  <Layout>
    <Page WIDTH="1146"
          HEIGHT="1688"
          PHYSICAL_IMG_NR="127"
          ID="eSc_dummypage_">
      <PrintSpace HPOS="0"
                  VPOS="0"
                  WIDTH="1146"
                  HEIGHT="1688">
        
        <TextBlock HPOS="22"
                   VPOS="78"
                   WIDTH="983"
                   HEIGHT="1484"
                   ID="eSc_textblock_b080c06d"
                   TAGREFS="BT16086">
          <Shape><Polygon POINTS="78 78 909 84 926 111 864 116 932 123 943 173 1005 196 977 258 993 298 988 454 943 1135 920 1170 920 1450 909 1484 792 1489 898 1502 815 1529 825 1551 808 1562 22 1562 22 236 50 90 78 78"/></Shape>
          
          
          <TextLine ID="eSc_line_478271ce"
                    TAGREFS="LT4837"
                    BASELINE="46 222 209 225 470 239 941 240" 
                    HPOS="45"
                    VPOS="165"
                    WIDTH="896"
                    HEIGHT="114">
            <Shape><Polygon POINTS="46 222 45 239 130 247 132 247 216 244 271 243 275 246 278 248 278 250 280 250 281 250 282 250 316 248 343 265 344 265 346 265 347 265 392 256 415 271 416 271 418 271 478 272 480 272 481 272 482 272 511 254 539 272 540 272 542 272 592 274 594 274 595 274 650 257 656 256 658 257 674 267 675 267 677 267 678 267 679 267 681 267 694 258 706 250 737 260 756 265 757 265 758 265 802 261 825 260 829 263 854 278 855 278 857 278 858 279 893 279 893 278 895 278 896 278 896 277 910 264 919 256 937 265 941 240 941 188 924 178 923 178 922 178 920 178 882 184 812 177 810 177 809 177 778 188 761 195 695 195 677 188 656 181 654 181 653 181 625 188 609 192 495 192 489 187 477 175 475 175 474 175 440 175 439 175 437 175 436 175 422 187 416 191 388 191 380 187 342 171 340 171 339 171 284 180 263 170 261 170 260 170 259 170 257 170 235 185 232 188 197 188 192 185 147 167 146 167 104 165 102 165 64 168 63 168 61 168 46 180 46 222"/></Shape>
	    <String CONTENT="معلم مى رساند مرنيه پنجم را معلم صاوق گويند و او شخص"
                    HPOS="45"
                    VPOS="165"
                    WIDTH="896"
                    HEIGHT="114"
                    WC="0.9228033016507442"></String>
          </TextLine>

          
          
          <TextLine ID="eSc_line_480adbf1"
                    TAGREFS="LT4837"
                    BASELINE="456 317 933 324" 
                    HPOS="454"
                    VPOS="279"
                    WIDTH="479"
                    HEIGHT="72">
            <Shape><Polygon POINTS="456 317 454 341 513 334 589 343 646 350 647 350 649 350 650 350 657 343 660 341 661 343 670 350 671 350 672 350 741 351 743 351 744 351 746 351 754 343 763 337 930 343 933 324 932 292 882 296 854 291 825 284 823 284 822 284 820 284 815 289 808 295 801 289 795 285 794 285 792 285 791 285 774 289 751 293 726 288 706 284 705 284 684 286 649 293 606 285 580 281 578 281 577 281 567 285 553 292 543 285 537 279 536 279 534 279 533 279 509 284 488 288 456 284 456 317"/></Shape>
	    <String CONTENT="است که دلايل علوم از با ذور"
                    HPOS="454"
                    VPOS="279"
                    WIDTH="479"
                    HEIGHT="72"
                    WC="0.9032870045414677"></String>
          </TextLine>

          
          
          <TextLine ID="eSc_line_e67f880d"
                    TAGREFS="LT4837"
                    BASELINE="53 298 88 298" 
                    HPOS="53"
                    VPOS="258"
                    WIDTH="35"
                    HEIGHT="52">
            <Shape><Polygon POINTS="53 298 53 310 88 309 88 298 87 258 53 264 53 298"/></Shape>
	    <String CONTENT="حمر"
                    HPOS="53"
                    VPOS="258"
                    WIDTH="35"
                    HEIGHT="52"
                    WC="0.7546843985716502"></String>
          </TextLine>

          
          
          <TextLine ID="eSc_line_6022d396"
                    TAGREFS="LT4837"
                    BASELINE="304 388 571 396 933 395" 
                    HPOS="302"
                    VPOS="351"
                    WIDTH="631"
                    HEIGHT="73">
            <Shape><Polygon POINTS="304 388 302 416 374 403 392 416 399 423 401 423 402 423 582 424 584 424 585 424 629 412 651 406 677 412 727 422 729 422 730 422 732 422 748 410 753 406 757 410 768 419 770 419 771 419 772 419 774 419 775 419 788 409 791 407 798 409 817 414 819 414 820 414 850 409 854 407 855 407 881 422 882 422 884 422 885 422 886 422 903 407 905 407 932 407 933 395 933 362 906 353 905 353 830 353 829 353 827 353 805 362 795 368 785 362 767 353 765 353 764 353 705 361 694 353 692 353 691 353 633 351 632 351 630 351 629 351 613 364 608 368 588 364 550 357 549 357 547 357 530 365 525 368 466 368 458 365 433 357 432 357 430 357 429 357 405 365 384 353 382 353 381 353 380 353 378 353 377 353 359 365 357 367 304 367 304 388"/></Shape>
	    <String CONTENT="می رساند و مرتبه ششنم را با زون اصغر"
                    HPOS="302"
                    VPOS="351"
                    WIDTH="631"
                    HEIGHT="73"
                    WC="0.9194410401913855"></String>
          </TextLine>

          
          
          <TextLine ID="eSc_line_943f388d"
                    TAGREFS="LT4837"
                    BASELINE="42 378 212 384" 
                    HPOS="40"
                    VPOS="317"
                    WIDTH="172"
                    HEIGHT="89">
            <Shape><Polygon POINTS="42 378 40 395 119 392 128 402 130 403 130 405 132 405 133 405 135 406 211 406 212 384 211 350 168 348 132 319 130 319 129 319 87 317 85 317 84 317 83 317 42 340 42 378"/></Shape>
	    <String CONTENT="او شخصی"
                    HPOS="40"
                    VPOS="317"
                    WIDTH="172"
                    HEIGHT="89"
                    WC="0.835099824837276"></String>
          </TextLine>

          
          
          <TextLine ID="eSc_line_a1a980c5"
                    TAGREFS="LT4837"
                    BASELINE="380 471 933 471" 
                    HPOS="380"
                    VPOS="431"
                    WIDTH="553"
                    HEIGHT="79">
            <Shape><Polygon POINTS="380 471 381 495 395 490 401 495 420 509 422 509 423 509 425 510 481 510 481 509 482 509 511 493 515 490 516 493 527 503 527 504 529 504 530 504 532 504 563 500 588 509 589 509 591 509 592 509 594 509 594 507 602 500 608 504 609 504 611 504 612 504 657 495 685 509 687 509 688 510 736 510 736 509 737 509 739 509 739 507 757 490 758 489 763 490 781 497 782 497 784 497 785 497 815 490 820 489 933 489 933 471 932 436 878 445 857 434 851 431 850 431 816 431 815 431 813 431 812 431 809 434 795 444 784 434 781 433 781 431 779 431 778 431 777 431 775 431 770 434 741 447 688 447 653 434 651 434 650 434 649 434 647 434 647 436 636 444 618 433 616 431 615 431 613 431 570 431 568 431 567 431 565 431 565 433 550 447 522 447 509 436 509 434 508 434 506 434 505 434 457 445 447 437 446 437 444 437 443 437 442 437 440 437 440 438 435 443 415 431 413 431 412 431 380 431 380 471"/></Shape>
	    <String CONTENT="است که دلايل علوم از معلم صاف"
                    HPOS="380"
                    VPOS="431"
                    WIDTH="553"
                    HEIGHT="79"
                    WC="0.8798301435750107"></String>
          </TextLine>

          
          
          <TextLine ID="eSc_line_c3a1d820"
                    TAGREFS="LT4837"
                    BASELINE="50 452 125 452" 
                    HPOS="50"
                    VPOS="400"
                    WIDTH="75"
                    HEIGHT="78">
            <Shape><Polygon POINTS="50 452 50 462 99 478 101 478 102 478 125 474 125 452 122 405 108 409 101 407 80 400 78 400 77 400 76 400 50 413 50 452"/></Shape>
	    <String CONTENT="مجب"
                    HPOS="50"
                    VPOS="400"
                    WIDTH="75"
                    HEIGHT="78"
                    WC="0.9362192948659261"></String>
          </TextLine>

          
          
          <TextLine ID="eSc_line_89f43682"
                    TAGREFS="LT4837"
                    BASELINE="290 538 927 550" 
                    HPOS="290"
                    VPOS="502"
                    WIDTH="637"
                    HEIGHT="74">
            <Shape><Polygon POINTS="290 538 290 562 301 557 308 562 312 566 313 566 315 566 398 572 399 572 401 572 402 572 415 562 420 558 473 555 481 562 494 573 495 573 496 573 677 576 678 576 679 576 681 576 703 561 709 559 764 559 770 561 779 568 781 568 782 568 784 568 817 561 822 561 823 561 851 573 853 573 854 573 855 573 857 573 874 562 893 573 895 573 896 573 898 573 926 561 927 550 926 517 853 524 836 514 829 510 827 510 826 510 825 510 823 510 813 514 795 523 781 513 777 510 775 510 774 510 772 510 771 510 763 513 740 521 730 512 727 510 727 509 726 509 725 509 723 509 722 509 710 512 684 520 668 510 663 507 661 507 660 507 658 507 640 510 594 519 581 509 578 506 577 506 575 506 574 506 573 506 565 509 542 519 515 507 508 504 506 504 505 504 504 504 495 507 458 517 378 517 357 504 354 502 353 502 351 502 350 502 290 502 290 538"/></Shape>
	    <String CONTENT="ىرساند دمر تب هفتم را مستجب"
                    HPOS="290"
                    VPOS="502"
                    WIDTH="637"
                    HEIGHT="74"
                    WC="0.9500284680613765"></String>
          </TextLine>

          
          
          <TextLine ID="eSc_line_1f86fcef"
                    TAGREFS="LT4837"
                    BASELINE="38 530 206 533" 
                    HPOS="36"
                    VPOS="475"
                    WIDTH="170"
                    HEIGHT="83">
            <Shape><Polygon POINTS="38 530 36 544 47 554 47 555 49 555 50 555 52 555 53 555 54 555 68 544 70 544 98 544 106 548 122 558 123 558 125 558 126 558 150 552 161 551 204 558 206 533 206 500 170 499 168 497 122 475 121 475 119 475 38 490 38 530"/></Shape>
	    <String CONTENT="و او شخصی"
                    HPOS="36"
                    VPOS="475"
                    WIDTH="170"
                    HEIGHT="83"
                    WC="0.8904405236244202"></String>
          </TextLine>

          
          
          <TextLine ID="eSc_line_46dbc4e8"
                    TAGREFS="LT4837"
                    BASELINE="288 609 923 618" 
                    HPOS="287"
                    VPOS="569"
                    WIDTH="636"
                    HEIGHT="76">
            <Shape><Polygon POINTS="287 634 315 630 347 637 353 637 354 637 356 637 357 637 377 628 405 637 416 640 418 640 419 640 474 637 519 635 537 638 578 644 580 644 581 644 582 644 582 642 588 638 596 630 647 630 660 638 663 641 664 641 665 641 667 641 668 641 674 638 685 633 696 638 709 645 710 645 712 645 713 645 726 640 733 635 747 640 761 642 763 642 764 642 765 642 777 640 799 633 920 640 923 618 920 587 905 592 895 586 886 582 885 582 884 582 882 582 874 586 870 587 853 585 805 578 803 578 802 578 789 583 781 587 775 583 768 578 767 578 765 578 720 576 719 576 718 576 716 576 710 580 701 587 685 580 675 576 674 576 672 576 671 576 670 576 665 579 650 590 608 578 596 575 595 575 594 575 592 575 591 575 591 576 589 578 577 589 526 582 525 582 397 586 382 576 381 576 380 576 378 576 377 576 350 585 290 569 288 609 287 634"/></Shape>
	    <String CONTENT="است که متابعت معلم صادق و بازون"
                    HPOS="287"
                    VPOS="569"
                    WIDTH="636"
                    HEIGHT="76"
                    WC="0.8986908187789302"></String>
          </TextLine>

          
          
          <TextLine ID="eSc_line_76db54f2"
                    TAGREFS="LT4837"
                    BASELINE="252 686 520 693 917 690" 
                    HPOS="250"
                    VPOS="645"
                    WIDTH="667"
                    HEIGHT="78">
            <Shape><Polygon POINTS="252 686 250 711 320 718 322 718 323 718 325 718 336 711 346 706 351 711 360 718 360 720 361 720 363 720 364 720 366 720 397 711 446 720 447 720 449 720 474 710 487 704 496 710 520 721 522 721 523 723 644 723 644 721 646 721 647 721 664 707 667 706 678 707 712 713 713 713 775 707 785 706 788 706 802 717 803 717 805 717 806 717 916 704 917 690 912 649 882 665 860 665 846 651 841 648 841 647 840 647 839 647 774 647 772 647 771 647 770 647 761 652 754 656 748 652 736 647 734 647 679 647 678 647 677 647 675 647 665 655 653 665 589 665 577 656 565 648 564 648 563 648 561 648 560 648 532 656 512 663 506 658 494 647 494 645 492 645 491 645 489 645 488 645 454 659 450 661 446 659 419 647 418 647 416 647 415 647 413 647 397 659 397 661 395 659 360 645 359 645 357 645 356 645 354 645 336 656 290 654 288 654 287 654 252 662 252 686"/></Shape>
	    <String CONTENT="بول کننده سخن باشد تا ايمان بيقين"
                    HPOS="250"
                    VPOS="645"
                    WIDTH="667"
                    HEIGHT="78"
                    WC="0.9304587272080508"></String>
          </TextLine>

          
          
          <TextLine ID="eSc_line_94c0bb58"
                    TAGREFS="LT4837"
                    BASELINE="52 679 195 682" 
                    HPOS="50"
                    VPOS="625"
                    WIDTH="145"
                    HEIGHT="78">
            <Shape><Polygon POINTS="52 679 50 689 104 689 111 693 122 703 123 703 125 703 126 703 194 697 195 682 195 642 164 633 163 633 161 633 160 633 136 642 121 627 121 625 119 625 118 625 74 625 73 625 71 625 70 625 52 637 52 679"/></Shape>
	    <String CONTENT="را حاصل"
                    HPOS="50"
                    VPOS="625"
                    WIDTH="145"
                    HEIGHT="78"
                    WC="0.84979818548475"></String>
          </TextLine>

          
          
          <TextLine ID="eSc_line_c5232ed8"
                    TAGREFS="LT4837"
                    BASELINE="157 763 489 770 915 766" 
                    HPOS="156"
                    VPOS="727"
                    WIDTH="759"
                    HEIGHT="70">
            <Shape><Polygon POINTS="157 763 156 789 171 793 173 793 174 793 175 793 181 789 197 779 239 787 244 789 246 789 253 787 292 779 308 787 325 796 326 796 328 796 329 796 346 786 347 786 367 796 368 796 370 797 413 797 413 796 415 796 416 796 432 784 437 782 443 784 454 796 456 796 457 796 458 797 502 797 502 796 504 796 540 783 546 782 547 783 563 796 564 796 565 796 567 797 613 797 613 796 615 796 616 796 616 794 629 782 633 779 644 779 650 782 667 796 668 796 670 796 671 796 672 796 719 782 746 796 747 796 748 796 750 796 781 780 784 779 833 779 834 779 857 789 858 789 860 789 913 777 915 766 913 727 891 727 889 727 888 727 886 727 870 742 829 728 827 728 826 728 825 728 792 744 718 744 699 730 698 727 696 727 695 727 654 727 653 727 651 727 650 727 650 728 647 730 636 739 626 731 625 731 623 731 622 731 620 731 619 731 605 744 557 744 546 731 542 728 542 727 540 727 539 727 537 727 536 727 526 731 502 744 466 744 456 734 456 732 454 732 453 732 451 732 450 732 449 732 437 742 411 734 409 734 408 734 406 734 394 739 387 732 381 728 381 727 380 727 378 727 377 727 375 727 374 727 364 734 349 744 328 744 319 734 312 728 312 727 311 727 309 727 213 727 212 727 211 727 209 727 197 735 185 742 157 737 157 763"/></Shape>
	    <String CONTENT="شود و در زمره ضرب ايام داغل شودندا اين"
                    HPOS="156"
                    VPOS="727"
                    WIDTH="759"
                    HEIGHT="70"
                    WC="0.8963226503447482"></String>
          </TextLine>

          
          
          <TextLine ID="eSc_line_ebccefea"
                    TAGREFS="LT4837"
                    BASELINE="53 848 923 842" 
                    HPOS="52"
                    VPOS="797"
                    WIDTH="871"
                    HEIGHT="72">
            <Shape><Polygon POINTS="53 848 53 867 73 869 74 869 76 869 77 869 77 867 78 867 91 856 133 856 142 863 142 865 143 865 145 865 146 865 147 865 170 856 206 865 226 869 228 869 229 869 243 865 271 855 326 855 339 862 349 867 350 867 351 867 353 867 375 862 394 856 406 860 426 867 427 867 429 869 484 869 484 867 485 867 504 859 515 853 529 858 556 866 557 866 558 867 665 867 665 866 713 862 715 862 716 862 716 860 723 853 726 852 746 853 886 865 888 865 889 865 923 849 923 842 919 797 867 806 858 800 857 800 855 800 854 800 853 800 823 811 809 803 808 803 806 803 805 803 720 808 710 803 705 798 703 798 702 798 701 798 699 798 698 798 694 803 675 817 616 804 591 800 589 800 588 800 587 800 587 801 581 806 575 811 557 807 547 804 546 804 544 804 543 804 537 807 518 818 498 818 487 808 481 803 480 803 478 803 477 803 475 803 463 808 444 820 405 820 391 811 371 801 370 801 332 801 330 801 329 801 284 814 282 814 270 806 268 806 267 806 266 806 264 806 263 806 253 813 244 804 243 804 242 804 202 803 201 803 199 803 198 803 180 817 174 821 52 821 53 848"/></Shape>
	    <String CONTENT="ديگر بفت اسمان و گفت ستاره و فت دريا"
                    HPOS="52"
                    VPOS="797"
                    WIDTH="871"
                    HEIGHT="72"
                    WC="0.926154157353772"></String>
          </TextLine>

          
          
          <TextLine ID="eSc_line_837b4a4d"
                    TAGREFS="LT4837"
                    BASELINE="268 908 922 917" 
                    HPOS="267"
                    VPOS="862"
                    WIDTH="655"
                    HEIGHT="81">
            <Shape><Polygon POINTS="268 908 267 926 319 921 332 928 344 936 346 936 347 936 473 938 474 938 475 938 477 938 477 936 487 928 492 924 508 924 513 928 523 938 523 939 525 939 526 939 527 941 570 941 570 939 571 939 612 928 620 926 623 928 640 941 641 941 643 941 644 942 667 942 667 941 668 941 670 941 688 928 691 926 694 928 709 942 710 942 712 942 713 943 734 943 734 942 736 942 737 942 737 941 751 928 753 928 767 941 767 942 768 942 770 942 771 942 772 942 802 929 920 929 922 917 920 869 885 876 801 870 761 867 760 867 758 867 757 867 753 870 732 884 705 884 665 883 644 872 633 866 632 866 630 866 595 873 568 877 561 873 549 865 547 865 546 865 544 865 543 865 527 873 513 881 498 881 491 873 485 869 485 867 484 867 482 867 481 867 480 867 478 867 470 874 464 879 454 874 442 869 440 869 439 869 437 869 419 874 406 879 395 874 378 869 377 869 375 869 346 876 337 877 333 876 305 862 304 862 302 862 301 862 299 862 299 863 285 876 284 877 268 877 268 908"/></Shape>
	    <String CONTENT="که در کتاب می آيد اشاره بفت صف بشر"
                    HPOS="267"
                    VPOS="862"
                    WIDTH="655"
                    HEIGHT="81"
                    WC="0.9097810685634613"></String>
          </TextLine>

          
          
          <TextLine ID="eSc_line_d1202878"
                    TAGREFS="LT4837"
                    BASELINE="49 980 329 988 915 987" 
                    HPOS="49"
                    VPOS="936"
                    WIDTH="866"
                    HEIGHT="81">
            <Shape><Polygon POINTS="49 980 49 1000 108 1000 109 1000 133 1012 135 1012 136 1014 136 1012 137 1012 149 1007 174 1015 175 1015 177 1015 257 1014 259 1014 260 1014 273 1004 288 1015 290 1015 291 1015 292 1017 371 1017 371 1015 373 1015 374 1015 374 1014 384 1005 451 1012 453 1012 454 1012 485 1001 530 1012 532 1012 533 1012 580 1002 616 1017 618 1017 619 1017 702 1007 758 1017 760 1017 761 1017 763 1017 784 1004 851 1014 853 1014 913 1001 915 987 915 950 902 941 901 941 899 941 898 941 896 941 877 948 822 939 820 939 819 939 817 939 817 941 806 950 801 956 794 950 789 946 788 946 786 946 785 946 784 946 775 949 746 964 720 964 706 952 705 952 703 952 702 952 701 952 660 963 643 948 636 941 636 939 634 939 633 939 608 939 606 939 605 939 592 946 577 955 518 949 516 949 515 949 513 949 494 963 339 963 304 945 302 945 301 945 299 945 268 960 249 952 247 952 246 952 244 952 243 952 243 953 233 963 202 963 173 938 171 938 170 938 49 936 49 980"/></Shape>
	    <String CONTENT="را بايد که اين حدود را بشناسد ديی به معرفت ايشان"
                    HPOS="49"
                    VPOS="936"
                    WIDTH="866"
                    HEIGHT="81"
                    WC="0.8719925936311483"></String>
          </TextLine>

          
          
          <TextLine ID="eSc_line_235f9d5e"
                    TAGREFS="LT4837"
                    BASELINE="470 1066 909 1060" 
                    HPOS="468"
                    VPOS="1014"
                    WIDTH="441"
                    HEIGHT="80">
            <Shape><Polygon POINTS="470 1066 470 1080 487 1078 491 1081 501 1091 501 1092 502 1092 504 1092 505 1094 537 1094 537 1092 539 1092 575 1081 591 1077 605 1081 643 1091 644 1091 646 1092 688 1092 688 1091 689 1091 691 1091 708 1080 716 1076 748 1077 751 1080 765 1090 767 1090 768 1090 770 1090 771 1090 789 1080 799 1074 840 1080 892 1085 893 1085 895 1085 909 1078 909 1060 905 1026 837 1032 827 1028 792 1014 791 1014 729 1014 727 1014 726 1014 682 1032 678 1035 675 1033 654 1015 653 1015 651 1015 591 1015 589 1015 588 1015 587 1015 551 1036 550 1038 542 1038 518 1038 492 1024 491 1024 489 1024 488 1024 487 1024 468 1035 470 1066"/></Shape>
	    <String CONTENT="ببرد والثداء علم بالصواب"
                    HPOS="468"
                    VPOS="1014"
                    WIDTH="441"
                    HEIGHT="80"
                    WC="0.9096153403321902"></String>
          </TextLine>

          
          
          <TextLine ID="eSc_line_1228ec04"
                    TAGREFS="LT4837"
                    BASELINE="485 1273 534 1270" 
                    HPOS="482"
                    VPOS="1236"
                    WIDTH="52"
                    HEIGHT="59">
            <Shape><Polygon POINTS="485 1273 487 1295 518 1284 532 1288 534 1270 532 1237 482 1236 485 1273"/></Shape>
	    <String CONTENT="نصا"
                    HPOS="482"
                    VPOS="1236"
                    WIDTH="52"
                    HEIGHT="59"
                    WC="0.7600787281990051"></String>
          </TextLine>

          
          
          <TextLine ID="eSc_line_0d10ac5f"
                    TAGREFS="LT4837"
                    BASELINE="260 1399 618 1391" 
                    HPOS="259"
                    VPOS="1337"
                    WIDTH="359"
                    HEIGHT="89">
            <Shape><Polygon POINTS="260 1399 260 1422 311 1426 312 1426 313 1426 315 1426 315 1424 320 1420 326 1413 354 1419 377 1422 378 1422 380 1422 389 1416 398 1412 411 1416 435 1423 436 1423 437 1423 439 1423 440 1423 453 1415 457 1410 461 1413 473 1422 474 1422 475 1422 477 1422 512 1420 513 1420 515 1420 515 1419 523 1412 554 1420 556 1420 557 1420 558 1420 560 1420 575 1409 578 1408 618 1408 618 1391 613 1356 573 1356 571 1356 557 1344 556 1344 554 1344 553 1344 551 1344 550 1344 533 1356 527 1358 453 1358 447 1356 427 1339 426 1339 425 1339 373 1337 371 1337 370 1337 328 1356 318 1360 311 1356 290 1340 288 1340 287 1340 285 1340 284 1340 259 1353 260 1399"/></Shape>
	    <String CONTENT="ر صفات موسنان اشمعيلي"
                    HPOS="259"
                    VPOS="1337"
                    WIDTH="359"
                    HEIGHT="89"
                    WC="0.8257614203861782"></String>
          </TextLine>

          
          
          <TextLine ID="eSc_line_08076964"
                    TAGREFS="LT4837"
                    BASELINE="29 1498 744 1498 837 1488" 
                    HPOS="28"
                    VPOS="1437"
                    WIDTH="809"
                    HEIGHT="85">
            <Shape><Polygon POINTS="830 1486 816 1489 802 1491 801 1461 765 1461 765 1460 723 1439 722 1439 720 1439 719 1439 718 1439 718 1440 706 1451 682 1451 670 1439 670 1437 668 1437 667 1437 665 1437 664 1437 623 1454 570 1451 568 1451 567 1451 565 1451 565 1453 558 1460 557 1461 506 1461 505 1460 484 1439 484 1437 482 1437 481 1437 480 1437 478 1437 449 1447 435 1437 433 1437 432 1437 404 1437 402 1437 401 1437 399 1437 399 1439 388 1448 360 1443 359 1443 357 1443 356 1443 333 1458 332 1460 330 1458 290 1437 288 1437 287 1437 247 1446 237 1437 236 1437 235 1437 181 1437 180 1437 178 1437 177 1437 177 1439 166 1448 112 1457 95 1460 88 1457 53 1443 52 1443 50 1443 49 1443 47 1443 28 1453 29 1498 29 1507 64 1507 66 1507 77 1519 77 1520 78 1520 80 1520 81 1522 153 1522 153 1520 154 1520 177 1507 178 1507 180 1507 232 1520 233 1522 267 1522 267 1520 268 1520 270 1520 282 1510 295 1520 297 1520 298 1520 299 1522 349 1522 349 1520 350 1520 388 1507 391 1507 425 1507 442 1519 443 1519 444 1519 446 1519 447 1519 471 1509 499 1520 501 1520 502 1522 557 1522 557 1520 558 1520 599 1507 643 1507 658 1519 660 1519 661 1519 663 1519 716 1507 729 1519 729 1520 730 1520 732 1520 733 1522 796 1522 796 1520 798 1520 799 1520 799 1519 812 1506 836 1505 837 1488 834 1486 830 1486"/></Shape>
	    <String CONTENT="یشود که مومنى برد و قسم باشد تقليدید"
                    HPOS="28"
                    VPOS="1437"
                    WIDTH="809"
                    HEIGHT="85"
                    WC="0.9357171389791701"></String>
          </TextLine>

          
        </TextBlock>
        
        <TextBlock HPOS="456"
                   VPOS="90"
                   WIDTH="105"
                   HEIGHT="49"
                   ID="eSc_textblock_a4696c95"
                   TAGREFS="BT16093">
          <Shape><Polygon POINTS="478 90 533 90 561 116 539 139 467 133 456 118 478 90"/></Shape>
          
          
          <TextLine ID="eSc_line_7ea44123"
                    TAGREFS="LT4837"
                    BASELINE="480 116 536 116" 
                    HPOS="480"
                    VPOS="91"
                    WIDTH="56"
                    HEIGHT="52">
            <Shape><Polygon POINTS="530 91 480 91 480 116 480 136 494 143 495 143 496 143 536 136 536 116 536 94 530 91"/></Shape>
	    <String CONTENT=""
                    HPOS="480"
                    VPOS="91"
                    WIDTH="56"
                    HEIGHT="52"></String>
          </TextLine>

          
        </TextBlock>
        
        <TextBlock HPOS="56"
                   VPOS="1569"
                   WIDTH="21"
                   HEIGHT="5"
                   ID="eSc_textblock_7e7ad66e"
                   TAGREFS="BT16092">
          <Shape><Polygon POINTS="57 1569 77 1569 77 1574 56 1574 57 1569"/></Shape>
          
        </TextBlock>
        
        <TextBlock HPOS="197"
                   VPOS="1558"
                   WIDTH="701"
                   HEIGHT="21"
                   ID="eSc_textblock_ab00890e"
                   TAGREFS="BT16092">
          <Shape><Polygon POINTS="827 1558 898 1568 197 1579 802 1569 827 1558"/></Shape>
          
        </TextBlock>
        
        <TextBlock HPOS="837"
                   VPOS="1530"
                   WIDTH="44"
                   HEIGHT="21"
                   ID="eSc_textblock_fbcd1005"
                   TAGREFS="BT16090">
          <Shape><Polygon POINTS="867 1530 881 1551 837 1545 837 1541 867 1530"/></Shape>
          
        </TextBlock>
        
        <TextBlock HPOS="860"
                   VPOS="1558"
                   WIDTH="10"
                   HEIGHT="4"
                   ID="eSc_textblock_5bb72665"
                   TAGREFS="BT16090">
          <Shape><Polygon POINTS="861 1558 870 1558 870 1562 860 1562 861 1558"/></Shape>
          
        </TextBlock>
        
        <TextBlock HPOS="893"
                   VPOS="1536"
                   WIDTH="16"
                   HEIGHT="15"
                   ID="eSc_textblock_69d4a16c"
                   TAGREFS="BT16089">
          <Shape><Polygon POINTS="893 1536 903 1536 909 1551 893 1551 893 1536"/></Shape>
          
        </TextBlock>
        
        <TextBlock HPOS="0"
                   VPOS="1642"
                   WIDTH="15"
                   HEIGHT="16"
                   ID="eSc_textblock_42ff9d1c"
                   TAGREFS="BT16085">
          <Shape><Polygon POINTS="12 1642 15 1658 5 1658 0 1648 12 1642"/></Shape>
          
        </TextBlock>
        
        <TextBlock HPOS="264"
                   VPOS="1575"
                   WIDTH="363"
                   HEIGHT="4"
                   ID="eSc_textblock_bce6a2dc"
                   TAGREFS="BT16094">
          <Shape><Polygon POINTS="264 1575 627 1575 627 1579 264 1579 264 1575"/></Shape>
          
        </TextBlock>
        
        <TextBlock HPOS="747"
                   VPOS="1614"
                   WIDTH="393"
                   HEIGHT="72"
                   ID="eSc_textblock_3faf8ed1"
                   TAGREFS="BT16085">
          <Shape><Polygon POINTS="1131 1614 1140 1686 927 1686 747 1658 786 1647 747 1631 1131 1614"/></Shape>
          
        </TextBlock>
        

        
        <TextBlock ID="eSc_dummyblock_">
          
          
          <TextLine ID="eSc_line_fb5d535a"
                    TAGREFS="LT4837"
                    BASELINE="32 1569 822 1576 889 1565" 
                    HPOS="30"
                    VPOS="1516"
                    WIDTH="859"
                    HEIGHT="101">
            <Shape><Polygon POINTS="32 1569 30 1590 78 1593 94 1609 94 1610 95 1610 97 1610 98 1610 208 1593 229 1607 230 1607 232 1607 233 1607 260 1605 267 1610 267 1612 268 1612 270 1612 271 1612 273 1612 292 1605 432 1613 433 1613 435 1613 436 1613 436 1612 454 1595 458 1595 495 1595 519 1614 520 1614 522 1614 523 1614 525 1614 526 1614 543 1600 582 1597 599 1613 599 1614 601 1614 602 1614 603 1614 667 1612 668 1612 670 1612 679 1603 710 1616 712 1616 713 1617 732 1617 732 1616 733 1616 734 1616 758 1597 788 1597 813 1616 815 1616 816 1616 817 1616 819 1616 860 1597 888 1597 889 1565 884 1530 860 1543 820 1543 812 1536 812 1534 810 1534 809 1534 808 1534 806 1534 789 1541 746 1530 744 1530 743 1530 741 1530 740 1530 727 1538 709 1527 706 1524 705 1524 703 1524 702 1524 701 1524 699 1524 696 1527 682 1537 672 1529 671 1529 670 1529 668 1529 667 1529 665 1529 658 1534 650 1526 644 1522 644 1520 643 1520 641 1520 613 1520 612 1520 611 1520 609 1520 603 1526 585 1540 565 1524 560 1520 558 1520 557 1520 526 1520 525 1520 523 1520 522 1520 518 1523 489 1541 446 1541 420 1526 419 1526 418 1526 416 1526 415 1526 413 1526 388 1541 364 1541 347 1526 347 1524 346 1524 344 1524 343 1524 342 1524 298 1540 252 1540 192 1517 190 1517 188 1517 187 1517 185 1517 183 1517 126 1537 94 1516 92 1516 91 1516 32 1516 32 1569"/></Shape>
	    <String CONTENT="نقيضی نفليدی کسا نيکه در ظاهر شريعت تقليد علما"
                    HPOS="30"
                    VPOS="1516"
                    WIDTH="859"
                    HEIGHT="101"
                    WC="0.9111062987991001"></String>
          </TextLine>

          
        </TextBlock>
        
      </PrintSpace>
    </Page>
  </Layout>
</alto>
