<?xml version="1.0" encoding="UTF-8"?>
<alto xmlns:xsi="http://www.w3.org/2001/XMLSchema-instance"
      xmlns="http://www.loc.gov/standards/alto/ns-v4#"
      xsi:schemaLocation="http://www.loc.gov/standards/alto/ns-v4# http://www.loc.gov/standards/alto/v4/alto-4-2.xsd">
  <Description>
    <MeasurementUnit>pixel</MeasurementUnit>
    <sourceImageInformation>
      <fileName>Rasail063.jpg</fileName>
      
    </sourceImageInformation>
  </Description>
  
  <Tags>
    <OtherTag ID="BT16094" LABEL="default" DESCRIPTION="block type default"/><OtherTag ID="BT16093" LABEL="NumberingZone:page" DESCRIPTION="block type NumberingZone:page"/><OtherTag ID="BT16092" LABEL="MarginTextZone:note" DESCRIPTION="block type MarginTextZone:note"/><OtherTag ID="BT16091" LABEL="TitlePageZone" DESCRIPTION="block type TitlePageZone"/><OtherTag ID="BT16090" LABEL="QuireMarksZone:catchwords" DESCRIPTION="block type QuireMarksZone:catchwords"/><OtherTag ID="BT16089" LABEL="NumberingZone:other" DESCRIPTION="block type NumberingZone:other"/><OtherTag ID="BT16088" LABEL="NumberingZone" DESCRIPTION="block type NumberingZone"/><OtherTag ID="BT16087" LABEL="MarginTextZone" DESCRIPTION="block type MarginTextZone"/><OtherTag ID="BT16086" LABEL="MainZone" DESCRIPTION="block type MainZone"/><OtherTag ID="BT16085" LABEL="DigitizationArtefactZone" DESCRIPTION="block type DigitizationArtefactZone"/><OtherTag ID="BT2" LABEL="Main" DESCRIPTION="block type Main"/><OtherTag ID="BT1" LABEL="Title" DESCRIPTION="block type Title"/>
    <OtherTag ID="LT4837" LABEL="DefaultLine" DESCRIPTION="line type DefaultLine"/><OtherTag ID="LT4838" LABEL="default" DESCRIPTION="line type default"/><OtherTag ID="LT4839" LABEL="HeadingLine:title" DESCRIPTION="line type HeadingLine:title"/>
  </Tags>
  
  <Layout>
    <Page WIDTH="1072"
          HEIGHT="1672"
          PHYSICAL_IMG_NR="91"
          ID="eSc_dummypage_">
      <PrintSpace HPOS="0"
                  VPOS="0"
                  WIDTH="1072"
                  HEIGHT="1672">
        
        <TextBlock HPOS="72"
                   VPOS="133"
                   WIDTH="960"
                   HEIGHT="1476"
                   ID="eSc_textblock_407cb5c1"
                   TAGREFS="BT16086">
          <Shape><Polygon POINTS="361 133 899 133 1032 161 1021 1403 982 1609 122 1609 89 1575 72 1187 89 1174 94 172 128 144 361 133"/></Shape>
          
          
          <TextLine ID="eSc_line_d598de20"
                    TAGREFS="LT4837"
                    BASELINE="122 210 995 210" 
                    HPOS="122"
                    VPOS="158"
                    WIDTH="873"
                    HEIGHT="81">
            <Shape><Polygon POINTS="122 210 122 224 139 232 140 232 142 232 209 224 227 236 228 236 230 236 231 236 232 236 234 236 250 224 270 236 271 236 273 236 274 236 276 236 299 224 301 224 366 224 368 224 387 236 388 236 390 236 391 236 393 236 418 224 466 224 485 224 494 224 510 238 510 239 511 239 512 239 514 239 589 232 656 239 657 239 659 239 688 231 744 239 745 239 747 239 769 228 812 239 814 239 815 239 816 239 848 229 871 236 872 236 874 236 875 236 876 236 890 225 892 224 896 225 932 239 933 239 935 239 936 239 938 239 938 238 949 227 993 225 995 210 993 178 945 172 933 161 933 160 932 160 931 160 929 160 928 160 927 160 927 161 908 176 908 178 857 178 855 176 841 165 840 165 839 165 837 165 775 176 773 176 772 176 733 158 731 158 730 158 681 160 680 160 678 160 655 176 653 178 545 178 543 176 522 158 521 158 519 158 518 158 517 158 496 167 479 158 478 158 395 158 394 158 393 158 391 158 381 168 351 168 317 158 316 158 315 158 313 158 312 158 312 160 295 175 295 176 243 176 239 175 214 158 213 158 211 158 170 158 168 158 167 158 122 174 122 210"/></Shape>
	    <String CONTENT="دوم منصف بودن به صفات نفس آياره مثل درورغ وافعال"
                    HPOS="122"
                    VPOS="158"
                    WIDTH="873"
                    HEIGHT="81"
                    WC="0.8914797859532493"></String>
          </TextLine>

          
          
          <TextLine ID="eSc_line_bb9b2312"
                    TAGREFS="LT4837"
                    BASELINE="125 284 393 281 572 292 995 299" 
                    HPOS="124"
                    VPOS="239"
                    WIDTH="871"
                    HEIGHT="84">
            <Shape><Polygon POINTS="125 284 124 298 160 313 161 313 163 314 216 314 216 313 217 313 255 300 299 313 301 313 302 313 303 313 327 302 330 300 405 300 408 303 414 309 415 309 416 309 418 310 418 309 419 309 420 309 426 303 429 302 471 302 478 305 525 319 526 319 528 319 579 313 652 320 653 320 655 320 678 309 684 306 691 310 712 321 713 321 715 321 761 312 780 307 821 310 822 313 833 321 833 323 835 323 836 323 837 323 839 323 872 314 892 309 903 314 911 319 913 319 914 319 993 316 995 299 995 264 975 250 974 250 973 250 971 250 892 252 890 252 854 263 846 254 844 254 843 254 841 254 840 254 814 263 808 264 798 263 758 256 756 256 726 261 715 263 712 261 691 246 690 246 688 246 687 246 685 246 652 260 648 261 645 259 635 252 634 252 632 252 631 252 630 252 616 259 611 261 528 261 512 256 490 250 489 250 487 250 465 254 450 259 440 254 411 242 409 242 408 242 356 249 313 241 312 241 310 241 309 241 296 252 291 256 273 250 262 248 260 248 259 248 257 248 256 248 253 250 250 252 249 250 238 241 238 239 236 239 235 239 184 239 182 239 181 239 156 248 140 253 125 248 125 284"/></Shape>
	    <String CONTENT="بدو کمانهاوساپير اخلاق دميمه سوم متابعت جايلان"
                    HPOS="124"
                    VPOS="239"
                    WIDTH="871"
                    HEIGHT="84"
                    WC="0.8778016567230225"></String>
          </TextLine>

          
          
          <TextLine ID="eSc_line_4037f529"
                    TAGREFS="LT4837"
                    BASELINE="122 363 995 370" 
                    HPOS="121"
                    VPOS="316"
                    WIDTH="874"
                    HEIGHT="81">
            <Shape><Polygon POINTS="122 363 121 374 158 387 160 387 161 387 214 377 234 390 235 390 236 390 238 391 313 391 313 390 315 390 351 378 440 378 453 388 454 388 455 388 457 388 458 388 482 380 529 380 536 385 536 387 538 387 539 387 540 387 542 387 567 380 592 392 593 392 595 392 645 385 659 394 660 394 662 394 663 394 727 385 790 394 791 394 793 394 794 394 815 381 885 395 886 397 954 397 954 395 956 395 993 381 995 370 995 333 943 323 942 323 940 323 922 331 918 334 913 331 893 321 892 321 890 321 889 321 867 331 861 334 858 331 848 323 848 321 847 321 846 321 844 321 756 327 726 320 724 320 723 320 722 320 720 320 708 331 705 333 577 333 574 330 565 324 564 324 563 324 561 324 526 330 517 331 514 330 503 320 503 319 501 319 500 319 499 319 461 326 453 319 453 317 451 317 450 317 448 317 317 328 298 330 288 328 224 316 223 316 221 316 193 328 192 328 122 328 122 363"/></Shape>
	    <String CONTENT="واهل فجور که به منزله خولان اند شيطان و جن باشند"
                    HPOS="121"
                    VPOS="316"
                    WIDTH="874"
                    HEIGHT="81"
                    WC="0.8979000554730495"></String>
          </TextLine>

          
          
          <TextLine ID="eSc_line_6afc3ef5"
                    TAGREFS="LT4837"
                    BASELINE="117 431 996 444" 
                    HPOS="115"
                    VPOS="387"
                    WIDTH="881"
                    HEIGHT="83">
            <Shape><Polygon POINTS="117 431 115 445 149 459 150 459 151 459 218 447 224 447 225 448 243 461 245 461 246 461 248 462 269 462 269 461 270 461 271 461 287 450 292 447 310 447 408 447 418 454 432 463 433 463 434 463 436 463 507 457 535 454 547 458 568 465 570 465 641 466 642 466 644 466 645 466 653 461 663 455 691 462 706 465 708 465 709 465 710 465 713 462 726 454 744 463 752 468 754 468 755 468 756 468 763 463 782 455 840 455 861 465 862 465 864 465 865 465 890 455 908 465 910 465 911 465 913 465 924 459 993 470 996 444 995 413 982 413 981 412 966 398 966 397 964 397 963 397 961 397 896 411 886 412 883 411 860 395 858 395 857 395 832 395 830 395 829 395 828 395 807 408 802 411 797 408 766 394 765 394 763 394 673 405 635 409 554 408 542 402 510 390 508 390 507 390 506 390 504 390 490 401 480 408 414 408 404 398 391 388 390 388 388 388 387 388 324 394 274 387 273 387 271 387 270 387 256 395 250 399 243 395 232 387 231 387 230 387 228 387 227 387 225 387 225 388 218 394 210 401 199 394 197 392 196 392 195 392 193 392 192 392 188 394 158 402 117 392 117 431"/></Shape>
	    <String CONTENT="و متابعت کسانی که صورت دانش نه داشته باشند اما"
                    HPOS="115"
                    VPOS="387"
                    WIDTH="881"
                    HEIGHT="83"
                    WC="0.9369030957636626"></String>
          </TextLine>

          
          
          <TextLine ID="eSc_line_148b55d9"
                    TAGREFS="LT4837"
                    BASELINE="122 509 993 519" 
                    HPOS="122"
                    VPOS="465"
                    WIDTH="871"
                    HEIGHT="82">
            <Shape><Polygon POINTS="122 509 122 523 168 523 170 523 189 537 190 537 192 537 193 537 195 537 234 525 239 523 245 525 289 536 291 536 292 536 294 536 295 536 308 526 309 525 359 525 363 526 391 540 393 540 394 540 395 540 397 540 415 528 416 526 426 528 497 542 499 542 500 542 524 530 547 542 549 542 620 543 621 544 673 544 673 543 674 543 676 543 687 533 708 543 709 543 710 543 712 543 713 543 727 533 729 532 736 533 793 543 794 543 795 543 797 543 808 535 814 530 893 533 896 536 908 546 910 546 911 546 913 547 950 547 950 546 952 546 953 546 953 544 963 536 977 546 978 546 979 546 981 546 982 546 984 546 992 537 993 519 993 473 904 473 903 473 901 473 883 482 857 473 853 472 851 472 850 472 848 472 847 472 847 473 833 484 793 473 789 472 787 472 786 472 784 472 783 472 783 473 769 486 730 486 703 473 701 472 699 472 698 472 688 473 628 484 582 473 563 469 561 469 560 469 546 473 514 483 487 483 475 473 468 468 466 468 465 468 420 468 419 468 418 468 416 468 416 469 411 473 401 482 370 473 349 469 348 469 347 469 345 469 340 473 333 479 270 480 260 473 249 465 248 465 246 465 245 465 243 465 224 473 211 479 122 475 122 509"/></Shape>
	    <String CONTENT="تفرقه راه حق و باطل بر ايشان پوشيده میسباشد و"
                    HPOS="122"
                    VPOS="465"
                    WIDTH="871"
                    HEIGHT="82"
                    WC="0.9313384744856092"></String>
          </TextLine>

          
          
          <TextLine ID="eSc_line_7f10c4db"
                    TAGREFS="LT4837"
                    BASELINE="125 583 989 597" 
                    HPOS="124"
                    VPOS="540"
                    WIDTH="865"
                    HEIGHT="80">
            <Shape><Polygon POINTS="125 583 124 599 157 594 175 601 190 607 192 607 193 607 195 607 207 601 214 597 221 601 232 608 234 608 235 608 236 608 238 608 239 608 239 607 246 601 249 597 287 596 308 601 326 607 327 607 328 607 330 607 342 601 356 597 465 597 475 603 494 613 496 613 497 613 586 606 595 613 595 614 596 614 598 614 599 614 600 614 631 604 639 601 642 604 655 614 656 614 657 614 730 617 731 618 782 618 782 617 783 617 807 606 808 604 808 606 823 618 825 618 826 618 828 618 876 611 906 620 907 620 908 620 988 606 989 597 989 558 942 551 940 551 939 551 938 551 932 557 922 564 911 557 911 555 910 555 908 555 907 555 906 555 901 555 876 562 868 555 867 555 865 555 864 555 862 555 836 565 825 554 823 554 823 553 822 553 821 553 819 553 818 553 816 553 815 554 802 565 748 565 706 553 705 553 703 553 702 553 699 553 637 561 625 553 624 553 623 553 621 553 561 561 532 561 514 548 510 546 508 546 507 546 506 546 504 546 503 546 503 547 500 548 490 558 453 558 439 548 433 543 432 543 430 543 369 542 368 542 366 542 354 546 327 557 308 546 299 540 298 540 296 540 210 540 209 540 207 540 206 540 202 544 188 555 168 555 157 543 156 543 156 542 154 542 153 542 151 542 125 542 125 583"/></Shape>
	    <String CONTENT="شيطان انس ا طارفه اند جز در هلالت و کمراهینه"
                    HPOS="124"
                    VPOS="540"
                    WIDTH="865"
                    HEIGHT="80"
                    WC="0.909655901518735"></String>
          </TextLine>

          
          
          <TextLine ID="eSc_line_9c3c5a0c"
                    TAGREFS="LT4837"
                    BASELINE="119 652 995 664" 
                    HPOS="118"
                    VPOS="607"
                    WIDTH="877"
                    HEIGHT="82">
            <Shape><Polygon POINTS="118 667 154 674 156 674 157 674 179 668 190 666 209 668 274 679 276 679 277 679 301 670 308 667 409 667 418 670 453 682 454 682 455 682 506 675 606 685 607 686 656 686 656 685 657 685 659 685 670 675 701 686 702 686 703 686 705 686 734 679 772 686 773 686 775 686 776 686 790 674 826 688 828 688 829 688 830 688 832 688 846 677 900 677 914 688 914 689 915 689 917 689 918 689 993 675 995 664 991 621 975 635 960 629 959 629 957 629 956 629 931 638 897 624 896 624 894 624 893 624 867 636 837 628 836 628 835 628 833 628 800 636 744 622 743 622 741 622 740 622 709 635 659 628 657 628 656 628 635 633 624 625 624 624 623 624 621 624 620 624 618 624 600 633 522 633 478 613 471 610 469 610 412 608 411 608 374 611 327 614 309 610 298 607 296 607 295 607 294 607 292 607 289 610 281 615 274 610 274 608 273 608 271 608 270 608 269 608 267 608 235 628 204 627 189 613 189 611 188 611 186 611 185 611 146 617 121 607 119 652 118 667"/></Shape>
	    <String CONTENT="خوانيند بود چنانچه درقرآن آيه که رتنا ال اتانا"
                    HPOS="118"
                    VPOS="607"
                    WIDTH="877"
                    HEIGHT="82"
                    WC="0.891310411815842"></String>
          </TextLine>

          
          
          <TextLine ID="eSc_line_7ecfdf8a"
                    TAGREFS="LT4837"
                    BASELINE="125 727 342 727 986 745" 
                    HPOS="124"
                    VPOS="677"
                    WIDTH="862"
                    HEIGHT="94">
            <Shape><Polygon POINTS="125 727 124 735 216 755 217 756 249 756 249 755 250 755 252 755 269 741 303 748 305 748 306 748 323 741 324 741 328 741 369 749 370 749 425 744 433 744 437 744 489 762 490 762 492 762 493 762 529 748 603 763 605 763 606 763 634 751 662 764 663 764 710 767 712 767 787 753 791 753 797 753 875 771 876 771 929 762 964 769 966 769 967 769 985 759 986 745 984 710 967 714 960 709 956 706 954 706 953 706 952 706 950 706 943 709 933 714 921 709 893 695 892 695 890 695 889 695 887 695 874 707 871 710 848 711 843 707 830 695 830 693 829 693 828 693 826 693 825 693 783 706 779 707 777 706 758 691 756 691 755 691 754 691 752 691 751 691 751 692 736 705 731 710 713 710 705 705 683 689 681 689 680 689 656 688 655 688 617 689 616 689 614 689 596 703 592 706 574 706 571 702 559 691 559 689 557 689 556 689 554 689 553 689 529 702 525 703 455 703 450 700 433 691 432 691 430 691 429 691 400 699 394 700 393 699 383 691 381 691 380 691 379 691 377 691 363 698 347 682 347 681 345 681 344 681 342 681 341 681 306 691 285 679 284 679 214 677 213 677 181 681 179 681 178 681 178 682 163 695 125 695 125 727"/></Shape>
	    <String CONTENT="من لجن والا نس تجعلها تحت أقدا منا ليلونن"
                    HPOS="124"
                    VPOS="677"
                    WIDTH="862"
                    HEIGHT="94"
                    WC="0.9541140411581311"></String>
          </TextLine>

          
          
          <TextLine ID="eSc_line_c648537d"
                    TAGREFS="LT4837"
                    BASELINE="114 808 341 808 646 822 995 826" 
                    HPOS="112"
                    VPOS="757"
                    WIDTH="883"
                    HEIGHT="90">
            <Shape><Polygon POINTS="114 808 112 820 163 829 164 829 165 829 179 822 185 819 199 822 214 826 216 826 217 826 234 823 252 819 260 823 277 831 278 831 280 831 281 831 296 823 303 820 359 820 365 824 373 831 374 831 376 831 377 831 418 826 434 823 443 826 473 837 475 837 476 837 539 831 574 838 575 838 577 838 596 831 600 837 602 837 602 838 603 838 605 838 606 838 717 836 733 842 734 842 736 844 763 844 763 842 765 842 766 842 780 830 782 830 783 830 815 837 816 837 860 831 864 831 886 845 887 845 889 845 890 845 892 845 914 837 929 847 931 847 932 847 933 847 993 833 995 826 995 792 963 792 961 791 938 774 936 774 935 774 893 774 892 774 890 774 889 774 871 790 869 790 809 790 809 788 800 778 800 777 798 777 797 777 795 777 794 777 765 787 763 787 762 787 741 777 740 777 738 777 737 777 736 777 724 784 716 777 716 776 715 776 713 776 712 776 710 776 688 784 649 784 577 784 575 783 564 773 563 773 561 773 560 773 559 773 557 773 557 774 547 783 525 767 524 767 522 767 521 767 519 767 507 773 499 766 497 766 496 766 494 766 493 766 492 766 471 778 443 764 441 764 404 764 402 764 401 764 376 777 345 762 344 762 342 762 301 770 288 760 287 760 285 760 284 760 282 760 267 766 216 759 214 759 213 759 185 774 151 757 150 757 149 757 147 757 114 770 114 808"/></Shape>
	    <String CONTENT="من الا سفلين يعنی بار خداو ندا به نمای بارا آن دو کسانی"
                    HPOS="112"
                    VPOS="757"
                    WIDTH="883"
                    HEIGHT="90"
                    WC="0.8951207585632801"></String>
          </TextLine>

          
          
          <TextLine ID="eSc_line_0a186f54"
                    TAGREFS="LT4837"
                    BASELINE="124 883 432 883 985 897" 
                    HPOS="122"
                    VPOS="830"
                    WIDTH="863"
                    HEIGHT="89">
            <Shape><Polygon POINTS="124 883 122 894 144 902 146 902 273 905 274 905 276 905 289 898 298 894 402 894 418 902 427 908 429 908 430 908 432 908 462 902 499 897 528 905 549 911 550 911 552 912 598 912 598 911 599 911 600 911 605 907 617 898 645 908 652 911 653 911 655 911 664 909 697 901 736 911 745 914 747 914 748 914 749 914 751 914 752 912 765 901 794 911 795 911 797 911 798 911 828 902 854 915 858 916 860 916 861 916 862 916 868 915 901 904 913 916 914 916 914 918 915 918 917 918 918 919 984 919 985 897 984 862 952 865 945 861 914 844 913 844 911 844 851 845 850 845 830 855 791 842 790 842 789 842 745 852 724 841 723 841 703 841 702 841 701 841 699 841 681 858 678 861 624 861 620 856 614 852 613 852 611 852 610 852 571 856 550 858 531 858 528 855 504 838 503 838 501 838 500 838 499 838 497 838 478 855 476 856 471 855 404 834 402 834 401 834 301 842 292 837 291 837 289 837 288 837 287 837 285 837 262 852 213 852 185 830 184 830 182 830 181 830 179 830 124 849 124 883"/></Shape>
	    <String CONTENT="ما را گمراه میگردانند از جن وانس تاايشان را بزير"
                    HPOS="122"
                    VPOS="830"
                    WIDTH="863"
                    HEIGHT="89"
                    WC="0.8273595583935579"></String>
          </TextLine>

          
          
          <TextLine ID="eSc_line_ffde98c3"
                    TAGREFS="LT4837"
                    BASELINE="540 962 989 972" 
                    HPOS="539"
                    VPOS="923"
                    WIDTH="450"
                    HEIGHT="70">
            <Shape><Polygon POINTS="540 962 539 985 611 987 613 987 614 987 618 986 639 979 687 987 699 989 701 989 702 989 706 987 731 976 801 978 816 989 819 992 821 992 822 992 823 992 825 992 830 989 847 980 864 989 871 993 872 993 874 993 875 993 886 990 910 982 986 990 989 972 989 929 915 927 914 927 913 927 910 929 887 937 835 930 833 930 758 934 752 929 751 929 751 927 749 927 748 927 747 927 745 927 743 929 734 933 723 929 706 923 705 923 703 923 674 929 660 933 609 933 605 929 598 923 596 923 595 923 593 923 540 929 540 962"/></Shape>
	    <String CONTENT="قدمهای خود در آوريم و ايشان"
                    HPOS="539"
                    VPOS="923"
                    WIDTH="450"
                    HEIGHT="70"
                    WC="0.9166011086532048"></String>
          </TextLine>

          
          
          <TextLine ID="eSc_line_af055fd5"
                    TAGREFS="LT4837"
                    BASELINE="119 948 400 951 468 957" 
                    HPOS="118"
                    VPOS="902"
                    WIDTH="350"
                    HEIGHT="67">
            <Shape><Polygon POINTS="119 948 118 957 135 965 136 965 138 965 207 958 217 958 218 960 231 966 232 966 234 966 235 966 269 961 276 960 285 961 317 968 376 969 377 969 379 969 391 965 401 961 465 966 468 957 465 909 407 918 397 909 394 908 394 907 393 907 391 907 390 907 388 907 379 911 366 915 358 911 352 907 351 907 349 907 348 907 347 907 334 911 330 912 322 911 280 905 278 905 277 905 276 905 276 907 269 912 266 916 209 916 199 914 143 902 142 902 140 902 119 912 119 948"/></Shape>
	    <String CONTENT="اسغلين شوند درين"
                    HPOS="118"
                    VPOS="902"
                    WIDTH="350"
                    HEIGHT="67"
                    WC="0.9483561888337135"></String>
          </TextLine>

          
          
          <TextLine ID="eSc_line_73d931c8"
                    TAGREFS="LT4837"
                    BASELINE="112 1019 986 1046" 
                    HPOS="111"
                    VPOS="975"
                    WIDTH="875"
                    HEIGHT="90">
            <Shape><Polygon POINTS="112 1019 111 1032 143 1040 144 1040 146 1040 161 1035 172 1031 185 1035 203 1043 204 1043 206 1043 207 1043 231 1038 235 1036 238 1038 248 1045 249 1045 250 1045 252 1046 276 1046 276 1045 277 1045 278 1045 278 1043 284 1039 291 1033 365 1035 376 1043 384 1049 386 1049 387 1049 388 1049 390 1049 408 1045 433 1038 466 1046 487 1051 489 1051 490 1051 512 1049 552 1042 611 1042 617 1050 618 1050 618 1051 620 1051 621 1051 623 1051 624 1051 648 1045 664 1054 671 1057 673 1057 674 1057 676 1057 684 1054 701 1049 717 1056 724 1058 726 1058 727 1058 741 1057 791 1049 802 1058 804 1060 804 1061 805 1061 807 1061 848 1063 850 1063 851 1063 854 1061 872 1051 908 1051 922 1064 924 1064 925 1064 984 1065 986 1046 985 1015 939 1004 938 1004 936 1004 907 1011 848 996 847 996 846 996 844 996 843 996 826 1007 802 994 801 994 800 994 798 994 775 1007 748 997 747 997 745 997 744 997 743 997 727 1005 664 1005 634 1004 618 992 617 992 616 992 614 992 613 992 588 1001 568 989 567 989 565 989 564 989 489 999 472 985 471 985 469 985 433 983 432 983 380 990 369 982 368 982 366 982 365 982 363 982 362 982 348 993 334 982 334 980 333 980 331 980 294 979 292 979 291 979 256 992 230 980 228 980 227 980 181 987 156 975 154 975 153 975 151 975 112 987 112 1019"/></Shape>
	    <String CONTENT=" ناطق بهجهت خود و اساس و داعی مناجات می نمايند"
                    HPOS="111"
                    VPOS="975"
                    WIDTH="875"
                    HEIGHT="90"
                    WC="0.9471679951833643"></String>
          </TextLine>

          
          
          <TextLine ID="eSc_line_a7a610ee"
                    TAGREFS="LT4837"
                    BASELINE="947 1202 984 1201" 
                    HPOS="945"
                    VPOS="1164"
                    WIDTH="39"
                    HEIGHT="60">
            <Shape><Polygon POINTS="947 1202 947 1219 982 1224 984 1201 979 1164 945 1167 947 1202"/></Shape>
	    <String CONTENT=""
                    HPOS="945"
                    VPOS="1164"
                    WIDTH="39"
                    HEIGHT="60"></String>
          </TextLine>

          
          
          <TextLine ID="eSc_line_685c9473"
                    TAGREFS="LT4837"
                    BASELINE="117 1175 773 1184" 
                    HPOS="115"
                    VPOS="1128"
                    WIDTH="658"
                    HEIGHT="78">
            <Shape><Polygon POINTS="117 1175 115 1188 140 1201 142 1201 143 1201 144 1201 179 1191 193 1201 195 1201 196 1201 197 1201 199 1201 217 1194 223 1201 224 1201 224 1202 225 1202 227 1202 228 1203 271 1203 271 1202 273 1202 296 1191 303 1188 333 1188 358 1192 391 1199 393 1199 451 1195 454 1195 455 1195 469 1205 471 1205 472 1205 473 1205 475 1205 476 1205 489 1195 496 1191 501 1196 514 1205 515 1205 517 1205 631 1206 632 1206 634 1206 635 1206 644 1199 655 1192 691 1192 699 1201 701 1202 702 1202 703 1202 705 1202 712 1201 744 1194 769 1202 773 1184 773 1136 710 1134 709 1134 708 1134 706 1134 703 1136 680 1153 625 1152 600 1138 599 1138 598 1138 596 1138 571 1152 540 1152 501 1138 492 1135 490 1135 489 1135 487 1135 479 1138 450 1150 439 1139 430 1131 430 1129 429 1129 427 1129 426 1129 425 1129 398 1139 370 1149 349 1139 326 1128 324 1128 282 1128 281 1128 280 1128 278 1128 260 1141 248 1148 232 1141 204 1128 203 1128 202 1128 200 1128 177 1141 175 1142 174 1141 165 1135 164 1135 163 1135 161 1135 117 1141 117 1175"/></Shape>
	    <String CONTENT="را گر شياطين و چن ان علم و نه عويت"
                    HPOS="115"
                    VPOS="1128"
                    WIDTH="658"
                    HEIGHT="78"
                    WC="0.8835582592908073"></String>
          </TextLine>

          
          
          <TextLine ID="eSc_line_5e4a4361"
                    TAGREFS="LT4837"
                    BASELINE="901 1277 988 1276" 
                    HPOS="900"
                    VPOS="1234"
                    WIDTH="88"
                    HEIGHT="61">
            <Shape><Polygon POINTS="901 1277 901 1295 988 1288 988 1276 981 1238 970 1249 953 1249 945 1240 939 1235 939 1234 938 1234 936 1234 935 1234 933 1234 900 1242 901 1277"/></Shape>
	    <String CONTENT=""
                    HPOS="900"
                    VPOS="1234"
                    WIDTH="88"
                    HEIGHT="61"></String>
          </TextLine>

          
          
          <TextLine ID="eSc_line_7a9cdef4"
                    TAGREFS="LT4837"
                    BASELINE="119 1247 747 1252" 
                    HPOS="118"
                    VPOS="1199"
                    WIDTH="629"
                    HEIGHT="75">
            <Shape><Polygon POINTS="119 1247 118 1260 132 1270 133 1270 135 1270 136 1270 186 1260 213 1270 214 1270 216 1270 274 1260 299 1272 301 1272 302 1272 376 1262 377 1262 492 1273 493 1274 564 1274 564 1273 565 1273 567 1273 567 1272 575 1265 591 1274 592 1274 593 1274 595 1274 596 1274 628 1265 630 1265 631 1265 645 1274 646 1274 648 1274 649 1274 745 1266 747 1252 745 1203 694 1203 692 1203 691 1203 690 1203 663 1217 637 1205 634 1203 632 1203 631 1203 630 1203 628 1203 627 1205 605 1217 507 1217 497 1206 496 1206 496 1205 494 1205 493 1205 492 1205 490 1205 489 1205 486 1206 472 1216 440 1208 414 1201 412 1201 411 1201 338 1209 291 1214 284 1210 277 1205 276 1205 274 1205 273 1205 271 1205 248 1210 238 1213 235 1210 223 1201 223 1199 221 1199 220 1199 218 1199 217 1199 195 1210 182 1205 181 1205 179 1205 119 1212 119 1247"/></Shape>
	    <String CONTENT="تقرار امامت را بر ايشانن ستر شدهو"
                    HPOS="118"
                    VPOS="1199"
                    WIDTH="629"
                    HEIGHT="75"
                    WC="0.8414110008514288"></String>
          </TextLine>

          
          
          <TextLine ID="eSc_line_abc4c9c9"
                    TAGREFS="LT4837"
                    BASELINE="920 1345 982 1343" 
                    HPOS="917"
                    VPOS="1316"
                    WIDTH="65"
                    HEIGHT="59">
            <Shape><Polygon POINTS="920 1345 921 1375 982 1357 982 1343 979 1316 917 1316 920 1345"/></Shape>
	    <String CONTENT="ل"
                    HPOS="917"
                    VPOS="1316"
                    WIDTH="65"
                    HEIGHT="59"
                    WC="0.832053005695343"></String>
          </TextLine>

          
          
          <TextLine ID="eSc_line_9d42eb78"
                    TAGREFS="LT4837"
                    BASELINE="126 1325 791 1333" 
                    HPOS="125"
                    VPOS="1277"
                    WIDTH="666"
                    HEIGHT="75">
            <Shape><Polygon POINTS="126 1325 125 1332 178 1333 190 1345 190 1347 192 1347 193 1347 195 1348 234 1348 234 1347 235 1347 257 1336 285 1348 287 1348 288 1348 289 1348 308 1343 348 1350 349 1350 429 1337 457 1351 458 1351 460 1352 496 1352 496 1351 497 1351 499 1351 519 1338 554 1351 556 1351 557 1351 678 1340 713 1352 715 1352 716 1352 717 1352 719 1352 734 1341 790 1341 791 1333 791 1297 766 1284 765 1284 719 1284 717 1284 716 1284 715 1284 701 1297 698 1299 684 1299 683 1297 674 1288 674 1287 673 1287 671 1287 670 1287 585 1295 572 1297 565 1295 511 1283 510 1283 508 1283 479 1294 447 1281 446 1281 444 1281 443 1281 419 1294 407 1281 407 1280 405 1280 404 1280 402 1280 214 1291 196 1277 195 1277 193 1277 154 1277 153 1277 151 1277 126 1290 126 1325"/></Shape>
	    <String CONTENT="ستقرار امامت امامه مستودع می نمايند که"
                    HPOS="125"
                    VPOS="1277"
                    WIDTH="666"
                    HEIGHT="75"
                    WC="0.9443854485687456"></String>
          </TextLine>

          
          
          <TextLine ID="eSc_line_528012ce"
                    TAGREFS="LT4837"
                    BASELINE="124 1403 607 1407 988 1422" 
                    HPOS="124"
                    VPOS="1350"
                    WIDTH="864"
                    HEIGHT="89">
            <Shape><Polygon POINTS="124 1403 124 1423 143 1414 161 1423 163 1423 164 1423 235 1419 246 1426 248 1426 249 1426 250 1426 255 1426 303 1414 326 1421 327 1421 328 1421 448 1414 519 1422 521 1422 716 1419 736 1433 737 1436 738 1436 740 1436 741 1436 743 1436 751 1435 779 1426 795 1433 797 1433 798 1433 800 1433 801 1433 801 1432 809 1425 829 1436 832 1437 833 1437 835 1437 836 1439 986 1439 988 1422 988 1383 894 1373 893 1373 892 1373 876 1380 857 1368 855 1368 854 1368 853 1368 851 1368 835 1373 818 1366 816 1366 815 1366 814 1366 812 1366 798 1378 791 1372 790 1372 789 1372 787 1372 744 1378 738 1378 736 1378 691 1361 690 1361 667 1361 666 1361 664 1361 663 1361 646 1375 599 1358 598 1358 596 1358 595 1358 593 1358 581 1366 528 1358 526 1358 525 1358 478 1372 476 1372 461 1357 461 1355 460 1355 458 1355 351 1355 349 1355 348 1355 347 1355 347 1357 338 1364 309 1358 308 1358 306 1358 273 1368 270 1368 259 1359 257 1359 256 1359 255 1359 217 1366 214 1366 213 1366 184 1350 182 1350 181 1350 179 1350 151 1365 150 1365 124 1365 124 1403"/></Shape>
	    <String CONTENT="شياطين آنش اند تا ما اييشان را بحجت و بريان خود"
                    HPOS="124"
                    VPOS="1350"
                    WIDTH="864"
                    HEIGHT="89"
                    WC="0.8993950101236502"></String>
          </TextLine>

          
          
          <TextLine ID="eSc_line_f2c0c8d4"
                    TAGREFS="LT4837"
                    BASELINE="886 1500 979 1502" 
                    HPOS="885"
                    VPOS="1461"
                    WIDTH="94"
                    HEIGHT="70">
            <Shape><Polygon POINTS="886 1500 885 1517 977 1531 979 1502 979 1465 943 1461 942 1461 940 1461 939 1461 925 1472 917 1479 886 1479 886 1500"/></Shape>
	    <String CONTENT="عج"
                    HPOS="885"
                    VPOS="1461"
                    WIDTH="94"
                    HEIGHT="70"
                    WC="0.9958494901657104"></String>
          </TextLine>

          
          
          <TextLine ID="eSc_line_2f01cc42"
                    TAGREFS="LT4837"
                    BASELINE="135 1478 755 1486" 
                    HPOS="133"
                    VPOS="1430"
                    WIDTH="622"
                    HEIGHT="77">
            <Shape><Polygon POINTS="135 1478 133 1490 225 1500 227 1500 228 1500 241 1495 248 1490 253 1495 264 1502 266 1502 267 1502 269 1503 302 1503 302 1502 303 1502 320 1496 340 1489 358 1496 359 1496 361 1496 425 1490 450 1500 462 1504 464 1504 465 1506 503 1506 503 1504 504 1504 506 1504 506 1503 508 1502 518 1492 578 1499 579 1499 581 1499 582 1499 586 1495 596 1502 596 1503 598 1503 599 1503 600 1503 602 1503 632 1493 646 1504 648 1507 649 1507 651 1507 652 1507 653 1507 659 1506 688 1495 752 1507 755 1486 752 1439 733 1447 713 1439 709 1437 708 1437 706 1437 705 1437 703 1437 702 1439 692 1447 639 1450 631 1443 630 1443 628 1443 627 1443 625 1443 609 1450 599 1440 596 1437 596 1436 595 1436 593 1436 592 1436 561 1440 532 1444 522 1440 510 1435 508 1435 507 1435 506 1435 504 1435 497 1440 485 1450 457 1450 450 1442 443 1435 443 1433 441 1433 440 1433 397 1433 395 1433 394 1433 393 1433 380 1442 379 1443 376 1442 366 1437 365 1437 363 1437 362 1437 361 1437 356 1442 354 1444 351 1442 342 1433 342 1432 341 1432 340 1432 323 1432 322 1432 320 1432 319 1432 319 1433 309 1443 305 1447 282 1447 264 1443 200 1430 199 1430 197 1430 196 1430 196 1432 184 1443 172 1436 171 1436 170 1436 168 1436 135 1443 135 1478"/></Shape>
	    <String CONTENT="يشان افر سفلين شوند ينی سلائق از"
                    HPOS="133"
                    VPOS="1430"
                    WIDTH="622"
                    HEIGHT="77"
                    WC="0.9199888001788746"></String>
          </TextLine>

          
          
          <TextLine ID="eSc_line_047d44ca"
                    TAGREFS="LT4837"
                    BASELINE="313 1547 970 1573" 
                    HPOS="312"
                    VPOS="1495"
                    WIDTH="658"
                    HEIGHT="108">
            <Shape><Polygon POINTS="313 1547 312 1564 352 1566 355 1567 387 1581 388 1581 390 1582 425 1582 425 1581 426 1581 427 1581 440 1573 444 1570 457 1574 497 1587 499 1587 500 1587 553 1580 574 1577 584 1581 605 1591 606 1591 607 1591 609 1591 610 1591 620 1584 624 1581 648 1585 667 1588 669 1588 683 1587 743 1581 752 1589 754 1589 755 1589 756 1589 815 1584 847 1596 857 1600 858 1600 966 1603 970 1573 970 1538 931 1528 929 1528 907 1532 894 1522 893 1522 892 1522 890 1522 853 1531 814 1511 812 1511 811 1511 809 1511 752 1528 751 1528 734 1528 706 1527 698 1518 698 1517 697 1517 695 1517 694 1517 692 1517 663 1524 606 1503 605 1503 603 1503 570 1510 532 1500 531 1500 529 1500 528 1500 526 1500 497 1518 472 1500 471 1500 469 1500 379 1495 377 1495 376 1495 374 1495 374 1496 358 1513 356 1513 313 1511 313 1547"/></Shape>
	    <String CONTENT="ن بر گروند را ه "
                    HPOS="312"
                    VPOS="1495"
                    WIDTH="658"
                    HEIGHT="108"
                    WC="0.7857618574053049"></String>
          </TextLine>

          
        </TextBlock>
        
        <TextBlock HPOS="522"
                   VPOS="50"
                   WIDTH="83"
                   HEIGHT="54"
                   ID="eSc_textblock_c103cd2e"
                   TAGREFS="BT16093">
          <Shape><Polygon POINTS="561 50 605 66 593 104 522 87 528 61 561 50"/></Shape>
          
          
          <TextLine ID="eSc_line_74b7f0eb"
                    TAGREFS="LT4837"
                    BASELINE="545 80 579 78" 
                    HPOS="542"
                    VPOS="50"
                    WIDTH="37"
                    HEIGHT="51">
            <Shape><Polygon POINTS="570 52 556 50 542 54 545 80 546 101 579 101 579 78 577 55 570 52"/></Shape>
	    <String CONTENT=""
                    HPOS="542"
                    VPOS="50"
                    WIDTH="37"
                    HEIGHT="51"></String>
          </TextLine>

          
        </TextBlock>
        

        
      </PrintSpace>
    </Page>
  </Layout>
</alto>
