<?xml version="1.0" encoding="UTF-8"?>
<alto xmlns:xsi="http://www.w3.org/2001/XMLSchema-instance"
      xmlns="http://www.loc.gov/standards/alto/ns-v4#"
      xsi:schemaLocation="http://www.loc.gov/standards/alto/ns-v4# http://www.loc.gov/standards/alto/v4/alto-4-2.xsd">
  <Description>
    <MeasurementUnit>pixel</MeasurementUnit>
    <sourceImageInformation>
      <fileName>Rasail077.jpg</fileName>
      
    </sourceImageInformation>
  </Description>
  
  <Tags>
    <OtherTag ID="BT16094" LABEL="default" DESCRIPTION="block type default"/><OtherTag ID="BT16093" LABEL="NumberingZone:page" DESCRIPTION="block type NumberingZone:page"/><OtherTag ID="BT16092" LABEL="MarginTextZone:note" DESCRIPTION="block type MarginTextZone:note"/><OtherTag ID="BT16091" LABEL="TitlePageZone" DESCRIPTION="block type TitlePageZone"/><OtherTag ID="BT16090" LABEL="QuireMarksZone:catchwords" DESCRIPTION="block type QuireMarksZone:catchwords"/><OtherTag ID="BT16089" LABEL="NumberingZone:other" DESCRIPTION="block type NumberingZone:other"/><OtherTag ID="BT16088" LABEL="NumberingZone" DESCRIPTION="block type NumberingZone"/><OtherTag ID="BT16087" LABEL="MarginTextZone" DESCRIPTION="block type MarginTextZone"/><OtherTag ID="BT16086" LABEL="MainZone" DESCRIPTION="block type MainZone"/><OtherTag ID="BT16085" LABEL="DigitizationArtefactZone" DESCRIPTION="block type DigitizationArtefactZone"/><OtherTag ID="BT2" LABEL="Main" DESCRIPTION="block type Main"/><OtherTag ID="BT1" LABEL="Title" DESCRIPTION="block type Title"/>
    <OtherTag ID="LT4837" LABEL="DefaultLine" DESCRIPTION="line type DefaultLine"/><OtherTag ID="LT4838" LABEL="default" DESCRIPTION="line type default"/><OtherTag ID="LT4839" LABEL="HeadingLine:title" DESCRIPTION="line type HeadingLine:title"/>
  </Tags>
  
  <Layout>
    <Page WIDTH="1152"
          HEIGHT="1688"
          PHYSICAL_IMG_NR="105"
          ID="eSc_dummypage_">
      <PrintSpace HPOS="0"
                  VPOS="0"
                  WIDTH="1152"
                  HEIGHT="1688">
        
        <TextBlock HPOS="140"
                   VPOS="118"
                   WIDTH="955"
                   HEIGHT="1495"
                   ID="eSc_textblock_b7757c09"
                   TAGREFS="BT16086">
          <Shape><Polygon POINTS="440 118 926 135 1050 163 1061 364 1090 399 1095 478 1095 1506 1090 1562 1061 1585 842 1607 191 1613 157 1579 157 956 140 853 157 410 180 320 229 320 225 286 298 240 264 174 440 118"/></Shape>
          
          
          <TextLine ID="eSc_line_5d3451d3"
                    TAGREFS="LT4837"
                    BASELINE="628 206 674 208 722 199" 
                    HPOS="623"
                    VPOS="149"
                    WIDTH="99"
                    HEIGHT="83">
            <Shape><Polygon POINTS="628 206 629 232 722 213 722 199 715 157 681 163 674 158 661 149 660 149 659 149 657 149 656 149 623 158 628 206"/></Shape>
	    <String CONTENT="صحق"
                    HPOS="623"
                    VPOS="149"
                    WIDTH="99"
                    HEIGHT="83"
                    WC="0.9671280384063721"></String>
          </TextLine>

          
          
          <TextLine ID="eSc_line_4ab15e03"
                    TAGREFS="LT4839"
                    BASELINE="521 218 528 218" 
                    HPOS="521"
                    VPOS="177"
                    WIDTH="7"
                    HEIGHT="74">
            <Shape><Polygon POINTS="521 218 521 248 525 251 528 218 523 177 521 178 521 218"/></Shape>
	    <String CONTENT=""
                    HPOS="521"
                    VPOS="177"
                    WIDTH="7"
                    HEIGHT="74"></String>
          </TextLine>

          
          
          <TextLine ID="eSc_line_c8b43dd7"
                    TAGREFS="LT4837"
                    BASELINE="397 317 792 320" 
                    HPOS="395"
                    VPOS="268"
                    WIDTH="397"
                    HEIGHT="75">
            <Shape><Polygon POINTS="397 317 395 331 408 341 409 341 411 341 412 343 512 343 512 341 514 341 515 341 526 331 552 341 553 341 554 341 556 341 585 333 606 343 608 343 609 343 611 343 612 343 628 333 675 333 732 333 735 334 747 343 749 343 750 343 752 343 791 334 792 320 792 285 756 285 754 284 733 270 732 270 730 270 729 270 728 270 684 284 683 284 667 277 666 277 664 277 625 282 595 268 594 268 549 268 547 268 546 268 545 268 523 282 523 284 506 284 506 282 498 275 498 274 497 274 495 274 432 268 430 268 429 268 397 281 397 317"/></Shape>
	    <String CONTENT="در اشارت به ضراط و برزخ"
                    HPOS="395"
                    VPOS="268"
                    WIDTH="397"
                    HEIGHT="75"
                    WC="0.9237149124560149"></String>
          </TextLine>

          
          
          <TextLine ID="eSc_line_4f7c2adf"
                    TAGREFS="LT4837"
                    BASELINE="171 445 773 440 990 430" 
                    HPOS="170"
                    VPOS="376"
                    WIDTH="820"
                    HEIGHT="105">
            <Shape><Polygon POINTS="171 445 171 474 208 479 209 479 211 479 212 479 212 478 218 474 235 457 257 472 267 481 268 481 270 481 271 481 318 479 319 479 335 471 360 458 374 471 383 478 384 478 385 478 387 478 512 476 514 476 515 476 525 468 535 459 557 467 559 467 560 467 561 467 614 450 652 450 668 462 670 462 671 462 673 462 674 462 711 448 752 457 753 457 754 457 756 457 767 448 802 448 818 461 818 462 819 462 821 462 822 462 825 462 849 457 854 462 856 462 856 464 857 464 859 464 860 464 861 464 867 461 899 445 919 455 921 455 922 455 923 455 960 445 984 459 990 430 985 376 877 378 875 378 874 378 874 379 870 382 847 403 818 396 806 385 799 379 799 378 798 378 797 378 795 378 794 378 768 386 722 405 701 391 688 382 687 382 685 382 684 382 683 382 681 382 668 392 635 384 633 384 632 384 630 384 601 396 561 413 470 413 450 403 440 399 439 399 437 399 436 399 425 405 408 414 373 414 361 407 347 398 346 398 345 398 343 398 291 409 280 399 280 398 278 398 277 398 238 392 236 392 235 392 233 392 233 393 209 416 170 417 171 445"/></Shape>
	    <String CONTENT="بدانکه معلمان و حکما صراط المستقيم را برسه قسم داشده"
                    HPOS="170"
                    VPOS="376"
                    WIDTH="820"
                    HEIGHT="105"
                    WC="0.8551704035355494"></String>
          </TextLine>

          
          
          <TextLine ID="eSc_line_693d15b3"
                    TAGREFS="LT4837"
                    BASELINE="176 526 684 519 1052 504" 
                    HPOS="174"
                    VPOS="462"
                    WIDTH="878"
                    HEIGHT="96">
            <Shape><Polygon POINTS="176 526 176 555 202 558 204 558 205 558 215 554 235 547 247 552 254 557 256 557 257 557 259 557 260 557 267 552 281 544 298 551 309 555 311 555 312 555 422 552 423 552 425 552 435 545 452 535 490 544 525 551 526 551 618 550 619 550 621 550 632 540 650 548 652 548 653 548 702 545 704 545 705 545 716 535 723 528 808 527 822 531 857 541 859 541 860 541 861 541 863 541 880 528 884 526 892 528 922 538 923 538 925 538 926 538 950 526 956 523 1050 521 1052 504 1046 471 1032 476 1022 471 1004 462 1002 462 1001 462 999 462 970 474 961 476 956 474 937 464 936 464 935 464 933 464 932 464 918 475 911 481 902 475 899 472 898 472 897 472 895 472 894 472 885 476 880 479 877 476 867 468 866 468 864 468 754 468 753 468 752 468 750 468 733 481 725 488 656 488 652 483 642 476 642 475 640 475 639 475 637 475 576 486 554 490 542 488 509 479 508 479 506 479 505 479 504 479 504 481 492 489 490 493 461 493 459 490 435 476 433 476 432 476 430 476 429 476 428 476 402 493 399 495 364 495 361 495 329 481 328 481 326 481 325 481 290 495 280 485 280 483 278 483 277 483 276 483 236 489 199 481 198 481 197 481 195 481 194 481 174 495 176 526"/></Shape>
	    <String CONTENT="اند اول ضراط منگوس دوم ضراط مغلوب دسوم صرال"
                    HPOS="174"
                    VPOS="462"
                    WIDTH="878"
                    HEIGHT="96"
                    WC="0.9284207612969154"></String>
          </TextLine>

          
          
          <TextLine ID="eSc_line_15fe5de0"
                    TAGREFS="LT4837"
                    BASELINE="163 589 809 592 1040 579" 
                    HPOS="161"
                    VPOS="544"
                    WIDTH="879"
                    HEIGHT="76">
            <Shape><Polygon POINTS="163 589 163 603 188 611 190 611 191 611 192 611 194 611 207 603 212 600 216 603 232 617 232 618 233 618 235 618 236 620 319 620 319 618 321 618 373 602 378 600 383 602 412 616 414 616 483 618 484 618 485 618 487 618 515 600 518 599 526 600 566 611 567 611 568 611 570 611 615 600 633 611 635 611 636 611 637 611 639 611 640 611 656 600 657 599 664 600 711 607 712 607 754 599 763 597 767 599 795 611 797 611 798 611 799 611 842 600 866 617 867 617 868 617 870 618 928 618 928 617 929 617 930 617 960 597 961 597 1039 597 1040 579 1035 544 1006 559 956 555 954 555 953 555 933 564 850 564 797 548 788 547 787 547 785 547 784 547 777 550 760 557 753 550 749 547 749 545 747 545 746 545 744 545 743 545 742 545 736 550 716 564 695 551 687 545 685 545 684 545 646 545 645 545 643 545 642 545 633 552 615 565 553 565 542 554 533 547 533 545 532 545 530 545 490 545 488 545 487 545 485 545 470 555 456 565 387 565 377 558 364 548 363 548 361 548 360 548 359 548 340 558 330 564 325 558 308 545 307 545 305 545 304 545 267 554 259 547 259 545 257 545 256 545 212 545 211 545 209 545 161 561 163 589"/></Shape>
	    <String CONTENT="ستقيم چه ضراط راه را گوند و کليات انچه روش باشد"
                    HPOS="161"
                    VPOS="544"
                    WIDTH="879"
                    HEIGHT="76"
                    WC="0.908155916219062"></String>
          </TextLine>

          
          
          <TextLine ID="eSc_line_9d6d58f8"
                    TAGREFS="LT4837"
                    BASELINE="170 662 446 668 1044 656" 
                    HPOS="168"
                    VPOS="614"
                    WIDTH="876"
                    HEIGHT="80">
            <Shape><Polygon POINTS="170 662 170 679 185 679 201 692 201 693 202 693 204 693 205 694 236 694 236 693 238 693 264 679 290 689 291 689 292 689 294 689 295 689 305 682 321 692 322 692 323 692 325 692 361 685 404 692 405 692 407 692 445 676 484 690 485 690 487 690 639 673 640 673 643 673 747 687 749 687 797 682 798 682 799 682 799 680 808 672 830 682 832 682 833 682 885 670 918 685 919 685 921 686 978 686 978 685 980 685 981 685 1005 669 1006 669 1044 669 1044 656 1039 614 991 631 953 631 940 621 939 621 937 621 936 621 935 621 933 621 919 630 890 618 883 616 881 616 880 616 878 616 877 616 877 617 874 618 861 631 825 623 823 623 822 623 805 631 788 624 787 624 785 624 740 633 729 623 725 620 725 618 723 618 722 618 694 618 692 618 691 618 690 618 690 620 684 624 681 627 677 624 674 621 673 621 671 621 670 621 668 621 654 625 621 634 576 627 526 620 525 620 523 620 497 630 480 635 437 631 419 630 418 630 407 633 385 637 377 633 370 630 368 630 367 630 333 634 312 637 298 635 256 628 254 628 253 628 252 628 252 630 245 637 232 625 232 624 230 624 229 624 184 624 183 624 181 624 180 624 180 625 168 634 170 662"/></Shape>
	    <String CONTENT="حسوس مى شود به سه مرتبه است نبات و چيوان و انسان"
                    HPOS="168"
                    VPOS="614"
                    WIDTH="876"
                    HEIGHT="80"
                    WC="0.9185515729089578"></String>
          </TextLine>

          
          
          <TextLine ID="eSc_line_3e6c9d1e"
                    TAGREFS="LT4837"
                    BASELINE="164 755 525 741 1049 732" 
                    HPOS="163"
                    VPOS="685"
                    WIDTH="886"
                    HEIGHT="97">
            <Shape><Polygon POINTS="164 755 164 782 254 782 256 782 257 782 260 779 285 762 305 772 307 772 308 772 309 772 326 763 350 776 357 779 359 779 360 780 402 780 402 779 404 779 405 779 412 773 428 761 453 770 466 776 467 776 468 777 523 777 523 776 546 775 547 775 549 775 559 766 564 761 581 765 609 773 611 773 612 773 614 773 615 773 629 763 645 753 688 753 697 761 708 769 709 769 711 769 712 769 714 769 715 769 715 768 726 759 728 756 768 751 780 756 805 769 806 769 808 769 809 769 837 753 847 748 883 748 890 751 913 766 915 766 916 766 918 766 919 766 952 749 999 759 1001 759 1002 759 1049 744 1049 732 1042 685 1028 696 977 692 975 692 936 699 878 690 850 687 849 687 847 687 836 693 816 701 785 694 761 689 760 689 759 689 739 696 719 703 699 697 698 697 697 697 695 697 694 697 692 697 673 706 632 706 626 700 619 694 619 693 618 693 616 693 615 693 561 700 528 694 526 694 525 694 523 694 523 696 515 704 509 708 498 704 477 697 476 697 474 697 473 697 450 706 440 710 430 707 411 699 409 699 408 699 407 699 381 708 366 699 364 699 363 699 361 699 360 699 329 710 322 713 316 711 294 700 292 700 291 700 290 700 261 713 249 701 247 701 246 701 219 701 218 701 216 701 215 701 198 715 163 715 164 755"/></Shape>
	    <String CONTENT="که اين هرسه حرگت قايم است هم جسمانی و هم نفسانی"
                    HPOS="163"
                    VPOS="685"
                    WIDTH="886"
                    HEIGHT="97"
                    WC="0.8939789926752131"></String>
          </TextLine>

          
          
          <TextLine ID="eSc_line_1c37ea10"
                    TAGREFS="LT4837"
                    BASELINE="176 827 1042 807" 
                    HPOS="174"
                    VPOS="762"
                    WIDTH="868"
                    HEIGHT="90">
            <Shape><Polygon POINTS="176 827 176 838 211 836 215 839 233 852 235 852 236 852 238 852 239 852 267 838 273 834 278 836 297 846 298 846 299 846 301 846 302 846 314 836 319 832 340 832 346 835 374 848 376 848 377 848 378 848 380 848 397 836 429 839 430 839 432 839 433 839 433 838 439 834 461 846 463 846 464 846 466 846 528 845 529 845 530 845 554 828 556 827 557 828 576 844 577 844 578 844 580 845 608 845 608 844 632 842 633 842 635 842 635 841 652 825 653 824 694 824 695 824 706 834 708 834 709 834 711 834 712 834 732 824 733 822 735 824 764 839 766 839 767 841 794 841 794 839 795 839 797 839 825 821 860 829 861 829 863 829 864 829 866 829 880 820 894 820 913 836 915 836 916 836 918 836 944 835 946 835 947 835 947 834 961 822 1012 831 1013 831 1015 831 1016 831 1042 815 1042 807 1039 768 956 762 954 762 953 762 952 762 952 763 943 770 939 775 898 777 888 772 875 763 874 763 873 763 871 763 819 765 818 765 816 765 801 775 790 782 775 776 752 766 750 766 749 766 747 766 746 766 733 777 725 784 657 783 654 780 643 770 642 770 640 770 549 770 547 770 546 770 545 770 528 784 522 789 481 790 473 786 447 773 446 773 445 773 443 773 404 789 397 791 392 789 380 780 378 780 377 780 376 780 374 780 373 780 360 790 354 794 335 794 330 791 312 779 311 779 309 779 308 779 307 779 305 779 284 793 281 794 273 793 242 787 240 787 239 787 238 787 238 789 230 794 229 797 174 797 176 827"/></Shape>
	    <String CONTENT="صراط نيزسه قشم باشد ضراط منکوس اشارت است به"
                    HPOS="174"
                    VPOS="762"
                    WIDTH="868"
                    HEIGHT="90"
                    WC="0.9060489188793094"></String>
          </TextLine>

          
          
          <TextLine ID="eSc_line_5eec7761"
                    TAGREFS="LT4837"
                    BASELINE="188 905 1043 881" 
                    HPOS="187"
                    VPOS="836"
                    WIDTH="856"
                    HEIGHT="92">
            <Shape><Polygon POINTS="188 905 188 914 219 911 225 915 233 921 235 921 236 921 238 921 239 921 240 921 249 914 253 911 256 914 280 928 281 928 283 928 284 928 315 925 316 925 318 925 339 911 347 905 380 910 414 914 415 914 460 907 495 901 499 905 512 917 512 918 514 918 515 918 516 918 518 918 547 904 556 900 571 903 584 905 585 905 625 901 664 897 670 900 691 915 692 915 694 915 695 917 740 917 740 915 764 914 766 914 767 914 788 896 791 894 792 896 798 900 798 901 799 901 801 901 802 901 842 894 844 894 846 894 880 910 881 910 883 910 992 908 994 908 1043 887 1043 881 1040 846 991 836 990 836 988 836 953 848 937 853 908 853 904 849 892 839 891 839 890 839 888 839 849 841 847 841 846 841 833 851 830 853 828 851 816 844 815 844 814 844 812 844 811 844 794 852 785 855 780 852 767 846 766 846 764 846 763 846 749 852 737 858 728 853 711 845 709 845 708 845 706 845 705 845 694 853 688 858 673 855 639 846 637 846 636 846 615 856 604 860 583 856 545 849 543 849 542 849 540 849 540 851 533 858 529 862 516 858 497 852 495 852 494 852 492 852 491 852 483 859 474 866 418 866 412 860 408 856 407 856 405 856 404 856 402 856 394 860 380 867 350 862 347 862 346 862 345 862 326 869 316 862 314 860 312 860 311 860 309 860 290 863 235 872 187 866 188 905"/></Shape>
	    <String CONTENT="صراط نبات که اصل اد به جانب مرگزاست و فرع او"
                    HPOS="187"
                    VPOS="836"
                    WIDTH="856"
                    HEIGHT="92"
                    WC="0.8854624872857874"></String>
          </TextLine>

          
          
          <TextLine ID="eSc_line_aea90b66"
                    TAGREFS="LT4837"
                    BASELINE="180 981 477 966 1047 953" 
                    HPOS="178"
                    VPOS="912"
                    WIDTH="869"
                    HEIGHT="89">
            <Shape><Polygon POINTS="180 981 180 1001 252 1001 253 1001 254 1001 254 1000 256 1000 261 994 270 998 270 1000 271 1000 273 1000 274 1001 274 1000 276 1000 277 1000 278 998 301 983 363 983 376 991 377 991 378 991 380 991 381 991 383 991 383 990 392 980 437 980 450 990 456 995 457 995 459 995 460 995 490 994 491 994 492 994 492 993 498 988 501 984 506 987 518 994 519 994 521 994 573 993 574 993 576 993 576 991 577 991 583 984 584 983 592 984 633 988 635 988 636 988 637 988 637 987 645 981 649 977 657 980 668 984 670 984 671 984 673 984 691 979 711 973 718 977 725 983 726 983 728 983 729 983 730 983 732 983 739 977 746 970 821 969 840 969 844 972 860 984 861 984 863 984 864 984 984 974 1001 980 1002 980 1004 980 1005 980 1047 962 1047 953 1046 922 1016 914 1015 914 1013 914 1012 914 1011 914 1011 915 1009 915 1004 924 1002 925 959 925 957 924 933 912 932 912 930 912 929 912 928 912 912 924 885 914 884 914 883 914 881 914 880 914 864 926 861 928 856 928 788 917 787 917 785 917 784 917 764 929 752 919 750 919 749 919 747 919 708 928 668 919 667 919 666 919 636 934 635 935 601 935 599 935 571 922 570 922 568 922 567 922 566 922 556 929 456 926 454 926 453 926 452 926 430 939 409 928 408 928 407 928 405 928 381 939 346 929 345 929 343 929 342 929 312 943 311 945 233 945 222 938 221 938 219 938 218 938 178 946 180 981"/></Shape>
	    <String CONTENT="جانب محيط و معاداو به جانب طباع است به طبيعت و اثر"
                    HPOS="178"
                    VPOS="912"
                    WIDTH="869"
                    HEIGHT="89"
                    WC="0.9461038637161255"></String>
          </TextLine>

          
          
          <TextLine ID="eSc_line_245f46d6"
                    TAGREFS="LT4837"
                    BASELINE="181 1043 1044 1028" 
                    HPOS="180"
                    VPOS="986"
                    WIDTH="864"
                    HEIGHT="77">
            <Shape><Polygon POINTS="181 1043 181 1056 230 1063 232 1063 233 1063 249 1055 259 1049 268 1055 274 1059 276 1059 277 1059 278 1059 280 1059 288 1055 302 1047 315 1047 322 1053 329 1060 329 1062 330 1062 332 1062 333 1062 335 1062 364 1053 377 1049 381 1052 388 1059 390 1059 391 1059 392 1059 394 1059 395 1059 395 1057 402 1052 407 1047 436 1052 477 1056 478 1056 480 1056 481 1056 488 1050 497 1043 522 1049 546 1055 547 1055 549 1055 566 1049 585 1042 630 1047 695 1055 697 1055 698 1055 718 1045 730 1039 739 1045 740 1046 742 1046 743 1046 744 1046 761 1045 801 1039 811 1043 830 1052 832 1052 833 1052 835 1052 836 1052 836 1050 844 1042 849 1039 873 1042 899 1045 901 1045 902 1045 904 1045 908 1042 915 1036 921 1040 933 1050 935 1050 936 1050 937 1052 966 1052 966 1050 1044 1038 1044 1028 1040 990 961 1001 921 1001 911 993 902 986 901 986 899 986 898 986 897 986 895 986 884 994 875 1000 863 995 850 990 849 990 847 990 846 990 844 990 844 991 839 995 833 1002 818 997 816 997 815 997 814 997 812 997 802 1004 792 997 780 988 778 988 777 988 729 988 728 988 726 988 725 988 708 1000 704 1002 695 1000 663 990 661 990 660 990 659 990 657 990 657 991 646 1001 625 993 623 993 622 993 621 993 619 993 602 1002 598 1005 584 1004 514 993 512 993 511 993 509 993 494 1007 491 1009 487 1007 476 1001 474 1001 473 1001 471 1001 470 1001 463 1008 459 1011 415 1011 412 1009 383 995 381 995 380 995 378 995 377 995 356 1009 328 997 326 997 325 997 323 997 322 997 305 1012 304 1012 302 1012 260 1007 259 1007 257 1007 256 1007 246 1014 233 1002 232 1002 230 1002 208 1002 207 1002 205 1002 180 1014 181 1043"/></Shape>
	    <String CONTENT="نفس در مادون خود کر جماداست تصرف دارد وصرای"
                    HPOS="180"
                    VPOS="986"
                    WIDTH="864"
                    HEIGHT="77"
                    WC="0.9120436165221902"></String>
          </TextLine>

          
          
          <TextLine ID="eSc_line_88110048"
                    TAGREFS="LT4837"
                    BASELINE="218 1126 316 1114 1047 1088" 
                    HPOS="215"
                    VPOS="1045"
                    WIDTH="832"
                    HEIGHT="95">
            <Shape><Polygon POINTS="218 1126 218 1140 285 1137 287 1137 288 1137 288 1136 301 1123 316 1130 318 1130 319 1130 414 1119 433 1130 436 1133 437 1133 439 1133 440 1133 442 1133 443 1133 446 1130 459 1119 474 1129 476 1130 477 1130 478 1130 480 1130 481 1130 483 1130 484 1129 499 1115 574 1114 584 1121 585 1121 587 1121 588 1121 590 1121 618 1114 635 1121 636 1121 637 1121 639 1121 640 1121 643 1121 673 1111 712 1116 752 1122 753 1122 754 1122 756 1122 768 1114 770 1112 771 1114 780 1121 781 1121 783 1121 784 1121 853 1112 873 1118 874 1118 875 1118 877 1118 902 1107 913 1101 922 1105 940 1115 942 1115 943 1115 978 1114 980 1114 1005 1101 1011 1098 1046 1098 1047 1088 1044 1049 997 1045 995 1045 994 1045 992 1045 992 1046 991 1046 987 1052 978 1063 949 1064 921 1064 911 1055 904 1049 902 1049 901 1049 899 1049 843 1050 842 1050 818 1060 794 1069 761 1063 718 1055 716 1055 715 1055 714 1055 714 1056 702 1066 695 1073 678 1073 663 1067 639 1059 637 1059 601 1059 599 1059 598 1059 597 1059 597 1060 595 1060 585 1071 583 1077 543 1077 539 1074 532 1069 532 1067 530 1067 529 1067 528 1067 526 1067 509 1076 501 1080 430 1081 428 1080 419 1073 419 1071 418 1071 416 1071 415 1071 414 1071 370 1083 364 1084 361 1083 345 1074 343 1074 342 1074 278 1085 259 1073 257 1073 256 1073 254 1073 253 1073 215 1088 218 1126"/></Shape>
	    <String CONTENT="مغلوب صراط حيوان است که در صورت دست و پای"
                    HPOS="215"
                    VPOS="1045"
                    WIDTH="832"
                    HEIGHT="95"
                    WC="0.9433755162285595"></String>
          </TextLine>

          
          
          <TextLine ID="eSc_line_043c75a8"
                    TAGREFS="LT4837"
                    BASELINE="357 1195 1043 1178" 
                    HPOS="356"
                    VPOS="1133"
                    WIDTH="687"
                    HEIGHT="79">
            <Shape><Polygon POINTS="357 1195 357 1204 453 1212 454 1212 456 1212 457 1212 467 1204 471 1199 485 1204 492 1205 494 1205 495 1205 514 1204 552 1198 559 1202 566 1208 567 1208 568 1208 570 1208 571 1208 573 1208 580 1202 584 1199 590 1202 602 1208 604 1208 605 1208 606 1208 618 1202 626 1197 632 1202 637 1206 637 1208 639 1208 640 1208 642 1208 684 1202 736 1194 747 1201 752 1205 753 1205 754 1205 756 1205 757 1205 766 1201 781 1192 804 1201 809 1202 811 1202 812 1202 814 1202 815 1202 816 1201 830 1191 887 1198 888 1198 890 1198 891 1198 905 1190 922 1199 925 1201 926 1201 928 1201 1042 1198 1043 1178 1039 1145 984 1149 978 1145 973 1140 973 1139 971 1139 970 1139 968 1139 967 1139 966 1139 966 1140 959 1146 953 1152 922 1152 915 1146 899 1133 898 1133 897 1133 895 1133 894 1133 892 1133 892 1135 878 1147 877 1149 871 1147 864 1145 863 1145 861 1145 860 1145 859 1145 859 1146 856 1147 850 1154 836 1154 830 1147 823 1142 823 1140 822 1140 821 1140 819 1140 818 1140 788 1147 757 1136 756 1136 754 1136 697 1137 695 1137 694 1137 673 1150 633 1142 632 1142 630 1142 629 1142 618 1152 611 1159 583 1160 559 1153 545 1149 543 1149 542 1149 540 1149 539 1149 535 1153 526 1160 512 1153 488 1143 487 1143 485 1143 452 1145 450 1145 449 1145 449 1146 437 1154 430 1163 418 1156 415 1154 414 1154 412 1154 411 1154 409 1154 408 1156 397 1164 356 1157 357 1195"/></Shape>
	    <String CONTENT="بر زييندارد و سراو اگر چه نسبت به نبات"
                    HPOS="356"
                    VPOS="1133"
                    WIDTH="687"
                    HEIGHT="79"
                    WC="0.8734701456207978"></String>
          </TextLine>

          
          
          <TextLine ID="eSc_line_82692fc8"
                    TAGREFS="LT4837"
                    BASELINE="187 1280 601 1256 1046 1247" 
                    HPOS="185"
                    VPOS="1202"
                    WIDTH="861"
                    HEIGHT="92">
            <Shape><Polygon POINTS="187 1280 187 1294 280 1285 290 1292 291 1292 292 1292 294 1292 408 1288 409 1288 411 1288 423 1277 437 1287 439 1287 440 1287 442 1287 443 1287 445 1287 490 1270 506 1284 508 1284 509 1284 511 1284 512 1284 514 1284 570 1267 636 1278 637 1278 639 1278 690 1263 904 1263 904 1261 905 1261 906 1261 906 1260 908 1260 911 1256 922 1267 922 1268 923 1268 925 1268 926 1268 928 1268 929 1268 950 1256 984 1263 985 1263 987 1263 988 1263 988 1261 998 1253 1044 1264 1046 1247 1044 1213 1028 1202 1026 1202 1025 1202 981 1202 980 1202 978 1202 977 1202 977 1204 964 1218 929 1218 915 1208 913 1208 912 1208 911 1208 830 1220 816 1209 815 1209 814 1209 812 1209 811 1209 809 1209 801 1216 788 1209 787 1209 785 1209 784 1209 744 1226 687 1226 673 1218 671 1218 670 1218 668 1218 667 1218 639 1226 606 1216 605 1216 604 1216 602 1216 601 1216 578 1230 560 1218 559 1218 557 1218 556 1218 554 1218 521 1226 471 1222 470 1222 468 1222 467 1222 453 1232 439 1225 437 1225 436 1225 435 1225 414 1236 374 1225 373 1225 371 1225 370 1225 368 1225 368 1226 354 1239 354 1240 321 1240 295 1228 294 1228 292 1228 291 1228 290 1228 290 1229 276 1242 276 1243 252 1243 250 1243 235 1233 233 1233 232 1233 230 1233 229 1233 228 1233 228 1235 216 1244 185 1244 187 1280"/></Shape>
	    <String CONTENT="داشته است ايابست بپانسان سر بر زيين دارد و"
                    HPOS="185"
                    VPOS="1202"
                    WIDTH="861"
                    HEIGHT="92"
                    WC="0.8899369165301323"></String>
          </TextLine>

          
          
          <TextLine ID="eSc_line_5fd852df"
                    TAGREFS="LT4837"
                    BASELINE="205 1212 245 1209" 
                    HPOS="202"
                    VPOS="1177"
                    WIDTH="43"
                    HEIGHT="53">
            <Shape><Polygon POINTS="205 1212 208 1230 228 1218 242 1225 245 1209 240 1177 202 1180 205 1212"/></Shape>
	    <String CONTENT=""
                    HPOS="202"
                    VPOS="1177"
                    WIDTH="43"
                    HEIGHT="53"></String>
          </TextLine>

          
          
          <TextLine ID="eSc_line_8dc24254"
                    TAGREFS="LT4837"
                    BASELINE="176 1348 647 1332 1052 1325" 
                    HPOS="174"
                    VPOS="1273"
                    WIDTH="878"
                    HEIGHT="92">
            <Shape><Polygon POINTS="176 1348 176 1365 252 1364 253 1364 254 1364 277 1350 318 1361 322 1363 323 1363 325 1363 404 1360 405 1360 409 1358 428 1350 445 1357 449 1358 450 1358 452 1358 453 1358 457 1356 481 1343 540 1343 560 1351 561 1351 563 1351 564 1351 591 1341 614 1350 625 1354 626 1354 628 1354 629 1354 647 1348 678 1339 714 1344 715 1344 784 1336 791 1343 797 1347 797 1348 798 1348 799 1348 801 1350 825 1350 825 1348 826 1348 828 1348 840 1340 853 1334 926 1334 930 1337 937 1343 937 1344 939 1344 940 1344 942 1346 967 1346 967 1344 1052 1332 1052 1325 1050 1280 1026 1273 1025 1273 1023 1273 1022 1273 1021 1273 1021 1274 1013 1281 1009 1285 1002 1281 988 1274 987 1274 985 1274 984 1274 983 1274 974 1282 961 1294 942 1294 933 1284 930 1282 930 1281 929 1281 928 1281 877 1277 875 1277 874 1277 873 1277 861 1287 850 1296 825 1296 814 1288 802 1280 801 1280 799 1280 798 1280 797 1280 795 1280 778 1289 774 1292 771 1291 754 1282 753 1282 752 1282 750 1282 725 1292 715 1284 714 1284 712 1284 711 1284 709 1284 688 1292 674 1285 673 1285 671 1285 670 1285 652 1295 643 1301 635 1295 629 1292 628 1292 626 1292 625 1292 583 1294 581 1294 580 1294 576 1298 570 1302 561 1298 533 1287 532 1287 530 1287 506 1288 505 1288 504 1288 504 1289 492 1299 461 1289 460 1289 459 1289 415 1296 380 1291 378 1291 377 1291 376 1291 354 1306 350 1309 332 1308 284 1303 283 1303 281 1303 264 1311 260 1313 174 1313 176 1348"/></Shape>
	    <String CONTENT="ثر طبيعت کفس او در بادون خوداست که نبات است"
                    HPOS="174"
                    VPOS="1273"
                    WIDTH="878"
                    HEIGHT="92"
                    WC="0.9445423553156298"></String>
          </TextLine>

          
          
          <TextLine ID="eSc_line_77a47b59"
                    TAGREFS="LT4837"
                    BASELINE="174 1426 564 1406 1052 1399" 
                    HPOS="173"
                    VPOS="1351"
                    WIDTH="879"
                    HEIGHT="97">
            <Shape><Polygon POINTS="174 1426 174 1448 301 1446 302 1446 304 1446 364 1420 437 1423 439 1423 440 1423 481 1412 529 1412 543 1423 545 1423 546 1423 547 1423 605 1410 628 1420 629 1420 630 1420 632 1420 633 1420 633 1419 639 1415 663 1430 664 1430 666 1430 701 1434 702 1434 704 1434 705 1434 715 1427 739 1413 770 1417 771 1417 773 1417 774 1417 788 1406 802 1413 804 1413 805 1413 806 1413 821 1406 880 1413 881 1413 883 1413 905 1405 925 1412 926 1412 928 1412 974 1406 998 1416 1015 1423 1016 1423 1018 1423 1019 1423 1052 1413 1052 1399 1049 1361 988 1353 987 1353 985 1353 984 1353 984 1354 973 1363 970 1367 901 1368 897 1365 881 1351 880 1351 878 1351 852 1351 850 1351 849 1351 794 1368 715 1356 714 1356 712 1356 711 1356 711 1357 701 1365 685 1361 684 1361 683 1361 681 1361 663 1371 646 1364 645 1364 643 1364 642 1364 615 1374 587 1364 585 1364 584 1364 583 1364 560 1370 550 1361 549 1361 547 1361 546 1361 498 1364 497 1364 495 1364 495 1365 485 1372 473 1363 471 1363 470 1363 468 1363 411 1364 373 1365 371 1365 370 1365 370 1367 354 1384 353 1385 257 1388 236 1388 236 1386 216 1370 215 1370 214 1370 212 1370 211 1370 173 1386 174 1426"/></Shape>
	    <String CONTENT="وجماد ومعاد أو به طبائع است أما صراط المستقيمط"
                    HPOS="173"
                    VPOS="1351"
                    WIDTH="879"
                    HEIGHT="97"
                    WC="0.8771947883829778"></String>
          </TextLine>

          
          
          <TextLine ID="eSc_line_d52e82d9"
                    TAGREFS="LT4837"
                    BASELINE="187 1495 1054 1478" 
                    HPOS="185"
                    VPOS="1430"
                    WIDTH="869"
                    HEIGHT="83">
            <Shape><Polygon POINTS="187 1495 188 1513 226 1500 246 1512 247 1513 249 1513 250 1513 252 1513 253 1513 260 1512 283 1506 295 1510 298 1512 299 1512 301 1512 302 1512 305 1510 332 1498 384 1509 394 1510 395 1510 397 1510 398 1510 399 1509 412 1499 423 1507 425 1509 426 1509 428 1509 429 1510 471 1510 471 1509 473 1509 474 1509 477 1506 492 1495 521 1506 528 1507 529 1507 530 1507 621 1506 622 1506 629 1503 650 1493 678 1499 680 1499 681 1499 711 1489 905 1488 932 1495 944 1499 946 1499 947 1499 949 1499 961 1495 975 1489 983 1495 987 1498 988 1498 990 1498 991 1498 992 1498 1008 1493 1032 1488 1053 1492 1054 1478 1052 1446 1004 1444 990 1431 990 1430 988 1430 987 1430 985 1430 984 1430 933 1444 922 1434 921 1434 919 1434 918 1434 880 1441 836 1433 835 1433 833 1433 797 1443 743 1436 742 1436 740 1436 739 1436 739 1437 729 1446 623 1444 622 1444 621 1444 604 1453 577 1439 576 1439 574 1439 573 1439 552 1446 501 1440 499 1440 498 1440 497 1440 497 1441 484 1454 453 1455 439 1443 439 1441 437 1441 436 1441 415 1441 414 1441 412 1441 411 1441 411 1443 399 1453 377 1444 376 1444 374 1444 373 1444 318 1460 185 1461 187 1495"/></Shape>
	    <String CONTENT="اساناست که در صورت سراو به جانب محيط است و"
                    HPOS="185"
                    VPOS="1430"
                    WIDTH="869"
                    HEIGHT="83"
                    WC="0.9149073014656702"></String>
          </TextLine>

          
          
          <TextLine ID="eSc_line_74421023"
                    TAGREFS="LT4837"
                    BASELINE="188 1569 1050 1550" 
                    HPOS="187"
                    VPOS="1500"
                    WIDTH="863"
                    HEIGHT="90">
            <Shape><Polygon POINTS="188 1569 188 1583 254 1590 256 1590 257 1590 281 1582 291 1578 295 1582 307 1590 308 1590 309 1590 311 1590 366 1579 391 1575 411 1579 450 1586 452 1586 453 1586 454 1586 466 1578 508 1582 509 1582 511 1582 512 1582 519 1576 523 1572 530 1576 540 1581 542 1581 614 1583 615 1583 616 1583 618 1583 633 1574 637 1571 646 1574 663 1578 664 1578 666 1578 667 1578 668 1578 675 1572 681 1568 691 1572 697 1574 698 1574 699 1574 715 1571 742 1567 750 1571 768 1579 770 1579 771 1579 863 1578 864 1578 866 1578 866 1576 877 1567 880 1564 888 1567 901 1572 902 1572 904 1572 905 1572 925 1567 936 1562 940 1565 947 1572 947 1574 949 1574 950 1574 952 1575 981 1575 981 1574 983 1574 999 1564 1006 1561 1049 1562 1050 1550 1046 1514 1004 1519 998 1514 977 1502 975 1502 974 1502 973 1502 971 1502 947 1510 929 1500 928 1500 926 1500 864 1502 863 1502 861 1502 861 1503 844 1520 840 1524 825 1524 819 1520 799 1510 798 1510 797 1510 795 1510 771 1517 750 1505 749 1505 747 1505 746 1505 714 1512 695 1506 694 1506 692 1506 691 1506 690 1506 690 1507 673 1524 671 1527 628 1527 625 1526 618 1520 616 1520 615 1520 614 1520 612 1520 611 1520 601 1526 598 1527 597 1526 584 1514 584 1513 583 1513 581 1513 557 1509 556 1509 518 1510 516 1510 515 1510 515 1512 504 1522 473 1513 471 1513 470 1513 468 1513 467 1513 467 1514 450 1530 439 1531 412 1533 408 1531 364 1514 363 1514 361 1514 360 1514 325 1526 312 1514 311 1514 309 1514 308 1514 307 1514 270 1536 187 1537 188 1569"/></Shape>
	    <String CONTENT="دمت از زمين برداشته و پای که طرف سفلی است"
                    HPOS="187"
                    VPOS="1500"
                    WIDTH="863"
                    HEIGHT="90"
                    WC="0.9236391230327327"></String>
          </TextLine>

          
        </TextBlock>
        
        <TextBlock HPOS="563"
                   VPOS="39"
                   WIDTH="121"
                   HEIGHT="60"
                   ID="eSc_textblock_f563e36b"
                   TAGREFS="BT16093">
          <Shape><Polygon POINTS="618 39 650 39 684 88 584 99 563 56 618 39"/></Shape>
          
          
          <TextLine ID="eSc_line_1514fe6d"
                    TAGREFS="LT4837"
                    BASELINE="594 73 654 70" 
                    HPOS="591"
                    VPOS="39"
                    WIDTH="63"
                    HEIGHT="70">
            <Shape><Polygon POINTS="647 39 640 39 591 46 594 73 595 104 622 109 623 109 625 109 654 95 654 70 650 45 647 39"/></Shape>
	    <String CONTENT=""
                    HPOS="591"
                    VPOS="39"
                    WIDTH="63"
                    HEIGHT="70"></String>
          </TextLine>

          
        </TextBlock>
        
        <TextBlock HPOS="191"
                   VPOS="303"
                   WIDTH="4"
                   HEIGHT="10"
                   ID="eSc_textblock_242cad81"
                   TAGREFS="BT16086">
          <Shape><Polygon POINTS="192 303 195 303 195 313 191 313 192 303"/></Shape>
          
        </TextBlock>
        
        <TextBlock HPOS="578"
                   VPOS="219"
                   WIDTH="50"
                   HEIGHT="10"
                   ID="eSc_textblock_4fbf4fe4"
                   TAGREFS="BT16091">
          <Shape><Polygon POINTS="578 219 628 219 628 223 578 229 578 219"/></Shape>
          
        </TextBlock>
        

        
        <TextBlock ID="eSc_dummyblock_">
          
          
          <TextLine ID="eSc_line_e5976b05"
                    TAGREFS="LT4837"
                    BASELINE="8 874 15 874" 
                    HPOS="8"
                    VPOS="817"
                    WIDTH="7"
                    HEIGHT="79">
            <Shape><Polygon POINTS="8 874 8 894 14 896 15 874 12 817 8 818 8 874"/></Shape>
	    <String CONTENT=""
                    HPOS="8"
                    VPOS="817"
                    WIDTH="7"
                    HEIGHT="79"></String>
          </TextLine>

          
        </TextBlock>
        
      </PrintSpace>
    </Page>
  </Layout>
</alto>
