<?xml version="1.0" encoding="UTF-8"?>
<alto xmlns:xsi="http://www.w3.org/2001/XMLSchema-instance"
      xmlns="http://www.loc.gov/standards/alto/ns-v4#"
      xsi:schemaLocation="http://www.loc.gov/standards/alto/ns-v4# http://www.loc.gov/standards/alto/v4/alto-4-2.xsd">
  <Description>
    <MeasurementUnit>pixel</MeasurementUnit>
    <sourceImageInformation>
      <fileName>Rasail140.jpg</fileName>
      
    </sourceImageInformation>
  </Description>
  
  <Tags>
    <OtherTag ID="BT16094" LABEL="default" DESCRIPTION="block type default"/><OtherTag ID="BT16093" LABEL="NumberingZone:page" DESCRIPTION="block type NumberingZone:page"/><OtherTag ID="BT16092" LABEL="MarginTextZone:note" DESCRIPTION="block type MarginTextZone:note"/><OtherTag ID="BT16091" LABEL="TitlePageZone" DESCRIPTION="block type TitlePageZone"/><OtherTag ID="BT16090" LABEL="QuireMarksZone:catchwords" DESCRIPTION="block type QuireMarksZone:catchwords"/><OtherTag ID="BT16089" LABEL="NumberingZone:other" DESCRIPTION="block type NumberingZone:other"/><OtherTag ID="BT16088" LABEL="NumberingZone" DESCRIPTION="block type NumberingZone"/><OtherTag ID="BT16087" LABEL="MarginTextZone" DESCRIPTION="block type MarginTextZone"/><OtherTag ID="BT16086" LABEL="MainZone" DESCRIPTION="block type MainZone"/><OtherTag ID="BT16085" LABEL="DigitizationArtefactZone" DESCRIPTION="block type DigitizationArtefactZone"/><OtherTag ID="BT2" LABEL="Main" DESCRIPTION="block type Main"/><OtherTag ID="BT1" LABEL="Title" DESCRIPTION="block type Title"/>
    <OtherTag ID="LT4837" LABEL="DefaultLine" DESCRIPTION="line type DefaultLine"/><OtherTag ID="LT4838" LABEL="default" DESCRIPTION="line type default"/><OtherTag ID="LT4839" LABEL="HeadingLine:title" DESCRIPTION="line type HeadingLine:title"/>
  </Tags>
  
  <Layout>
    <Page WIDTH="1188"
          HEIGHT="1688"
          PHYSICAL_IMG_NR="3"
          ID="eSc_dummypage_">
      <PrintSpace HPOS="0"
                  VPOS="0"
                  WIDTH="1188"
                  HEIGHT="1688">
        
        <TextBlock HPOS="118"
                   VPOS="168"
                   WIDTH="984"
                   HEIGHT="1451"
                   ID="eSc_textblock_c99721d5"
                   TAGREFS="BT16086">
          <Shape><Polygon POINTS="215 168 1085 185 1102 343 1085 1326 1057 1619 123 1602 118 1108 135 1062 146 405 168 191 215 168"/></Shape>
          
          
          <TextLine ID="eSc_line_8945b85e"
                    TAGREFS="LT4837"
                    BASELINE="1021 233 1065 234" 
                    HPOS="1020"
                    VPOS="192"
                    WIDTH="45"
                    HEIGHT="66">
            <Shape><Polygon POINTS="1021 233 1020 258 1064 258 1065 234 1065 194 1021 192 1021 233"/></Shape>
	    <String CONTENT="ورا"
                    HPOS="1020"
                    VPOS="192"
                    WIDTH="45"
                    HEIGHT="66"
                    WC="0.8503232598304749"></String>
          </TextLine>

          
          
          <TextLine ID="eSc_line_6409335c"
                    TAGREFS="LT4837"
                    BASELINE="170 220 782 220 906 227" 
                    HPOS="168"
                    VPOS="173"
                    WIDTH="738"
                    HEIGHT="81">
            <Shape><Polygon POINTS="872 181 858 180 844 180 843 180 831 182 820 180 816 180 802 180 791 178 786 182 774 178 761 178 747 178 746 178 716 189 702 177 691 177 677 177 662 177 648 177 634 175 630 175 623 181 586 175 578 175 572 174 547 189 546 191 520 191 519 189 503 177 502 177 501 177 499 177 498 177 472 189 471 191 391 191 388 189 364 174 363 174 361 174 360 174 358 174 357 174 340 189 339 191 323 191 320 189 278 173 277 173 275 173 274 173 273 173 246 189 170 189 170 220 168 253 230 253 230 251 232 251 233 251 233 250 256 232 284 232 302 250 304 251 304 253 305 253 306 253 308 253 309 253 318 250 363 233 381 248 385 253 387 253 388 253 389 253 412 248 433 244 439 248 443 253 444 253 446 253 447 254 498 254 498 253 499 253 501 253 508 247 523 236 534 247 540 251 540 253 541 253 543 253 544 254 579 254 579 253 581 253 601 246 639 233 681 240 682 240 684 240 706 233 793 240 795 240 862 233 872 241 872 243 874 243 875 243 876 243 905 241 906 227 905 191 885 191 885 189 872 181 872 181"/></Shape>
	    <String CONTENT="نباشند و در مشابه م عجز فعلی ون سحر و طلسم و"
                    HPOS="168"
                    VPOS="173"
                    WIDTH="738"
                    HEIGHT="81"
                    WC="0.8776320361278274"></String>
          </TextLine>

          
          
          <TextLine ID="eSc_line_9650dcfa"
                    TAGREFS="LT4837"
                    BASELINE="168 298 1086 310" 
                    HPOS="167"
                    VPOS="251"
                    WIDTH="919"
                    HEIGHT="88">
            <Shape><Polygon POINTS="168 298 167 316 213 320 215 320 216 320 223 317 230 313 242 317 270 327 271 327 273 329 312 329 312 327 313 327 333 317 340 315 488 316 492 319 515 330 516 330 517 330 563 319 571 317 574 319 592 331 594 331 595 331 596 333 644 333 644 331 646 331 674 320 678 319 691 320 750 329 751 329 784 322 795 331 796 331 798 331 799 331 800 331 817 323 882 336 883 336 947 327 982 337 983 337 985 339 1061 339 1061 337 1062 337 1064 337 1085 323 1086 310 1085 272 967 275 957 271 933 260 931 260 930 260 929 260 906 271 896 275 845 275 840 270 829 260 829 258 827 258 826 258 824 258 823 258 795 270 782 258 782 257 781 257 779 257 729 257 727 257 726 257 698 268 696 270 693 268 668 257 667 257 643 256 641 256 640 256 639 256 639 257 629 264 619 256 617 256 616 256 615 256 613 256 595 261 577 254 575 254 540 254 539 254 537 254 513 267 510 268 506 267 457 253 456 253 454 253 384 267 373 268 361 267 295 251 294 251 292 251 250 265 247 265 168 265 168 298"/></Shape>
	    <String CONTENT="کرامات فشان و منجمان وريل اندازان وشانه بينان که آنها"
                    HPOS="167"
                    VPOS="251"
                    WIDTH="919"
                    HEIGHT="88"
                    WC="0.8752135347436976"></String>
          </TextLine>

          
          
          <TextLine ID="eSc_line_839e240b"
                    TAGREFS="LT4837"
                    BASELINE="1021 389 1058 389" 
                    HPOS="1021"
                    VPOS="362"
                    WIDTH="37"
                    HEIGHT="74">
            <Shape><Polygon POINTS="1021 389 1021 436 1058 427 1058 389 1057 362 1021 367 1021 389"/></Shape>
	    <String CONTENT=""
                    HPOS="1021"
                    VPOS="362"
                    WIDTH="37"
                    HEIGHT="74"></String>
          </TextLine>

          
          
          <TextLine ID="eSc_line_1bbff52f"
                    TAGREFS="LT4837"
                    BASELINE="174 375 695 375 982 386" 
                    HPOS="173"
                    VPOS="329"
                    WIDTH="809"
                    HEIGHT="77">
            <Shape><Polygon POINTS="174 375 173 386 222 386 226 389 243 400 244 400 246 400 247 400 347 389 350 389 364 398 365 398 367 398 368 398 370 398 389 389 391 389 420 400 422 400 423 400 425 400 426 400 426 399 437 389 439 388 461 388 470 389 519 403 520 403 522 403 523 403 525 403 525 402 537 391 574 403 575 403 577 403 664 391 674 389 692 389 692 391 706 403 706 405 708 405 709 405 710 406 748 406 748 405 750 405 779 391 837 406 838 406 840 406 841 406 879 393 940 406 941 406 943 406 981 391 982 386 981 351 896 351 895 350 878 336 876 336 875 336 874 336 872 336 871 336 860 346 827 336 826 336 824 336 823 336 792 344 757 331 755 331 682 331 681 331 679 331 678 331 678 333 661 348 646 348 619 348 619 347 594 336 592 336 591 336 589 336 588 336 572 347 543 339 541 339 540 339 539 339 522 347 520 347 498 347 496 347 475 329 474 329 472 329 406 329 405 329 403 329 402 329 402 330 389 341 325 333 323 333 322 333 320 333 320 334 311 344 278 330 277 330 275 330 274 330 250 343 230 329 229 329 228 329 226 329 225 329 174 343 174 375"/></Shape>
	    <String CONTENT="ان نهانهای عام خلقيست میدند شربک بسيار دارد"
                    HPOS="173"
                    VPOS="329"
                    WIDTH="809"
                    HEIGHT="77"
                    WC="0.9154737078866293"></String>
          </TextLine>

          
          
          <TextLine ID="eSc_line_6a7d721c"
                    TAGREFS="LT4837"
                    BASELINE="170 450 878 459" 
                    HPOS="170"
                    VPOS="399"
                    WIDTH="708"
                    HEIGHT="86">
            <Shape><Polygon POINTS="170 450 170 472 195 462 256 462 271 475 275 478 277 478 278 478 280 479 327 479 327 478 329 478 335 475 349 468 364 476 371 479 373 479 374 479 392 476 457 465 492 476 494 476 495 476 496 476 517 469 540 479 543 481 544 481 546 481 547 481 550 479 572 468 584 481 585 481 585 482 586 482 588 482 682 483 684 483 685 483 691 482 730 469 875 485 878 459 876 426 816 426 814 424 799 409 799 407 798 407 796 407 795 407 793 407 765 414 757 407 757 406 755 406 754 406 731 406 730 406 729 406 727 406 708 420 685 407 684 407 682 407 681 407 650 420 647 422 643 420 620 413 619 413 617 413 616 413 603 420 601 422 598 420 575 403 574 403 572 403 537 403 536 403 534 403 533 403 533 405 517 417 515 420 499 417 425 405 423 405 422 405 394 413 384 405 382 405 381 405 380 405 378 405 358 414 353 417 343 414 318 407 316 407 315 407 313 407 292 413 281 417 277 413 263 400 263 399 261 399 260 399 258 399 170 410 170 450"/></Shape>
	    <String CONTENT="بت شد که معجز بی شريک و تشان و بی بانند"
                    HPOS="170"
                    VPOS="399"
                    WIDTH="708"
                    HEIGHT="86"
                    WC="0.9297485657227345"></String>
          </TextLine>

          
          
          <TextLine ID="eSc_line_251c8346"
                    TAGREFS="LT4837"
                    BASELINE="201 526 1065 535" 
                    HPOS="199"
                    VPOS="479"
                    WIDTH="866"
                    HEIGHT="85">
            <Shape><Polygon POINTS="201 526 199 554 215 555 216 555 218 555 219 555 219 554 232 542 256 551 257 551 258 551 260 551 289 540 344 552 346 552 347 552 349 552 358 544 381 550 382 550 384 550 433 540 451 552 460 558 461 558 463 558 464 559 520 559 520 558 522 558 523 558 523 557 530 551 533 547 543 551 554 555 555 555 557 555 558 555 568 551 585 542 601 550 616 558 617 558 619 558 620 558 622 558 633 550 644 542 693 542 709 550 720 554 722 554 723 554 724 554 734 548 744 544 762 548 774 551 775 551 776 551 833 548 876 545 882 547 917 562 919 562 1031 564 1033 564 1034 564 1035 564 1064 545 1065 535 1065 504 1030 502 1013 488 1012 488 1010 488 1009 488 938 502 914 495 913 495 912 495 857 502 851 502 850 502 820 485 819 485 817 485 768 488 767 488 765 488 754 497 724 485 723 485 722 485 720 485 719 485 702 500 700 500 662 483 661 483 660 483 588 499 584 499 582 499 551 482 550 482 548 482 547 482 505 497 503 497 502 497 449 481 447 481 446 481 420 483 419 483 418 483 418 485 405 496 405 497 367 497 365 496 326 479 325 479 323 479 201 493 201 526"/></Shape>
	    <String CONTENT="علم حقيقی اوست که درباب ففی و باطل و اشات که انام"
                    HPOS="199"
                    VPOS="479"
                    WIDTH="866"
                    HEIGHT="85"
                    WC="0.8672499851304658"></String>
          </TextLine>

          
          
          <TextLine ID="eSc_line_5a0110d6"
                    TAGREFS="LT4837"
                    BASELINE="154 593 1064 614" 
                    HPOS="154"
                    VPOS="552"
                    WIDTH="910"
                    HEIGHT="88">
            <Shape><Polygon POINTS="154 593 154 610 195 610 198 610 213 623 215 623 216 623 218 624 257 624 257 623 258 623 280 613 284 611 287 613 301 624 302 624 304 624 305 624 351 616 367 613 374 616 395 627 396 627 398 628 427 628 427 627 429 627 430 627 443 618 450 614 481 614 487 620 494 625 494 627 495 627 496 627 498 627 553 621 589 618 622 624 648 628 650 628 651 628 653 628 657 625 664 620 696 620 702 627 709 633 709 634 710 634 712 634 713 634 715 634 737 627 760 621 799 621 809 630 817 637 819 637 820 637 822 637 874 631 920 627 937 634 951 640 952 640 954 640 1062 637 1064 614 1064 583 1024 572 1023 572 1021 572 1020 572 1019 572 1007 580 969 579 943 562 941 562 940 562 938 562 898 571 878 561 876 561 875 561 874 561 817 575 781 559 779 559 698 557 696 557 695 557 675 564 657 558 655 558 654 558 653 558 651 558 640 568 615 555 613 555 612 555 563 561 543 554 541 554 540 554 539 554 505 566 471 552 470 552 468 552 467 552 432 566 371 558 370 558 311 564 302 557 301 557 299 557 298 557 297 557 274 564 237 552 236 552 235 552 154 561 154 593"/></Shape>
	    <String CONTENT="نمايد چنانکه يچ عاقل منصف انکار نتواند کرد و همين معجزست"
                    HPOS="154"
                    VPOS="552"
                    WIDTH="910"
                    HEIGHT="88"
                    WC="0.9248224720358849"></String>
          </TextLine>

          
          
          <TextLine ID="eSc_line_d34dfb59"
                    TAGREFS="LT4837"
                    BASELINE="986 703 1062 699" 
                    HPOS="983"
                    VPOS="652"
                    WIDTH="79"
                    HEIGHT="78">
            <Shape><Polygon POINTS="986 703 988 730 1005 730 1005 728 1006 728 1007 728 1007 727 1010 724 1023 711 1061 714 1062 699 1057 658 1035 662 1026 658 1012 652 1010 652 1009 652 1007 652 983 659 986 703"/></Shape>
	    <String CONTENT=""
                    HPOS="983"
                    VPOS="652"
                    WIDTH="79"
                    HEIGHT="78"></String>
          </TextLine>

          
          
          <TextLine ID="eSc_line_0ee7d095"
                    TAGREFS="LT4837"
                    BASELINE="167 673 851 675" 
                    HPOS="166"
                    VPOS="631"
                    WIDTH="685"
                    HEIGHT="70">
            <Shape><Polygon POINTS="167 673 166 685 239 685 240 685 256 699 256 700 257 700 258 700 260 700 261 700 298 686 299 685 302 686 335 700 336 700 337 701 412 701 412 700 413 700 441 687 443 687 509 700 510 700 512 700 513 700 513 699 525 689 527 685 534 689 560 700 561 700 563 701 622 701 622 700 623 700 624 700 624 699 636 690 639 686 667 685 712 685 724 690 731 694 733 694 734 694 736 694 744 690 757 685 771 692 775 693 776 693 778 693 789 692 819 686 848 692 851 675 847 638 823 645 814 638 813 637 813 635 812 635 810 635 809 635 807 635 799 638 774 645 765 637 762 635 762 634 761 634 760 634 758 634 757 634 755 634 751 637 740 644 729 637 717 631 716 631 715 631 713 631 712 631 712 633 706 637 699 645 651 645 640 637 634 631 633 631 632 631 630 631 598 637 565 642 558 637 554 633 554 631 553 631 551 631 491 631 489 631 488 631 487 631 481 637 471 645 441 635 434 634 433 634 432 634 430 634 429 634 427 635 415 645 301 635 294 635 292 635 291 635 261 645 220 635 205 631 204 631 202 631 167 634 167 673"/></Shape>
	    <String CONTENT="اونه دارد و همين منجز که خاص با دست و باز"
                    HPOS="166"
                    VPOS="631"
                    WIDTH="685"
                    HEIGHT="70"
                    WC="0.8925412449894882"></String>
          </TextLine>

          
          
          <TextLine ID="eSc_line_7294ce01"
                    TAGREFS="LT4837"
                    BASELINE="868 768 1061 772" 
                    HPOS="867"
                    VPOS="728"
                    WIDTH="194"
                    HEIGHT="73">
            <Shape><Polygon POINTS="868 768 867 790 967 801 968 801 969 801 993 791 1005 798 1006 798 1007 798 1009 798 1059 789 1061 772 1061 731 1035 730 1034 730 1033 730 1031 730 1031 731 1028 732 1017 744 1002 734 995 730 993 730 992 730 990 730 989 730 979 735 971 739 961 737 937 728 936 728 934 728 933 728 931 728 914 739 907 742 868 742 868 768"/></Shape>
	    <String CONTENT="دليل باين"
                    HPOS="867"
                    VPOS="728"
                    WIDTH="194"
                    HEIGHT="73"
                    WC="0.8665450347794427"></String>
          </TextLine>

          
          
          <TextLine ID="eSc_line_2712aa13"
                    TAGREFS="LT4837"
                    BASELINE="146 752 484 752 799 763" 
                    HPOS="144"
                    VPOS="694"
                    WIDTH="655"
                    HEIGHT="95">
            <Shape><Polygon POINTS="146 752 144 765 201 762 215 769 219 770 220 770 222 770 223 770 228 769 237 763 246 769 258 779 260 779 261 779 291 780 292 782 316 782 316 780 318 780 319 780 319 779 327 770 333 766 342 772 353 780 354 780 356 780 357 780 358 780 375 772 387 766 505 766 513 775 520 782 520 783 522 783 523 783 544 784 546 784 601 777 653 770 668 779 677 784 678 784 679 784 681 784 682 784 684 784 692 779 696 776 700 779 710 787 712 787 713 787 715 789 753 789 753 787 754 787 755 787 764 780 778 772 795 782 799 763 799 723 712 703 695 703 693 703 692 703 691 703 691 704 674 718 657 703 655 703 654 703 653 703 651 703 622 718 577 703 575 703 574 703 572 703 571 703 558 714 530 704 529 704 527 704 526 704 525 704 509 718 506 718 460 718 458 717 425 706 423 706 422 706 380 713 368 706 367 706 365 706 364 706 363 706 344 714 285 703 284 703 282 703 281 703 274 708 263 700 261 700 260 700 205 694 204 694 202 694 146 711 146 752"/></Shape>
	    <String CONTENT="علم خت کلمته الحق است معجز او هم همان فعل"
                    HPOS="144"
                    VPOS="694"
                    WIDTH="655"
                    HEIGHT="95"
                    WC="0.89645845279461"></String>
          </TextLine>

          
          
          <TextLine ID="eSc_line_7197f727"
                    TAGREFS="LT4837"
                    BASELINE="157 815 364 828 1065 841" 
                    HPOS="156"
                    VPOS="777"
                    WIDTH="909"
                    HEIGHT="93">
            <Shape><Polygon POINTS="157 815 156 835 184 836 211 855 212 855 213 855 215 855 216 855 253 845 278 856 280 856 281 856 388 844 408 859 409 859 411 859 412 860 446 860 446 859 447 859 479 844 519 860 520 860 617 863 619 863 620 863 622 863 644 846 646 846 661 846 662 846 691 865 692 865 693 865 695 865 696 865 698 865 698 863 710 852 798 849 802 849 809 849 838 851 858 867 860 867 861 867 862 867 864 867 898 855 933 870 934 870 936 870 1064 853 1065 841 1065 810 983 808 983 807 965 793 964 793 962 793 961 793 959 793 923 806 852 806 851 806 851 804 834 794 833 794 831 794 830 794 751 803 748 803 747 803 730 790 729 790 727 790 726 790 724 790 700 798 679 786 678 786 677 786 675 786 565 791 548 783 547 783 546 783 418 796 416 796 374 780 373 780 371 780 370 780 344 793 322 783 320 783 319 783 318 783 316 783 302 793 266 777 264 777 212 777 211 777 157 790 157 815"/></Shape>
	    <String CONTENT="جمانی بسيار است ا علم ظاهر که شريعت که امر عام ات"
                    HPOS="156"
                    VPOS="777"
                    WIDTH="909"
                    HEIGHT="93"
                    WC="0.8718169763380167"></String>
          </TextLine>

          
          
          <TextLine ID="eSc_line_4e7731d2"
                    TAGREFS="LT4837"
                    BASELINE="264 900 1058 917" 
                    HPOS="263"
                    VPOS="853"
                    WIDTH="795"
                    HEIGHT="88">
            <Shape><Polygon POINTS="264 900 263 925 288 926 289 926 291 926 292 926 320 911 333 921 335 921 336 921 389 924 391 924 392 924 394 924 403 917 443 925 444 925 446 925 447 925 463 914 495 914 520 928 527 932 529 932 530 934 546 934 546 932 547 932 548 932 548 931 551 929 564 917 591 917 608 926 609 926 610 926 612 926 654 918 692 929 693 929 695 929 696 929 698 929 708 921 748 921 779 931 799 938 800 938 802 939 826 939 826 938 827 938 829 938 836 932 850 922 865 932 875 939 876 939 878 939 879 941 924 941 924 939 926 939 927 939 934 934 943 925 958 934 974 941 975 941 976 941 1057 934 1058 917 1055 876 1037 881 1013 874 985 867 983 867 982 867 981 867 959 874 950 877 941 874 921 866 920 866 919 866 917 866 916 866 905 873 900 876 891 873 857 865 855 865 854 865 852 865 851 865 840 873 837 874 830 873 802 865 800 865 799 865 760 872 738 876 734 872 726 863 726 862 724 862 723 862 681 862 679 862 678 862 677 862 664 870 658 863 657 863 657 862 655 862 654 862 653 862 632 863 630 863 616 870 609 873 602 870 591 865 589 865 588 865 553 869 533 872 530 869 523 863 523 862 522 862 520 862 519 862 479 867 464 870 434 867 351 859 350 859 349 859 347 859 337 866 326 855 326 853 325 853 323 853 322 853 320 853 294 866 292 866 264 866 264 900"/></Shape>
	    <String CONTENT="و هم از علم باطن حفيقت که امر خاص است اما از طاهر"
                    HPOS="263"
                    VPOS="853"
                    WIDTH="795"
                    HEIGHT="88"
                    WC="0.8937189128934121"></String>
          </TextLine>

          
          
          <TextLine ID="eSc_line_40727f89"
                    TAGREFS="LT4837"
                    BASELINE="154 887 215 891" 
                    HPOS="152"
                    VPOS="851"
                    WIDTH="63"
                    HEIGHT="73">
            <Shape><Polygon POINTS="154 887 152 917 211 924 215 891 213 851 182 865 156 859 154 887"/></Shape>
	    <String CONTENT=""
                    HPOS="152"
                    VPOS="851"
                    WIDTH="63"
                    HEIGHT="73"></String>
          </TextLine>

          
          
          <TextLine ID="eSc_line_322f09e1"
                    TAGREFS="LT4837"
                    BASELINE="161 974 1066 987" 
                    HPOS="160"
                    VPOS="924"
                    WIDTH="906"
                    HEIGHT="84">
            <Shape><Polygon POINTS="161 974 160 987 174 997 175 997 177 997 261 998 263 998 264 998 295 988 306 998 308 998 309 998 311 998 381 990 399 1000 401 1000 463 1001 464 1001 513 991 572 1000 574 1000 575 1000 577 1000 585 993 729 993 764 1005 765 1005 767 1005 768 1005 789 995 872 1007 874 1007 875 1007 910 997 967 1004 968 1004 995 998 1006 1007 1006 1008 1007 1008 1009 1008 1010 1008 1065 998 1066 987 1064 946 1045 952 1035 945 1027 939 1026 939 1024 939 1023 939 1021 939 1010 945 993 952 940 952 926 942 916 935 914 935 913 935 912 935 910 935 909 935 900 942 889 950 843 949 824 939 817 936 816 936 814 936 813 936 806 939 788 949 771 941 769 941 768 941 767 941 748 948 736 938 734 936 733 936 731 936 730 936 729 936 724 938 686 948 661 948 641 935 634 931 633 931 632 931 630 931 606 934 584 938 577 934 574 931 572 931 571 931 570 931 568 931 567 931 564 934 543 945 513 932 506 929 505 929 484 929 482 929 481 929 479 929 478 931 461 945 394 945 371 928 370 926 368 926 367 926 282 926 281 926 280 926 236 941 222 928 220 928 219 928 161 924 161 974"/></Shape>
	    <String CONTENT="کت قبرآن بسياراست از ان جمله يکی و ها علی الرسول"
                    HPOS="160"
                    VPOS="924"
                    WIDTH="906"
                    HEIGHT="84"
                    WC="0.8699641191229528"></String>
          </TextLine>

          
          
          <TextLine ID="eSc_line_d5e7f68b"
                    TAGREFS="LT4837"
                    BASELINE="146 1053 1062 1063" 
                    HPOS="144"
                    VPOS="1005"
                    WIDTH="918"
                    HEIGHT="83">
            <Shape><Polygon POINTS="146 1053 144 1063 243 1064 285 1080 287 1080 288 1080 289 1080 320 1067 363 1067 406 1083 408 1083 409 1083 411 1083 463 1069 489 1069 533 1069 550 1083 550 1084 551 1084 553 1084 554 1084 784 1071 796 1071 798 1071 831 1087 833 1087 941 1088 943 1088 1061 1074 1062 1063 1062 1031 1037 1024 1035 1024 1034 1024 964 1029 933 1011 931 1011 930 1011 929 1011 892 1019 883 1012 883 1011 882 1011 881 1011 879 1011 878 1011 850 1018 814 1011 813 1011 812 1011 810 1011 792 1026 741 1009 740 1009 693 1009 692 1009 691 1009 689 1009 675 1021 648 1008 647 1008 586 1008 585 1008 584 1008 527 1024 499 1014 498 1014 496 1014 495 1014 479 1019 432 1012 430 1012 429 1012 406 1024 363 1005 361 1005 360 1005 358 1005 311 1022 239 1022 223 1009 222 1009 220 1009 219 1009 218 1009 190 1022 146 1022 146 1053"/></Shape>
	    <String CONTENT="اغ يعنی از رسول که ر لاست همين ادای رسالت"
                    HPOS="144"
                    VPOS="1005"
                    WIDTH="918"
                    HEIGHT="83"
                    WC="0.858970953197014"></String>
          </TextLine>

          
          
          <TextLine ID="eSc_line_4ebcf912"
                    TAGREFS="LT4837"
                    BASELINE="149 1137 1066 1137" 
                    HPOS="149"
                    VPOS="1090"
                    WIDTH="917"
                    HEIGHT="74">
            <Shape><Polygon POINTS="149 1137 149 1154 191 1146 202 1154 205 1157 206 1157 208 1157 209 1157 211 1157 212 1157 215 1154 226 1146 237 1154 247 1163 249 1163 250 1163 251 1164 287 1164 287 1163 288 1163 306 1154 323 1146 353 1153 384 1161 385 1161 387 1161 388 1161 403 1153 409 1150 458 1153 468 1153 470 1153 471 1153 472 1153 479 1146 495 1153 496 1153 498 1153 499 1153 506 1153 537 1149 543 1153 551 1159 553 1159 554 1159 555 1159 557 1159 578 1152 595 1147 615 1152 639 1157 640 1157 641 1157 658 1152 677 1146 702 1152 736 1159 737 1159 738 1159 753 1152 762 1146 788 1150 809 1154 810 1154 875 1150 882 1150 883 1150 899 1163 900 1163 902 1163 903 1164 1002 1164 1002 1163 1003 1163 1005 1163 1005 1161 1013 1154 1035 1163 1037 1163 1038 1163 1040 1163 1066 1149 1066 1137 1065 1097 1007 1105 996 1097 993 1094 992 1094 990 1094 927 1091 926 1091 893 1098 867 1104 857 1098 848 1092 847 1092 845 1092 844 1092 843 1092 841 1092 833 1098 824 1105 816 1098 806 1091 805 1091 803 1091 743 1090 741 1090 740 1090 738 1090 738 1091 729 1100 722 1107 668 1107 658 1101 637 1090 636 1090 634 1090 633 1090 632 1090 632 1091 620 1100 582 1094 581 1094 579 1094 565 1101 560 1105 553 1101 534 1090 533 1090 532 1090 487 1090 485 1090 484 1090 458 1102 454 1105 449 1102 425 1090 423 1090 422 1090 420 1090 419 1090 399 1104 396 1105 392 1104 367 1092 365 1092 364 1092 363 1092 361 1092 349 1104 347 1105 304 1105 302 1104 294 1097 294 1095 292 1095 291 1095 289 1095 288 1095 278 1101 260 1090 258 1090 257 1090 220 1090 219 1090 218 1090 216 1090 216 1091 202 1104 149 1105 149 1137"/></Shape>
	    <String CONTENT="که تعليم اوست بر آتبات و حدث خداوند میبايد طلبيد"
                    HPOS="149"
                    VPOS="1090"
                    WIDTH="917"
                    HEIGHT="74"
                    WC="0.905421927875402"></String>
          </TextLine>

          
          
          <TextLine ID="eSc_line_9739fa2f"
                    TAGREFS="LT4837"
                    BASELINE="153 1204 1055 1219" 
                    HPOS="152"
                    VPOS="1146"
                    WIDTH="903"
                    HEIGHT="96">
            <Shape><Polygon POINTS="153 1204 152 1225 204 1215 240 1228 247 1229 249 1229 250 1230 298 1230 298 1229 299 1229 301 1229 302 1228 316 1216 375 1228 399 1232 401 1232 402 1232 411 1228 427 1219 474 1226 475 1226 477 1226 492 1220 513 1229 523 1232 525 1232 526 1232 527 1232 539 1229 563 1220 577 1229 585 1235 586 1235 588 1235 589 1235 591 1235 608 1229 620 1225 641 1229 679 1236 681 1236 682 1236 684 1236 691 1229 698 1223 709 1229 726 1237 727 1237 729 1237 765 1229 788 1225 872 1225 881 1230 902 1240 903 1240 905 1240 944 1232 954 1240 955 1240 957 1240 1026 1242 1027 1242 1028 1242 1054 1230 1055 1219 1055 1183 999 1183 996 1181 965 1161 964 1161 962 1161 961 1161 959 1161 920 1180 919 1180 772 1178 771 1177 727 1154 726 1154 646 1153 644 1153 643 1153 616 1160 547 1152 546 1152 544 1152 485 1173 481 1173 467 1171 457 1171 434 1152 434 1150 433 1150 432 1150 430 1150 396 1157 380 1149 378 1149 329 1149 327 1149 326 1149 325 1149 299 1168 281 1168 268 1168 256 1157 256 1156 254 1156 253 1156 251 1156 250 1156 229 1163 201 1146 199 1146 198 1146 197 1146 195 1146 194 1146 194 1147 173 1167 171 1167 153 1167 153 1204"/></Shape>
	    <String CONTENT="نچزيگر و عديت پغمهر که صراح علی ذ الحق المنکوس م"
                    HPOS="152"
                    VPOS="1146"
                    WIDTH="903"
                    HEIGHT="96"
                    WC="0.8472717770685753"></String>
          </TextLine>

          
          
          <TextLine ID="eSc_line_279e4f33"
                    TAGREFS="LT4837"
                    BASELINE="144 1285 1057 1292" 
                    HPOS="143"
                    VPOS="1237"
                    WIDTH="914"
                    HEIGHT="85">
            <Shape><Polygon POINTS="144 1285 143 1312 230 1302 251 1311 253 1311 254 1311 256 1311 257 1311 271 1299 291 1315 292 1315 294 1315 326 1316 327 1316 329 1316 335 1315 375 1298 403 1306 405 1306 406 1306 408 1306 409 1306 420 1298 432 1306 433 1306 434 1306 436 1306 488 1298 533 1298 544 1308 546 1308 547 1308 548 1308 627 1301 639 1309 639 1311 640 1311 641 1311 643 1311 677 1303 691 1315 695 1319 696 1319 698 1319 699 1320 753 1320 753 1319 754 1319 755 1319 761 1315 785 1301 838 1301 864 1315 872 1320 874 1320 875 1320 876 1322 934 1322 934 1320 936 1320 937 1320 943 1315 944 1313 948 1315 964 1320 965 1320 967 1320 968 1320 969 1320 978 1315 995 1305 1012 1315 1021 1320 1023 1320 1024 1320 1026 1320 1037 1315 1047 1311 1051 1315 1057 1292 1055 1260 996 1260 995 1258 974 1243 972 1243 971 1243 969 1243 968 1243 967 1243 947 1258 945 1260 891 1260 889 1258 857 1242 855 1242 854 1242 852 1242 812 1257 810 1257 771 1243 769 1243 740 1243 738 1243 737 1243 736 1243 713 1257 712 1257 691 1246 689 1246 688 1246 686 1246 685 1246 670 1256 670 1257 639 1257 639 1256 624 1244 623 1244 622 1244 620 1244 619 1244 591 1254 551 1240 550 1240 548 1240 485 1254 447 1239 446 1239 353 1239 351 1239 350 1239 313 1253 305 1244 305 1243 304 1243 302 1243 301 1243 299 1243 273 1250 251 1237 250 1237 249 1237 247 1237 246 1237 220 1249 195 1239 194 1239 192 1239 191 1239 144 1251 144 1285"/></Shape>
	    <String CONTENT="وعهم و متر بهم ختی پفرفون و خالقهم و بارد هم"
                    HPOS="143"
                    VPOS="1237"
                    WIDTH="914"
                    HEIGHT="85"
                    WC="0.9088551192121073"></String>
          </TextLine>

          
          
          <TextLine ID="eSc_line_4211b839"
                    TAGREFS="LT4837"
                    BASELINE="128 1353 1058 1364" 
                    HPOS="128"
                    VPOS="1309"
                    WIDTH="930"
                    HEIGHT="82">
            <Shape><Polygon POINTS="128 1353 128 1368 194 1365 208 1370 226 1375 228 1375 229 1375 230 1375 232 1375 232 1374 237 1370 242 1365 256 1370 264 1372 266 1372 267 1372 268 1372 274 1370 281 1367 288 1370 299 1375 301 1375 302 1375 329 1371 350 1367 375 1367 378 1371 391 1381 391 1382 392 1382 394 1382 395 1382 457 1377 477 1384 478 1384 479 1385 561 1385 561 1384 563 1384 588 1372 592 1370 596 1372 613 1385 615 1385 616 1385 617 1385 619 1385 647 1374 657 1382 658 1382 660 1382 661 1382 662 1382 664 1382 678 1372 688 1372 747 1372 751 1374 776 1384 778 1384 779 1384 781 1384 814 1374 822 1372 903 1372 906 1374 944 1389 945 1389 947 1391 1021 1391 1021 1389 1023 1389 1057 1375 1058 1364 1058 1332 1043 1325 1041 1325 1040 1325 1005 1330 1000 1332 999 1330 993 1326 993 1325 992 1325 990 1325 989 1325 954 1330 944 1332 940 1330 916 1319 914 1319 913 1319 912 1319 910 1319 910 1320 899 1330 898 1332 857 1332 854 1329 827 1316 826 1316 824 1316 823 1316 822 1316 822 1318 807 1329 807 1330 727 1330 723 1329 679 1315 678 1315 677 1315 624 1327 623 1327 622 1327 594 1313 592 1313 529 1313 527 1313 526 1313 482 1326 481 1326 479 1326 453 1312 451 1312 450 1312 277 1323 244 1309 243 1309 242 1309 167 1318 143 1309 142 1309 140 1309 139 1309 137 1309 137 1311 128 1319 128 1353"/></Shape>
	    <String CONTENT="يعنی بر تا شناخت هلالهای شرعی همه حرام است و مرشناسنده"
                    HPOS="128"
                    VPOS="1309"
                    WIDTH="930"
                    HEIGHT="82"
                    WC="0.8423559560819909"></String>
          </TextLine>

          
          
          <TextLine ID="eSc_line_29017b3a"
                    TAGREFS="LT4837"
                    BASELINE="132 1431 1058 1440" 
                    HPOS="130"
                    VPOS="1382"
                    WIDTH="928"
                    HEIGHT="82">
            <Shape><Polygon POINTS="132 1431 130 1446 140 1455 140 1457 142 1457 143 1457 144 1458 209 1458 209 1457 211 1457 242 1446 371 1446 387 1454 388 1454 389 1454 391 1454 430 1446 454 1454 456 1454 457 1454 570 1447 592 1461 594 1461 595 1461 596 1461 705 1455 750 1462 751 1462 753 1462 754 1462 769 1453 824 1462 826 1462 903 1450 943 1464 944 1464 945 1464 947 1464 983 1455 1031 1464 1033 1464 1034 1464 1035 1464 1057 1450 1058 1440 1057 1406 985 1392 983 1392 982 1392 961 1403 906 1388 905 1388 903 1388 902 1388 900 1388 881 1402 862 1388 861 1388 860 1388 858 1388 857 1388 831 1399 782 1388 781 1388 779 1388 754 1401 730 1386 729 1386 727 1386 726 1386 677 1394 655 1386 654 1386 653 1386 651 1386 650 1386 643 1394 627 1386 626 1386 624 1386 623 1386 622 1386 603 1402 602 1402 543 1402 541 1401 530 1392 529 1392 527 1392 526 1392 525 1392 523 1392 510 1401 509 1401 499 1401 364 1392 363 1392 326 1399 322 1399 319 1399 277 1385 275 1385 274 1385 273 1385 242 1394 220 1382 219 1382 173 1382 171 1382 170 1382 168 1382 168 1384 153 1398 152 1398 132 1398 132 1431"/></Shape>
	    <String CONTENT="حرامهای شرعی حلال مثل شراب و ماندان آنا شناسندي"
                    HPOS="130"
                    VPOS="1382"
                    WIDTH="928"
                    HEIGHT="82"
                    WC="0.8837622714539369"></String>
          </TextLine>

          
          
          <TextLine ID="eSc_line_f11859cc"
                    TAGREFS="LT4837"
                    BASELINE="137 1527 1052 1510" 
                    HPOS="136"
                    VPOS="1454"
                    WIDTH="916"
                    HEIGHT="97">
            <Shape><Polygon POINTS="137 1527 137 1541 164 1538 175 1543 195 1551 197 1551 198 1551 199 1551 219 1543 228 1538 233 1541 237 1545 239 1545 240 1545 242 1545 275 1541 289 1540 297 1541 319 1547 320 1547 322 1547 323 1547 325 1547 332 1541 337 1536 357 1540 394 1548 395 1548 396 1548 412 1541 439 1545 440 1545 441 1545 443 1545 443 1544 449 1538 456 1533 594 1533 601 1537 605 1541 606 1541 608 1541 609 1541 640 1537 657 1544 658 1544 660 1544 715 1543 716 1543 744 1534 772 1527 796 1534 819 1541 820 1541 822 1541 823 1541 838 1534 855 1526 874 1526 883 1533 892 1540 893 1540 895 1540 896 1540 898 1540 899 1540 910 1533 923 1524 937 1533 948 1538 950 1538 951 1538 1052 1530 1052 1510 1048 1464 957 1469 947 1465 921 1454 920 1454 919 1454 868 1461 845 1455 844 1455 843 1455 841 1455 840 1455 820 1468 814 1472 784 1469 755 1467 754 1467 726 1471 705 1474 698 1471 685 1467 684 1467 682 1467 681 1467 661 1472 650 1475 641 1472 606 1460 605 1460 603 1460 602 1460 601 1460 579 1474 575 1477 561 1474 496 1462 495 1462 494 1462 492 1462 492 1464 478 1475 465 1465 464 1465 463 1465 461 1465 460 1465 434 1477 405 1464 403 1464 402 1464 401 1464 399 1464 399 1465 387 1477 367 1464 365 1464 364 1464 363 1464 361 1464 312 1478 292 1465 291 1465 289 1465 288 1465 230 1472 212 1467 211 1467 209 1467 173 1468 171 1468 170 1468 152 1484 152 1485 136 1485 137 1527"/></Shape>
	    <String CONTENT="کس است يا کسيکه در معنی از و باشد و دليل از باطن و حقيقت که"
                    HPOS="136"
                    VPOS="1454"
                    WIDTH="916"
                    HEIGHT="97"
                    WC="0.9069486462463767"></String>
          </TextLine>

          
          
          <TextLine ID="eSc_line_eef79901"
                    TAGREFS="LT4837"
                    BASELINE="415 1596 1038 1589" 
                    HPOS="413"
                    VPOS="1543"
                    WIDTH="625"
                    HEIGHT="78">
            <Shape><Polygon POINTS="415 1596 415 1607 460 1607 477 1617 478 1617 479 1617 481 1617 482 1617 510 1610 536 1621 537 1621 539 1621 540 1621 571 1606 648 1606 662 1617 662 1619 664 1619 665 1619 667 1620 731 1620 731 1619 733 1619 734 1619 751 1605 785 1614 786 1614 850 1617 851 1617 852 1617 882 1609 910 1617 912 1617 913 1617 914 1617 916 1617 927 1609 936 1616 937 1616 938 1616 940 1617 976 1617 976 1616 978 1616 1038 1599 1038 1589 1033 1547 1006 1559 968 1548 951 1544 950 1544 948 1544 947 1544 933 1550 905 1561 868 1552 862 1551 861 1551 860 1551 858 1551 858 1552 848 1562 829 1562 820 1554 816 1550 816 1548 814 1548 813 1548 774 1543 772 1543 771 1543 748 1555 744 1558 741 1555 731 1547 730 1547 729 1547 727 1547 726 1547 724 1547 713 1557 706 1562 688 1557 664 1551 662 1551 661 1551 660 1551 634 1559 620 1564 613 1559 588 1544 586 1544 585 1544 584 1544 489 1545 488 1545 487 1545 487 1547 478 1555 463 1550 461 1550 460 1550 458 1550 457 1550 457 1551 443 1564 413 1565 415 1596"/></Shape>
	    <String CONTENT="مخنان حجنان و داعياناست و گفته اند"
                    HPOS="413"
                    VPOS="1543"
                    WIDTH="625"
                    HEIGHT="78"
                    WC="0.9039300610037411"></String>
          </TextLine>

          
        </TextBlock>
        
        <TextBlock HPOS="253"
                   VPOS="50"
                   WIDTH="466"
                   HEIGHT="94"
                   ID="eSc_textblock_d90eb354"
                   TAGREFS="BT16093">
          <Shape><Polygon POINTS="568 50 608 73 651 56 719 94 679 106 685 144 387 111 358 128 253 116 264 84 298 73 398 106 444 78 550 84 568 50"/></Shape>
          
          
          <TextLine ID="eSc_line_810dc199"
                    TAGREFS="LT4837"
                    BASELINE="599 85 672 85" 
                    HPOS="599"
                    VPOS="59"
                    WIDTH="73"
                    HEIGHT="52">
            <Shape><Polygon POINTS="670 67 667 66 640 59 627 64 613 70 599 68 599 85 599 101 626 111 627 111 629 111 672 102 672 85 672 68 670 67"/></Shape>
	    <String CONTENT=""
                    HPOS="599"
                    VPOS="59"
                    WIDTH="73"
                    HEIGHT="52"></String>
          </TextLine>

          
        </TextBlock>
        
        <TextBlock HPOS="39"
                   VPOS="0"
                   WIDTH="162"
                   HEIGHT="43"
                   ID="eSc_textblock_335a14c1"
                   TAGREFS="BT16085">
          <Shape><Polygon POINTS="39 0 201 0 201 4 50 43 39 0"/></Shape>
          
        </TextBlock>
        
        <TextBlock HPOS="529"
                   VPOS="22"
                   WIDTH="77"
                   HEIGHT="10"
                   ID="eSc_textblock_f7ac6f02"
                   TAGREFS="BT16085">
          <Shape><Polygon POINTS="548 22 606 22 606 26 529 32 548 22"/></Shape>
          
        </TextBlock>
        
        <TextBlock HPOS="805"
                   VPOS="0"
                   WIDTH="381"
                   HEIGHT="88"
                   ID="eSc_textblock_339d68bf"
                   TAGREFS="BT16085">
          <Shape><Polygon POINTS="1144 0 1186 0 1186 88 1137 82 1165 66 1141 49 805 26 1085 28 1144 0"/></Shape>
          
        </TextBlock>
        
        <TextBlock HPOS="979"
                   VPOS="90"
                   WIDTH="66"
                   HEIGHT="9"
                   ID="eSc_textblock_07c9348c"
                   TAGREFS="BT16086">
          <Shape><Polygon POINTS="981 90 1045 90 1045 94 979 99 981 90"/></Shape>
          
        </TextBlock>
        

        
      </PrintSpace>
    </Page>
  </Layout>
</alto>
