<?xml version="1.0" encoding="UTF-8"?>
<alto xmlns:xsi="http://www.w3.org/2001/XMLSchema-instance"
      xmlns="http://www.loc.gov/standards/alto/ns-v4#"
      xsi:schemaLocation="http://www.loc.gov/standards/alto/ns-v4# http://www.loc.gov/standards/alto/v4/alto-4-2.xsd">
  <Description>
    <MeasurementUnit>pixel</MeasurementUnit>
    <sourceImageInformation>
      <fileName>Rasail033.jpg</fileName>
      
    </sourceImageInformation>
  </Description>
  
  <Tags>
    <OtherTag ID="BT16094" LABEL="default" DESCRIPTION="block type default"/><OtherTag ID="BT16093" LABEL="NumberingZone:page" DESCRIPTION="block type NumberingZone:page"/><OtherTag ID="BT16092" LABEL="MarginTextZone:note" DESCRIPTION="block type MarginTextZone:note"/><OtherTag ID="BT16091" LABEL="TitlePageZone" DESCRIPTION="block type TitlePageZone"/><OtherTag ID="BT16090" LABEL="QuireMarksZone:catchwords" DESCRIPTION="block type QuireMarksZone:catchwords"/><OtherTag ID="BT16089" LABEL="NumberingZone:other" DESCRIPTION="block type NumberingZone:other"/><OtherTag ID="BT16088" LABEL="NumberingZone" DESCRIPTION="block type NumberingZone"/><OtherTag ID="BT16087" LABEL="MarginTextZone" DESCRIPTION="block type MarginTextZone"/><OtherTag ID="BT16086" LABEL="MainZone" DESCRIPTION="block type MainZone"/><OtherTag ID="BT16085" LABEL="DigitizationArtefactZone" DESCRIPTION="block type DigitizationArtefactZone"/><OtherTag ID="BT2" LABEL="Main" DESCRIPTION="block type Main"/><OtherTag ID="BT1" LABEL="Title" DESCRIPTION="block type Title"/>
    <OtherTag ID="LT4837" LABEL="DefaultLine" DESCRIPTION="line type DefaultLine"/><OtherTag ID="LT4838" LABEL="default" DESCRIPTION="line type default"/><OtherTag ID="LT4839" LABEL="HeadingLine:title" DESCRIPTION="line type HeadingLine:title"/>
  </Tags>
  
  <Layout>
    <Page WIDTH="1058"
          HEIGHT="1716"
          PHYSICAL_IMG_NR="61"
          ID="eSc_dummypage_">
      <PrintSpace HPOS="0"
                  VPOS="0"
                  WIDTH="1058"
                  HEIGHT="1716">
        
        <TextBlock HPOS="34"
                   VPOS="102"
                   WIDTH="989"
                   HEIGHT="1521"
                   ID="eSc_textblock_66ad0c92"
                   TAGREFS="BT16086">
          <Shape><Polygon POINTS="521 102 903 114 1000 148 1000 1194 1023 1332 1006 1577 972 1605 897 1617 91 1623 57 1594 34 1022 57 747 51 143 85 108 521 102"/></Shape>
          
          
          <TextLine ID="eSc_line_aaf5394a"
                    TAGREFS="LT4837"
                    BASELINE="68 193 944 197" 
                    HPOS="67"
                    VPOS="140"
                    WIDTH="877"
                    HEIGHT="93">
            <Shape><Polygon POINTS="68 193 67 210 108 211 150 230 151 230 153 230 307 220 317 228 317 230 319 230 320 230 390 231 392 231 393 231 395 231 406 223 459 231 460 231 462 231 463 231 482 217 495 228 495 230 496 230 498 230 499 230 501 230 502 230 521 215 522 214 523 215 559 231 561 231 562 231 564 231 591 223 614 231 615 231 617 231 618 231 619 231 619 230 634 217 652 225 654 225 655 225 720 217 724 217 735 225 737 225 738 225 740 225 741 225 743 225 743 224 751 217 754 215 804 215 813 218 856 233 857 233 858 233 860 233 861 233 883 218 889 215 942 218 944 197 943 157 890 155 879 145 879 144 877 144 876 144 874 144 873 144 871 144 860 154 847 165 836 165 821 154 814 148 813 148 811 148 810 148 808 148 790 153 775 157 764 153 750 147 748 147 747 147 745 147 731 153 700 165 671 165 657 151 648 144 648 143 647 143 645 143 644 143 591 150 562 153 554 148 542 143 541 143 539 143 538 143 519 148 468 163 339 163 322 147 320 147 319 147 317 147 316 147 287 161 257 154 256 154 254 154 211 161 138 141 137 141 68 140 68 193"/></Shape>
	    <String CONTENT="دالش او امبانيت ايام عليه السلام درين فردمی باشد کم"
                    HPOS="67"
                    VPOS="140"
                    WIDTH="877"
                    HEIGHT="93"
                    WC="0.8398407814549465"></String>
          </TextLine>

          
          
          <TextLine ID="eSc_line_1bc6826e"
                    TAGREFS="LT4837"
                    BASELINE="55 277 943 273" 
                    HPOS="54"
                    VPOS="230"
                    WIDTH="889"
                    HEIGHT="78">
            <Shape><Polygon POINTS="55 277 55 293 117 293 143 306 144 306 146 306 147 306 177 293 196 307 197 307 199 307 200 307 201 307 241 293 346 308 347 308 349 308 385 291 425 306 426 306 428 306 459 300 466 306 466 307 468 307 469 307 471 308 519 308 519 307 521 307 548 296 576 307 578 307 579 308 632 308 632 307 634 307 692 290 695 290 718 290 720 290 743 304 744 304 745 304 747 304 748 304 775 290 777 290 854 290 871 304 871 306 873 306 874 306 876 306 943 288 943 273 939 244 914 248 899 244 881 238 880 238 879 238 877 238 876 238 876 240 870 244 850 230 848 230 847 230 826 230 824 230 823 230 793 245 784 250 712 250 705 245 670 230 668 230 667 230 665 230 664 230 664 231 648 245 637 240 635 240 634 240 632 240 631 240 631 241 624 247 619 251 589 251 582 247 559 233 558 233 556 233 555 233 554 233 552 233 532 245 453 231 452 231 450 231 419 245 389 233 387 233 386 233 385 233 383 233 360 248 359 250 357 248 349 244 347 244 346 244 345 244 327 248 319 251 316 250 296 235 294 235 293 235 292 235 290 235 256 250 251 253 200 253 197 250 168 233 167 233 166 233 80 233 78 233 77 233 75 233 54 247 55 277"/></Shape>
	    <String CONTENT="قوت خواس و دالش هيکان خود طفل را درين ماه حال"
                    HPOS="54"
                    VPOS="230"
                    WIDTH="889"
                    HEIGHT="78"
                    WC="0.9121276987923517"></String>
          </TextLine>

          
          
          <TextLine ID="eSc_line_0ab939fd"
                    TAGREFS="LT4837"
                    BASELINE="67 357 966 348" 
                    HPOS="65"
                    VPOS="306"
                    WIDTH="901"
                    HEIGHT="81">
            <Shape><Polygon POINTS="67 357 67 377 93 386 94 386 95 386 97 386 114 380 214 387 216 387 256 378 283 386 284 386 286 386 346 374 366 370 372 373 385 380 386 380 387 380 389 380 390 380 400 373 402 371 408 373 450 384 452 384 453 384 455 384 456 384 472 371 475 368 538 368 544 371 565 381 566 381 568 381 569 381 591 370 594 368 597 370 619 381 621 381 664 383 665 383 667 383 701 370 721 380 722 380 724 380 725 380 727 380 745 368 747 367 753 368 778 373 780 373 816 367 826 366 830 367 856 378 857 378 858 378 860 378 861 378 879 366 880 366 964 366 966 348 963 316 883 306 881 306 824 317 803 321 793 317 767 307 765 307 704 307 702 307 701 307 700 307 700 308 688 320 685 321 667 320 624 316 622 316 621 316 609 320 604 323 598 321 562 308 561 308 559 308 498 320 448 310 446 310 445 310 418 324 416 324 415 324 377 310 376 310 375 310 373 310 339 324 337 326 336 324 316 314 314 314 313 314 312 314 277 326 250 311 249 311 220 311 219 311 217 311 216 311 216 313 200 327 177 318 176 318 174 318 173 318 171 318 161 327 161 328 65 328 67 357"/></Shape>
	    <String CONTENT="می شود و ماه شتم در مرتنه ناطق است پضانچه او"
                    HPOS="65"
                    VPOS="306"
                    WIDTH="901"
                    HEIGHT="81"
                    WC="0.8746100569313223"></String>
          </TextLine>

          
          
          <TextLine ID="eSc_line_5d535a8f"
                    TAGREFS="LT4837"
                    BASELINE="64 436 947 430" 
                    HPOS="62"
                    VPOS="386"
                    WIDTH="885"
                    HEIGHT="81">
            <Shape><Polygon POINTS="64 436 64 451 100 451 101 451 115 464 115 466 117 466 118 466 120 467 151 467 151 466 153 466 183 456 219 464 220 464 221 464 223 464 224 464 236 454 254 464 256 464 257 466 307 466 307 464 309 464 310 464 326 453 353 464 355 464 356 466 436 466 436 464 438 464 458 453 473 464 475 464 476 464 478 464 539 459 541 459 542 459 551 451 555 449 594 449 598 451 609 461 609 463 611 463 612 463 614 463 615 463 641 451 645 449 649 451 659 459 661 459 662 459 664 459 665 459 667 459 675 451 680 447 767 447 773 451 784 461 785 461 787 461 788 461 790 461 824 453 884 461 886 461 887 461 889 461 889 460 899 451 901 449 944 450 947 430 944 393 791 386 790 386 788 386 768 394 765 396 761 394 727 386 725 386 724 386 682 394 671 388 670 388 668 388 667 388 665 388 665 390 657 396 652 400 604 397 515 391 513 391 512 391 511 391 511 393 503 398 501 403 471 403 466 398 450 391 449 391 448 391 400 400 393 401 392 400 379 390 379 388 377 388 376 388 313 388 312 388 310 388 309 388 309 390 296 401 296 403 261 403 259 401 243 391 241 391 240 391 239 391 237 391 236 391 219 403 217 404 171 404 171 403 157 391 157 390 156 390 154 390 133 390 131 390 130 390 128 390 128 391 115 404 62 404 64 436"/></Shape>
	    <String CONTENT="و جنع شرايع و تکليفات آمتان را از مرادات می می راند و"
                    HPOS="62"
                    VPOS="386"
                    WIDTH="885"
                    HEIGHT="81"
                    WC="0.9179134424085971"></String>
          </TextLine>

          
          
          <TextLine ID="eSc_line_60d345ae"
                    TAGREFS="LT4837"
                    BASELINE="65 516 956 509" 
                    HPOS="64"
                    VPOS="463"
                    WIDTH="892"
                    HEIGHT="81">
            <Shape><Polygon POINTS="65 516 65 531 111 531 113 531 121 540 123 540 124 540 125 540 127 540 143 531 146 531 214 531 216 531 233 544 234 544 236 544 237 544 297 543 299 543 300 543 316 531 333 543 335 543 336 543 337 544 383 544 383 543 385 543 386 543 386 541 399 530 430 541 432 541 433 541 508 530 535 541 536 541 538 541 539 541 576 529 578 529 594 541 595 541 597 541 598 541 599 541 631 530 733 540 734 540 735 540 737 540 753 527 754 526 788 526 791 527 798 534 798 536 800 536 801 536 803 536 804 536 818 530 827 539 828 539 830 539 831 539 833 539 857 527 861 526 866 527 890 536 891 536 893 536 956 526 956 509 952 463 884 480 844 480 830 467 830 466 828 466 827 466 826 466 821 466 793 471 785 467 780 463 778 463 777 463 775 463 718 469 717 469 715 469 715 470 702 480 659 470 631 464 629 464 628 464 627 464 627 466 619 471 611 480 589 473 578 469 576 469 575 469 574 469 561 473 539 481 532 474 526 470 526 469 525 469 523 469 483 466 482 466 481 466 479 466 465 476 458 481 449 476 439 469 438 469 436 469 435 469 433 469 400 477 385 467 383 467 382 467 380 467 379 467 357 479 355 480 349 479 327 474 326 474 272 481 241 484 231 481 209 476 207 476 206 476 204 476 180 483 177 484 177 483 160 469 158 469 157 469 128 469 127 469 125 469 64 486 65 516"/></Shape>
	    <String CONTENT="زنجود و بى اختيار مى گرداند طفل را نيز درين باه قوت"
                    HPOS="64"
                    VPOS="463"
                    WIDTH="892"
                    HEIGHT="81"
                    WC="0.9096621567127752"></String>
          </TextLine>

          
          
          <TextLine ID="eSc_line_84021e12"
                    TAGREFS="LT4837"
                    BASELINE="71 594 672 592 957 582" 
                    HPOS="70"
                    VPOS="544"
                    WIDTH="887"
                    HEIGHT="79">
            <Shape><Polygon POINTS="71 594 71 609 174 623 176 623 239 609 282 622 283 622 284 622 356 607 357 607 359 607 390 619 392 619 393 619 468 612 481 620 482 620 483 620 485 620 486 620 488 620 502 610 523 619 525 619 526 619 528 619 529 619 548 606 579 619 581 619 582 619 645 617 647 617 648 617 648 616 659 607 674 617 675 617 677 617 678 617 680 617 717 609 761 617 763 617 850 616 851 616 853 616 853 614 866 603 867 603 957 603 957 582 954 547 900 544 899 544 897 544 896 544 891 549 874 560 844 560 833 550 828 546 827 546 826 546 824 546 823 546 821 546 816 550 801 559 747 551 722 549 721 549 720 549 718 549 714 553 704 561 684 561 664 553 647 547 645 547 644 547 642 547 628 554 618 560 483 563 473 559 460 551 459 551 413 550 412 550 410 550 409 550 409 551 399 560 395 564 370 564 365 560 349 550 347 550 346 550 345 550 293 563 284 564 280 563 254 551 253 551 251 551 250 551 230 560 210 551 209 551 207 551 206 551 173 564 147 566 143 566 128 557 127 557 125 557 124 557 123 557 121 557 111 567 70 567 71 594"/></Shape>
	    <String CONTENT="خواس نمسیماند وچون مرزه مییگروده و ماه نهم در"
                    HPOS="70"
                    VPOS="544"
                    WIDTH="887"
                    HEIGHT="79"
                    WC="0.9068453921212091"></String>
          </TextLine>

          
          
          <TextLine ID="eSc_line_b3a1404b"
                    TAGREFS="LT4837"
                    BASELINE="73 674 957 656" 
                    HPOS="71"
                    VPOS="610"
                    WIDTH="886"
                    HEIGHT="96">
            <Shape><Polygon POINTS="73 674 73 690 117 700 118 700 120 700 137 690 140 689 143 690 166 706 167 706 168 706 170 706 171 706 203 690 210 687 223 690 272 703 273 703 274 703 276 703 303 690 309 687 312 690 327 703 329 703 330 703 332 703 380 702 382 702 383 702 398 690 400 687 408 690 432 700 433 700 435 702 481 702 481 700 482 700 483 700 483 699 492 690 495 687 503 690 535 699 536 699 538 699 615 697 617 697 644 690 687 679 758 686 760 686 821 674 870 674 903 690 904 690 906 690 907 690 957 689 957 656 954 616 886 610 884 610 883 610 881 610 873 617 863 624 833 619 814 616 813 616 811 616 804 620 790 627 730 622 718 622 717 622 715 622 712 623 695 629 687 623 684 622 682 622 681 622 680 622 678 622 677 622 674 624 662 630 627 626 571 617 569 617 568 617 548 627 536 634 505 634 498 629 482 619 481 619 479 619 478 619 476 619 475 619 462 630 456 636 410 636 396 632 362 622 360 622 359 622 357 622 330 632 286 623 284 623 283 623 282 623 264 636 261 639 257 636 229 624 227 624 226 624 184 633 167 626 166 626 164 626 163 626 143 636 107 627 105 627 104 627 103 627 101 627 101 629 87 642 87 643 71 643 73 674"/></Shape>
	    <String CONTENT="مرتبه اساس است چنانچه اوايل نزيلی را به علم تاويل"
                    HPOS="71"
                    VPOS="610"
                    WIDTH="886"
                    HEIGHT="96"
                    WC="0.861369862240188"></String>
          </TextLine>

          
          
          <TextLine ID="eSc_line_08a43f51"
                    TAGREFS="LT4837"
                    BASELINE="77 743 954 730" 
                    HPOS="75"
                    VPOS="686"
                    WIDTH="879"
                    HEIGHT="84">
            <Shape><Polygon POINTS="77 743 77 757 105 770 107 770 108 770 174 763 259 770 260 770 261 770 304 756 319 769 320 769 322 769 323 770 363 770 363 769 425 767 426 767 455 755 472 762 473 762 475 762 476 762 478 762 486 753 513 766 515 766 516 766 634 756 644 763 645 763 647 763 648 763 649 763 674 750 704 760 705 760 707 760 708 760 710 760 710 759 718 750 797 749 836 762 837 762 838 762 840 762 841 762 866 746 954 745 954 730 950 692 907 699 894 693 880 686 879 686 877 686 876 686 861 693 858 693 813 687 811 687 810 687 794 694 787 699 780 694 764 687 763 687 761 687 760 687 758 687 758 689 751 696 747 702 694 702 687 697 682 693 681 693 680 693 678 693 677 693 664 697 658 700 651 699 625 690 624 690 622 690 621 690 619 690 607 699 599 704 562 704 546 700 512 692 511 692 509 692 439 693 438 693 418 702 383 693 382 693 380 693 379 693 377 693 363 706 360 709 322 709 319 706 304 697 303 697 302 697 300 697 299 697 272 707 269 709 266 707 241 696 240 696 239 696 237 696 236 696 214 709 213 709 136 697 134 697 133 697 131 697 131 699 117 712 75 712 77 743"/></Shape>
	    <String CONTENT="زنده میگرداند و ايشان را اززکليفات شرعی پييشينه"
                    HPOS="75"
                    VPOS="686"
                    WIDTH="879"
                    HEIGHT="84"
                    WC="0.8448442962575466"></String>
          </TextLine>

          
          
          <TextLine ID="eSc_line_a8230012"
                    TAGREFS="LT4837"
                    BASELINE="74 826 959 812" 
                    HPOS="73"
                    VPOS="763"
                    WIDTH="886"
                    HEIGHT="87">
            <Shape><Polygon POINTS="74 826 74 839 90 847 91 847 93 847 150 840 171 849 173 849 174 849 230 839 244 850 246 850 247 850 249 850 250 850 251 850 272 837 273 837 337 849 339 849 340 849 373 837 489 846 491 846 492 846 512 835 516 833 532 835 602 845 604 845 680 843 681 843 682 843 682 842 692 833 697 830 731 830 737 833 751 842 753 842 754 842 755 842 814 839 816 839 817 839 824 832 828 829 836 832 850 839 851 839 853 839 854 839 856 839 866 832 873 827 957 830 959 812 956 772 896 765 894 765 893 765 867 773 858 776 856 773 846 765 846 763 844 763 843 763 780 763 778 763 777 763 754 775 740 783 731 776 720 765 718 765 717 765 691 765 690 765 688 765 665 777 651 785 641 777 625 766 624 766 622 766 621 766 619 766 618 766 602 777 591 787 440 787 428 782 409 772 408 772 406 772 405 772 403 772 403 773 393 782 385 789 342 783 326 782 324 782 323 782 319 783 303 790 266 787 261 785 244 773 243 773 241 773 240 773 239 773 211 786 204 789 197 786 161 773 160 773 158 773 110 775 108 775 107 775 93 787 87 793 73 789 74 826"/></Shape>
	    <String CONTENT="پيرون میآرد طفل را نيز درين پاه قوت خواس کمالی"
                    HPOS="73"
                    VPOS="763"
                    WIDTH="886"
                    HEIGHT="87"
                    WC="0.9154834607814221"></String>
          </TextLine>

          
          
          <TextLine ID="eSc_line_0e7cb24a"
                    TAGREFS="LT4837"
                    BASELINE="81 900 956 886" 
                    HPOS="80"
                    VPOS="840"
                    WIDTH="876"
                    HEIGHT="86">
            <Shape><Polygon POINTS="81 900 81 916 161 926 163 926 164 926 166 926 166 925 176 915 177 915 178 915 196 926 197 926 199 926 200 926 201 926 224 916 253 926 254 926 256 926 350 912 363 910 370 912 422 923 423 923 495 909 496 909 498 909 506 918 508 918 509 918 602 920 604 920 605 920 607 920 607 919 608 919 612 913 627 919 628 919 629 919 631 919 632 919 632 918 645 906 647 906 690 919 691 919 692 919 738 918 740 918 741 918 757 905 768 910 770 910 771 910 773 910 774 910 781 903 783 903 784 903 806 909 807 909 808 909 861 902 869 902 870 902 881 912 881 913 883 913 884 913 886 915 924 915 924 913 926 913 956 900 956 886 950 843 929 852 909 845 899 840 897 840 896 840 894 840 883 845 860 853 834 846 833 846 831 846 830 846 828 846 827 846 817 853 807 847 798 840 797 840 796 840 794 840 744 842 743 842 741 842 741 843 734 849 728 856 690 856 684 850 677 845 677 843 675 843 674 843 647 843 645 843 644 843 614 852 594 858 483 858 479 856 430 846 429 846 428 846 383 858 355 847 353 847 352 847 350 847 349 847 330 859 312 850 310 850 309 850 307 850 306 850 306 852 296 860 294 863 244 865 200 865 200 863 168 850 167 850 166 850 80 866 81 900"/></Shape>
	    <String CONTENT="يابدو از كور شم پيرون مى آيد مولانا هميه بندگان"
                    HPOS="80"
                    VPOS="840"
                    WIDTH="876"
                    HEIGHT="86"
                    WC="0.8939490045110384"></String>
          </TextLine>

          
          
          <TextLine ID="eSc_line_6a6bca94"
                    TAGREFS="LT4837"
                    BASELINE="143 966 601 966 962 956" 
                    HPOS="141"
                    VPOS="910"
                    WIDTH="821"
                    HEIGHT="89">
            <Shape><Polygon POINTS="143 966 146 999 156 992 199 998 217 999 219 999 220 999 221 999 224 996 240 985 257 996 261 999 263 999 264 999 266 999 333 998 335 998 336 998 342 993 356 983 409 992 445 996 446 996 448 996 449 996 456 990 466 982 476 989 485 996 486 996 488 996 489 996 536 988 539 988 542 988 575 993 576 993 578 993 579 993 591 986 598 982 608 986 618 989 619 989 621 989 622 989 634 985 644 980 652 985 668 992 670 992 671 992 672 992 674 992 681 986 688 992 688 993 690 993 691 993 692 995 731 995 731 993 733 993 734 993 745 985 793 993 794 993 796 993 821 979 826 978 834 979 869 986 870 986 871 986 873 986 886 978 887 976 962 975 962 956 960 920 952 912 952 910 950 910 949 910 947 910 864 912 863 912 840 922 834 925 830 922 817 912 816 912 814 912 813 912 811 912 810 912 794 922 790 925 787 922 780 916 780 915 778 915 777 915 775 915 774 915 751 922 740 926 718 923 674 915 672 915 614 918 612 918 601 923 591 929 545 929 538 923 531 918 529 918 528 918 526 918 525 918 523 918 515 923 506 930 475 930 468 923 459 916 458 916 456 916 455 916 453 916 429 925 409 930 396 925 383 918 382 918 380 918 379 918 366 925 356 929 337 925 316 919 314 919 313 919 312 919 294 925 273 932 224 925 180 919 178 919 141 925 143 966"/></Shape>
	    <String CONTENT="را زندگانى جاودانى كرامت كناد والشدا علم باالصواب"
                    HPOS="141"
                    VPOS="910"
                    WIDTH="821"
                    HEIGHT="89"
                    WC="0.9363004918001137"></String>
          </TextLine>

          
          
          <TextLine ID="eSc_line_15c53ee9"
                    TAGREFS="LT4837"
                    BASELINE="367 1199 658 1192" 
                    HPOS="366"
                    VPOS="1142"
                    WIDTH="292"
                    HEIGHT="83">
            <Shape><Polygon POINTS="367 1199 367 1218 396 1225 398 1225 399 1225 415 1216 419 1215 426 1216 455 1224 456 1224 458 1224 512 1215 529 1222 531 1222 532 1222 534 1222 535 1222 545 1214 548 1212 549 1214 559 1221 561 1221 562 1221 564 1222 599 1222 599 1221 601 1221 602 1221 615 1211 619 1209 655 1209 658 1192 654 1142 366 1161 367 1199"/></Shape>
	    <String CONTENT="برذکر قواى انساقی"
                    HPOS="366"
                    VPOS="1142"
                    WIDTH="292"
                    HEIGHT="83"
                    WC="0.885894354651956"></String>
          </TextLine>

          
          
          <TextLine ID="eSc_line_bf79c569"
                    TAGREFS="LT4837"
                    BASELINE="84 1279 894 1264" 
                    HPOS="83"
                    VPOS="1212"
                    WIDTH="811"
                    HEIGHT="92">
            <Shape><Polygon POINTS="84 1279 84 1294 150 1294 161 1302 161 1304 163 1304 164 1304 166 1304 237 1294 303 1302 304 1302 306 1302 353 1289 386 1299 387 1299 389 1301 450 1301 450 1299 452 1299 453 1299 472 1287 499 1298 501 1298 502 1298 552 1289 571 1297 572 1297 574 1297 649 1285 680 1289 681 1289 682 1289 684 1289 691 1282 692 1282 714 1282 731 1294 733 1294 734 1294 735 1294 737 1294 738 1294 755 1282 806 1281 821 1291 823 1291 824 1291 826 1291 894 1278 894 1264 893 1221 874 1212 873 1212 871 1212 783 1214 781 1214 755 1224 747 1228 741 1225 730 1216 728 1216 727 1216 725 1216 724 1216 710 1222 692 1215 691 1215 690 1215 688 1215 687 1215 670 1226 664 1229 647 1226 624 1224 622 1224 621 1224 605 1228 589 1232 585 1228 572 1218 571 1218 569 1218 568 1218 515 1231 512 1231 509 1231 476 1219 475 1219 473 1219 472 1219 440 1232 436 1234 430 1232 409 1228 408 1228 406 1228 383 1234 372 1236 365 1234 347 1228 346 1228 345 1228 343 1228 327 1235 316 1225 316 1224 314 1224 313 1224 312 1224 270 1232 247 1224 246 1224 244 1224 243 1224 211 1238 207 1239 196 1238 137 1232 136 1232 134 1232 133 1232 124 1241 123 1242 83 1242 84 1279"/></Shape>
	    <String CONTENT="بدآنكه آدمى را خواس خمسه ظاهر است که ان لامسه"
                    HPOS="83"
                    VPOS="1212"
                    WIDTH="811"
                    HEIGHT="92"
                    WC="0.8814521641173261"></String>
          </TextLine>

          
          
          <TextLine ID="eSc_line_7ebc0914"
                    TAGREFS="LT4837"
                    BASELINE="87 1358 987 1325" 
                    HPOS="85"
                    VPOS="1275"
                    WIDTH="902"
                    HEIGHT="107">
            <Shape><Polygon POINTS="87 1358 87 1372 123 1382 124 1382 125 1382 127 1382 158 1369 166 1368 184 1369 273 1377 274 1377 276 1377 277 1377 296 1365 297 1364 300 1365 330 1374 332 1374 333 1374 473 1369 508 1367 509 1367 511 1367 511 1365 521 1357 522 1355 534 1355 624 1364 625 1364 627 1364 671 1351 675 1349 680 1349 702 1358 704 1358 705 1358 707 1358 725 1349 748 1359 750 1359 751 1359 753 1359 788 1347 793 1345 801 1345 866 1352 867 1352 869 1352 897 1342 899 1342 960 1348 962 1348 963 1348 987 1338 987 1325 984 1282 967 1275 966 1275 964 1275 963 1275 962 1275 962 1276 953 1284 950 1287 944 1284 927 1276 926 1276 924 1276 923 1276 900 1285 881 1294 867 1288 851 1279 850 1279 848 1279 847 1279 846 1279 846 1281 837 1289 831 1294 817 1289 784 1281 783 1281 781 1281 780 1281 740 1294 737 1294 735 1294 714 1284 712 1284 711 1284 710 1284 687 1294 664 1285 662 1285 661 1285 609 1294 608 1294 607 1294 607 1295 605 1295 602 1299 598 1304 575 1301 534 1295 532 1295 531 1295 529 1295 529 1297 522 1304 518 1308 452 1309 446 1307 428 1295 426 1295 425 1295 423 1295 422 1295 379 1309 375 1311 370 1309 337 1297 336 1297 335 1297 333 1297 266 1315 257 1317 254 1315 231 1301 230 1301 229 1301 227 1301 183 1302 181 1302 160 1312 120 1307 118 1307 117 1307 115 1307 115 1308 98 1322 98 1324 85 1324 87 1358"/></Shape>
	    <String CONTENT="راسفتا و شاميه او ذايقه و سامعه و باصره کار و مقامر هر"
                    HPOS="85"
                    VPOS="1275"
                    WIDTH="902"
                    HEIGHT="107"
                    WC="0.8620280137768498"></String>
          </TextLine>

          
          
          <TextLine ID="eSc_line_e57eb185"
                    TAGREFS="LT4837"
                    BASELINE="97 1430 990 1411" 
                    HPOS="95"
                    VPOS="1358"
                    WIDTH="895"
                    HEIGHT="99">
            <Shape><Polygon POINTS="97 1430 97 1442 231 1457 233 1457 234 1457 284 1442 302 1438 310 1442 332 1454 333 1454 335 1455 370 1455 370 1454 372 1454 393 1442 398 1440 399 1442 409 1451 409 1452 410 1452 412 1452 413 1454 439 1454 439 1452 440 1452 460 1442 472 1437 483 1442 496 1450 498 1450 499 1450 501 1450 513 1442 529 1434 668 1431 698 1442 711 1447 712 1447 714 1447 744 1445 745 1445 747 1445 751 1442 768 1430 791 1438 793 1438 794 1438 796 1438 816 1428 836 1435 837 1435 838 1435 840 1435 864 1427 910 1438 911 1438 913 1438 914 1438 936 1428 954 1441 956 1441 957 1441 959 1442 990 1442 990 1411 987 1358 964 1358 963 1358 962 1358 960 1358 934 1377 913 1365 911 1365 910 1365 909 1365 890 1374 877 1362 874 1359 873 1359 871 1359 870 1359 869 1359 854 1364 824 1371 814 1365 808 1361 807 1361 806 1361 804 1361 711 1362 710 1362 708 1362 708 1364 701 1369 694 1375 674 1371 647 1365 645 1365 644 1365 642 1365 632 1372 614 1385 585 1379 584 1379 582 1379 581 1379 572 1387 536 1377 521 1372 519 1372 518 1372 516 1372 503 1378 481 1389 455 1389 446 1381 433 1369 432 1369 430 1369 403 1369 402 1369 400 1369 399 1369 383 1384 380 1387 377 1384 375 1382 375 1381 373 1381 372 1381 370 1381 349 1385 339 1387 337 1385 322 1375 320 1375 319 1375 317 1375 316 1375 283 1388 272 1392 263 1388 257 1387 256 1387 254 1387 213 1391 181 1394 178 1392 160 1381 158 1381 157 1381 156 1381 154 1381 153 1381 153 1382 138 1394 138 1395 95 1395 97 1430"/></Shape>
	    <String CONTENT="يک در صحيفه نهم گفته شد و خواس خمسه باطن نيز او را"
                    HPOS="95"
                    VPOS="1358"
                    WIDTH="895"
                    HEIGHT="99"
                    WC="0.9136260128021241"></String>
          </TextLine>

          
          
          <TextLine ID="eSc_line_643480e2"
                    TAGREFS="LT4837"
                    BASELINE="93 1502 982 1490" 
                    HPOS="91"
                    VPOS="1437"
                    WIDTH="891"
                    HEIGHT="91">
            <Shape><Polygon POINTS="93 1502 93 1524 164 1514 174 1524 178 1527 178 1528 180 1528 181 1528 183 1528 220 1527 221 1527 229 1524 249 1512 267 1522 270 1524 272 1524 273 1524 274 1524 277 1522 290 1517 294 1522 297 1524 297 1525 299 1525 300 1525 302 1525 303 1525 304 1525 309 1522 319 1515 326 1522 329 1524 329 1525 330 1525 332 1525 333 1527 387 1527 387 1525 389 1525 390 1525 396 1521 415 1510 465 1521 481 1524 482 1524 483 1524 485 1524 489 1521 508 1508 549 1508 579 1520 582 1521 584 1521 585 1521 595 1520 647 1510 674 1520 681 1521 682 1521 684 1521 712 1518 714 1518 715 1518 731 1505 763 1507 777 1518 778 1520 780 1520 781 1520 783 1520 784 1520 785 1520 787 1518 811 1504 844 1512 846 1512 847 1512 848 1512 883 1502 932 1502 946 1515 946 1517 947 1517 949 1517 950 1517 982 1515 982 1490 976 1437 934 1454 891 1440 886 1438 884 1438 883 1438 785 1440 784 1440 783 1440 775 1444 771 1447 758 1445 743 1442 741 1442 740 1442 738 1442 735 1445 715 1461 695 1451 694 1451 692 1451 691 1451 690 1451 690 1452 680 1461 664 1448 657 1442 655 1442 654 1442 621 1442 619 1442 618 1442 617 1442 604 1451 586 1461 566 1452 561 1450 559 1450 558 1450 556 1450 555 1450 551 1452 532 1464 482 1457 481 1457 442 1465 429 1457 412 1445 410 1445 409 1445 408 1445 406 1445 405 1445 405 1447 395 1455 377 1451 376 1451 375 1451 373 1451 372 1451 372 1452 363 1460 355 1468 282 1468 276 1464 269 1457 269 1455 267 1455 266 1455 264 1455 214 1465 201 1468 197 1467 167 1452 166 1452 164 1452 163 1452 161 1452 144 1468 143 1470 141 1468 124 1461 123 1461 121 1461 120 1461 91 1468 93 1502"/></Shape>
	    <String CONTENT="نيست که آن همس مشترک است و خيالوداهمه و متصرفه"
                    HPOS="91"
                    VPOS="1437"
                    WIDTH="891"
                    HEIGHT="91"
                    WC="0.9025487126188075"></String>
          </TextLine>

          
          
          <TextLine ID="eSc_line_ca4b1cf9"
                    TAGREFS="LT4837"
                    BASELINE="94 1581 984 1564" 
                    HPOS="93"
                    VPOS="1511"
                    WIDTH="891"
                    HEIGHT="102">
            <Shape><Polygon POINTS="94 1581 94 1597 246 1597 267 1611 269 1611 270 1611 272 1613 316 1613 316 1611 317 1611 346 1595 352 1593 356 1595 369 1601 370 1601 372 1601 398 1595 410 1607 410 1608 412 1608 413 1608 415 1610 455 1610 455 1608 456 1608 458 1608 458 1607 472 1595 476 1590 488 1594 506 1603 508 1603 509 1603 545 1594 574 1588 605 1594 648 1603 649 1603 651 1603 665 1595 744 1603 745 1603 747 1603 748 1603 760 1594 761 1594 810 1601 811 1601 813 1601 814 1601 823 1594 834 1584 856 1594 871 1600 873 1600 874 1600 876 1600 889 1593 911 1581 950 1593 967 1598 969 1598 970 1598 972 1598 984 1593 984 1564 982 1531 947 1531 909 1511 907 1511 906 1511 904 1511 861 1532 811 1514 810 1514 760 1514 758 1514 710 1515 708 1515 681 1528 625 1517 624 1517 622 1517 621 1517 621 1518 602 1535 585 1520 585 1518 584 1518 582 1518 565 1518 564 1518 562 1518 561 1518 542 1535 521 1528 519 1528 518 1528 516 1528 491 1540 462 1528 460 1528 459 1528 458 1528 456 1528 440 1541 439 1542 403 1542 402 1541 377 1528 376 1528 375 1528 373 1528 372 1528 350 1541 332 1537 330 1537 329 1537 327 1537 314 1542 312 1545 203 1545 181 1527 181 1525 180 1525 178 1525 177 1525 134 1527 133 1527 131 1527 131 1528 113 1547 93 1547 94 1581"/></Shape>
	    <String CONTENT="و حافظ و بر طريق مرضى حکما ديارغ آنسانی برسه طبقه"
                    HPOS="93"
                    VPOS="1511"
                    WIDTH="891"
                    HEIGHT="102"
                    WC="0.919828690290451"></String>
          </TextLine>

          
        </TextBlock>
        
        <TextBlock HPOS="423"
                   VPOS="22"
                   WIDTH="153"
                   HEIGHT="73"
                   ID="eSc_textblock_207eb019"
                   TAGREFS="BT16093">
          <Shape><Polygon POINTS="509 22 576 72 509 95 423 55 452 28 509 22"/></Shape>
          
          
          <TextLine ID="eSc_line_bb88624e"
                    TAGREFS="LT4837"
                    BASELINE="481 52 536 52" 
                    HPOS="481"
                    VPOS="22"
                    WIDTH="55"
                    HEIGHT="48">
            <Shape><Polygon POINTS="523 34 509 22 508 22 481 27 481 52 481 64 535 70 536 52 534 41 523 34"/></Shape>
	    <String CONTENT=""
                    HPOS="481"
                    VPOS="22"
                    WIDTH="55"
                    HEIGHT="48"></String>
          </TextLine>

          
        </TextBlock>
        

        
      </PrintSpace>
    </Page>
  </Layout>
</alto>
