<?xml version="1.0" encoding="UTF-8"?>
<alto xmlns:xsi="http://www.w3.org/2001/XMLSchema-instance"
      xmlns="http://www.loc.gov/standards/alto/ns-v4#"
      xsi:schemaLocation="http://www.loc.gov/standards/alto/ns-v4# http://www.loc.gov/standards/alto/v4/alto-4-2.xsd">
  <Description>
    <MeasurementUnit>pixel</MeasurementUnit>
    <sourceImageInformation>
      <fileName>Rasail122.jpg</fileName>
      
    </sourceImageInformation>
  </Description>
  
  <Tags>
    <OtherTag ID="BT16094" LABEL="default" DESCRIPTION="block type default"/><OtherTag ID="BT16093" LABEL="NumberingZone:page" DESCRIPTION="block type NumberingZone:page"/><OtherTag ID="BT16092" LABEL="MarginTextZone:note" DESCRIPTION="block type MarginTextZone:note"/><OtherTag ID="BT16091" LABEL="TitlePageZone" DESCRIPTION="block type TitlePageZone"/><OtherTag ID="BT16090" LABEL="QuireMarksZone:catchwords" DESCRIPTION="block type QuireMarksZone:catchwords"/><OtherTag ID="BT16089" LABEL="NumberingZone:other" DESCRIPTION="block type NumberingZone:other"/><OtherTag ID="BT16088" LABEL="NumberingZone" DESCRIPTION="block type NumberingZone"/><OtherTag ID="BT16087" LABEL="MarginTextZone" DESCRIPTION="block type MarginTextZone"/><OtherTag ID="BT16086" LABEL="MainZone" DESCRIPTION="block type MainZone"/><OtherTag ID="BT16085" LABEL="DigitizationArtefactZone" DESCRIPTION="block type DigitizationArtefactZone"/><OtherTag ID="BT2" LABEL="Main" DESCRIPTION="block type Main"/><OtherTag ID="BT1" LABEL="Title" DESCRIPTION="block type Title"/>
    <OtherTag ID="LT4837" LABEL="DefaultLine" DESCRIPTION="line type DefaultLine"/><OtherTag ID="LT4838" LABEL="default" DESCRIPTION="line type default"/><OtherTag ID="LT4839" LABEL="HeadingLine:title" DESCRIPTION="line type HeadingLine:title"/>
  </Tags>
  
  <Layout>
    <Page WIDTH="1462"
          HEIGHT="1590"
          PHYSICAL_IMG_NR="150"
          ID="eSc_dummypage_">
      <PrintSpace HPOS="0"
                  VPOS="0"
                  WIDTH="1462"
                  HEIGHT="1590">
        
        <TextBlock HPOS="201"
                   VPOS="121"
                   WIDTH="1107"
                   HEIGHT="1377"
                   ID="eSc_textblock_b048d446"
                   TAGREFS="BT16086">
          <Shape><Polygon POINTS="307 121 1297 132 1308 258 1292 286 1281 867 1255 1281 1218 1487 699 1498 222 1493 201 1477 217 201 227 132 307 121"/></Shape>
          
          
          <TextLine ID="eSc_line_0d72aaac"
                    TAGREFS="LT4837"
                    BASELINE="221 184 1281 173" 
                    HPOS="221"
                    VPOS="129"
                    WIDTH="1060"
                    HEIGHT="89">
            <Shape><Polygon POINTS="1273 131 1257 140 1192 141 1175 132 1174 131 1166 129 1161 132 1127 147 1047 147 1028 135 1021 131 1020 131 1019 131 1017 131 963 132 962 132 960 132 955 137 941 148 907 148 892 139 880 132 878 132 877 132 836 140 793 148 772 141 752 135 751 135 750 135 748 135 731 143 714 151 694 151 685 143 672 133 670 133 669 133 668 133 666 133 625 144 601 137 600 137 599 137 597 137 581 145 571 151 516 149 514 147 502 137 501 137 499 137 498 137 497 137 495 137 483 148 478 152 457 148 434 145 433 145 432 145 418 149 414 151 412 149 393 137 392 137 391 137 290 137 288 137 287 137 286 137 269 151 225 153 221 169 221 184 221 208 312 208 315 208 337 215 339 215 340 215 341 215 373 208 379 206 380 208 393 217 394 217 396 217 397 218 432 218 432 217 433 217 434 217 449 208 474 215 475 215 477 215 478 215 479 215 493 206 494 206 498 206 540 215 542 215 543 215 560 206 563 205 568 206 596 215 597 215 599 215 653 214 654 214 656 214 665 206 668 205 677 206 729 213 730 213 731 213 747 205 751 204 760 205 793 213 795 213 796 213 821 205 833 202 846 205 881 213 882 213 918 210 919 210 921 210 927 205 931 201 946 205 974 212 975 212 976 212 1031 204 1047 202 1060 204 1098 210 1100 210 1133 204 1158 198 1173 204 1188 209 1190 209 1191 210 1234 210 1234 209 1235 209 1236 209 1245 204 1253 198 1279 202 1281 173 1276 131 1273 131"/></Shape>
	    <String CONTENT="خود سازيد و صدقهردبلا گفته اندو زکوات مال برون کنيد"
                    HPOS="221"
                    VPOS="129"
                    WIDTH="1060"
                    HEIGHT="89"
                    WC="0.87450844633813"></String>
          </TextLine>

          
          
          <TextLine ID="eSc_line_0e4cde3f"
                    TAGREFS="LT4837"
                    BASELINE="221 255 992 258 1243 253 1291 243" 
                    HPOS="220"
                    VPOS="205"
                    WIDTH="1071"
                    HEIGHT="91">
            <Shape><Polygon POINTS="221 255 220 276 286 287 287 287 288 287 306 278 384 290 385 290 446 278 528 295 530 296 666 296 666 295 668 295 669 295 686 282 713 280 786 295 787 295 788 295 825 284 868 294 1024 295 1025 295 1027 295 1063 284 1085 288 1086 288 1088 288 1089 288 1104 278 1192 278 1234 292 1235 292 1236 292 1237 292 1289 276 1291 243 1288 213 1230 205 1228 205 1227 205 1212 212 1195 221 1125 222 1106 212 1098 205 1097 205 1096 205 1069 205 1068 205 1067 205 1052 210 1023 222 982 215 980 215 979 215 951 222 938 212 937 212 935 212 934 212 933 212 905 218 892 209 890 208 889 208 888 208 886 208 885 208 881 209 853 223 807 223 787 209 784 206 783 206 782 206 780 206 779 206 772 209 763 212 748 208 735 205 734 205 732 205 731 205 730 205 726 208 705 222 621 215 620 215 618 215 605 222 587 213 585 213 584 213 544 222 524 206 523 206 522 206 520 206 511 206 371 218 336 217 320 205 319 205 318 205 221 205 221 255"/></Shape>
	    <String CONTENT="سمه كفته قال النبي عليه السلام بركت المال في أداي الزكو"
                    HPOS="220"
                    VPOS="205"
                    WIDTH="1071"
                    HEIGHT="91"
                    WC="0.907467070966959"></String>
          </TextLine>

          
          
          <TextLine ID="eSc_line_46c2300d"
                    TAGREFS="LT4837"
                    BASELINE="226 329 1272 329" 
                    HPOS="226"
                    VPOS="287"
                    WIDTH="1046"
                    HEIGHT="78">
            <Shape><Polygon POINTS="226 329 226 349 287 359 288 359 290 359 310 351 335 357 336 357 337 357 416 351 463 363 465 363 466 363 467 363 494 352 532 360 534 360 535 360 554 352 568 364 569 364 571 364 572 364 678 363 679 363 681 363 698 351 735 364 736 364 738 364 796 356 850 364 852 364 911 351 929 357 930 357 931 357 933 357 947 352 974 364 975 364 976 365 1126 365 1126 364 1127 364 1129 364 1149 351 1272 351 1272 329 1272 287 1169 287 1167 287 1166 287 1162 288 1134 296 1101 290 1100 290 1098 290 1074 303 1008 303 992 291 988 287 987 287 986 287 931 287 930 287 929 287 927 287 921 292 915 296 848 302 827 294 811 287 809 287 808 287 807 287 792 294 775 303 701 303 690 295 689 294 687 294 686 294 685 294 683 294 677 295 657 303 569 303 556 298 528 287 527 287 495 287 494 287 493 287 491 287 475 299 470 302 453 299 421 294 420 294 418 294 401 300 396 302 393 300 375 287 373 287 372 287 327 287 326 287 324 287 323 287 302 302 300 302 283 292 282 292 281 292 226 302 226 329"/></Shape>
	    <String CONTENT="يعنی گفت بخمر عش پرکت مالدرادا کردن زکات"
                    HPOS="226"
                    VPOS="287"
                    WIDTH="1046"
                    HEIGHT="78"
                    WC="0.8502342224121093"></String>
          </TextLine>

          
          
          <TextLine ID="eSc_line_f3aa2b73"
                    TAGREFS="LT4837"
                    BASELINE="225 405 921 408 1135 396 1273 397" 
                    HPOS="224"
                    VPOS="356"
                    WIDTH="1049"
                    HEIGHT="82">
            <Shape><Polygon POINTS="225 405 225 422 245 420 251 424 278 437 279 437 281 437 282 437 306 426 340 433 341 433 343 433 372 425 392 420 406 425 418 430 420 430 421 430 422 430 424 430 429 426 433 422 445 426 462 431 463 431 465 431 466 431 481 426 501 420 523 427 554 437 555 437 556 437 595 427 624 421 638 429 654 437 656 437 657 437 709 430 723 437 725 437 726 437 727 437 740 430 746 427 756 430 780 437 782 437 783 438 816 438 816 437 817 437 819 437 825 431 829 427 841 431 858 437 860 437 861 438 999 438 999 437 1000 437 1007 434 1036 420 1155 420 1173 427 1174 427 1175 427 1177 427 1195 422 1223 437 1224 437 1226 438 1273 438 1273 397 1272 369 1200 356 1199 356 1198 356 1196 356 1177 369 1153 359 1151 359 1150 359 1149 359 1147 359 1131 369 1130 371 1127 369 1090 356 1089 356 1088 356 1086 356 1085 356 1067 371 1059 376 987 376 980 371 964 359 963 359 962 359 930 357 929 357 927 357 899 371 897 372 896 371 865 359 864 359 862 359 861 359 832 372 825 374 819 372 791 357 789 357 788 357 787 357 786 357 762 372 755 376 685 376 679 372 648 356 646 356 645 356 644 356 642 356 625 367 604 359 603 359 601 359 600 359 599 359 587 368 571 356 569 356 568 356 544 356 543 356 542 356 540 356 526 368 501 361 499 361 498 361 445 372 398 356 397 356 334 356 332 356 331 356 281 373 224 374 225 405"/></Shape>
	    <String CONTENT="ست و خمس بيغهرواولادش از مال خود بيروف کنيد"
                    HPOS="224"
                    VPOS="356"
                    WIDTH="1049"
                    HEIGHT="82"
                    WC="0.872047790261202"></String>
          </TextLine>

          
          
          <TextLine ID="eSc_line_8ea82846"
                    TAGREFS="LT4837"
                    BASELINE="221 482 1268 477" 
                    HPOS="220"
                    VPOS="430"
                    WIDTH="1048"
                    HEIGHT="81">
            <Shape><Polygon POINTS="221 482 221 508 262 502 271 508 274 511 275 511 277 511 278 511 300 508 336 504 345 508 352 511 353 511 355 511 356 511 357 511 360 508 377 496 421 496 436 506 437 506 438 506 440 506 498 495 560 495 580 507 583 510 584 510 585 510 587 511 621 511 621 510 622 510 624 510 626 507 644 495 682 495 705 507 710 510 711 510 713 510 812 508 813 508 815 508 816 507 837 494 882 494 913 506 919 508 921 508 922 508 1023 507 1024 507 1028 506 1045 499 1084 506 1096 507 1097 507 1098 507 1100 507 1101 506 1113 496 1143 503 1145 503 1146 503 1165 494 1186 506 1190 507 1191 507 1192 507 1194 507 1199 506 1227 492 1265 504 1268 477 1267 446 1236 434 1235 434 1171 434 1170 434 1169 434 1167 434 1155 442 1141 430 1139 430 1138 430 1089 430 1088 430 1086 430 1085 430 1061 446 990 446 972 435 971 435 970 435 968 435 922 446 866 431 865 431 864 431 862 431 861 431 841 447 763 447 736 433 735 433 642 433 641 433 640 433 638 433 618 447 591 435 589 435 588 435 587 435 585 435 572 443 493 437 491 437 418 449 416 449 392 434 391 434 389 434 348 434 347 434 345 434 319 446 220 449 221 482"/></Shape>
	    <String CONTENT="وديام درشد صرف ندصد دردنيا"
                    HPOS="220"
                    VPOS="430"
                    WIDTH="1048"
                    HEIGHT="81"
                    WC="0.8553257974294516"></String>
          </TextLine>

          
          
          <TextLine ID="eSc_line_18f78e73"
                    TAGREFS="LT4837"
                    BASELINE="225 548 1263 544" 
                    HPOS="224"
                    VPOS="504"
                    WIDTH="1039"
                    HEIGHT="75">
            <Shape><Polygon POINTS="225 548 225 573 343 565 353 573 355 573 356 573 357 573 359 573 361 573 383 567 400 572 418 579 420 579 421 579 451 572 465 569 481 572 524 579 526 579 527 579 528 579 538 571 547 564 585 564 603 571 620 577 621 577 622 577 624 577 641 571 656 564 670 569 689 577 690 577 691 579 897 579 897 577 955 569 1013 575 1015 575 1016 575 1017 575 1028 567 1035 563 1045 567 1065 573 1067 573 1068 573 1069 573 1094 567 1100 565 1105 567 1133 572 1134 572 1170 565 1188 563 1261 564 1263 544 1257 512 1241 518 1187 512 1121 507 1120 507 1118 507 1104 514 1094 519 1088 514 1074 504 1073 504 1072 504 1015 504 1013 504 1012 504 986 515 974 522 613 522 609 520 572 506 571 506 569 506 479 522 471 523 467 522 425 507 424 507 422 507 421 507 375 520 359 507 357 507 356 507 278 507 277 507 275 507 224 524 225 548"/></Shape>
	    <String CONTENT="در اخرت پرکتی آرد وه خران آمده که تمنجا ب الحسته"
                    HPOS="224"
                    VPOS="504"
                    WIDTH="1039"
                    HEIGHT="75"
                    WC="0.8583300060033798"></String>
          </TextLine>

          
          
          <TextLine ID="eSc_line_2db0b592"
                    TAGREFS="LT4837"
                    BASELINE="213 625 1260 613" 
                    HPOS="212"
                    VPOS="569"
                    WIDTH="1048"
                    HEIGHT="78">
            <Shape><Polygon POINTS="213 625 213 637 249 647 250 647 251 647 253 647 254 647 265 641 302 645 303 645 391 636 394 636 397 636 467 642 469 642 470 642 486 634 508 646 510 646 511 646 512 646 547 634 577 645 579 645 580 645 632 637 642 645 644 645 645 645 646 645 793 643 854 642 856 642 857 642 876 630 911 637 913 637 943 630 953 638 954 638 955 638 956 638 1020 629 1109 639 1110 639 1112 639 1154 626 1158 626 1260 626 1260 613 1259 583 1223 573 1222 573 1220 573 1219 573 1200 583 1192 586 1183 584 1143 569 1142 569 1141 569 1139 569 1113 584 1106 588 1094 585 1081 581 1080 581 1078 581 1077 581 1076 581 1070 585 1069 586 1068 585 1051 573 1049 573 1048 573 1047 573 1045 573 998 586 987 589 983 586 963 572 962 572 960 572 959 572 958 572 956 572 934 588 931 589 927 588 906 580 905 580 903 580 902 580 877 588 869 592 811 592 807 589 780 575 779 575 778 575 776 575 775 575 768 581 747 576 746 576 744 576 743 576 742 576 722 590 721 592 660 593 656 592 641 585 640 585 638 585 637 585 607 593 603 593 584 593 573 593 550 577 548 577 547 577 485 577 483 577 482 577 451 586 440 579 438 579 437 579 360 579 359 579 357 579 356 579 339 593 311 597 308 598 212 598 213 625"/></Shape>
	    <String CONTENT="قلة عشاالها دلاا عرض خسنه گفته اندکه"
                    HPOS="212"
                    VPOS="569"
                    WIDTH="1048"
                    HEIGHT="78"
                    WC="0.8776060822937224"></String>
          </TextLine>

          
          
          <TextLine ID="eSc_line_853aaf47"
                    TAGREFS="LT4837"
                    BASELINE="212 687 893 687 1255 677" 
                    HPOS="210"
                    VPOS="632"
                    WIDTH="1045"
                    HEIGHT="87">
            <Shape><Polygon POINTS="212 687 212 703 300 711 302 711 340 703 361 714 363 714 364 714 365 714 385 708 398 719 400 719 401 719 402 719 404 719 430 710 493 718 494 718 495 718 497 718 511 706 532 718 534 718 535 718 698 716 699 716 701 716 713 708 783 715 784 715 786 715 787 715 792 710 800 716 801 716 803 716 804 716 805 716 823 707 846 715 848 715 849 716 986 716 986 715 987 715 988 715 1010 698 1033 698 1041 698 1085 712 1086 712 1088 712 1089 712 1112 704 1138 710 1139 710 1141 710 1167 696 1253 695 1255 677 1253 646 1230 632 1228 632 1227 632 1226 632 1224 632 1190 649 1179 654 1170 649 1141 632 1139 632 1138 632 1137 632 1135 632 1101 650 1090 655 976 655 970 651 946 633 945 633 943 633 884 633 882 633 881 633 880 633 864 645 850 636 849 636 848 636 846 636 845 636 778 654 764 657 714 654 654 651 653 651 621 655 603 658 599 655 572 636 571 636 569 636 568 636 475 646 416 636 414 636 413 636 320 659 319 659 290 637 288 637 287 637 254 637 253 637 251 637 210 659 212 687"/></Shape>
	    <String CONTENT="الصلاة واتو الزكوت وأفرض الله قرضا حسنا"
                    HPOS="210"
                    VPOS="632"
                    WIDTH="1045"
                    HEIGHT="87"
                    WC="0.9373287677764892"></String>
          </TextLine>

          
          
          <TextLine ID="eSc_line_d1a1addc"
                    TAGREFS="LT4837"
                    BASELINE="213 765 1251 763" 
                    HPOS="212"
                    VPOS="715"
                    WIDTH="1039"
                    HEIGHT="81">
            <Shape><Polygon POINTS="213 765 213 780 290 780 292 781 327 795 328 795 330 795 331 795 369 781 373 780 412 780 414 781 422 788 424 788 425 788 426 788 428 788 444 781 446 780 449 781 461 789 462 789 463 789 465 789 542 781 560 780 567 781 604 795 605 795 607 796 697 796 697 795 698 795 725 781 732 779 739 781 764 793 766 793 767 795 828 795 828 793 874 783 892 793 893 793 894 793 896 793 968 789 970 789 971 789 979 783 980 781 986 783 1023 793 1024 793 1025 795 1088 795 1088 793 1089 793 1117 783 1129 779 1155 779 1165 783 1183 793 1184 793 1186 793 1249 783 1251 763 1249 727 1220 715 1219 715 1146 715 1145 715 1143 715 1089 728 1059 738 1020 738 1007 730 999 726 998 726 996 726 995 726 979 731 959 738 819 738 811 732 804 730 803 730 801 730 770 734 743 736 735 734 703 720 702 720 701 720 699 720 698 720 675 735 670 738 666 735 654 727 653 727 652 727 650 727 649 727 632 735 630 735 607 731 605 731 604 731 603 731 596 735 593 738 588 736 572 730 571 730 569 730 528 736 519 738 514 736 437 716 436 716 434 716 433 716 413 727 398 716 397 716 396 716 394 716 393 716 392 716 365 735 328 716 327 716 241 716 239 716 238 716 237 716 212 736 213 765"/></Shape>
	    <String CONTENT="چنانچه گفتراند صد دردنيا هزار در آخرت عوض بعرد که"
                    HPOS="212"
                    VPOS="715"
                    WIDTH="1039"
                    HEIGHT="81"
                    WC="0.8814927279949188"></String>
          </TextLine>

          
          
          <TextLine ID="eSc_line_c5dc93a1"
                    TAGREFS="LT4837"
                    BASELINE="216 840 1247 830" 
                    HPOS="214"
                    VPOS="788"
                    WIDTH="1033"
                    HEIGHT="81">
            <Shape><Polygon POINTS="216 840 216 858 327 857 334 859 339 863 340 863 341 863 343 863 344 863 353 859 364 855 437 855 448 859 471 869 473 869 474 869 475 869 495 859 498 858 506 859 535 863 536 863 538 863 548 859 560 854 583 858 625 867 626 867 732 861 788 866 789 866 791 866 792 866 804 858 811 854 816 858 829 865 831 865 832 865 833 865 860 858 882 851 893 858 899 862 901 862 902 862 903 862 905 862 914 857 925 851 949 857 976 863 978 865 1052 865 1052 863 1053 863 1065 857 1073 853 1090 857 1116 862 1117 862 1118 862 1135 857 1145 854 1153 857 1170 862 1171 862 1173 862 1174 862 1192 857 1206 853 1245 855 1247 830 1241 788 1184 804 1150 789 1145 788 1143 788 1142 788 1141 788 1134 791 1096 806 1047 806 1031 793 1029 793 1028 793 1027 793 1025 793 992 804 960 796 959 796 958 796 956 796 935 808 850 808 835 798 823 792 821 792 820 792 819 792 817 792 808 798 793 808 729 801 727 801 726 801 725 801 709 808 701 801 699 800 698 800 697 800 695 800 694 800 689 801 678 806 658 802 613 793 612 793 611 793 575 802 497 797 495 797 494 797 493 797 478 808 475 809 473 808 449 795 448 795 446 795 404 802 392 795 391 795 389 795 388 795 274 796 273 796 271 796 250 810 239 805 238 805 237 805 235 805 214 812 216 840"/></Shape>
	    <String CONTENT="فرض خسته است ودستگيری مد پيان ور دراه"
                    HPOS="214"
                    VPOS="788"
                    WIDTH="1033"
                    HEIGHT="81"
                    WC="0.887959514920776"></String>
          </TextLine>

          
          
          <TextLine ID="eSc_line_799bc1e2"
                    TAGREFS="LT4837"
                    BASELINE="231 895 869 907 1241 904" 
                    HPOS="230"
                    VPOS="851"
                    WIDTH="1011"
                    HEIGHT="85">
            <Shape><Polygon POINTS="231 895 230 912 306 927 307 927 363 915 368 915 420 916 425 916 440 927 441 927 442 927 444 927 445 927 470 918 475 916 511 916 520 919 587 931 699 932 701 932 750 923 766 920 776 924 803 934 804 934 805 934 807 934 837 924 846 923 872 926 951 935 953 935 1037 930 1076 936 1077 936 1078 936 1092 930 1104 924 1239 932 1241 904 1241 870 1214 862 1212 862 1211 862 1210 862 1194 870 1183 874 1163 869 1126 861 1125 861 1124 861 1122 861 1110 869 1108 871 1060 871 1056 869 1047 861 1045 861 1044 861 1004 859 1003 859 1002 859 984 869 972 875 953 869 939 865 938 865 937 865 935 865 934 865 929 869 917 875 888 875 878 869 868 861 866 861 865 861 839 861 837 861 836 861 835 861 825 869 817 874 722 874 701 869 673 862 672 862 632 867 608 871 592 867 542 854 540 854 539 854 538 854 536 854 518 867 515 870 511 867 493 854 491 854 490 854 489 854 487 854 469 862 444 853 442 853 367 851 365 851 364 851 331 861 314 854 312 854 311 854 310 854 308 854 291 867 288 867 231 867 231 895"/></Shape>
	    <String CONTENT="دن مرض عينداند وامدار دريغ مداريد که قواب"
                    HPOS="230"
                    VPOS="851"
                    WIDTH="1011"
                    HEIGHT="85"
                    WC="0.8870585575336363"></String>
          </TextLine>

          
          
          <TextLine ID="eSc_line_68ca5b3b"
                    TAGREFS="LT4837"
                    BASELINE="226 977 1239 972" 
                    HPOS="225"
                    VPOS="923"
                    WIDTH="1014"
                    HEIGHT="80">
            <Shape><Polygon POINTS="226 977 226 989 249 999 250 999 251 999 253 999 281 991 307 1000 308 1000 310 1000 369 991 376 991 381 992 413 1000 414 1000 416 1000 417 1000 418 1000 428 992 430 989 482 989 489 992 501 1001 502 1001 503 1001 505 1001 506 1001 507 1001 518 995 527 1001 528 1001 530 1001 531 1001 532 1001 547 993 551 991 638 989 660 995 693 1003 694 1003 695 1003 697 1003 715 996 831 1001 832 1001 833 1001 835 1001 840 996 850 988 885 997 902 1001 903 1001 905 1003 982 1003 982 1001 983 1001 994 999 1019 989 1067 997 1068 997 1069 997 1070 997 1088 987 1116 987 1153 999 1154 999 1236 1000 1239 972 1237 943 1204 934 1203 934 1202 934 1200 934 1180 942 1151 930 1150 930 1149 930 1096 943 1010 943 971 932 970 932 968 932 967 932 966 932 950 943 937 932 935 932 934 932 933 932 931 932 907 940 894 935 893 935 892 935 890 935 876 942 860 936 858 936 857 936 856 936 854 936 846 944 774 944 734 923 732 923 731 923 730 923 729 923 713 938 686 931 685 931 683 931 682 931 630 944 600 931 599 931 597 931 564 934 551 923 550 923 548 923 547 923 546 923 514 931 489 923 487 923 486 923 420 934 402 924 401 924 282 924 281 924 279 924 225 946 226 977"/></Shape>
	    <String CONTENT="بسياراست باطن مومن درکم خوردن وکر خفتن و کمر گفتن"
                    HPOS="225"
                    VPOS="923"
                    WIDTH="1014"
                    HEIGHT="80"
                    WC="0.882342269834207"></String>
          </TextLine>

          
          
          <TextLine ID="eSc_line_334eab06"
                    TAGREFS="LT4837"
                    BASELINE="216 1049 1235 1037" 
                    HPOS="214"
                    VPOS="995"
                    WIDTH="1021"
                    HEIGHT="79">
            <Shape><Polygon POINTS="216 1049 216 1062 282 1062 310 1074 311 1074 312 1074 314 1074 315 1074 331 1061 406 1073 408 1073 409 1073 442 1060 444 1060 589 1071 591 1071 592 1071 618 1061 633 1073 634 1073 636 1073 637 1074 668 1074 668 1073 872 1070 873 1070 874 1070 886 1061 905 1067 906 1067 907 1067 958 1058 968 1066 970 1066 971 1066 972 1066 974 1066 1006 1053 1008 1053 1010 1053 1045 1067 1047 1067 1048 1067 1049 1067 1096 1053 1161 1058 1162 1058 1234 1050 1235 1037 1231 1003 1093 1009 1084 1005 1070 997 1069 997 1068 997 1067 997 1065 997 1056 1005 1048 1012 950 1012 943 1008 941 1005 939 1005 938 1005 937 1005 914 1008 873 1013 866 1009 852 999 850 999 849 999 848 999 846 999 807 1009 795 1013 788 1010 759 995 758 995 736 995 735 995 734 995 732 995 711 1012 707 1016 689 1016 681 1012 636 996 634 996 580 996 579 996 577 996 542 1009 503 997 502 997 501 997 406 999 405 999 404 999 391 1009 327 999 326 999 270 1001 269 1001 267 1001 249 1017 235 1012 234 1012 233 1012 231 1012 214 1018 216 1049"/></Shape>
	    <String CONTENT="است حال دنيوی بر يک ديگر تفاخر مکنيد و يکدمگر به افلاس"
                    HPOS="214"
                    VPOS="995"
                    WIDTH="1021"
                    HEIGHT="79"
                    WC="0.8705293944588414"></String>
          </TextLine>

          
          
          <TextLine ID="eSc_line_f8894e68"
                    TAGREFS="LT4837"
                    BASELINE="225 1111 892 1116 1230 1110" 
                    HPOS="225"
                    VPOS="1069"
                    WIDTH="1005"
                    HEIGHT="77">
            <Shape><Polygon POINTS="225 1111 225 1132 303 1123 438 1123 451 1131 458 1136 459 1136 461 1136 462 1136 463 1136 465 1136 471 1131 473 1130 478 1131 523 1142 524 1142 562 1134 642 1143 644 1143 645 1143 670 1135 682 1143 683 1143 685 1143 686 1143 687 1143 689 1143 701 1132 713 1135 714 1135 715 1135 717 1135 718 1135 727 1128 731 1126 736 1128 748 1134 750 1134 751 1134 752 1134 766 1128 775 1124 783 1128 820 1144 821 1144 823 1146 982 1146 982 1144 983 1144 984 1144 994 1138 1028 1144 1029 1144 1031 1144 1032 1144 1049 1132 1090 1139 1092 1139 1093 1139 1094 1139 1114 1124 1118 1124 1167 1135 1169 1135 1170 1135 1171 1135 1186 1124 1187 1124 1228 1124 1230 1110 1227 1070 1202 1070 1200 1070 1199 1070 1198 1070 1182 1083 1141 1073 1139 1073 1138 1073 1137 1073 1135 1073 1122 1085 1070 1085 1055 1070 1053 1070 1052 1070 1016 1070 1015 1070 1013 1070 1012 1070 996 1083 971 1073 970 1073 968 1073 967 1073 946 1085 918 1085 902 1070 901 1070 899 1070 898 1070 896 1070 840 1077 815 1070 813 1070 812 1070 811 1070 809 1070 808 1070 788 1083 701 1070 697 1070 695 1070 694 1070 672 1082 644 1075 642 1075 641 1075 640 1075 638 1075 630 1083 581 1083 559 1070 558 1070 556 1070 555 1070 551 1070 514 1078 453 1070 436 1069 434 1069 433 1069 426 1070 385 1083 336 1083 310 1070 304 1069 303 1069 302 1069 225 1070 225 1111"/></Shape>
	    <String CONTENT="طعن مشرنيد که اين شيود منافقان و جاملان است از خدا"
                    HPOS="225"
                    VPOS="1069"
                    WIDTH="1005"
                    HEIGHT="77"
                    WC="0.9232175135612488"></String>
          </TextLine>

          
          
          <TextLine ID="eSc_line_7ed7b6a1"
                    TAGREFS="LT4837"
                    BASELINE="217 1184 1228 1181" 
                    HPOS="216"
                    VPOS="1139"
                    WIDTH="1012"
                    HEIGHT="76">
            <Shape><Polygon POINTS="217 1184 217 1196 246 1209 247 1209 249 1209 250 1209 271 1203 287 1213 288 1213 290 1213 291 1213 292 1213 334 1197 512 1197 539 1211 540 1211 542 1211 543 1211 575 1199 616 1213 617 1213 618 1215 721 1215 721 1213 804 1212 805 1212 807 1212 824 1199 835 1208 836 1208 837 1208 839 1208 840 1208 854 1203 876 1212 877 1212 878 1213 970 1213 970 1212 1039 1196 1063 1212 1064 1212 1065 1212 1067 1213 1088 1213 1088 1212 1089 1212 1131 1196 1162 1208 1163 1208 1165 1208 1228 1193 1228 1181 1227 1150 1202 1143 1200 1143 1199 1143 1198 1143 1184 1150 1174 1155 1161 1150 1133 1139 1131 1139 1130 1139 1129 1139 1109 1150 1098 1156 1031 1156 1024 1151 1010 1139 1008 1139 1007 1139 982 1139 980 1139 979 1139 943 1152 938 1154 935 1152 930 1148 929 1148 927 1148 926 1148 894 1152 873 1155 868 1152 856 1143 854 1143 853 1143 852 1143 850 1143 829 1152 824 1155 812 1154 776 1147 775 1147 774 1147 772 1147 764 1154 762 1155 738 1154 672 1150 670 1150 642 1155 633 1156 630 1155 616 1143 615 1143 613 1143 612 1143 611 1143 588 1150 576 1140 575 1140 573 1140 572 1140 571 1140 535 1150 518 1140 516 1140 343 1140 341 1140 340 1140 339 1140 320 1156 259 1143 258 1143 257 1143 216 1156 217 1184"/></Shape>
	    <String CONTENT="دين طلب ميد و سلامت دين وخداشناسی طلبيد و"
                    HPOS="216"
                    VPOS="1139"
                    WIDTH="1012"
                    HEIGHT="76"
                    WC="0.8866724706277614"></String>
          </TextLine>

          
          
          <TextLine ID="eSc_line_276d0fde"
                    TAGREFS="LT4837"
                    BASELINE="214 1256 375 1250 1223 1253" 
                    HPOS="213"
                    VPOS="1204"
                    WIDTH="1010"
                    HEIGHT="70">
            <Shape><Polygon POINTS="214 1256 213 1262 225 1272 226 1272 227 1272 229 1272 230 1272 273 1260 278 1258 507 1258 510 1258 532 1268 534 1268 535 1268 536 1268 538 1268 548 1260 600 1268 601 1268 637 1262 670 1273 672 1273 673 1274 815 1274 815 1273 816 1273 840 1260 861 1273 862 1273 864 1273 865 1273 955 1260 986 1273 987 1273 988 1274 1101 1274 1101 1273 1102 1273 1120 1265 1187 1273 1188 1273 1190 1273 1222 1258 1223 1253 1223 1215 1191 1205 1190 1205 1188 1205 1187 1205 1186 1205 1174 1215 1161 1225 1122 1215 1114 1213 1113 1213 1112 1213 1110 1213 1104 1216 1077 1226 1010 1226 975 1217 966 1215 964 1215 963 1215 962 1215 960 1215 958 1217 947 1226 878 1226 861 1219 833 1205 832 1205 831 1205 829 1205 828 1205 807 1219 795 1225 754 1219 746 1219 744 1219 743 1219 740 1220 727 1225 713 1220 702 1216 701 1216 699 1216 673 1220 641 1225 621 1220 573 1208 572 1208 571 1208 569 1208 539 1221 494 1204 493 1204 422 1204 421 1204 420 1204 418 1204 404 1215 388 1204 387 1204 385 1204 318 1204 316 1204 315 1204 314 1204 298 1215 253 1209 251 1209 250 1209 214 1222 214 1256"/></Shape>
	    <String CONTENT="مزو از مومن ان ست ديگری ازو درمومنی رشک برد که من"
                    HPOS="213"
                    VPOS="1204"
                    WIDTH="1010"
                    HEIGHT="70"
                    WC="0.8733304696423667"></String>
          </TextLine>

          
          
          <TextLine ID="eSc_line_0a10e430"
                    TAGREFS="LT4837"
                    BASELINE="214 1325 569 1322 1078 1332 1220 1328" 
                    HPOS="214"
                    VPOS="1270"
                    WIDTH="1006"
                    HEIGHT="84">
            <Shape><Polygon POINTS="214 1325 214 1340 292 1340 292 1339 294 1339 330 1328 352 1335 353 1335 355 1335 356 1335 377 1328 453 1335 454 1335 609 1331 641 1339 653 1342 654 1342 656 1342 670 1339 699 1332 711 1339 729 1348 730 1348 731 1350 795 1350 795 1348 796 1348 820 1339 832 1334 848 1339 880 1348 881 1348 882 1348 884 1348 921 1339 938 1334 950 1338 982 1351 983 1351 984 1352 1024 1352 1024 1351 1025 1351 1060 1338 1065 1336 1070 1338 1104 1352 1105 1352 1106 1354 1190 1354 1190 1352 1191 1352 1219 1338 1220 1328 1219 1285 1180 1281 1179 1281 1178 1281 1170 1285 1151 1294 1084 1295 1059 1285 1043 1278 1041 1278 1040 1278 1039 1278 1024 1285 1002 1295 966 1295 954 1285 945 1277 943 1277 942 1277 941 1277 939 1277 921 1283 903 1277 902 1277 901 1277 899 1277 876 1285 861 1290 850 1285 841 1281 840 1281 839 1281 837 1281 827 1285 807 1293 766 1293 748 1285 722 1275 721 1275 719 1275 669 1282 658 1275 657 1275 656 1275 654 1275 653 1275 652 1275 638 1286 630 1291 575 1291 565 1286 543 1275 542 1275 510 1274 508 1274 507 1274 485 1286 479 1289 475 1286 449 1273 448 1273 446 1273 383 1282 361 1272 360 1272 319 1272 318 1272 316 1272 288 1286 287 1287 286 1286 251 1270 250 1270 249 1270 247 1270 246 1270 226 1286 226 1287 214 1287 214 1325"/></Shape>
	    <String CONTENT="همچنين نباشم بر ديگران ستم روا بداريد و بغض را در دل ره"
                    HPOS="214"
                    VPOS="1270"
                    WIDTH="1006"
                    HEIGHT="84"
                    WC="0.9163821545514194"></String>
          </TextLine>

          
          
          <TextLine ID="eSc_line_d40eb9a9"
                    TAGREFS="LT4837"
                    BASELINE="212 1401 448 1393 1212 1395" 
                    HPOS="210"
                    VPOS="1343"
                    WIDTH="1002"
                    HEIGHT="85">
            <Shape><Polygon POINTS="212 1401 213 1423 238 1415 249 1420 250 1420 251 1420 253 1420 254 1420 270 1407 469 1407 478 1415 479 1415 481 1415 482 1415 530 1407 559 1416 576 1423 577 1423 579 1423 580 1423 604 1416 609 1415 620 1416 717 1427 718 1427 719 1427 744 1413 758 1407 771 1412 805 1427 807 1427 808 1428 1002 1428 1002 1427 1003 1427 1033 1415 1078 1427 1080 1427 1081 1428 1143 1428 1143 1427 1145 1427 1212 1404 1212 1395 1210 1362 1126 1362 1125 1362 1088 1343 1086 1343 1085 1343 1037 1354 1025 1344 1024 1344 1023 1344 1021 1344 1020 1344 970 1362 968 1362 966 1362 902 1351 901 1351 899 1351 898 1351 885 1362 885 1363 813 1363 813 1362 804 1355 803 1355 801 1355 800 1355 766 1362 742 1347 740 1347 739 1347 738 1347 736 1347 710 1360 656 1362 595 1343 593 1343 592 1343 591 1343 546 1362 516 1343 515 1343 514 1343 437 1343 436 1343 434 1343 433 1343 405 1362 389 1348 388 1348 387 1348 270 1343 269 1343 267 1343 210 1362 212 1401"/></Shape>
	    <String CONTENT="دهد که بغض و چسيد و ظلم مرد را از دين برآدرد کيز"
                    HPOS="210"
                    VPOS="1343"
                    WIDTH="1002"
                    HEIGHT="85"
                    WC="0.8599449225834438"></String>
          </TextLine>

          
          
          <TextLine ID="eSc_line_44166bcc"
                    TAGREFS="LT4837"
                    BASELINE="217 1460 1203 1466" 
                    HPOS="216"
                    VPOS="1408"
                    WIDTH="987"
                    HEIGHT="89">
            <Shape><Polygon POINTS="217 1460 216 1486 235 1489 237 1489 238 1489 239 1489 241 1487 257 1477 406 1477 449 1485 450 1485 490 1478 503 1487 505 1487 506 1487 507 1487 573 1478 624 1490 645 1494 646 1495 698 1495 698 1494 699 1494 715 1490 758 1480 793 1490 808 1495 809 1495 811 1495 812 1495 831 1491 846 1487 862 1491 877 1494 878 1494 880 1494 886 1491 902 1485 926 1491 941 1495 942 1495 943 1497 974 1497 974 1495 975 1495 976 1495 980 1491 987 1486 1002 1491 1013 1497 1015 1497 1016 1497 1202 1493 1203 1466 1199 1416 1180 1423 1162 1416 1153 1413 1151 1413 1150 1413 1149 1413 1147 1413 1143 1416 1121 1434 1085 1420 1084 1420 1082 1420 1081 1420 1027 1434 998 1419 995 1417 994 1417 992 1417 984 1419 919 1433 844 1433 816 1421 791 1411 789 1411 788 1411 787 1411 786 1411 770 1421 751 1433 672 1433 646 1431 636 1423 625 1415 624 1415 622 1415 565 1415 564 1415 563 1415 562 1415 548 1424 546 1427 543 1424 519 1409 518 1409 516 1409 387 1408 385 1408 384 1408 371 1415 330 1408 328 1408 327 1408 326 1408 295 1428 292 1429 217 1429 217 1460"/></Shape>
	    <String CONTENT="يکديگر را از دل براو مريد که در سينه مومن کينه راست"
                    HPOS="216"
                    VPOS="1408"
                    WIDTH="987"
                    HEIGHT="89"
                    WC="0.9213332522149179"></String>
          </TextLine>

          
        </TextBlock>
        
        <TextBlock HPOS="705"
                   VPOS="21"
                   WIDTH="104"
                   HEIGHT="83"
                   ID="eSc_textblock_7807ffd5"
                   TAGREFS="BT16093">
          <Shape><Polygon POINTS="736 21 799 21 809 37 788 104 731 99 705 62 736 21"/></Shape>
          
          
          <TextLine ID="eSc_line_5d0e1101"
                    TAGREFS="LT4837"
                    BASELINE="739 56 800 53" 
                    HPOS="736"
                    VPOS="23"
                    WIDTH="64"
                    HEIGHT="63">
            <Shape><Polygon POINTS="739 56 739 75 800 86 800 53 796 23 736 33 739 56"/></Shape>
	    <String CONTENT=""
                    HPOS="736"
                    VPOS="23"
                    WIDTH="64"
                    HEIGHT="63"></String>
          </TextLine>

          
        </TextBlock>
        

        
      </PrintSpace>
    </Page>
  </Layout>
</alto>
