<?xml version="1.0" encoding="UTF-8"?>
<alto xmlns:xsi="http://www.w3.org/2001/XMLSchema-instance"
      xmlns="http://www.loc.gov/standards/alto/ns-v4#"
      xsi:schemaLocation="http://www.loc.gov/standards/alto/ns-v4# http://www.loc.gov/standards/alto/v4/alto-4-2.xsd">
  <Description>
    <MeasurementUnit>pixel</MeasurementUnit>
    <sourceImageInformation>
      <fileName>Rasail013.jpg</fileName>
      
    </sourceImageInformation>
  </Description>
  
  <Tags>
    <OtherTag ID="BT16094" LABEL="default" DESCRIPTION="block type default"/><OtherTag ID="BT16093" LABEL="NumberingZone:page" DESCRIPTION="block type NumberingZone:page"/><OtherTag ID="BT16092" LABEL="MarginTextZone:note" DESCRIPTION="block type MarginTextZone:note"/><OtherTag ID="BT16091" LABEL="TitlePageZone" DESCRIPTION="block type TitlePageZone"/><OtherTag ID="BT16090" LABEL="QuireMarksZone:catchwords" DESCRIPTION="block type QuireMarksZone:catchwords"/><OtherTag ID="BT16089" LABEL="NumberingZone:other" DESCRIPTION="block type NumberingZone:other"/><OtherTag ID="BT16088" LABEL="NumberingZone" DESCRIPTION="block type NumberingZone"/><OtherTag ID="BT16087" LABEL="MarginTextZone" DESCRIPTION="block type MarginTextZone"/><OtherTag ID="BT16086" LABEL="MainZone" DESCRIPTION="block type MainZone"/><OtherTag ID="BT16085" LABEL="DigitizationArtefactZone" DESCRIPTION="block type DigitizationArtefactZone"/><OtherTag ID="BT2" LABEL="Main" DESCRIPTION="block type Main"/><OtherTag ID="BT1" LABEL="Title" DESCRIPTION="block type Title"/>
    <OtherTag ID="LT4837" LABEL="DefaultLine" DESCRIPTION="line type DefaultLine"/><OtherTag ID="LT4838" LABEL="default" DESCRIPTION="line type default"/><OtherTag ID="LT4839" LABEL="HeadingLine:title" DESCRIPTION="line type HeadingLine:title"/>
  </Tags>
  
  <Layout>
    <Page WIDTH="1144"
          HEIGHT="1811"
          PHYSICAL_IMG_NR="41"
          ID="eSc_dummypage_">
      <PrintSpace HPOS="0"
                  VPOS="0"
                  WIDTH="1144"
                  HEIGHT="1811">
        
        <TextBlock HPOS="30"
                   VPOS="126"
                   WIDTH="1071"
                   HEIGHT="1617"
                   ID="eSc_textblock_7ba531f1"
                   TAGREFS="BT16086">
          <Shape><Polygon POINTS="747 126 1059 126 1101 187 1095 1700 1023 1743 108 1737 54 1706 66 1587 30 813 48 169 84 144 747 126"/></Shape>
          
          
          <TextLine ID="eSc_line_f97406da"
                    TAGREFS="LT4837"
                    BASELINE="728 185 1054 166" 
                    HPOS="725"
                    VPOS="126"
                    WIDTH="329"
                    HEIGHT="80">
            <Shape><Polygon POINTS="1041 126 1039 126 974 138 964 131 958 126 956 126 955 126 953 126 952 126 934 134 928 135 922 134 902 129 901 129 899 129 897 129 882 137 869 144 843 140 836 140 834 140 833 140 822 143 796 149 781 146 754 138 753 138 751 138 750 138 725 149 728 185 728 206 804 191 828 200 830 200 831 200 833 200 834 200 854 188 893 196 902 197 904 197 922 194 977 181 994 188 999 190 1000 190 1002 190 1003 190 1011 187 1036 178 1051 184 1054 166 1048 126 1041 126"/></Shape>
	    <String CONTENT="دارد ساکناست و ازال"
                    HPOS="725"
                    VPOS="126"
                    WIDTH="329"
                    HEIGHT="80"
                    WC="0.9144755194061681"></String>
          </TextLine>

          
          
          <TextLine ID="eSc_line_fe7e9df0"
                    TAGREFS="LT4837"
                    BASELINE="923 261 1053 250" 
                    HPOS="919"
                    VPOS="199"
                    WIDTH="134"
                    HEIGHT="89">
            <Shape><Polygon POINTS="923 261 925 288 991 285 993 285 1053 264 1053 250 1044 199 970 220 919 212 923 261"/></Shape>
	    <String CONTENT="حكما مي عظ"
                    HPOS="919"
                    VPOS="199"
                    WIDTH="134"
                    HEIGHT="89"
                    WC="0.8133464574813842"></String>
          </TextLine>

          
          
          <TextLine ID="eSc_line_0ab0964a"
                    TAGREFS="LT4837"
                    BASELINE="54 217 395 211 635 194" 
                    HPOS="51"
                    VPOS="144"
                    WIDTH="584"
                    HEIGHT="101">
            <Shape><Polygon POINTS="54 217 55 241 79 235 101 239 132 245 134 245 135 245 164 236 185 230 206 235 239 241 241 241 242 241 271 232 276 230 279 230 304 239 306 239 307 239 357 229 386 236 387 236 389 236 390 236 431 224 433 224 485 233 487 233 488 233 537 218 540 218 543 218 562 224 564 224 565 224 635 214 635 194 629 144 572 147 570 147 550 158 534 149 532 149 531 149 529 149 484 169 466 155 464 155 463 155 461 155 460 155 458 155 428 178 396 181 303 182 291 175 289 175 288 175 286 175 223 184 187 166 176 161 175 161 173 161 140 162 138 162 137 162 137 164 131 169 128 173 117 169 99 162 98 162 96 162 51 172 54 217"/></Shape>
	    <String CONTENT="که تقاضای ظمور خود نموده متحرک"
                    HPOS="51"
                    VPOS="144"
                    WIDTH="584"
                    HEIGHT="101"
                    WC="0.9704551478226979"></String>
          </TextLine>

          
          
          <TextLine ID="eSc_line_3c564b89"
                    TAGREFS="LT4837"
                    BASELINE="60 303 514 298 916 262" 
                    HPOS="57"
                    VPOS="221"
                    WIDTH="859"
                    HEIGHT="112">
            <Shape><Polygon POINTS="60 303 60 322 155 333 156 333 158 333 159 333 159 332 161 332 167 322 181 328 182 328 184 328 185 328 187 328 199 318 211 327 212 327 214 327 215 327 277 325 279 325 321 313 392 327 393 327 395 327 396 327 396 325 405 318 424 324 425 324 427 324 428 324 430 324 430 322 442 312 455 321 457 321 458 321 460 321 461 321 463 321 470 315 479 322 481 322 482 322 484 322 547 318 549 318 550 318 550 316 567 301 615 316 617 316 618 316 661 315 662 315 664 315 694 295 718 312 719 312 721 312 722 312 724 312 793 291 795 291 840 300 842 300 843 300 863 292 873 301 873 303 875 303 876 303 878 303 879 303 916 285 916 262 911 221 849 232 789 229 766 227 765 227 763 227 757 230 724 249 679 235 668 232 667 232 665 232 664 232 662 232 662 233 658 236 644 252 614 239 606 236 605 236 603 236 602 236 600 236 600 238 599 238 597 239 593 245 578 241 559 236 558 236 556 236 538 238 537 238 535 238 535 239 534 239 531 244 519 259 484 259 469 249 461 241 460 241 458 241 457 241 455 241 439 250 415 264 327 265 312 258 294 249 292 249 291 249 289 249 288 249 271 261 255 271 206 271 197 265 193 261 191 261 190 261 188 261 158 267 122 276 101 271 79 267 78 267 76 267 57 273 60 303"/></Shape>
	    <String CONTENT="اين حرکت عقل را به حرکت شوفی و حرکت زانی"
                    HPOS="57"
                    VPOS="221"
                    WIDTH="859"
                    HEIGHT="112"
                    WC="0.8748528756201267"></String>
          </TextLine>

          
          
          <TextLine ID="eSc_line_452938a8"
                    TAGREFS="LT4837"
                    BASELINE="63 389 315 389 911 350 1053 347" 
                    HPOS="61"
                    VPOS="294"
                    WIDTH="992"
                    HEIGHT="128">
            <Shape><Polygon POINTS="63 413 110 422 111 422 185 407 187 407 215 422 217 422 218 422 300 412 341 416 342 416 344 416 395 395 398 393 433 393 436 393 495 407 496 407 564 404 590 402 591 402 593 402 615 386 635 392 636 392 638 392 639 392 673 380 676 380 680 380 784 392 786 392 787 392 828 375 854 386 855 386 857 386 858 386 860 386 860 384 876 369 911 384 913 384 914 384 916 384 961 365 961 363 1053 359 1053 347 1048 294 990 297 988 297 987 297 987 298 971 315 953 306 952 306 950 306 857 312 843 306 839 304 837 304 836 304 810 306 808 306 807 306 804 309 787 321 763 315 762 315 760 315 759 315 757 315 757 316 747 328 636 333 602 321 591 318 590 318 588 318 587 318 585 318 578 322 556 336 546 327 544 327 543 327 541 327 540 327 501 341 458 335 457 335 455 335 428 344 413 336 412 336 410 336 359 348 330 338 315 333 313 333 312 333 310 333 297 341 273 354 224 354 194 347 172 341 170 341 169 341 134 344 132 344 131 344 122 351 108 362 61 356 63 389 63 413"/></Shape>
	    <String CONTENT="ركت ايجادى تعبير نموده اند بنا بران در نفس گل ميره حدتى"
                    HPOS="61"
                    VPOS="294"
                    WIDTH="992"
                    HEIGHT="128"
                    WC="0.898335722359744"></String>
          </TextLine>

          
          
          <TextLine ID="eSc_line_873e17e5"
                    TAGREFS="LT4837"
                    BASELINE="804 437 1057 425" 
                    HPOS="801"
                    VPOS="372"
                    WIDTH="256"
                    HEIGHT="88">
            <Shape><Polygon POINTS="804 437 804 448 866 460 867 460 899 458 901 458 902 458 902 457 913 446 926 457 928 457 929 457 931 457 962 455 964 455 965 455 988 440 996 437 1054 437 1057 425 1053 375 994 372 993 372 956 378 955 378 953 378 953 380 949 383 943 390 922 386 913 384 911 384 893 387 863 395 851 392 833 386 831 386 830 386 828 386 801 395 804 437"/></Shape>
	    <String CONTENT="وسكولى او إزا"
                    HPOS="801"
                    VPOS="372"
                    WIDTH="256"
                    HEIGHT="88"
                    WC="0.820012275661741"></String>
          </TextLine>

          
          
          <TextLine ID="eSc_line_2fb94dc4"
                    TAGREFS="LT4837"
                    BASELINE="974 507 1059 507" 
                    HPOS="974"
                    VPOS="464"
                    WIDTH="85"
                    HEIGHT="55">
            <Shape><Polygon POINTS="974 507 974 516 1057 519 1059 507 1057 464 974 482 974 507"/></Shape>
	    <String CONTENT=""
                    HPOS="974"
                    VPOS="464"
                    WIDTH="85"
                    HEIGHT="55"></String>
          </TextLine>

          
          
          <TextLine ID="eSc_line_627c353f"
                    TAGREFS="LT4837"
                    BASELINE="137 464 448 461 591 452" 
                    HPOS="135"
                    VPOS="407"
                    WIDTH="456"
                    HEIGHT="88">
            <Shape><Polygon POINTS="137 464 137 484 185 484 187 484 206 495 208 495 209 495 211 495 212 495 212 493 224 484 224 482 226 482 246 491 247 491 249 491 250 491 276 482 277 482 304 493 306 493 307 493 309 493 310 493 329 481 330 481 338 481 393 488 395 488 396 488 413 481 449 490 451 490 452 490 454 490 455 490 473 479 484 488 484 490 485 490 487 490 488 491 526 491 526 490 591 476 591 452 590 418 570 407 568 407 567 407 473 408 472 408 439 425 424 433 393 433 387 427 375 416 375 415 374 415 372 415 371 415 369 415 368 415 368 416 354 428 348 434 277 434 273 433 236 413 235 413 233 413 232 413 230 413 202 436 181 419 179 419 178 419 176 419 175 419 135 436 137 464"/></Shape>
	    <String CONTENT="بخوايد كه مرتبه خود را كه ظاه"
                    HPOS="135"
                    VPOS="407"
                    WIDTH="456"
                    HEIGHT="88"
                    WC="0.8833923740633602"></String>
          </TextLine>

          
          
          <TextLine ID="eSc_line_43646880"
                    TAGREFS="LT4837"
                    BASELINE="66 457 89 457" 
                    HPOS="66"
                    VPOS="419"
                    WIDTH="23"
                    HEIGHT="47">
            <Shape><Polygon POINTS="66 457 66 464 87 466 89 457 87 419 66 421 66 457"/></Shape>
	    <String CONTENT=""
                    HPOS="66"
                    VPOS="419"
                    WIDTH="23"
                    HEIGHT="47"></String>
          </TextLine>

          
          
          <TextLine ID="eSc_line_2fadc06e"
                    TAGREFS="LT4837"
                    BASELINE="63 552 819 535" 
                    HPOS="61"
                    VPOS="487"
                    WIDTH="758"
                    HEIGHT="91">
            <Shape><Polygon POINTS="63 552 63 562 128 564 141 576 141 578 143 578 144 578 146 578 147 578 175 568 197 578 199 578 200 578 202 578 229 565 252 576 253 576 255 576 336 574 338 574 339 574 368 556 371 556 434 568 436 568 437 568 473 556 496 570 498 570 499 570 501 571 535 571 535 570 537 570 538 570 538 568 555 552 556 552 591 562 593 562 594 562 673 550 689 564 689 565 691 565 692 565 694 567 721 567 721 565 722 565 724 565 748 547 751 547 818 547 819 535 814 487 731 490 730 490 728 490 704 501 682 493 677 491 676 491 674 491 673 491 671 491 670 493 641 510 614 498 612 498 611 498 609 498 608 498 608 499 594 511 564 505 562 505 561 505 535 513 485 502 469 499 467 499 466 499 464 499 464 501 461 504 451 514 415 507 413 507 412 507 393 516 384 507 378 502 378 501 377 501 375 501 374 501 372 501 359 508 351 501 350 501 348 501 347 501 345 501 344 501 344 502 335 510 327 519 298 519 286 511 265 501 264 501 262 501 261 501 259 501 238 514 232 517 229 514 215 502 215 501 214 501 212 501 211 501 153 502 152 502 150 502 125 520 122 520 83 513 81 513 79 513 61 520 63 552"/></Shape>
	    <String CONTENT="باطناست هرساند و باطن فاهر گردده"
                    HPOS="61"
                    VPOS="487"
                    WIDTH="758"
                    HEIGHT="91"
                    WC="0.9241713769733906"></String>
          </TextLine>

          
          
          <TextLine ID="eSc_line_50716881"
                    TAGREFS="LT4837"
                    BASELINE="72 627 534 632 747 612 1060 600" 
                    HPOS="70"
                    VPOS="556"
                    WIDTH="990"
                    HEIGHT="105">
            <Shape><Polygon POINTS="72 627 72 636 123 641 159 661 161 661 162 661 164 661 187 648 226 654 227 654 229 654 230 654 230 653 246 641 280 648 282 648 283 648 285 648 303 635 329 653 330 653 332 653 333 653 335 653 336 653 345 645 359 656 360 656 362 656 363 656 410 647 434 656 436 656 437 656 573 653 575 653 576 653 576 651 594 636 615 650 617 650 618 650 664 651 665 651 667 651 668 651 668 650 692 627 701 627 710 627 742 644 744 644 745 644 747 644 748 644 772 627 863 627 884 639 885 639 887 639 888 639 890 639 891 639 917 624 947 636 949 636 950 636 952 636 953 636 953 635 967 624 999 624 1017 636 1018 636 1020 636 1021 636 1023 636 1060 621 1060 600 1056 556 1003 568 991 559 991 558 990 558 988 558 982 558 907 558 905 558 904 558 902 558 890 568 861 559 860 559 858 559 857 559 855 559 854 559 836 574 789 574 787 574 786 574 784 574 784 576 777 584 753 571 751 571 750 571 748 571 747 571 722 588 674 565 673 565 671 565 670 565 668 565 668 567 655 578 612 573 611 573 609 573 608 573 576 593 547 593 531 578 529 578 528 578 526 578 525 578 523 578 498 594 448 594 413 570 412 570 410 570 409 570 407 570 405 570 374 596 345 597 184 597 150 573 150 571 149 571 147 571 146 571 70 573 72 627"/></Shape>
	    <String CONTENT="اير و باطن تا وحدت عقل و نفس متحقق گردد و صورت سان"
                    HPOS="70"
                    VPOS="556"
                    WIDTH="990"
                    HEIGHT="105"
                    WC="0.906868292093277"></String>
          </TextLine>

          
          
          <TextLine ID="eSc_line_2e3668e8"
                    TAGREFS="LT4837"
                    BASELINE="58 713 648 706 1060 680" 
                    HPOS="57"
                    VPOS="635"
                    WIDTH="1003"
                    HEIGHT="110">
            <Shape><Polygon POINTS="58 713 58 731 84 737 86 737 87 737 108 730 117 727 125 730 158 745 159 745 161 745 162 745 197 727 205 722 224 722 230 725 242 734 244 734 246 734 247 734 249 734 267 725 270 722 332 719 336 722 342 728 344 728 345 728 347 728 383 725 398 737 399 737 401 737 402 737 473 736 475 736 514 719 531 733 532 733 534 733 535 734 578 734 578 733 579 733 581 733 591 725 602 731 603 731 605 731 606 731 608 731 632 712 635 710 648 710 650 712 671 730 673 730 674 730 676 730 728 728 730 728 731 728 731 727 751 707 753 707 754 707 836 725 837 725 839 725 840 725 872 704 919 712 920 712 922 712 944 701 990 710 991 710 993 710 1009 703 1029 712 1030 712 1032 712 1033 712 1060 697 1060 680 1057 638 1020 635 1018 635 1017 635 1006 639 979 653 956 641 943 635 941 635 940 635 938 635 937 635 925 642 907 654 894 644 890 639 888 639 887 639 839 638 837 638 836 638 834 638 822 647 814 651 792 648 771 647 769 647 768 647 760 650 722 668 627 668 603 657 597 654 596 654 594 654 593 654 584 657 564 665 546 659 526 654 525 654 523 654 522 654 507 662 484 673 362 677 333 670 303 661 301 661 300 661 241 670 208 656 206 656 205 656 203 656 167 671 152 659 150 659 149 659 102 659 101 659 99 659 57 679 58 713"/></Shape>
	    <String CONTENT="و بی نيازی عقل و نفس در عالم محسوس در نقطه مر گز خاكى"
                    HPOS="57"
                    VPOS="635"
                    WIDTH="1003"
                    HEIGHT="110"
                    WC="0.9083701394638926"></String>
          </TextLine>

          
          
          <TextLine ID="eSc_line_bd550997"
                    TAGREFS="LT4837"
                    BASELINE="64 792 546 792 804 771 1060 760" 
                    HPOS="64"
                    VPOS="713"
                    WIDTH="996"
                    HEIGHT="107">
            <Shape><Polygon POINTS="64 802 113 805 132 819 134 819 135 819 137 820 161 820 161 819 162 819 164 819 164 817 178 804 196 814 197 814 199 814 273 804 301 816 303 816 304 816 404 801 464 813 466 813 467 813 517 799 540 810 541 810 543 811 593 811 593 810 594 810 596 810 618 792 639 808 641 808 642 808 644 810 670 810 670 808 671 808 731 787 734 787 738 787 786 805 787 805 789 805 790 805 840 786 840 784 976 783 1011 799 1012 799 1014 799 1015 799 1017 799 1038 781 1060 781 1060 760 1056 713 959 715 956 715 893 730 872 716 870 716 869 716 867 716 831 718 830 718 796 734 715 728 713 728 712 728 665 747 645 734 644 734 642 734 641 734 639 734 638 734 617 748 562 748 523 727 522 727 520 727 485 733 484 733 482 733 457 753 407 753 356 728 354 728 353 728 351 728 350 728 319 756 264 756 226 741 224 741 223 741 221 741 193 753 147 733 146 733 144 733 116 734 114 734 113 734 113 736 102 745 64 734 64 792 64 802"/></Shape>
	    <String CONTENT="ير شده و حرکت عقل و نفس در کره اخلاک و طالب"
                    HPOS="64"
                    VPOS="713"
                    WIDTH="996"
                    HEIGHT="107"
                    WC="0.9249467170515726"></String>
          </TextLine>

          
          
          <TextLine ID="eSc_line_0abf164b"
                    TAGREFS="LT4837"
                    BASELINE="64 879 526 878 1067 846" 
                    HPOS="63"
                    VPOS="802"
                    WIDTH="1004"
                    HEIGHT="111">
            <Shape><Polygon POINTS="64 879 64 899 126 896 131 899 144 911 146 911 147 911 149 913 184 913 184 911 185 911 187 911 202 897 212 903 214 903 215 903 217 903 242 894 250 891 256 893 285 907 286 907 288 908 321 908 321 907 322 907 324 907 345 890 348 887 368 887 372 888 389 902 390 902 392 902 393 902 395 902 396 902 415 887 416 887 431 899 433 899 434 899 436 899 505 884 507 884 529 899 531 899 532 899 534 899 617 887 638 894 639 894 641 894 642 894 674 887 701 893 703 893 704 893 706 893 707 893 722 884 745 891 747 891 748 891 750 891 804 872 807 870 851 870 852 870 894 885 896 885 897 885 899 885 932 867 938 867 971 867 985 879 987 879 988 879 990 879 991 879 993 879 1006 869 1023 876 1024 876 1026 876 1027 876 1067 861 1067 846 1062 802 1026 804 1024 804 1023 804 1009 814 984 805 982 805 981 805 979 805 977 805 976 805 955 817 902 813 901 813 899 813 897 813 882 822 861 811 857 810 855 810 854 810 818 814 739 824 721 819 704 814 703 814 701 814 700 814 683 820 658 831 639 824 627 817 626 817 624 817 588 819 587 819 585 819 585 820 579 827 570 836 478 837 467 831 461 827 460 827 458 827 457 827 427 834 405 839 395 836 378 830 377 830 375 830 339 837 315 843 297 840 270 836 268 836 267 836 265 836 258 842 255 845 252 842 236 831 235 831 233 831 232 831 230 831 194 845 188 848 182 846 159 836 158 836 156 836 155 836 153 836 140 848 137 849 132 848 96 840 95 840 93 840 63 851 64 879"/></Shape>
	    <String CONTENT="بصيرت درين سخنان نيکوتاقل نمايد ظايرالسی ملاحظه"
                    HPOS="63"
                    VPOS="802"
                    WIDTH="1004"
                    HEIGHT="111"
                    WC="0.9264570538033831"></String>
          </TextLine>

          
          
          <TextLine ID="eSc_line_5aecdc99"
                    TAGREFS="LT4837"
                    BASELINE="67 956 493 955 1071 929" 
                    HPOS="66"
                    VPOS="881"
                    WIDTH="1005"
                    HEIGHT="109">
            <Shape><Polygon POINTS="67 956 67 973 128 973 131 973 164 990 166 990 167 990 217 988 218 988 220 988 220 986 238 971 239 970 256 970 258 970 276 985 277 985 279 985 280 986 318 986 318 985 344 983 345 983 347 983 368 968 371 965 377 968 416 982 418 982 419 982 499 965 520 961 541 961 547 964 565 977 567 977 568 977 570 977 572 977 626 962 635 959 639 961 662 973 664 973 665 973 667 973 668 973 668 971 676 965 728 967 730 967 731 967 748 959 754 956 763 958 777 961 778 961 795 958 822 952 851 952 857 956 870 967 872 967 873 967 875 967 937 955 970 947 977 953 990 964 991 964 993 964 994 964 1071 950 1071 929 1068 881 1044 881 1042 881 1041 881 1039 881 1011 902 937 885 923 884 922 884 920 884 913 887 867 908 842 908 827 894 827 893 825 893 824 893 822 893 821 893 793 905 775 893 771 890 769 890 768 890 766 890 765 890 756 894 719 911 689 900 688 900 686 900 685 900 683 900 662 914 623 914 611 903 611 902 609 902 608 902 606 902 605 902 603 902 603 903 590 916 549 916 532 905 532 903 531 903 529 903 528 903 526 903 525 903 523 905 502 917 428 913 427 913 425 913 424 913 415 920 402 910 396 905 395 905 393 905 392 905 390 905 389 905 381 911 375 916 365 913 359 910 357 910 356 910 354 910 339 913 300 923 285 916 274 910 273 910 271 910 270 910 268 910 256 917 253 919 250 917 221 905 220 905 218 905 179 907 178 907 152 920 126 908 125 908 123 908 78 910 76 910 75 910 75 911 66 919 67 956"/></Shape>
	    <String CONTENT="غريب و عجيب اورا روی نمايد و همچنين هيچ چسمی ج"
                    HPOS="66"
                    VPOS="881"
                    WIDTH="1005"
                    HEIGHT="109"
                    WC="0.9292466070341028"></String>
          </TextLine>

          
          
          <TextLine ID="eSc_line_54283e5b"
                    TAGREFS="LT4837"
                    BASELINE="73 1036 562 1032 1071 1014" 
                    HPOS="72"
                    VPOS="968"
                    WIDTH="999"
                    HEIGHT="95">
            <Shape><Polygon POINTS="73 1036 73 1051 104 1063 105 1063 107 1063 108 1063 141 1050 143 1050 144 1050 181 1062 182 1062 184 1062 256 1051 335 1060 336 1060 338 1060 369 1048 439 1057 440 1057 516 1042 535 1054 537 1054 538 1054 540 1054 541 1054 543 1054 555 1047 597 1054 599 1054 680 1042 715 1051 716 1051 718 1051 804 1035 851 1048 852 1048 854 1048 855 1048 857 1048 875 1032 987 1032 1033 1044 1035 1044 1036 1044 1038 1044 1071 1027 1071 1014 1065 968 1011 985 955 974 953 974 952 974 950 974 943 980 934 973 932 971 931 971 929 971 928 971 926 971 917 974 879 985 869 976 864 971 863 971 861 971 860 971 733 973 731 973 730 973 716 982 694 996 671 985 670 985 668 985 667 985 665 985 665 986 653 997 597 990 596 990 594 990 593 990 578 1000 540 1000 526 990 513 979 511 979 510 979 508 979 507 979 482 991 463 1002 445 994 436 990 434 990 433 990 431 990 416 994 404 999 398 996 378 983 377 983 375 983 374 983 372 983 336 997 333 999 330 999 309 993 307 993 306 993 304 993 303 993 303 994 295 1000 289 1006 203 1008 194 1003 167 986 166 986 164 986 137 986 135 986 134 986 72 1006 73 1036"/></Shape>
	    <String CONTENT="ازين دو صفت که حرکت است و سکون خالی نيست و حرکت"
                    HPOS="72"
                    VPOS="968"
                    WIDTH="999"
                    HEIGHT="95"
                    WC="0.914166529127892"></String>
          </TextLine>

          
          
          <TextLine ID="eSc_line_13a62bd2"
                    TAGREFS="LT4837"
                    BASELINE="83 1125 664 1115 1008 1100 1060 1091" 
                    HPOS="81"
                    VPOS="1051"
                    WIDTH="979"
                    HEIGHT="102">
            <Shape><Polygon POINTS="83 1125 83 1146 185 1153 187 1153 188 1153 206 1143 218 1136 224 1142 233 1149 233 1151 235 1151 236 1151 238 1151 283 1140 291 1139 294 1140 312 1148 313 1148 315 1148 316 1148 318 1148 318 1146 327 1139 333 1131 375 1131 395 1136 431 1146 433 1146 434 1146 436 1146 437 1146 451 1134 455 1130 470 1134 504 1143 505 1143 507 1143 508 1143 537 1131 543 1130 550 1131 597 1142 599 1142 725 1139 727 1139 772 1124 774 1122 845 1119 875 1119 878 1121 897 1134 899 1134 901 1134 902 1134 904 1134 932 1118 934 1118 935 1118 981 1131 982 1131 984 1131 1060 1113 1060 1091 1053 1051 1017 1068 993 1054 990 1051 988 1051 987 1051 959 1051 958 1051 876 1054 875 1054 863 1059 834 1069 811 1062 796 1056 795 1056 793 1056 697 1059 695 1059 694 1059 694 1060 686 1066 677 1076 629 1069 588 1063 587 1063 585 1063 567 1071 546 1082 478 1082 467 1076 461 1071 460 1071 458 1071 457 1071 455 1071 454 1071 448 1077 440 1082 413 1077 384 1074 383 1074 381 1074 360 1080 354 1082 350 1080 333 1074 332 1074 330 1074 258 1085 232 1088 224 1086 190 1073 188 1073 187 1073 185 1073 184 1073 184 1074 169 1088 167 1089 164 1088 120 1077 119 1077 117 1077 116 1077 81 1089 83 1125"/></Shape>
	    <String CONTENT=" بتدريج است که آنچه با القوت در ذات اوست به فعل می"
                    HPOS="81"
                    VPOS="1051"
                    WIDTH="979"
                    HEIGHT="102"
                    WC="0.933269643316082"></String>
          </TextLine>

          
          
          <TextLine ID="eSc_line_9199e147"
                    TAGREFS="LT4837"
                    BASELINE="553 1201 1070 1186" 
                    HPOS="552"
                    VPOS="1133"
                    WIDTH="518"
                    HEIGHT="92">
            <Shape><Polygon POINTS="553 1201 553 1217 570 1225 572 1225 573 1225 621 1214 633 1213 636 1214 653 1223 655 1223 706 1225 707 1225 790 1214 807 1222 808 1222 810 1222 811 1222 813 1222 834 1207 836 1205 863 1205 872 1205 964 1217 965 1217 967 1217 968 1217 968 1216 985 1202 1026 1213 1027 1213 1029 1213 1030 1213 1070 1198 1070 1186 1064 1133 1029 1145 1014 1136 1012 1134 1011 1134 1009 1134 965 1134 964 1134 962 1134 961 1134 955 1139 935 1151 923 1143 922 1143 920 1143 919 1143 917 1143 901 1149 893 1142 887 1137 885 1137 884 1137 882 1137 818 1139 816 1139 814 1139 804 1148 792 1157 786 1153 784 1153 783 1153 781 1153 780 1153 756 1163 633 1165 621 1159 605 1148 603 1148 602 1148 600 1148 599 1148 552 1162 553 1201"/></Shape>
	    <String CONTENT="آيد چنايچه فرزندان بسيار از نطفه"
                    HPOS="552"
                    VPOS="1133"
                    WIDTH="518"
                    HEIGHT="92"
                    WC="0.8812055750326677"></String>
          </TextLine>

          
          
          <TextLine ID="eSc_line_8dd49e14"
                    TAGREFS="LT4837"
                    BASELINE="86 1287 651 1285 981 1264" 
                    HPOS="84"
                    VPOS="1220"
                    WIDTH="897"
                    HEIGHT="94">
            <Shape><Polygon POINTS="86 1287 86 1299 141 1308 143 1308 144 1308 161 1299 173 1309 175 1309 176 1309 178 1309 179 1309 218 1297 246 1314 247 1314 249 1314 250 1314 252 1314 253 1314 280 1296 316 1309 318 1309 319 1309 321 1309 347 1299 362 1311 363 1311 365 1311 366 1312 404 1312 404 1311 405 1311 407 1311 424 1297 437 1308 439 1308 440 1308 442 1308 443 1308 464 1297 505 1308 507 1308 508 1308 599 1306 600 1306 602 1306 624 1291 641 1306 642 1306 644 1306 645 1306 647 1306 689 1294 745 1305 747 1305 748 1305 768 1294 810 1303 811 1303 813 1303 814 1303 834 1285 836 1285 884 1285 893 1293 893 1294 894 1294 896 1294 897 1294 899 1294 901 1294 914 1284 916 1284 981 1284 981 1264 979 1231 958 1220 956 1220 955 1220 953 1220 926 1232 922 1236 873 1236 867 1234 830 1220 828 1220 827 1220 825 1220 789 1236 777 1223 777 1222 775 1222 774 1222 745 1222 744 1222 742 1222 704 1236 679 1226 677 1226 676 1226 674 1226 635 1240 626 1245 513 1245 510 1243 488 1229 487 1229 485 1229 484 1229 482 1229 451 1246 448 1248 380 1248 378 1248 345 1229 344 1229 342 1229 341 1229 322 1239 249 1231 247 1231 246 1231 185 1249 175 1240 173 1240 172 1240 170 1240 169 1240 167 1240 147 1252 99 1243 98 1243 96 1243 95 1243 84 1249 86 1287"/></Shape>
	    <String CONTENT="حضرت حجت الحق أمير ناصر حسر وقس الشه سرة فرموده"
                    HPOS="84"
                    VPOS="1220"
                    WIDTH="897"
                    HEIGHT="94"
                    WC="0.9334122265378634"></String>
          </TextLine>

          
          
          <TextLine ID="eSc_line_87efc3d7"
                    TAGREFS="LT4837"
                    BASELINE="98 1368 742 1368 1070 1355" 
                    HPOS="96"
                    VPOS="1308"
                    WIDTH="974"
                    HEIGHT="84">
            <Shape><Polygon POINTS="98 1368 98 1379 167 1379 169 1379 182 1391 182 1392 184 1392 185 1392 187 1392 188 1392 226 1383 249 1392 250 1392 252 1392 253 1392 289 1377 292 1377 295 1377 354 1391 356 1391 357 1391 359 1391 359 1389 368 1382 431 1386 433 1386 434 1386 469 1376 472 1376 499 1376 501 1376 517 1389 519 1389 520 1389 522 1389 578 1377 635 1388 636 1389 804 1389 804 1388 836 1386 837 1386 839 1386 855 1373 935 1386 937 1386 938 1386 940 1386 962 1373 1008 1382 1009 1382 1068 1370 1070 1355 1067 1308 1029 1308 1027 1308 1026 1308 1024 1308 1011 1319 999 1309 999 1308 997 1308 996 1308 994 1308 982 1309 935 1319 901 1312 885 1309 884 1309 882 1309 881 1309 878 1312 863 1323 851 1312 848 1311 848 1309 846 1309 845 1309 805 1309 804 1309 802 1309 780 1315 745 1325 728 1317 722 1314 721 1314 719 1314 692 1317 609 1331 535 1323 534 1323 532 1323 531 1323 522 1329 514 1323 507 1317 507 1315 505 1315 504 1315 502 1315 501 1315 475 1323 448 1332 398 1326 371 1323 369 1323 348 1328 329 1332 324 1328 310 1317 310 1315 309 1315 307 1315 274 1314 273 1314 271 1314 270 1314 270 1315 268 1315 262 1323 247 1315 246 1315 244 1315 242 1315 241 1315 223 1331 221 1332 96 1334 98 1368"/></Shape>
	    <String CONTENT="مال حرکت نفس گل بيرون آوردن نفهای ناطقان"
                    HPOS="96"
                    VPOS="1308"
                    WIDTH="974"
                    HEIGHT="84"
                    WC="0.9210383557691807"></String>
          </TextLine>

          
          
          <TextLine ID="eSc_line_41da00c4"
                    TAGREFS="LT4837"
                    BASELINE="92 1453 1074 1435" 
                    HPOS="90"
                    VPOS="1386"
                    WIDTH="984"
                    HEIGHT="91">
            <Shape><Polygon POINTS="92 1453 92 1463 140 1471 141 1471 179 1462 182 1462 184 1462 197 1474 197 1475 199 1475 200 1475 202 1477 232 1477 232 1475 233 1475 268 1460 270 1460 273 1460 335 1474 336 1474 446 1457 452 1457 458 1457 570 1469 572 1469 573 1469 575 1469 575 1468 587 1454 588 1454 651 1454 653 1454 671 1463 673 1463 674 1463 733 1454 792 1465 793 1465 795 1465 830 1454 884 1463 885 1463 887 1463 888 1463 902 1451 935 1462 937 1462 938 1462 940 1462 988 1448 993 1447 1074 1447 1074 1435 1070 1386 996 1388 994 1388 993 1388 993 1389 991 1389 985 1397 952 1389 947 1389 946 1389 944 1389 943 1389 928 1403 899 1395 897 1395 896 1395 894 1395 893 1395 881 1405 852 1405 840 1394 837 1391 836 1391 834 1391 833 1391 831 1391 830 1391 827 1394 818 1402 792 1395 781 1392 780 1392 778 1392 777 1392 763 1395 722 1409 679 1409 662 1400 656 1397 655 1397 653 1397 635 1400 608 1406 599 1402 587 1395 585 1395 584 1395 582 1395 581 1395 581 1397 579 1397 575 1403 573 1406 495 1412 448 1411 445 1408 436 1400 436 1398 434 1398 433 1398 431 1398 430 1398 405 1408 392 1415 335 1415 324 1411 309 1405 307 1405 306 1405 246 1411 233 1403 232 1403 230 1403 229 1403 227 1403 206 1412 196 1403 194 1403 193 1403 191 1403 126 1405 125 1405 123 1405 108 1418 107 1420 90 1420 92 1453"/></Shape>
	    <String CONTENT="اساسان واماناناست حضرت رسالت پناه صلی ل"
                    HPOS="90"
                    VPOS="1386"
                    WIDTH="984"
                    HEIGHT="91"
                    WC="0.9010063279897739"></String>
          </TextLine>

          
          
          <TextLine ID="eSc_line_37bf44c1"
                    TAGREFS="LT4837"
                    BASELINE="87 1533 587 1531 1076 1516" 
                    HPOS="86"
                    VPOS="1466"
                    WIDTH="990"
                    HEIGHT="97">
            <Shape><Polygon POINTS="87 1533 87 1546 119 1563 120 1563 122 1563 123 1563 125 1563 147 1549 208 1563 209 1563 211 1563 212 1563 236 1546 307 1554 309 1554 310 1554 359 1542 427 1543 445 1558 446 1558 448 1558 449 1560 540 1560 540 1558 644 1555 645 1555 647 1555 647 1554 664 1540 673 1548 674 1548 676 1548 677 1549 728 1549 728 1548 730 1548 731 1548 747 1536 778 1536 798 1552 798 1554 799 1554 801 1554 802 1554 863 1552 864 1552 904 1533 905 1531 993 1531 1041 1549 1042 1549 1044 1549 1045 1549 1047 1549 1076 1531 1076 1516 1074 1483 1051 1474 1050 1474 1048 1474 1047 1474 1030 1483 1027 1485 1024 1483 990 1466 988 1466 987 1466 935 1468 934 1468 932 1468 913 1482 833 1469 831 1469 830 1469 828 1469 828 1471 814 1483 813 1485 765 1488 716 1483 703 1482 701 1482 700 1482 698 1482 698 1483 686 1489 614 1485 612 1485 532 1495 378 1495 362 1483 360 1480 359 1480 357 1480 356 1480 354 1480 348 1483 342 1486 335 1483 325 1478 324 1478 322 1478 288 1483 184 1495 158 1483 156 1483 86 1483 87 1533"/></Shape>
	    <String CONTENT="عليه وآله وسلم أشارتا بائن معنى فرموده أند لاتصبح الوجو"
                    HPOS="86"
                    VPOS="1466"
                    WIDTH="990"
                    HEIGHT="97"
                    WC="0.8828809473474147"></String>
          </TextLine>

          
          
          <TextLine ID="eSc_line_e2def530"
                    TAGREFS="LT4837"
                    BASELINE="101 1611 507 1614 1073 1601" 
                    HPOS="99"
                    VPOS="1549"
                    WIDTH="974"
                    HEIGHT="91">
            <Shape><Polygon POINTS="101 1611 101 1623 134 1637 135 1637 137 1637 138 1637 140 1637 161 1623 164 1623 200 1623 203 1625 235 1638 236 1638 238 1640 322 1640 322 1638 324 1638 325 1638 341 1625 347 1620 401 1620 412 1625 436 1637 437 1637 439 1637 505 1629 528 1635 529 1635 531 1635 532 1635 534 1635 544 1626 553 1617 565 1626 578 1634 579 1634 581 1634 582 1635 623 1635 623 1634 624 1634 639 1626 647 1626 712 1632 713 1632 715 1632 733 1626 750 1622 792 1628 822 1631 824 1631 825 1631 836 1628 875 1613 1026 1613 1045 1628 1047 1628 1048 1628 1050 1629 1073 1629 1073 1601 1068 1549 984 1551 982 1551 979 1551 923 1568 896 1554 891 1552 890 1552 851 1552 849 1552 848 1552 846 1552 846 1554 843 1555 830 1571 659 1572 621 1563 603 1558 602 1558 600 1558 599 1558 579 1565 549 1575 496 1575 485 1568 478 1561 476 1561 475 1561 473 1561 415 1569 375 1575 369 1571 356 1560 354 1560 353 1560 327 1558 325 1558 324 1558 279 1574 268 1578 242 1578 239 1575 224 1561 223 1561 221 1561 220 1561 218 1561 169 1575 122 1566 120 1566 119 1566 117 1566 99 1575 101 1611"/></Shape>
	    <String CONTENT="فان الله خلق أزم على صورته ونفع فينه من"
                    HPOS="99"
                    VPOS="1549"
                    WIDTH="974"
                    HEIGHT="91"
                    WC="0.9671662673354149"></String>
          </TextLine>

          
          
          <TextLine ID="eSc_line_2b30fbe6"
                    TAGREFS="LT4837"
                    BASELINE="99 1694 753 1694 1068 1682" 
                    HPOS="98"
                    VPOS="1632"
                    WIDTH="970"
                    HEIGHT="95">
            <Shape><Polygon POINTS="99 1694 99 1715 114 1723 116 1723 117 1723 119 1723 149 1714 193 1727 194 1727 196 1727 197 1727 199 1727 217 1712 223 1708 298 1708 316 1711 380 1724 381 1724 383 1724 384 1724 404 1712 436 1721 437 1721 439 1721 440 1721 479 1709 488 1706 528 1706 529 1708 552 1724 553 1724 555 1724 556 1726 618 1726 618 1724 620 1724 658 1706 662 1705 667 1706 719 1724 721 1724 722 1724 814 1723 816 1723 818 1723 837 1706 855 1711 857 1711 858 1711 860 1711 875 1703 876 1703 913 1723 914 1723 916 1723 917 1723 955 1702 956 1702 958 1702 987 1714 988 1714 990 1714 1068 1700 1068 1682 1062 1638 1018 1651 996 1640 981 1632 979 1632 977 1632 976 1632 958 1640 943 1632 941 1632 940 1632 938 1632 937 1632 937 1634 929 1641 926 1644 917 1641 902 1635 901 1635 899 1635 897 1635 896 1635 896 1637 890 1641 885 1646 875 1641 852 1634 851 1634 849 1634 848 1634 846 1634 834 1643 818 1654 772 1654 757 1644 741 1634 739 1634 738 1634 736 1634 734 1634 707 1646 688 1654 680 1646 670 1637 670 1635 668 1635 667 1635 645 1635 644 1635 642 1635 621 1648 618 1649 617 1648 609 1640 608 1640 606 1640 605 1640 603 1640 602 1640 593 1648 584 1654 540 1649 523 1648 522 1648 507 1649 473 1655 463 1651 449 1644 448 1644 446 1644 445 1644 433 1651 431 1652 430 1651 409 1637 407 1637 405 1637 404 1637 402 1637 401 1637 378 1652 377 1654 363 1652 315 1648 313 1648 283 1654 279 1655 277 1655 252 1638 250 1638 249 1638 131 1638 129 1638 128 1638 126 1638 98 1654 99 1694"/></Shape>
	    <String CONTENT="لش و حي معنى زشت لگردانيد رويهاى خود را بدرتکه"
                    HPOS="98"
                    VPOS="1632"
                    WIDTH="970"
                    HEIGHT="95"
                    WC="0.8616465777158737"></String>
          </TextLine>

          
        </TextBlock>
        
        <TextBlock HPOS="537"
                   VPOS="24"
                   WIDTH="81"
                   HEIGHT="59"
                   ID="eSc_textblock_5bde93c2"
                   TAGREFS="BT16093">
          <Shape><Polygon POINTS="555 24 612 30 618 83 555 83 537 64 555 24"/></Shape>
          
          
          <TextLine ID="eSc_line_62427a94"
                    TAGREFS="LT4837"
                    BASELINE="559 55 585 58" 
                    HPOS="556"
                    VPOS="24"
                    WIDTH="29"
                    HEIGHT="52">
            <Shape><Polygon POINTS="578 25 562 24 559 55 556 67 579 76 585 58 585 25 578 25"/></Shape>
	    <String CONTENT=""
                    HPOS="556"
                    VPOS="24"
                    WIDTH="29"
                    HEIGHT="52"></String>
          </TextLine>

          
        </TextBlock>
        

        
      </PrintSpace>
    </Page>
  </Layout>
</alto>
