<?xml version="1.0" encoding="UTF-8"?>
<alto xmlns:xsi="http://www.w3.org/2001/XMLSchema-instance"
      xmlns="http://www.loc.gov/standards/alto/ns-v4#"
      xsi:schemaLocation="http://www.loc.gov/standards/alto/ns-v4# http://www.loc.gov/standards/alto/v4/alto-4-2.xsd">
  <Description>
    <MeasurementUnit>pixel</MeasurementUnit>
    <sourceImageInformation>
      <fileName>Rasail094.jpg</fileName>
      
    </sourceImageInformation>
  </Description>
  
  <Tags>
    <OtherTag ID="BT16094" LABEL="default" DESCRIPTION="block type default"/><OtherTag ID="BT16093" LABEL="NumberingZone:page" DESCRIPTION="block type NumberingZone:page"/><OtherTag ID="BT16092" LABEL="MarginTextZone:note" DESCRIPTION="block type MarginTextZone:note"/><OtherTag ID="BT16091" LABEL="TitlePageZone" DESCRIPTION="block type TitlePageZone"/><OtherTag ID="BT16090" LABEL="QuireMarksZone:catchwords" DESCRIPTION="block type QuireMarksZone:catchwords"/><OtherTag ID="BT16089" LABEL="NumberingZone:other" DESCRIPTION="block type NumberingZone:other"/><OtherTag ID="BT16088" LABEL="NumberingZone" DESCRIPTION="block type NumberingZone"/><OtherTag ID="BT16087" LABEL="MarginTextZone" DESCRIPTION="block type MarginTextZone"/><OtherTag ID="BT16086" LABEL="MainZone" DESCRIPTION="block type MainZone"/><OtherTag ID="BT16085" LABEL="DigitizationArtefactZone" DESCRIPTION="block type DigitizationArtefactZone"/><OtherTag ID="BT2" LABEL="Main" DESCRIPTION="block type Main"/><OtherTag ID="BT1" LABEL="Title" DESCRIPTION="block type Title"/>
    <OtherTag ID="LT4837" LABEL="DefaultLine" DESCRIPTION="line type DefaultLine"/><OtherTag ID="LT4838" LABEL="default" DESCRIPTION="line type default"/><OtherTag ID="LT4839" LABEL="HeadingLine:title" DESCRIPTION="line type HeadingLine:title"/>
  </Tags>
  
  <Layout>
    <Page WIDTH="1146"
          HEIGHT="1680"
          PHYSICAL_IMG_NR="122"
          ID="eSc_dummypage_">
      <PrintSpace HPOS="0"
                  VPOS="0"
                  WIDTH="1146"
                  HEIGHT="1680">
        
        <TextBlock HPOS="89"
                   VPOS="140"
                   WIDTH="995"
                   HEIGHT="1421"
                   ID="eSc_textblock_969c230e"
                   TAGREFS="BT16086">
          <Shape><Polygon POINTS="799 140 1084 162 1061 375 1078 459 1061 1219 1033 1505 1005 1561 89 1561 106 1131 134 1000 128 722 162 173 257 145 799 140"/></Shape>
          
          
          <TextLine ID="eSc_line_ad3214fe"
                    TAGREFS="LT4837"
                    BASELINE="172 197 535 208 1049 207" 
                    HPOS="170"
                    VPOS="154"
                    WIDTH="879"
                    HEIGHT="92">
            <Shape><Polygon POINTS="172 169 172 197 170 221 278 222 304 240 305 240 306 240 386 242 388 243 456 243 456 242 458 242 459 242 459 240 469 233 481 242 483 242 484 242 486 242 487 242 516 233 546 242 547 242 549 242 550 242 596 229 636 239 637 239 638 239 640 239 665 226 693 243 694 243 696 243 697 243 770 236 781 244 783 244 784 244 785 244 787 244 788 244 798 236 832 239 833 239 834 239 858 230 888 246 889 246 891 246 1047 228 1049 207 1046 175 912 166 910 166 909 166 886 173 885 173 879 166 878 166 878 165 877 165 875 165 874 165 872 165 858 172 844 162 843 162 841 162 840 162 839 162 837 162 837 163 829 172 805 162 804 162 802 162 682 170 664 159 662 159 661 159 659 159 658 159 620 170 603 156 602 156 601 156 551 155 550 155 549 155 523 166 472 155 470 155 469 155 467 155 467 156 453 168 439 156 438 156 437 156 435 156 383 163 372 155 372 154 371 154 369 154 368 154 367 154 318 166 305 155 304 155 302 155 250 154 249 154 247 154 246 154 228 168 176 168 172 169"/></Shape>
	    <String CONTENT="ودعی را به زبان ناطق اخلاق می کنند چنانچه ندگور شد و"
                    HPOS="170"
                    VPOS="154"
                    WIDTH="879"
                    HEIGHT="92"
                    WC="0.870387757053742"></String>
          </TextLine>

          
          
          <TextLine ID="eSc_line_cd331777"
                    TAGREFS="LT4837"
                    BASELINE="745 291 1049 288" 
                    HPOS="743"
                    VPOS="243"
                    WIDTH="306"
                    HEIGHT="81">
            <Shape><Polygon POINTS="745 291 745 312 767 322 769 322 770 322 771 322 798 312 799 312 801 312 854 323 855 323 857 323 858 323 874 312 896 323 898 323 899 324 984 324 984 323 986 323 987 323 1004 312 1017 319 1018 319 1019 319 1021 319 1049 309 1049 288 1046 251 968 243 966 243 965 243 942 251 926 259 902 259 893 251 885 244 884 244 882 244 854 244 853 244 851 244 850 244 850 246 843 251 836 259 743 253 745 291"/></Shape>
	    <String CONTENT="دأعيا إبي الشد"
                    HPOS="743"
                    VPOS="243"
                    WIDTH="306"
                    HEIGHT="81"
                    WC="0.8896501921117306"></String>
          </TextLine>

          
          
          <TextLine ID="eSc_line_0fe1e3a7"
                    TAGREFS="LT4837"
                    BASELINE="617 379 652 379" 
                    HPOS="617"
                    VPOS="324"
                    WIDTH="35"
                    HEIGHT="77">
            <Shape><Polygon POINTS="617 379 619 401 652 386 652 379 651 324 617 330 617 379"/></Shape>
	    <String CONTENT=""
                    HPOS="617"
                    VPOS="324"
                    WIDTH="35"
                    HEIGHT="77"></String>
          </TextLine>

          
          
          <TextLine ID="eSc_line_080f6250"
                    TAGREFS="LT4837"
                    BASELINE="395 506 973 518" 
                    HPOS="393"
                    VPOS="468"
                    WIDTH="580"
                    HEIGHT="80">
            <Shape><Polygon POINTS="395 506 393 532 446 525 477 525 486 533 487 534 487 536 488 536 490 536 491 536 505 533 523 530 532 533 547 540 549 540 550 541 608 541 608 540 650 533 680 529 686 533 697 544 697 546 699 546 700 546 701 546 748 537 827 548 829 548 972 533 973 518 973 487 949 477 948 477 947 477 881 484 872 477 872 475 871 475 870 475 868 475 777 484 763 485 762 484 743 473 742 473 741 473 739 473 659 482 657 482 645 473 645 471 644 471 643 471 641 471 577 481 573 481 571 481 544 468 543 468 542 468 480 480 476 480 472 480 431 468 430 468 428 468 427 468 395 477 395 506"/></Shape>
	    <String CONTENT="ما دون اگبره يعنی دستتور يافتهد بزر"
                    HPOS="393"
                    VPOS="468"
                    WIDTH="580"
                    HEIGHT="80"
                    WC="0.8943411367280143"></String>
          </TextLine>

          
          
          <TextLine ID="eSc_line_73892cd6"
                    TAGREFS="LT4837"
                    BASELINE="159 496 268 498" 
                    HPOS="158"
                    VPOS="438"
                    WIDTH="110"
                    HEIGHT="77">
            <Shape><Polygon POINTS="158 510 180 515 182 515 183 515 184 515 187 512 196 505 205 512 210 515 211 515 212 515 214 515 215 515 224 512 242 505 264 512 268 498 267 439 175 445 161 438 159 496 158 510"/></Shape>
	    <String CONTENT="قبل"
                    HPOS="158"
                    VPOS="438"
                    WIDTH="110"
                    HEIGHT="77"
                    WC="0.9970489343007406"></String>
          </TextLine>

          
          
          <TextLine ID="eSc_line_9b2d0681"
                    TAGREFS="LT4837"
                    BASELINE="544 589 1042 596" 
                    HPOS="543"
                    VPOS="546"
                    WIDTH="499"
                    HEIGHT="79">
            <Shape><Polygon POINTS="543 618 567 620 568 620 570 620 571 620 571 618 581 609 606 618 610 620 612 620 613 620 624 618 662 611 676 617 685 621 686 621 687 621 736 617 798 611 816 616 839 623 840 623 841 623 843 623 872 616 878 614 884 616 914 624 916 624 917 624 919 624 944 614 947 614 948 614 987 625 989 625 990 625 991 625 993 625 993 624 1005 614 1040 614 1042 596 1042 561 1032 553 1032 551 1031 551 1029 551 945 551 944 551 942 551 941 551 941 553 933 560 930 562 921 560 892 550 891 550 889 550 888 550 864 558 847 564 827 557 823 555 822 555 820 555 819 555 818 555 816 557 804 564 763 557 762 557 694 562 676 553 671 548 669 548 668 548 666 548 665 548 655 551 629 561 616 551 610 546 609 546 608 546 606 546 605 546 603 546 598 550 591 555 584 550 581 547 580 547 578 547 577 547 575 547 568 550 554 554 547 548 544 589 543 618"/></Shape>
	    <String CONTENT="داعی که بازن وستور داعی سخن"
                    HPOS="543"
                    VPOS="546"
                    WIDTH="499"
                    HEIGHT="79"
                    WC="0.9380473097165426"></String>
          </TextLine>

          
          
          <TextLine ID="eSc_line_53795e5c"
                    TAGREFS="LT4837"
                    BASELINE="161 569 204 569" 
                    HPOS="161"
                    VPOS="518"
                    WIDTH="43"
                    HEIGHT="74">
            <Shape><Polygon POINTS="161 569 161 592 204 583 204 569 201 518 161 529 161 569"/></Shape>
	    <String CONTENT="ال"
                    HPOS="161"
                    VPOS="518"
                    WIDTH="43"
                    HEIGHT="74"
                    WC="0.6662636548280716"></String>
          </TextLine>

          
          
          <TextLine ID="eSc_line_d4b2ffc6"
                    TAGREFS="LT4837"
                    BASELINE="502 662 1042 667" 
                    HPOS="501"
                    VPOS="620"
                    WIDTH="541"
                    HEIGHT="78">
            <Shape><Polygon POINTS="502 662 501 681 523 681 537 693 537 694 539 694 540 694 542 694 596 683 606 681 617 683 654 690 655 690 708 686 734 683 739 686 748 693 749 693 750 693 752 693 753 693 755 693 755 691 760 686 763 683 773 687 790 693 791 693 792 693 794 693 795 693 802 687 806 684 812 687 830 695 832 695 909 698 910 698 955 690 965 688 968 690 977 698 979 698 980 698 982 698 1040 691 1042 667 1042 631 1021 627 1019 627 1018 627 1011 630 996 637 989 630 986 627 986 625 984 625 983 625 933 625 931 625 930 625 924 628 910 637 829 637 808 625 804 624 802 624 801 624 799 624 795 625 771 635 732 624 727 623 725 623 724 623 715 624 683 630 563 621 561 621 560 621 558 621 546 631 536 623 536 621 535 621 533 621 502 620 502 662"/></Shape>
	    <String CONTENT="اوست می رساند و ما ذوان نيز در"
                    HPOS="501"
                    VPOS="620"
                    WIDTH="541"
                    HEIGHT="78"
                    WC="0.8978306184212367"></String>
          </TextLine>

          
          
          <TextLine ID="eSc_line_d8fff736"
                    TAGREFS="LT4837"
                    BASELINE="155 641 304 644" 
                    HPOS="154"
                    VPOS="596"
                    WIDTH="150"
                    HEIGHT="66">
            <Shape><Polygon POINTS="155 641 154 653 165 662 166 662 168 662 169 662 208 653 221 652 301 662 304 644 304 609 280 602 278 602 277 602 240 607 231 597 231 596 229 596 228 596 226 596 155 604 155 641"/></Shape>
	    <String CONTENT="بره و همل"
                    HPOS="154"
                    VPOS="596"
                    WIDTH="150"
                    HEIGHT="66"
                    WC="0.8262715273433261"></String>
          </TextLine>

          
          
          <TextLine ID="eSc_line_fd43f744"
                    TAGREFS="LT4837"
                    BASELINE="837 736 1031 740" 
                    HPOS="836"
                    VPOS="700"
                    WIDTH="195"
                    HEIGHT="67">
            <Shape><Polygon POINTS="837 736 836 761 1028 767 1031 740 1031 711 938 702 937 702 935 702 912 708 906 709 903 708 884 700 882 700 881 700 837 707 837 736"/></Shape>
	    <String CONTENT="وطاعت او"
                    HPOS="836"
                    VPOS="700"
                    WIDTH="195"
                    HEIGHT="67"
                    WC="0.8920300453901291"></String>
          </TextLine>

          
          
          <TextLine ID="eSc_line_e152bf97"
                    TAGREFS="LT4837"
                    BASELINE="158 708 256 708" 
                    HPOS="158"
                    VPOS="659"
                    WIDTH="98"
                    HEIGHT="84">
            <Shape><Polygon POINTS="158 708 158 723 198 718 218 735 224 740 224 742 225 742 226 742 228 743 256 743 256 708 256 679 238 679 236 677 219 660 219 659 218 659 217 659 215 659 158 672 158 708"/></Shape>
	    <String CONTENT="ا"
                    HPOS="158"
                    VPOS="659"
                    WIDTH="98"
                    HEIGHT="84"
                    WC="0.9771174192428589"></String>
          </TextLine>

          
          
          <TextLine ID="eSc_line_e794cb4f"
                    TAGREFS="LT4837"
                    BASELINE="892 823 1031 827" 
                    HPOS="891"
                    VPOS="772"
                    WIDTH="140"
                    HEIGHT="70">
            <Shape><Polygon POINTS="892 823 891 842 1029 842 1031 827 1031 789 989 772 987 772 986 772 984 772 942 788 892 788 892 823"/></Shape>
	    <String CONTENT="بزرگوار"
                    HPOS="891"
                    VPOS="772"
                    WIDTH="140"
                    HEIGHT="70"
                    WC="0.9269169654164996"></String>
          </TextLine>

          
          
          <TextLine ID="eSc_line_6d8cc740"
                    TAGREFS="LT4837"
                    BASELINE="162 785 280 788" 
                    HPOS="161"
                    VPOS="742"
                    WIDTH="119"
                    HEIGHT="67">
            <Shape><Polygon POINTS="162 785 161 803 277 809 280 788 278 742 162 750 162 785"/></Shape>
	    <String CONTENT="جامز"
                    HPOS="161"
                    VPOS="742"
                    WIDTH="119"
                    HEIGHT="67"
                    WC="0.7663994580507278"></String>
          </TextLine>

          
          
          <TextLine ID="eSc_line_ffec3be2"
                    TAGREFS="LT4837"
                    BASELINE="596 889 1031 894" 
                    HPOS="595"
                    VPOS="845"
                    WIDTH="436"
                    HEIGHT="77">
            <Shape><Polygon POINTS="595 904 715 914 717 914 718 914 729 908 745 919 746 919 748 919 855 921 857 921 858 921 860 921 860 919 870 912 871 909 878 912 902 921 903 921 905 921 906 921 907 921 919 912 921 911 926 914 945 922 947 922 948 922 1029 915 1031 894 1031 866 1017 854 1017 852 1015 852 1014 852 1012 852 1011 852 1010 852 996 865 963 851 962 851 961 851 959 851 935 862 921 849 921 848 920 848 919 848 892 848 891 848 889 848 888 848 874 859 868 865 815 865 802 856 788 847 787 847 785 847 784 847 783 847 762 854 738 862 728 854 727 854 725 854 724 854 689 861 676 849 673 847 673 845 672 845 671 845 669 845 668 845 658 848 633 855 598 845 596 889 595 904"/></Shape>
	    <String CONTENT="دارد و اگر درين امر تسا"
                    HPOS="595"
                    VPOS="845"
                    WIDTH="436"
                    HEIGHT="77"
                    WC="0.9275121118711389"></String>
          </TextLine>

          
          
          <TextLine ID="eSc_line_aa3adcd4"
                    TAGREFS="LT4837"
                    BASELINE="222 866 278 869" 
                    HPOS="221"
                    VPOS="823"
                    WIDTH="59"
                    HEIGHT="63">
            <Shape><Polygon POINTS="222 866 221 886 277 880 278 869 280 824 224 823 222 866"/></Shape>
	    <String CONTENT=""
                    HPOS="221"
                    VPOS="823"
                    WIDTH="59"
                    HEIGHT="63"></String>
          </TextLine>

          
          
          <TextLine ID="eSc_line_22cf6ab9"
                    TAGREFS="LT4837"
                    BASELINE="170 866 200 866" 
                    HPOS="170"
                    VPOS="810"
                    WIDTH="30"
                    HEIGHT="62">
            <Shape><Polygon POINTS="170 866 170 872 200 872 200 866 197 810 170 823 170 866"/></Shape>
	    <String CONTENT=""
                    HPOS="170"
                    VPOS="810"
                    WIDTH="30"
                    HEIGHT="62"></String>
          </TextLine>

          
          
          <TextLine ID="eSc_line_bb01821d"
                    TAGREFS="LT4837"
                    BASELINE="683 965 1028 971" 
                    HPOS="682"
                    VPOS="918"
                    WIDTH="346"
                    HEIGHT="80">
            <Shape><Polygon POINTS="683 965 682 981 717 993 718 993 720 993 783 984 794 993 794 995 795 995 797 995 798 996 829 996 829 995 830 995 832 995 847 985 858 995 858 996 860 996 861 996 863 998 884 998 884 996 885 996 886 996 886 995 898 986 910 996 912 996 913 996 914 996 1026 985 1028 971 1026 932 973 937 931 928 913 923 912 923 910 923 903 926 882 936 843 925 841 925 840 925 839 925 819 936 773 936 759 921 757 919 757 918 756 918 755 918 683 918 683 965"/></Shape>
	    <String CONTENT="ازون اصغر دارد که"
                    HPOS="682"
                    VPOS="918"
                    WIDTH="346"
                    HEIGHT="80"
                    WC="0.9083865530350629"></String>
          </TextLine>

          
          
          <TextLine ID="eSc_line_136c9a5e"
                    TAGREFS="LT4837"
                    BASELINE="152 933 292 936" 
                    HPOS="151"
                    VPOS="887"
                    WIDTH="141"
                    HEIGHT="66">
            <Shape><Polygon POINTS="152 933 151 950 186 951 187 951 189 951 190 951 190 950 200 943 219 950 226 953 228 953 229 953 231 953 238 950 257 944 290 950 292 936 292 909 261 901 260 901 259 901 257 901 256 901 243 909 210 887 208 887 207 887 183 887 182 887 180 887 179 887 152 902 152 933"/></Shape>
	    <String CONTENT="واش"
                    HPOS="151"
                    VPOS="887"
                    WIDTH="141"
                    HEIGHT="66"
                    WC="0.9833880265553793"></String>
          </TextLine>

          
          
          <TextLine ID="eSc_line_89c687ef"
                    TAGREFS="LT4837"
                    BASELINE="825 1045 1025 1045" 
                    HPOS="825"
                    VPOS="998"
                    WIDTH="200"
                    HEIGHT="73">
            <Shape><Polygon POINTS="825 1045 825 1071 865 1062 912 1066 948 1071 949 1071 1025 1061 1025 1045 1022 998 1000 1007 987 1000 982 998 980 998 979 998 977 998 976 998 976 999 973 1002 961 1014 942 1014 934 1006 934 1005 933 1005 931 1005 930 1005 928 1005 923 1006 906 1010 896 1007 857 998 855 998 854 998 853 998 825 1012 825 1045"/></Shape>
	    <String CONTENT="فيص به باقی"
                    HPOS="825"
                    VPOS="998"
                    WIDTH="200"
                    HEIGHT="73"
                    WC="0.9055896943265741"></String>
          </TextLine>

          
          
          <TextLine ID="eSc_line_2fb53b23"
                    TAGREFS="LT4837"
                    BASELINE="158 998 226 999" 
                    HPOS="156"
                    VPOS="947"
                    WIDTH="70"
                    HEIGHT="70">
            <Shape><Polygon POINTS="158 998 156 1016 179 1017 180 1017 182 1017 183 1017 183 1016 186 1014 194 1006 224 1010 226 999 225 947 158 956 158 998"/></Shape>
	    <String CONTENT="شقه"
                    HPOS="156"
                    VPOS="947"
                    WIDTH="70"
                    HEIGHT="70"
                    WC="0.9662301143010458"></String>
          </TextLine>

          
          
          <TextLine ID="eSc_line_5c5f9288"
                    TAGREFS="LT4837"
                    BASELINE="657 1107 1026 1113" 
                    HPOS="655"
                    VPOS="1058"
                    WIDTH="371"
                    HEIGHT="78">
            <Shape><Polygon POINTS="657 1107 655 1127 763 1134 764 1134 787 1131 822 1125 840 1132 848 1135 850 1135 851 1135 896 1134 1007 1128 1021 1136 1026 1113 1026 1062 970 1062 969 1062 968 1062 945 1075 931 1062 931 1061 930 1061 928 1061 927 1061 926 1061 923 1062 896 1073 843 1073 836 1066 836 1065 834 1065 833 1065 832 1065 767 1072 753 1062 749 1058 748 1058 746 1058 745 1058 743 1058 732 1062 704 1071 657 1062 657 1107"/></Shape>
	    <String CONTENT="اندكه اكر ما ذون أكبرب"
                    HPOS="655"
                    VPOS="1058"
                    WIDTH="371"
                    HEIGHT="78"
                    WC="0.9054926309896552"></String>
          </TextLine>

          
          
          <TextLine ID="eSc_line_e86578fa"
                    TAGREFS="LT4837"
                    BASELINE="137 1069 254 1071" 
                    HPOS="135"
                    VPOS="1013"
                    WIDTH="119"
                    HEIGHT="90">
            <Shape><Polygon POINTS="137 1069 135 1087 161 1101 162 1101 163 1103 208 1103 208 1101 210 1101 211 1101 221 1093 226 1089 252 1094 254 1071 254 1024 229 1017 228 1017 226 1017 203 1021 194 1023 191 1020 184 1014 184 1013 183 1013 182 1013 180 1013 137 1016 137 1069"/></Shape>
	    <String CONTENT="اند پرتو"
                    HPOS="135"
                    VPOS="1013"
                    WIDTH="119"
                    HEIGHT="90"
                    WC="0.8200026601552963"></String>
          </TextLine>

          
          
          <TextLine ID="eSc_line_e8d97170"
                    TAGREFS="LT4837"
                    BASELINE="595 1180 1025 1187" 
                    HPOS="594"
                    VPOS="1134"
                    WIDTH="431"
                    HEIGHT="79">
            <Shape><Polygon POINTS="594 1204 627 1208 629 1208 630 1208 631 1208 636 1204 648 1194 675 1194 693 1204 706 1209 707 1209 708 1211 743 1211 743 1209 745 1209 746 1209 757 1202 766 1197 780 1202 795 1208 797 1208 798 1208 799 1208 815 1201 823 1198 830 1201 851 1212 853 1212 854 1212 855 1212 891 1202 899 1211 900 1211 902 1211 903 1211 905 1211 934 1204 954 1213 955 1213 956 1213 958 1213 959 1213 979 1199 980 1199 1024 1199 1025 1187 1025 1145 982 1141 980 1141 979 1141 977 1141 975 1143 948 1160 832 1159 816 1146 815 1146 813 1146 812 1146 811 1146 809 1146 809 1148 801 1156 787 1149 785 1149 784 1149 734 1156 706 1136 704 1135 703 1135 701 1135 700 1135 685 1135 615 1141 596 1134 595 1180 594 1204"/></Shape>
	    <String CONTENT="التفات بر عباعب حال"
                    HPOS="594"
                    VPOS="1134"
                    WIDTH="431"
                    HEIGHT="79"
                    WC="0.947930467756171"></String>
          </TextLine>

          
          
          <TextLine ID="eSc_line_435ff397"
                    TAGREFS="LT4837"
                    BASELINE="147 1150 263 1150" 
                    HPOS="147"
                    VPOS="1094"
                    WIDTH="116"
                    HEIGHT="79">
            <Shape><Polygon POINTS="147 1150 147 1171 198 1173 200 1173 201 1173 203 1173 203 1171 205 1170 214 1162 261 1167 263 1150 263 1099 215 1094 214 1094 212 1094 211 1094 193 1106 189 1108 147 1110 147 1150"/></Shape>
	    <String CONTENT="خستن"
                    HPOS="147"
                    VPOS="1094"
                    WIDTH="116"
                    HEIGHT="79"
                    WC="0.9838710427284241"></String>
          </TextLine>

          
          
          <TextLine ID="eSc_line_71ba2683"
                    TAGREFS="LT4837"
                    BASELINE="630 1255 1017 1260" 
                    HPOS="629"
                    VPOS="1212"
                    WIDTH="388"
                    HEIGHT="73">
            <Shape><Polygon POINTS="630 1255 629 1271 759 1283 760 1283 762 1283 763 1283 778 1274 829 1274 889 1285 891 1285 892 1285 914 1278 931 1285 933 1285 934 1285 935 1285 937 1285 951 1275 977 1285 979 1285 980 1285 982 1285 1015 1274 1017 1260 1017 1225 989 1215 987 1215 986 1215 984 1215 983 1215 968 1225 963 1227 928 1227 917 1223 898 1216 896 1216 895 1216 893 1216 892 1216 884 1222 878 1225 868 1222 850 1215 848 1215 847 1215 846 1215 830 1220 816 1225 808 1219 798 1213 797 1213 795 1213 794 1213 792 1213 777 1219 759 1225 732 1218 713 1212 711 1212 710 1212 630 1213 630 1255"/></Shape>
	    <String CONTENT="وامر حضرت داعی را بجزا"
                    HPOS="629"
                    VPOS="1212"
                    WIDTH="388"
                    HEIGHT="73"
                    WC="0.8938047940080817"></String>
          </TextLine>

          
          
          <TextLine ID="eSc_line_393aeb7f"
                    TAGREFS="LT4837"
                    BASELINE="144 1219 319 1225" 
                    HPOS="142"
                    VPOS="1173"
                    WIDTH="177"
                    HEIGHT="70">
            <Shape><Polygon POINTS="144 1219 142 1232 186 1226 203 1236 211 1241 212 1241 214 1241 242 1243 243 1243 245 1243 254 1239 273 1229 315 1240 319 1225 319 1180 291 1174 290 1174 288 1174 274 1180 264 1183 254 1180 231 1173 229 1173 228 1173 226 1173 225 1173 225 1174 218 1180 215 1183 144 1181 144 1219"/></Shape>
	    <String CONTENT="تا راه"
                    HPOS="142"
                    VPOS="1173"
                    WIDTH="177"
                    HEIGHT="70"
                    WC="0.9654716849327087"></String>
          </TextLine>

          
          
          <TextLine ID="eSc_line_86f2f716"
                    TAGREFS="LT4837"
                    BASELINE="815 1335 1024 1335" 
                    HPOS="815"
                    VPOS="1286"
                    WIDTH="209"
                    HEIGHT="77">
            <Shape><Polygon POINTS="815 1335 816 1359 840 1353 877 1358 926 1363 927 1363 928 1363 952 1356 973 1363 975 1363 976 1363 1024 1352 1024 1335 1022 1289 969 1297 951 1292 933 1286 931 1286 930 1286 928 1286 910 1295 902 1297 900 1295 892 1288 892 1286 891 1286 889 1286 888 1286 886 1286 860 1296 839 1286 837 1286 836 1286 834 1286 815 1296 815 1335"/></Shape>
	    <String CONTENT="گد برگاه فيض"
                    HPOS="815"
                    VPOS="1286"
                    WIDTH="209"
                    HEIGHT="77"
                    WC="0.8558365652958552"></String>
          </TextLine>

          
          
          <TextLine ID="eSc_line_144494ae"
                    TAGREFS="LT4837"
                    BASELINE="124 1296 247 1297" 
                    HPOS="123"
                    VPOS="1243"
                    WIDTH="124"
                    HEIGHT="77">
            <Shape><Polygon POINTS="124 1296 123 1309 144 1318 145 1318 147 1320 186 1320 186 1318 187 1318 189 1318 194 1313 198 1310 245 1317 247 1297 247 1250 239 1243 238 1243 236 1243 235 1243 233 1243 215 1250 177 1243 176 1243 175 1243 173 1243 173 1244 159 1257 158 1260 124 1260 124 1296"/></Shape>
	    <String CONTENT="ت برآن"
                    HPOS="123"
                    VPOS="1243"
                    WIDTH="124"
                    HEIGHT="77"
                    WC="0.8717223831585476"></String>
          </TextLine>

          
          
          <TextLine ID="eSc_line_c15aaf7e"
                    TAGREFS="LT4837"
                    BASELINE="725 1397 1011 1402" 
                    HPOS="724"
                    VPOS="1356"
                    WIDTH="287"
                    HEIGHT="72">
            <Shape><Polygon POINTS="725 1397 724 1408 770 1425 771 1425 773 1425 832 1414 875 1428 877 1428 878 1428 958 1426 959 1426 961 1426 979 1415 1010 1415 1011 1402 1010 1367 959 1374 933 1363 920 1359 919 1359 917 1359 916 1359 914 1359 914 1360 912 1363 900 1374 870 1374 851 1360 848 1358 847 1358 846 1358 825 1358 823 1358 822 1358 820 1358 819 1359 798 1372 725 1356 725 1397"/></Shape>
	    <String CONTENT="متومه نه خگرود"
                    HPOS="724"
                    VPOS="1356"
                    WIDTH="287"
                    HEIGHT="72"
                    WC="0.9406957072871072"></String>
          </TextLine>

          
          
          <TextLine ID="eSc_line_dd3d57c4"
                    TAGREFS="LT4837"
                    BASELINE="128 1372 392 1377" 
                    HPOS="127"
                    VPOS="1311"
                    WIDTH="265"
                    HEIGHT="90">
            <Shape><Polygon POINTS="128 1372 127 1393 130 1395 131 1395 131 1397 133 1397 134 1397 135 1397 179 1390 196 1398 197 1398 198 1398 200 1398 201 1398 215 1387 219 1383 238 1387 261 1391 263 1391 292 1387 311 1384 315 1387 330 1401 332 1401 333 1401 334 1401 390 1387 392 1377 390 1325 288 1331 280 1323 274 1318 274 1317 273 1317 271 1317 207 1311 189 1311 187 1311 186 1311 184 1311 172 1321 163 1328 154 1321 141 1311 140 1311 138 1311 137 1311 135 1311 134 1311 128 1314 128 1372"/></Shape>
	    <String CONTENT="سغرت من تر ب تکم را"
                    HPOS="127"
                    VPOS="1311"
                    WIDTH="265"
                    HEIGHT="90"
                    WC="0.8593284001475886"></String>
          </TextLine>

          
          
          <TextLine ID="eSc_line_db1ad532"
                    TAGREFS="LT4837"
                    BASELINE="878 1482 1010 1485" 
                    HPOS="877"
                    VPOS="1432"
                    WIDTH="133"
                    HEIGHT="81">
            <Shape><Polygon POINTS="878 1482 877 1495 1007 1513 1010 1485 1010 1446 878 1432 878 1482"/></Shape>
	    <String CONTENT="بجاى او"
                    HPOS="877"
                    VPOS="1432"
                    WIDTH="133"
                    HEIGHT="81"
                    WC="0.919822633266449"></String>
          </TextLine>

          
          
          <TextLine ID="eSc_line_4caa6c26"
                    TAGREFS="LT4837"
                    BASELINE="126 1444 455 1449" 
                    HPOS="124"
                    VPOS="1395"
                    WIDTH="331"
                    HEIGHT="82">
            <Shape><Polygon POINTS="126 1444 124 1460 147 1457 159 1463 177 1472 179 1472 180 1472 182 1472 201 1465 215 1460 222 1465 232 1474 233 1474 235 1474 236 1475 256 1475 256 1474 257 1474 259 1474 267 1468 278 1460 334 1458 353 1471 354 1471 355 1471 357 1471 358 1471 376 1461 399 1474 403 1475 404 1475 406 1477 453 1477 455 1449 453 1400 395 1411 365 1401 355 1398 354 1398 353 1398 330 1402 292 1409 271 1404 245 1395 243 1395 242 1395 240 1395 221 1405 214 1408 200 1405 176 1401 175 1401 126 1407 126 1444"/></Shape>
	    <String CONTENT="که اد را معلم می گويند"
                    HPOS="124"
                    VPOS="1395"
                    WIDTH="331"
                    HEIGHT="82"
                    WC="0.9168665083971891"></String>
          </TextLine>

          
          
          <TextLine ID="eSc_line_d75801c5"
                    TAGREFS="LT4837"
                    BASELINE="791 1547 1003 1556" 
                    HPOS="788"
                    VPOS="1493"
                    WIDTH="216"
                    HEIGHT="94">
            <Shape><Polygon POINTS="791 1547 788 1580 832 1583 833 1583 834 1583 836 1583 839 1580 850 1572 884 1579 919 1587 920 1587 921 1587 956 1579 979 1587 980 1587 982 1587 983 1587 1001 1577 1003 1556 1004 1513 914 1513 899 1505 884 1496 882 1496 881 1496 854 1500 830 1505 825 1498 820 1495 820 1493 819 1493 818 1493 816 1493 792 1495 791 1547"/></Shape>
	    <String CONTENT="باعتبار تعليم"
                    HPOS="788"
                    VPOS="1493"
                    WIDTH="216"
                    HEIGHT="94"
                    WC="0.9304339656463037"></String>
          </TextLine>

          
          
          <TextLine ID="eSc_line_1639271e"
                    TAGREFS="LT4837"
                    BASELINE="114 1520 626 1537" 
                    HPOS="113"
                    VPOS="1461"
                    WIDTH="513"
                    HEIGHT="109">
            <Shape><Polygon POINTS="114 1520 113 1554 133 1555 134 1555 135 1555 137 1555 137 1554 147 1545 155 1555 156 1555 156 1556 158 1556 159 1556 161 1556 162 1556 169 1555 183 1551 193 1555 200 1558 201 1558 203 1558 204 1558 205 1558 205 1556 208 1555 217 1548 261 1554 263 1554 264 1554 266 1554 280 1544 282 1548 284 1548 284 1549 285 1549 287 1549 288 1549 442 1547 462 1558 463 1558 465 1558 466 1558 467 1558 469 1558 477 1551 502 1558 539 1569 540 1569 596 1570 598 1570 599 1570 624 1559 626 1537 626 1498 594 1496 588 1488 587 1488 587 1486 585 1486 584 1486 582 1486 528 1493 516 1484 516 1482 515 1482 514 1482 490 1481 488 1481 434 1491 414 1474 413 1474 411 1474 410 1474 409 1474 407 1474 385 1489 344 1467 343 1467 301 1465 299 1465 225 1484 201 1464 201 1463 200 1463 198 1463 173 1461 172 1461 170 1461 114 1479 114 1520"/></Shape>
	    <String CONTENT="ستور قدر ما ذون اگبر کسی را تعين"
                    HPOS="113"
                    VPOS="1461"
                    WIDTH="513"
                    HEIGHT="109"
                    WC="0.9289354477077723"></String>
          </TextLine>

          
        </TextBlock>
        
        <TextBlock HPOS="565"
                   VPOS="33"
                   WIDTH="99"
                   HEIGHT="77"
                   ID="eSc_textblock_ed3c3ed6"
                   TAGREFS="BT16093">
          <Shape><Polygon POINTS="592 33 658 50 664 82 624 110 581 105 565 56 592 33"/></Shape>
          
          
          <TextLine ID="eSc_line_2d3ff6a2"
                    TAGREFS="LT4837"
                    BASELINE="585 75 627 72" 
                    HPOS="582"
                    VPOS="44"
                    WIDTH="45"
                    HEIGHT="63">
            <Shape><Polygon POINTS="585 75 588 107 627 93 627 72 624 44 582 44 585 75"/></Shape>
	    <String CONTENT=""
                    HPOS="582"
                    VPOS="44"
                    WIDTH="45"
                    HEIGHT="63"></String>
          </TextLine>

          
        </TextBlock>
        
        <TextBlock HPOS="16"
                   VPOS="1629"
                   WIDTH="89"
                   HEIGHT="32"
                   ID="eSc_textblock_24efa944"
                   TAGREFS="BT16085">
          <Shape><Polygon POINTS="63 1629 105 1635 99 1661 16 1661 22 1640 63 1629"/></Shape>
          
        </TextBlock>
        
        <TextBlock HPOS="704"
                   VPOS="1618"
                   WIDTH="440"
                   HEIGHT="60"
                   ID="eSc_textblock_24aaf0ad"
                   TAGREFS="BT16085">
          <Shape><Polygon POINTS="941 1618 1144 1624 1144 1678 704 1650 941 1618"/></Shape>
          
        </TextBlock>
        

        
      </PrintSpace>
    </Page>
  </Layout>
</alto>
