<?xml version="1.0" encoding="UTF-8"?>
<alto xmlns:xsi="http://www.w3.org/2001/XMLSchema-instance"
      xmlns="http://www.loc.gov/standards/alto/ns-v4#"
      xsi:schemaLocation="http://www.loc.gov/standards/alto/ns-v4# http://www.loc.gov/standards/alto/v4/alto-4-2.xsd">
  <Description>
    <MeasurementUnit>pixel</MeasurementUnit>
    <sourceImageInformation>
      <fileName>Rasail072.jpg</fileName>
      
    </sourceImageInformation>
  </Description>
  
  <Tags>
    <OtherTag ID="BT16094" LABEL="default" DESCRIPTION="block type default"/><OtherTag ID="BT16093" LABEL="NumberingZone:page" DESCRIPTION="block type NumberingZone:page"/><OtherTag ID="BT16092" LABEL="MarginTextZone:note" DESCRIPTION="block type MarginTextZone:note"/><OtherTag ID="BT16091" LABEL="TitlePageZone" DESCRIPTION="block type TitlePageZone"/><OtherTag ID="BT16090" LABEL="QuireMarksZone:catchwords" DESCRIPTION="block type QuireMarksZone:catchwords"/><OtherTag ID="BT16089" LABEL="NumberingZone:other" DESCRIPTION="block type NumberingZone:other"/><OtherTag ID="BT16088" LABEL="NumberingZone" DESCRIPTION="block type NumberingZone"/><OtherTag ID="BT16087" LABEL="MarginTextZone" DESCRIPTION="block type MarginTextZone"/><OtherTag ID="BT16086" LABEL="MainZone" DESCRIPTION="block type MainZone"/><OtherTag ID="BT16085" LABEL="DigitizationArtefactZone" DESCRIPTION="block type DigitizationArtefactZone"/><OtherTag ID="BT2" LABEL="Main" DESCRIPTION="block type Main"/><OtherTag ID="BT1" LABEL="Title" DESCRIPTION="block type Title"/>
    <OtherTag ID="LT4837" LABEL="DefaultLine" DESCRIPTION="line type DefaultLine"/><OtherTag ID="LT4838" LABEL="default" DESCRIPTION="line type default"/><OtherTag ID="LT4839" LABEL="HeadingLine:title" DESCRIPTION="line type HeadingLine:title"/>
  </Tags>
  
  <Layout>
    <Page WIDTH="1153"
          HEIGHT="1639"
          PHYSICAL_IMG_NR="100"
          ID="eSc_dummypage_">
      <PrintSpace HPOS="0"
                  VPOS="0"
                  WIDTH="1153"
                  HEIGHT="1639">
        
        <TextBlock HPOS="92"
                   VPOS="147"
                   WIDTH="1004"
                   HEIGHT="1436"
                   ID="eSc_textblock_6b245f45"
                   TAGREFS="BT16086">
          <Shape><Polygon POINTS="568 147 998 152 1091 174 1096 1249 1086 1544 1053 1572 142 1583 114 1550 109 841 125 803 103 774 92 540 114 528 131 185 174 158 568 147"/></Shape>
          
          
          <TextLine ID="eSc_line_4cd255d6"
                    TAGREFS="LT4837"
                    BASELINE="150 221 1062 207" 
                    HPOS="148"
                    VPOS="165"
                    WIDTH="914"
                    HEIGHT="82">
            <Shape><Polygon POINTS="150 221 150 247 176 247 177 247 178 247 192 236 237 244 239 244 240 244 256 236 300 234 310 241 311 241 312 241 314 241 431 232 497 241 512 243 513 243 515 243 521 240 536 236 558 240 571 241 572 241 573 241 575 241 575 240 576 239 581 233 595 239 602 241 603 241 605 241 606 241 613 239 635 228 734 228 752 236 760 239 762 239 763 239 803 234 881 225 912 225 924 232 931 236 933 236 934 236 935 236 937 236 950 230 964 225 972 230 978 234 979 234 980 234 982 234 1061 228 1062 207 1061 174 1035 165 1034 165 1032 165 1031 165 1030 165 1017 174 976 174 885 174 883 174 872 165 871 165 870 165 844 165 842 165 800 174 785 177 766 174 730 169 729 169 728 169 706 174 700 176 698 174 688 167 687 167 685 167 684 167 683 167 662 174 650 178 622 174 584 169 583 169 581 169 566 174 553 180 502 174 469 172 468 172 453 174 422 183 392 174 379 172 378 172 377 172 310 173 308 173 307 173 307 174 306 174 300 180 259 174 240 173 239 173 237 173 236 173 234 174 224 184 210 174 209 174 207 174 206 174 148 174 150 221"/></Shape>
	    <String CONTENT="مدايت و دهده بصيرت او نور يافته باشد و به مطالعه اسرار عالم"
                    HPOS="148"
                    VPOS="165"
                    WIDTH="914"
                    HEIGHT="82"
                    WC="0.9119286597785303"></String>
          </TextLine>

          
          
          <TextLine ID="eSc_line_dd08c9cf"
                    TAGREFS="LT4837"
                    BASELINE="222 293 1065 286" 
                    HPOS="221"
                    VPOS="243"
                    WIDTH="844"
                    HEIGHT="83">
            <Shape><Polygon POINTS="222 293 222 308 314 308 315 308 333 325 334 325 336 325 337 326 371 326 371 325 372 325 374 325 385 316 393 323 394 323 396 323 397 325 446 325 446 323 448 323 479 307 493 319 494 319 495 319 497 319 498 319 527 311 565 322 566 322 568 322 613 312 633 322 635 322 636 323 691 323 691 322 692 322 693 322 700 315 719 322 721 322 722 322 724 322 725 322 744 307 756 316 758 316 759 316 760 316 844 304 845 304 846 304 898 319 900 319 901 319 903 319 904 319 922 303 923 303 924 303 954 311 956 311 957 311 959 311 960 311 972 303 1004 315 1005 315 1006 315 1064 301 1065 286 1061 248 995 255 979 248 965 243 964 243 963 243 961 243 960 243 953 248 942 258 894 258 878 249 872 247 871 247 836 247 834 247 833 247 826 249 812 258 749 258 733 251 721 245 719 245 718 245 717 245 698 251 672 259 662 251 654 245 653 245 651 245 650 245 594 247 592 247 577 252 557 260 539 252 525 247 524 247 449 247 448 247 446 247 445 247 437 254 431 258 426 254 412 247 411 247 409 247 408 247 379 255 362 259 356 255 351 249 351 248 349 248 348 248 300 248 299 248 297 248 296 248 286 255 275 262 263 255 248 248 247 248 245 248 244 248 221 255 222 293"/></Shape>
	    <String CONTENT="امری رسيده مجملا به مجموع کتاب که عالم خلقی است"
                    HPOS="221"
                    VPOS="243"
                    WIDTH="844"
                    HEIGHT="83"
                    WC="0.9290386324233197"></String>
          </TextLine>

          
          
          <TextLine ID="eSc_line_9b7503a2"
                    TAGREFS="LT4837"
                    BASELINE="137 361 1061 364" 
                    HPOS="136"
                    VPOS="319"
                    WIDTH="925"
                    HEIGHT="70">
            <Shape><Polygon POINTS="137 361 136 374 200 386 202 386 203 386 234 376 245 385 247 385 248 385 249 385 292 379 303 387 304 387 306 387 307 387 308 387 310 387 325 376 340 387 341 387 342 387 344 387 393 376 411 387 412 387 413 387 415 387 484 381 494 387 495 387 497 387 599 389 601 389 602 389 629 379 730 389 732 389 733 389 771 378 918 378 969 389 971 389 972 389 1006 378 1060 378 1061 364 1060 319 994 319 993 319 991 319 990 319 963 334 939 330 938 330 937 330 935 330 924 337 889 334 877 322 874 320 874 319 872 319 871 319 870 319 851 322 829 326 823 323 818 319 816 319 815 319 692 319 691 319 689 319 688 319 688 320 681 325 676 330 657 326 655 326 654 326 653 326 635 333 621 326 620 326 618 326 617 326 616 326 614 326 603 331 599 326 595 323 595 322 594 322 592 322 591 322 590 322 588 322 581 327 576 330 542 329 540 327 530 319 528 319 527 319 525 319 524 319 523 319 512 329 504 335 482 337 300 337 280 333 228 323 226 323 225 323 224 323 215 330 209 325 207 325 206 325 204 325 137 334 137 361"/></Shape>
	    <String CONTENT="می گردد و ماننده کسبکه نامه نهراند و در ججيد و در اشارت"
                    HPOS="136"
                    VPOS="319"
                    WIDTH="925"
                    HEIGHT="70"
                    WC="0.9088277274912054"></String>
          </TextLine>

          
          
          <TextLine ID="eSc_line_6b1a637c"
                    TAGREFS="LT4837"
                    BASELINE="135 437 1061 439" 
                    HPOS="135"
                    VPOS="387"
                    WIDTH="926"
                    HEIGHT="82">
            <Shape><Polygon POINTS="135 437 135 452 222 452 224 452 243 467 244 467 245 467 247 468 293 468 293 467 295 467 296 467 296 465 308 454 337 452 345 452 346 452 378 467 379 467 381 468 413 468 413 467 415 467 416 467 434 454 530 465 531 465 532 465 564 456 596 468 598 468 599 469 737 469 737 468 739 468 766 454 769 453 881 453 885 454 913 468 915 468 916 468 918 468 956 454 963 453 969 454 1013 468 1015 468 1016 469 1043 469 1043 468 1045 468 1046 468 1060 456 1061 439 1058 402 916 409 905 402 893 393 892 393 890 393 889 393 887 393 870 402 860 408 811 402 759 397 758 397 756 397 739 402 719 409 713 402 702 393 702 391 700 391 699 391 698 391 696 391 681 397 642 389 640 389 639 389 610 402 599 409 587 404 557 387 556 387 554 387 480 394 454 387 453 387 452 387 450 387 449 387 428 402 416 393 415 393 413 393 412 393 411 393 385 404 375 408 371 404 353 389 353 387 352 387 351 387 233 387 232 387 230 387 198 404 191 408 135 405 135 437"/></Shape>
	    <String CONTENT="باين مرتبه است يوم لطو الشماء كظي السخل لككتب"
                    HPOS="135"
                    VPOS="387"
                    WIDTH="926"
                    HEIGHT="82"
                    WC="0.9162845359908209"></String>
          </TextLine>

          
          
          <TextLine ID="eSc_line_92ddf752"
                    TAGREFS="LT4837"
                    BASELINE="125 527 1060 514" 
                    HPOS="124"
                    VPOS="465"
                    WIDTH="936"
                    HEIGHT="88">
            <Shape><Polygon POINTS="125 527 127 544 144 540 170 544 226 553 228 553 229 553 249 542 259 538 310 542 374 546 375 546 377 546 378 546 386 539 393 535 445 535 454 538 480 549 482 549 483 550 539 550 539 549 592 547 594 547 595 547 613 535 614 534 618 535 642 542 643 542 644 542 646 542 673 534 678 532 684 534 724 546 725 546 726 546 849 544 877 543 878 543 879 543 900 529 926 538 927 538 928 538 930 538 963 528 964 528 978 528 986 528 1013 542 1015 542 1016 542 1017 542 1060 525 1060 514 1056 472 989 479 979 473 969 465 968 465 967 465 965 465 909 467 908 467 907 467 897 475 889 482 822 482 812 476 801 468 800 468 799 468 797 468 700 478 696 478 693 478 586 471 584 471 583 471 558 480 547 486 517 486 505 482 484 473 483 473 482 473 434 483 411 487 394 483 372 478 371 478 370 478 368 478 356 484 351 487 346 484 331 476 330 476 329 476 327 476 326 476 316 484 314 486 289 486 230 483 229 483 228 483 226 483 222 486 218 490 202 487 151 476 150 476 148 476 124 486 125 527"/></Shape>
	    <String CONTENT="يعنی روزيکه دريچم وهمانها را همچون بحدن نامد پای نوشتر"
                    HPOS="124"
                    VPOS="465"
                    WIDTH="936"
                    HEIGHT="88"
                    WC="0.8789089151002742"></String>
          </TextLine>

          
          
          <TextLine ID="eSc_line_f10d7ef0"
                    TAGREFS="LT4837"
                    BASELINE="616 588 1061 583" 
                    HPOS="614"
                    VPOS="531"
                    WIDTH="447"
                    HEIGHT="89">
            <Shape><Polygon POINTS="616 588 616 609 707 620 709 620 710 620 726 613 754 618 755 618 756 618 758 618 758 617 766 610 833 618 834 618 836 618 837 618 848 609 851 607 862 609 922 617 923 617 968 609 980 606 991 609 1020 615 1021 615 1023 615 1061 607 1061 583 1060 546 1053 539 1053 538 1051 538 1050 538 1049 538 1047 538 1023 546 1001 531 999 531 998 531 948 531 946 531 918 536 916 536 915 536 905 543 887 557 819 557 789 543 788 543 786 543 785 543 784 543 762 558 714 558 704 550 704 549 703 549 702 549 700 549 699 549 678 555 653 538 648 535 647 535 646 535 644 535 614 536 616 588"/></Shape>
	    <String CONTENT="واللأعلم بالصوب"
                    HPOS="614"
                    VPOS="531"
                    WIDTH="447"
                    HEIGHT="89"
                    WC="0.9804751239717007"></String>
          </TextLine>

          
          
          <TextLine ID="eSc_line_39d0e921"
                    TAGREFS="LT4837"
                    BASELINE="217 846 909 841" 
                    HPOS="215"
                    VPOS="793"
                    WIDTH="694"
                    HEIGHT="81">
            <Shape><Polygon POINTS="217 846 217 860 275 860 286 870 286 871 288 871 289 871 290 871 353 860 387 871 389 871 390 871 392 871 393 871 409 859 446 859 494 874 495 874 497 874 498 874 499 874 524 859 560 874 561 874 562 874 636 872 637 872 661 861 683 872 684 872 685 874 734 874 734 872 736 872 737 872 762 856 807 871 808 871 810 872 860 872 860 871 862 871 909 853 909 841 904 800 862 814 834 801 815 793 814 793 812 793 811 793 810 793 799 803 797 804 795 803 775 793 774 793 773 793 771 793 739 804 706 816 628 816 613 808 583 793 581 793 580 793 512 794 510 794 509 794 493 807 468 799 467 799 465 799 464 799 463 799 445 812 442 815 359 818 353 815 330 796 329 796 327 796 281 796 280 796 278 796 277 796 252 815 215 818 217 846"/></Shape>
	    <String CONTENT="در بيان تا ديل دو جهان که آن را آخرت ددنيا گويد"
                    HPOS="215"
                    VPOS="793"
                    WIDTH="694"
                    HEIGHT="81"
                    WC="0.8918404439274146"></String>
          </TextLine>

          
          
          <TextLine ID="eSc_line_fe7605b1"
                    TAGREFS="LT4837"
                    BASELINE="136 951 1006 942" 
                    HPOS="135"
                    VPOS="890"
                    WIDTH="871"
                    HEIGHT="86">
            <Shape><Polygon POINTS="136 951 136 962 285 962 331 972 333 972 334 972 359 964 382 976 383 976 385 976 386 976 409 967 420 975 422 975 423 975 424 976 480 976 480 975 482 975 509 962 566 973 568 973 624 971 625 971 627 971 627 969 635 962 668 972 669 972 670 973 710 973 710 972 711 972 713 972 724 964 734 972 736 972 737 972 739 972 740 972 765 961 815 971 816 971 818 971 819 971 834 957 836 957 863 967 864 967 866 967 867 967 868 967 882 957 883 956 892 957 943 965 945 965 946 965 960 958 979 968 980 968 982 968 983 968 1006 956 1006 942 1002 890 889 891 887 891 886 891 883 894 870 902 812 895 780 893 778 893 777 893 763 898 740 906 719 900 711 897 710 897 709 897 637 902 628 904 627 904 605 916 536 916 517 906 498 898 497 898 495 898 494 898 465 906 456 898 454 898 453 898 452 898 450 898 449 898 434 909 423 917 381 917 368 912 366 911 364 911 363 911 330 913 282 917 278 915 273 909 271 909 270 909 269 909 267 909 266 909 255 916 252 917 251 916 237 909 236 909 234 909 233 909 232 909 219 917 199 904 198 904 196 904 163 904 162 904 161 904 135 917 136 951"/></Shape>
	    <String CONTENT="بدانکه فلک الا فلاک محيط بدايت عالم محسوسات ستت"
                    HPOS="135"
                    VPOS="890"
                    WIDTH="871"
                    HEIGHT="86"
                    WC="0.911214124649129"></String>
          </TextLine>

          
          
          <TextLine ID="eSc_line_acd032fe"
                    TAGREFS="LT4837"
                    BASELINE="139 1031 1076 1018" 
                    HPOS="137"
                    VPOS="975"
                    WIDTH="939"
                    HEIGHT="79">
            <Shape><Polygon POINTS="139 1031 139 1044 158 1054 159 1054 161 1054 245 1042 248 1042 251 1042 297 1053 299 1053 300 1053 344 1040 346 1040 389 1040 424 1040 438 1051 439 1051 441 1051 442 1051 475 1050 476 1050 478 1050 490 1040 516 1048 517 1048 519 1048 520 1048 521 1048 535 1039 571 1048 572 1048 573 1050 573 1048 575 1048 601 1042 609 1048 610 1048 612 1048 613 1048 756 1047 758 1047 781 1035 833 1044 834 1044 836 1044 878 1033 890 1043 892 1043 893 1043 946 1044 948 1044 949 1044 972 1032 1032 1043 1034 1043 1035 1043 1036 1043 1036 1042 1049 1031 1076 1029 1076 1018 1073 975 1054 975 1053 975 1051 975 1050 975 1050 976 1036 988 935 988 885 979 871 977 870 977 855 980 827 986 799 982 767 977 766 977 765 977 749 983 732 990 726 984 721 980 721 979 719 979 718 979 691 979 689 979 688 979 687 979 687 980 680 986 673 991 617 987 580 984 579 984 577 984 564 988 545 994 513 990 454 982 453 982 404 992 392 995 386 994 368 984 367 984 312 984 311 984 310 984 289 995 271 984 270 984 269 984 267 984 266 984 241 997 225 991 224 991 222 991 221 991 199 998 181 988 180 988 178 988 177 988 137 999 139 1031"/></Shape>
	    <String CONTENT="ظهور نهايت مرگز خاک که مرتته آنسانی است هر موجودی"
                    HPOS="137"
                    VPOS="975"
                    WIDTH="939"
                    HEIGHT="79"
                    WC="0.9407260179519653"></String>
          </TextLine>

          
          
          <TextLine ID="eSc_line_7188ff16"
                    TAGREFS="LT4837"
                    BASELINE="142 1102 1069 1096" 
                    HPOS="140"
                    VPOS="1051"
                    WIDTH="929"
                    HEIGHT="73">
            <Shape><Polygon POINTS="142 1102 142 1113 155 1122 157 1122 158 1122 159 1122 161 1122 191 1111 243 1111 292 1111 306 1122 307 1122 308 1122 310 1124 333 1124 333 1122 334 1122 336 1122 336 1121 348 1111 412 1119 413 1119 415 1119 442 1110 472 1121 474 1121 475 1121 520 1114 602 1121 603 1121 739 1113 862 1118 863 1118 864 1118 866 1118 883 1107 885 1107 1012 1107 1016 1107 1028 1117 1028 1118 1030 1118 1031 1118 1032 1118 1034 1118 1069 1106 1069 1096 1065 1051 1016 1054 1015 1054 1013 1054 994 1066 928 1057 927 1057 926 1057 924 1057 924 1058 913 1068 859 1068 845 1055 840 1051 838 1051 837 1051 836 1051 834 1051 825 1057 803 1069 789 1069 777 1058 773 1054 771 1054 770 1054 769 1054 767 1054 766 1054 760 1058 745 1068 718 1059 715 1058 714 1058 713 1058 711 1058 706 1059 674 1068 665 1061 655 1053 654 1053 653 1053 605 1053 603 1053 602 1053 568 1062 543 1070 400 1070 394 1066 383 1062 382 1062 381 1062 379 1062 370 1068 367 1069 364 1068 349 1057 348 1057 346 1057 345 1057 306 1065 281 1055 280 1055 278 1055 277 1055 275 1055 275 1057 260 1069 244 1055 243 1055 241 1055 191 1055 189 1055 188 1055 140 1072 142 1102"/></Shape>
	    <String CONTENT="که يست صورتی دارد تا مادا يکه آن صورت هست با آن"
                    HPOS="140"
                    VPOS="1051"
                    WIDTH="929"
                    HEIGHT="73"
                    WC="0.8924401876877766"></String>
          </TextLine>

          
          
          <TextLine ID="eSc_line_c3ef2ef7"
                    TAGREFS="LT4837"
                    BASELINE="136 1178 1062 1169" 
                    HPOS="135"
                    VPOS="1121"
                    WIDTH="927"
                    HEIGHT="78">
            <Shape><Polygon POINTS="136 1178 136 1199 189 1199 191 1199 232 1185 263 1185 288 1197 289 1197 290 1197 292 1197 293 1197 311 1184 345 1196 346 1196 348 1196 349 1196 351 1196 366 1182 413 1182 435 1195 439 1196 441 1196 442 1196 443 1196 445 1196 448 1193 457 1188 497 1193 516 1195 517 1195 519 1195 520 1195 523 1192 535 1181 573 1191 590 1195 591 1195 592 1195 618 1189 669 1180 684 1188 689 1192 691 1192 692 1192 693 1192 714 1188 751 1180 774 1186 792 1192 793 1192 795 1192 866 1191 867 1191 868 1191 878 1184 886 1178 930 1177 952 1177 960 1182 971 1191 972 1191 974 1191 975 1192 1038 1192 1038 1191 1039 1191 1062 1180 1062 1169 1057 1121 1034 1130 1020 1124 1019 1124 1017 1124 1016 1124 1015 1124 993 1137 979 1125 978 1125 976 1125 975 1125 974 1125 931 1137 913 1125 911 1122 909 1122 908 1122 795 1122 793 1122 792 1122 775 1129 766 1132 760 1129 758 1126 756 1126 755 1126 754 1126 752 1126 740 1129 721 1135 715 1130 714 1129 714 1128 713 1128 711 1128 710 1128 709 1128 707 1128 704 1130 691 1140 662 1135 661 1135 628 1141 617 1133 616 1133 614 1133 613 1133 612 1133 586 1141 553 1135 536 1132 535 1132 534 1132 527 1136 512 1144 405 1144 400 1139 386 1128 385 1128 383 1128 321 1128 319 1128 318 1128 286 1141 281 1144 274 1143 249 1136 248 1136 247 1136 245 1136 219 1144 214 1145 213 1144 199 1133 198 1133 196 1133 195 1133 193 1133 192 1133 174 1145 172 1147 135 1147 136 1178"/></Shape>
	    <String CONTENT="قايماست که مغير از آنزدارد بهصورت و حقيقت آنچيز"
                    HPOS="135"
                    VPOS="1121"
                    WIDTH="927"
                    HEIGHT="78"
                    WC="0.8649596997669765"></String>
          </TextLine>

          
          
          <TextLine ID="eSc_line_be5deffd"
                    TAGREFS="LT4837"
                    BASELINE="144 1245 1064 1240" 
                    HPOS="143"
                    VPOS="1195"
                    WIDTH="921"
                    HEIGHT="72">
            <Shape><Polygon POINTS="144 1245 144 1255 207 1255 219 1264 219 1266 221 1266 222 1266 224 1267 259 1267 259 1266 260 1266 262 1266 280 1255 340 1255 359 1263 360 1263 362 1263 363 1263 396 1255 401 1253 411 1255 467 1263 468 1263 469 1263 471 1263 480 1255 491 1264 493 1264 494 1264 495 1266 547 1266 547 1264 549 1264 581 1255 586 1253 590 1255 609 1263 610 1263 612 1264 670 1264 670 1263 672 1263 692 1255 699 1252 704 1255 725 1263 726 1263 728 1263 729 1263 755 1255 766 1252 786 1252 792 1255 801 1263 803 1263 804 1263 806 1263 852 1256 871 1262 872 1262 874 1262 875 1262 877 1262 877 1260 883 1255 889 1251 909 1255 937 1260 938 1260 939 1260 941 1260 948 1255 953 1251 967 1255 983 1260 984 1260 986 1260 987 1260 989 1260 997 1255 998 1253 999 1255 1006 1262 1008 1262 1009 1262 1010 1262 1012 1262 1034 1255 1049 1251 1061 1255 1064 1240 1061 1195 953 1195 952 1195 950 1195 918 1211 826 1200 825 1200 823 1200 799 1211 744 1201 743 1201 741 1201 740 1201 728 1210 719 1203 718 1203 717 1203 715 1203 714 1203 713 1203 713 1204 702 1214 602 1214 565 1201 564 1201 562 1201 561 1201 560 1201 546 1211 516 1211 490 1199 489 1199 487 1199 486 1199 434 1214 405 1197 404 1197 403 1197 378 1197 377 1197 375 1197 374 1197 374 1199 353 1215 323 1199 322 1199 195 1199 193 1199 192 1199 191 1199 181 1206 143 1200 144 1245"/></Shape>
	    <String CONTENT="تواند نمود چون اين مقدمه معلوم شد مدانکه حقالق شسا"
                    HPOS="143"
                    VPOS="1195"
                    WIDTH="921"
                    HEIGHT="72"
                    WC="0.910980435013771"></String>
          </TextLine>

          
          
          <TextLine ID="eSc_line_eb921f6d"
                    TAGREFS="LT4837"
                    BASELINE="144 1319 1058 1312" 
                    HPOS="143"
                    VPOS="1268"
                    WIDTH="915"
                    HEIGHT="77">
            <Shape><Polygon POINTS="144 1319 144 1330 169 1330 170 1330 184 1342 184 1343 185 1343 187 1343 188 1345 251 1345 251 1343 252 1343 254 1343 271 1330 273 1330 274 1330 340 1338 341 1338 342 1338 360 1328 363 1328 409 1328 412 1328 452 1341 453 1341 454 1341 456 1341 478 1328 495 1328 538 1327 540 1328 568 1341 569 1341 571 1342 628 1342 628 1341 629 1341 665 1327 666 1327 669 1327 702 1334 703 1334 704 1334 721 1327 724 1326 726 1327 744 1334 745 1334 747 1334 748 1334 749 1334 758 1327 759 1326 803 1326 808 1326 866 1339 867 1339 868 1339 870 1339 879 1331 898 1338 900 1338 901 1338 903 1338 904 1338 915 1328 938 1337 939 1337 941 1337 942 1337 964 1328 1020 1338 1021 1338 1023 1338 1058 1324 1058 1312 1054 1275 987 1282 978 1275 967 1268 965 1268 964 1268 963 1268 961 1268 960 1268 953 1275 937 1268 935 1268 934 1268 855 1278 808 1283 795 1279 770 1270 769 1270 730 1270 729 1270 728 1270 726 1270 709 1281 702 1283 565 1283 561 1283 546 1274 545 1274 543 1274 542 1274 540 1274 520 1283 517 1285 513 1283 480 1272 479 1272 478 1272 476 1272 475 1272 475 1274 463 1285 460 1287 438 1287 433 1285 404 1277 403 1277 401 1277 400 1277 377 1282 359 1272 357 1272 356 1272 355 1272 337 1279 300 1274 299 1274 297 1274 296 1274 296 1275 289 1281 282 1274 281 1274 280 1274 188 1274 187 1274 185 1274 143 1289 144 1319"/></Shape>
	    <String CONTENT="قينی چزی چنداند که صورت اليشان باشان قايمرست"
                    HPOS="143"
                    VPOS="1268"
                    WIDTH="915"
                    HEIGHT="77"
                    WC="0.8949881832708012"></String>
          </TextLine>

          
          
          <TextLine ID="eSc_line_0bdeb706"
                    TAGREFS="LT4837"
                    BASELINE="147 1402 1064 1387" 
                    HPOS="146"
                    VPOS="1339"
                    WIDTH="918"
                    HEIGHT="82">
            <Shape><Polygon POINTS="147 1402 147 1410 177 1420 178 1420 180 1420 181 1420 183 1420 183 1419 193 1410 196 1406 258 1406 263 1409 289 1421 290 1421 292 1421 293 1421 295 1421 312 1408 316 1404 448 1404 452 1405 487 1417 489 1417 490 1417 491 1417 524 1406 558 1417 560 1417 561 1417 646 1416 707 1415 709 1415 737 1398 739 1398 747 1398 827 1406 829 1406 830 1406 831 1406 831 1405 841 1397 878 1408 879 1408 881 1408 923 1399 935 1409 935 1410 937 1410 938 1410 939 1412 979 1412 979 1410 1064 1391 1064 1387 1060 1356 1046 1356 1045 1356 1021 1339 1020 1339 1019 1339 1017 1339 1016 1339 995 1350 971 1339 969 1339 901 1339 900 1339 898 1339 897 1339 897 1341 883 1353 863 1346 862 1346 860 1346 859 1346 857 1346 842 1360 841 1361 763 1361 762 1361 748 1354 747 1354 745 1354 659 1363 646 1364 639 1364 556 1349 554 1349 491 1364 456 1348 454 1348 453 1348 323 1349 322 1349 321 1349 321 1350 297 1371 259 1371 224 1353 222 1353 221 1353 219 1353 218 1353 188 1371 172 1364 170 1364 169 1364 168 1364 146 1371 147 1402"/></Shape>
	    <String CONTENT="عالم امر گفته اندد صورت ايشان را هالم خلق وين"
                    HPOS="146"
                    VPOS="1339"
                    WIDTH="918"
                    HEIGHT="82"
                    WC="0.8782726950115628"></String>
          </TextLine>

          
          
          <TextLine ID="eSc_line_3a6d3217"
                    TAGREFS="LT4837"
                    BASELINE="224 1471 1057 1458" 
                    HPOS="222"
                    VPOS="1419"
                    WIDTH="835"
                    HEIGHT="72">
            <Shape><Polygon POINTS="224 1471 224 1479 284 1479 306 1491 307 1491 308 1491 310 1491 311 1491 312 1491 331 1477 352 1484 353 1484 355 1484 356 1484 357 1484 367 1477 381 1490 382 1490 383 1490 385 1490 386 1490 387 1490 411 1476 438 1488 439 1488 441 1488 480 1480 577 1487 579 1487 580 1487 581 1487 594 1477 603 1486 605 1486 606 1486 607 1486 609 1486 625 1477 643 1486 644 1486 646 1486 647 1486 685 1472 703 1484 704 1484 706 1484 707 1484 756 1476 814 1483 815 1483 816 1483 818 1483 818 1481 830 1471 857 1471 870 1481 871 1481 872 1481 874 1481 875 1481 893 1475 949 1481 950 1481 952 1481 953 1481 968 1469 1030 1475 1031 1475 1032 1475 1057 1465 1057 1458 1051 1420 1035 1428 978 1423 942 1419 941 1419 939 1419 938 1419 933 1424 919 1435 892 1435 882 1425 879 1423 879 1421 878 1421 877 1421 855 1420 853 1420 852 1420 851 1420 841 1427 827 1435 815 1427 801 1420 800 1420 799 1420 797 1420 796 1420 786 1428 775 1436 741 1430 733 1428 732 1428 721 1430 684 1438 670 1431 653 1423 651 1423 650 1423 648 1423 620 1431 607 1423 606 1423 605 1423 603 1423 602 1423 569 1432 561 1425 560 1425 558 1425 557 1425 556 1425 554 1425 546 1434 525 1425 524 1425 523 1425 521 1425 520 1425 504 1436 498 1440 489 1438 457 1425 456 1425 454 1425 453 1425 452 1425 430 1439 428 1440 426 1439 409 1427 408 1427 407 1427 375 1427 374 1427 372 1427 371 1427 355 1439 345 1431 345 1430 344 1430 342 1430 341 1430 340 1430 338 1430 329 1436 318 1427 316 1427 315 1427 314 1427 288 1430 286 1430 285 1430 267 1443 267 1445 222 1445 224 1471"/></Shape>
	    <String CONTENT="ل ب اهتبا استه بنامهاى بسيار ياد کرده"
                    HPOS="222"
                    VPOS="1419"
                    WIDTH="835"
                    HEIGHT="72"
                    WC="0.855286927642049"></String>
          </TextLine>

          
          
          <TextLine ID="eSc_line_d33bf16e"
                    TAGREFS="LT4837"
                    BASELINE="136 1543 1058 1535" 
                    HPOS="135"
                    VPOS="1484"
                    WIDTH="923"
                    HEIGHT="88">
            <Shape><Polygon POINTS="136 1543 137 1572 155 1563 187 1570 192 1572 193 1572 195 1572 196 1572 196 1570 218 1554 290 1554 389 1554 405 1566 407 1566 408 1566 409 1566 411 1566 453 1552 494 1565 501 1567 502 1567 504 1567 525 1565 575 1558 601 1563 607 1565 609 1565 610 1565 612 1565 613 1563 628 1552 674 1551 702 1551 721 1562 728 1566 729 1566 730 1566 732 1566 733 1566 734 1566 741 1561 751 1555 758 1561 766 1566 767 1566 769 1566 770 1566 939 1558 945 1558 946 1558 991 1563 993 1563 994 1563 1008 1557 1020 1550 1032 1557 1042 1561 1043 1561 1045 1561 1046 1561 1058 1555 1058 1535 1056 1499 997 1490 995 1490 994 1490 960 1498 905 1484 904 1484 903 1484 901 1484 871 1499 867 1501 864 1499 849 1486 848 1486 846 1486 845 1486 732 1490 730 1490 711 1499 703 1502 696 1499 669 1487 668 1487 666 1487 612 1499 588 1503 576 1499 551 1488 550 1488 549 1488 547 1488 546 1488 534 1499 527 1505 482 1505 474 1499 468 1494 467 1494 465 1494 464 1494 415 1496 413 1496 412 1496 411 1499 403 1505 363 1499 345 1496 344 1496 342 1496 341 1496 340 1499 331 1505 323 1499 318 1495 316 1495 315 1495 314 1495 292 1499 281 1501 277 1499 270 1492 269 1492 267 1492 266 1492 265 1492 245 1499 226 1505 215 1499 203 1491 202 1491 200 1491 199 1491 135 1498 136 1543"/></Shape>
	    <String CONTENT="باطن وظاهر ملکوت و ملک غيب و شهادت معقول"
                    HPOS="135"
                    VPOS="1484"
                    WIDTH="923"
                    HEIGHT="88"
                    WC="0.9273902609944343"></String>
          </TextLine>

          
        </TextBlock>
        
        <TextBlock HPOS="530"
                   VPOS="43"
                   WIDTH="135"
                   HEIGHT="92"
                   ID="eSc_textblock_88cb2500"
                   TAGREFS="BT16093">
          <Shape><Polygon POINTS="579 43 637 49 665 96 610 135 551 124 530 65 579 43"/></Shape>
          
          
          <TextLine ID="eSc_line_5eabaf50"
                    TAGREFS="LT4837"
                    BASELINE="560 86 617 86" 
                    HPOS="560"
                    VPOS="60"
                    WIDTH="57"
                    HEIGHT="43">
            <Shape><Polygon POINTS="560 86 560 102 616 103 617 86 616 60 560 61 560 86"/></Shape>
	    <String CONTENT=""
                    HPOS="560"
                    VPOS="60"
                    WIDTH="57"
                    HEIGHT="43"></String>
          </TextLine>

          
        </TextBlock>
        

        
      </PrintSpace>
    </Page>
  </Layout>
</alto>
