<?xml version="1.0" encoding="UTF-8"?>
<alto xmlns:xsi="http://www.w3.org/2001/XMLSchema-instance"
      xmlns="http://www.loc.gov/standards/alto/ns-v4#"
      xsi:schemaLocation="http://www.loc.gov/standards/alto/ns-v4# http://www.loc.gov/standards/alto/v4/alto-4-2.xsd">
  <Description>
    <MeasurementUnit>pixel</MeasurementUnit>
    <sourceImageInformation>
      <fileName>Rasail159.jpg</fileName>
      
    </sourceImageInformation>
  </Description>
  
  <Tags>
    <OtherTag ID="BT16094" LABEL="default" DESCRIPTION="block type default"/><OtherTag ID="BT16093" LABEL="NumberingZone:page" DESCRIPTION="block type NumberingZone:page"/><OtherTag ID="BT16092" LABEL="MarginTextZone:note" DESCRIPTION="block type MarginTextZone:note"/><OtherTag ID="BT16091" LABEL="TitlePageZone" DESCRIPTION="block type TitlePageZone"/><OtherTag ID="BT16090" LABEL="QuireMarksZone:catchwords" DESCRIPTION="block type QuireMarksZone:catchwords"/><OtherTag ID="BT16089" LABEL="NumberingZone:other" DESCRIPTION="block type NumberingZone:other"/><OtherTag ID="BT16088" LABEL="NumberingZone" DESCRIPTION="block type NumberingZone"/><OtherTag ID="BT16087" LABEL="MarginTextZone" DESCRIPTION="block type MarginTextZone"/><OtherTag ID="BT16086" LABEL="MainZone" DESCRIPTION="block type MainZone"/><OtherTag ID="BT16085" LABEL="DigitizationArtefactZone" DESCRIPTION="block type DigitizationArtefactZone"/><OtherTag ID="BT2" LABEL="Main" DESCRIPTION="block type Main"/><OtherTag ID="BT1" LABEL="Title" DESCRIPTION="block type Title"/>
    <OtherTag ID="LT4837" LABEL="DefaultLine" DESCRIPTION="line type DefaultLine"/><OtherTag ID="LT4838" LABEL="default" DESCRIPTION="line type default"/><OtherTag ID="LT4839" LABEL="HeadingLine:title" DESCRIPTION="line type HeadingLine:title"/>
  </Tags>
  
  <Layout>
    <Page WIDTH="1150"
          HEIGHT="1670"
          PHYSICAL_IMG_NR="22"
          ID="eSc_dummypage_">
      <PrintSpace HPOS="0"
                  VPOS="0"
                  WIDTH="1150"
                  HEIGHT="1670">
        
        <TextBlock HPOS="295"
                   VPOS="167"
                   WIDTH="665"
                   HEIGHT="65"
                   ID="eSc_textblock_79d20aba"
                   TAGREFS="BT16086">
          <Shape><Polygon POINTS="845 167 943 183 960 204 943 232 345 226 295 204 384 178 799 183 845 167"/></Shape>
          
          
          <TextLine ID="eSc_line_0e7f053f"
                    TAGREFS="LT4837"
                    BASELINE="846 224 924 219" 
                    HPOS="842"
                    VPOS="183"
                    WIDTH="82"
                    HEIGHT="68">
            <Shape><Polygon POINTS="846 224 846 239 877 251 878 251 879 251 881 251 924 239 924 219 920 189 878 193 868 186 867 185 867 183 865 183 864 183 863 183 842 183 846 224"/></Shape>
	    <String CONTENT=""
                    HPOS="842"
                    VPOS="183"
                    WIDTH="82"
                    HEIGHT="68"></String>
          </TextLine>

          
        </TextBlock>
        
        <TextBlock HPOS="206"
                   VPOS="283"
                   WIDTH="665"
                   HEIGHT="149"
                   ID="eSc_textblock_c2deefd6"
                   TAGREFS="BT16094">
          <Shape><Polygon POINTS="350 283 871 295 826 343 626 345 661 367 865 377 826 421 654 432 211 410 284 372 588 354 206 332 289 289 350 283"/></Shape>
          
          
          <TextLine ID="eSc_line_a1b14ccb"
                    TAGREFS="LT4837"
                    BASELINE="793 304 917 295" 
                    HPOS="792"
                    VPOS="269"
                    WIDTH="125"
                    HEIGHT="56">
            <Shape><Polygon POINTS="861 293 847 293 833 293 820 293 806 293 792 292 793 304 796 325 828 313 840 320 842 320 843 320 845 320 846 320 853 318 878 310 885 313 896 318 898 318 899 318 900 318 917 308 917 295 913 269 874 272 872 272 871 272 871 274 870 275 861 282 861 293"/></Shape>
	    <String CONTENT=""
                    HPOS="792"
                    VPOS="269"
                    WIDTH="125"
                    HEIGHT="56"></String>
          </TextLine>

          
          
          <TextLine ID="eSc_line_b0dd0b94"
                    TAGREFS="LT4837"
                    BASELINE="72 334 647 318 765 310" 
                    HPOS="71"
                    VPOS="286"
                    WIDTH="694"
                    HEIGHT="70">
            <Shape><Polygon POINTS="753 292 740 290 736 292 726 290 725 290 711 290 697 290 683 290 669 289 655 289 652 289 643 295 630 289 627 289 613 289 605 288 601 290 598 288 586 288 572 288 558 288 544 286 530 286 520 286 497 290 449 300 426 292 412 288 410 288 409 288 373 289 371 289 350 295 310 304 277 296 274 295 265 300 251 307 238 314 224 321 210 329 204 307 162 308 143 299 136 296 135 296 133 296 71 300 72 334 72 347 182 345 208 347 267 356 268 356 309 354 310 354 311 354 311 353 313 353 317 346 321 342 338 346 343 347 345 347 346 347 360 346 424 338 498 345 536 347 537 347 538 347 547 343 565 335 586 343 594 346 595 346 597 346 655 345 657 345 658 345 658 343 659 343 659 342 662 338 687 342 697 343 698 343 700 343 701 343 703 342 718 329 739 342 740 342 742 342 743 342 765 340 765 310 761 292 753 292"/></Shape>
	    <String CONTENT="ار آساس"
                    HPOS="71"
                    VPOS="286"
                    WIDTH="694"
                    HEIGHT="70"
                    WC="0.9305523186922073"></String>
          </TextLine>

          
          
          <TextLine ID="eSc_line_a280f190"
                    TAGREFS="LT4837"
                    BASELINE="79 409 595 392" 
                    HPOS="77"
                    VPOS="359"
                    WIDTH="518"
                    HEIGHT="76">
            <Shape><Polygon POINTS="342 368 328 370 318 370 263 381 258 384 245 391 231 398 217 402 213 385 161 386 139 372 137 372 136 372 135 372 77 374 79 409 79 421 111 434 112 434 114 434 115 434 116 434 135 421 162 420 183 420 186 420 245 435 246 435 247 435 323 432 324 432 325 432 339 420 359 417 394 413 402 417 419 424 420 424 421 424 423 424 424 424 432 416 438 411 448 416 471 427 473 427 474 427 517 425 519 425 520 425 520 424 530 414 534 411 537 414 540 417 541 417 542 417 544 417 545 417 556 414 583 407 591 414 595 392 591 359 516 367 515 367 513 367 503 374 492 366 491 366 490 366 488 366 487 366 462 378 405 378 352 367 342 368"/></Shape>
	    <String CONTENT="قام"
                    HPOS="77"
                    VPOS="359"
                    WIDTH="518"
                    HEIGHT="76"
                    WC="0.8739489714304606"></String>
          </TextLine>

          
        </TextBlock>
        
        <TextBlock HPOS="217"
                   VPOS="423"
                   WIDTH="721"
                   HEIGHT="37"
                   ID="eSc_textblock_ac6d8fed"
                   TAGREFS="BT16086">
          <Shape><Polygon POINTS="580 423 938 423 938 460 217 443 580 423"/></Shape>
          
          
          <TextLine ID="eSc_line_94b192ea"
                    TAGREFS="LT4837"
                    BASELINE="785 441 917 441" 
                    HPOS="785"
                    VPOS="423"
                    WIDTH="132"
                    HEIGHT="50">
            <Shape><Polygon POINTS="910 423 896 423 882 423 868 423 854 423 840 423 826 423 813 423 799 423 785 423 785 441 785 473 831 463 842 467 845 468 846 468 847 468 849 468 850 468 850 467 852 467 861 457 916 460 917 441 916 423 910 423"/></Shape>
	    <String CONTENT=""
                    HPOS="785"
                    VPOS="423"
                    WIDTH="132"
                    HEIGHT="50"></String>
          </TextLine>

          
        </TextBlock>
        
        <TextBlock HPOS="66"
                   VPOS="484"
                   WIDTH="883"
                   HEIGHT="60"
                   ID="eSc_textblock_4ad32748"
                   TAGREFS="BT16086">
          <Shape><Polygon POINTS="200 484 932 489 949 538 384 544 178 521 116 544 66 527 167 489 183 512 345 499 200 484"/></Shape>
          
          
          <TextLine ID="eSc_line_f40489cb"
                    TAGREFS="LT4837"
                    BASELINE="854 517 921 514" 
                    HPOS="853"
                    VPOS="488"
                    WIDTH="68"
                    HEIGHT="43">
            <Shape><Polygon POINTS="909 488 900 488 885 494 878 488 867 488 853 488 854 517 854 527 920 531 921 514 916 488 909 488"/></Shape>
	    <String CONTENT=""
                    HPOS="853"
                    VPOS="488"
                    WIDTH="68"
                    HEIGHT="43"></String>
          </TextLine>

          
          
          <TextLine ID="eSc_line_0840a0cb"
                    TAGREFS="LT4837"
                    BASELINE="605 538 719 535" 
                    HPOS="604"
                    VPOS="505"
                    WIDTH="115"
                    HEIGHT="72">
            <Shape><Polygon POINTS="605 538 605 551 618 551 619 551 644 574 644 576 646 576 647 576 648 577 662 577 662 576 664 576 719 548 719 535 715 505 659 516 651 512 639 506 637 506 636 506 634 506 604 517 605 538"/></Shape>
	    <String CONTENT=""
                    HPOS="604"
                    VPOS="505"
                    WIDTH="115"
                    HEIGHT="72"></String>
          </TextLine>

          
        </TextBlock>
        
        <TextBlock HPOS="222"
                   VPOS="434"
                   WIDTH="632"
                   HEIGHT="60"
                   ID="eSc_textblock_a1d61748"
                   TAGREFS="BT16094">
          <Shape><Polygon POINTS="412 434 843 462 854 477 799 494 222 482 412 434"/></Shape>
          
          
          <TextLine ID="eSc_line_c178d095"
                    TAGREFS="LT4837"
                    BASELINE="620 467 630 467" 
                    HPOS="620"
                    VPOS="446"
                    WIDTH="10"
                    HEIGHT="48">
            <Shape><Polygon POINTS="620 446 620 467 620 491 627 494 630 467 630 448 620 446"/></Shape>
	    <String CONTENT=""
                    HPOS="620"
                    VPOS="446"
                    WIDTH="10"
                    HEIGHT="48"></String>
          </TextLine>

          
          
          <TextLine ID="eSc_line_8eaf5681"
                    TAGREFS="LT4837"
                    BASELINE="77 487 583 470" 
                    HPOS="76"
                    VPOS="438"
                    WIDTH="507"
                    HEIGHT="75">
            <Shape><Polygon POINTS="577 443 563 443 549 442 536 441 522 441 508 439 492 438 481 442 466 446 453 443 438 438 437 438 435 438 434 438 432 438 424 443 407 455 374 446 373 446 371 446 370 446 368 446 367 446 367 448 357 456 328 453 327 455 313 457 299 462 285 466 271 468 257 480 243 480 229 477 225 459 210 453 189 446 187 446 186 446 115 448 114 448 76 459 77 487 77 496 111 510 112 510 114 510 115 510 116 510 116 509 118 509 122 502 139 506 140 506 142 506 143 506 144 506 144 505 154 494 190 494 232 513 233 513 235 513 236 513 238 513 247 506 260 510 261 510 263 510 264 510 265 510 265 509 267 509 274 501 282 505 284 505 285 505 286 505 288 505 288 503 297 495 311 503 313 503 314 503 316 503 317 503 341 495 346 501 348 501 349 501 350 501 352 501 353 501 371 488 400 512 402 512 403 512 405 512 456 510 458 510 494 496 526 507 527 507 529 507 530 507 531 507 531 506 533 506 551 485 583 478 583 470 580 443 577 443"/></Shape>
	    <String CONTENT="تحرت"
                    HPOS="76"
                    VPOS="438"
                    WIDTH="507"
                    HEIGHT="75"
                    WC="0.9721805900335312"></String>
          </TextLine>

          
        </TextBlock>
        
        <TextBlock HPOS="451"
                   VPOS="83"
                   WIDTH="136"
                   HEIGHT="54"
                   ID="eSc_textblock_13d0924e"
                   TAGREFS="BT16093">
          <Shape><Polygon POINTS="473 83 587 89 587 126 462 137 451 94 473 83"/></Shape>
          
          
          <TextLine ID="eSc_line_41bb0460"
                    TAGREFS="LT4837"
                    BASELINE="476 112 569 112" 
                    HPOS="476"
                    VPOS="86"
                    WIDTH="93"
                    HEIGHT="53">
            <Shape><Polygon POINTS="559 87 547 86 476 90 476 112 476 126 510 139 512 139 513 139 554 137 555 137 556 137 569 128 569 112 568 87 559 87"/></Shape>
	    <String CONTENT=""
                    HPOS="476"
                    VPOS="86"
                    WIDTH="93"
                    HEIGHT="53"></String>
          </TextLine>

          
        </TextBlock>
        
        <TextBlock HPOS="77"
                   VPOS="567"
                   WIDTH="872"
                   HEIGHT="60"
                   ID="eSc_textblock_690622f5"
                   TAGREFS="BT16086">
          <Shape><Polygon POINTS="584 567 938 567 949 605 178 599 126 627 77 605 111 573 584 567"/></Shape>
          
          
          <TextLine ID="eSc_line_225fd176"
                    TAGREFS="LT4837"
                    BASELINE="846 587 924 588" 
                    HPOS="845"
                    VPOS="567"
                    WIDTH="79"
                    HEIGHT="34">
            <Shape><Polygon POINTS="916 567 902 567 888 567 875 567 846 569 846 587 845 595 921 601 924 588 921 567 916 567"/></Shape>
	    <String CONTENT=""
                    HPOS="845"
                    VPOS="567"
                    WIDTH="79"
                    HEIGHT="34"></String>
          </TextLine>

          
        </TextBlock>
        
        <TextBlock HPOS="233"
                   VPOS="534"
                   WIDTH="571"
                   HEIGHT="37"
                   ID="eSc_textblock_dcc1625c"
                   TAGREFS="BT16094">
          <Shape><Polygon POINTS="350 534 799 545 776 555 804 560 334 571 233 555 350 534"/></Shape>
          
          
          <TextLine ID="eSc_line_3dab89e1"
                    TAGREFS="LT4837"
                    BASELINE="86 565 524 549 588 541" 
                    HPOS="84"
                    VPOS="534"
                    WIDTH="504"
                    HEIGHT="50">
            <Shape><Polygon POINTS="586 539 572 538 558 538 544 538 530 538 516 537 502 537 488 537 474 537 460 535 446 535 432 535 419 535 405 535 400 534 394 538 387 538 377 553 363 553 349 553 335 553 321 556 307 556 293 556 279 556 265 558 251 558 238 556 224 556 210 556 196 556 182 556 178 541 172 537 171 535 171 534 169 534 168 534 167 534 84 538 86 565 86 576 142 584 143 584 144 584 146 584 161 573 162 573 164 573 194 583 196 583 197 583 268 580 270 580 293 569 307 577 309 577 310 577 311 577 410 567 460 573 462 573 463 573 494 562 534 570 536 570 537 570 588 556 588 541 587 539 586 539"/></Shape>
	    <String CONTENT=""
                    HPOS="84"
                    VPOS="534"
                    WIDTH="504"
                    HEIGHT="50"></String>
          </TextLine>

          
        </TextBlock>
        
        <TextBlock HPOS="66"
                   VPOS="645"
                   WIDTH="889"
                   HEIGHT="283"
                   ID="eSc_textblock_afe24eec"
                   TAGREFS="BT16086">
          <Shape><Polygon POINTS="105 645 932 645 949 700 317 700 316 711 943 712 938 844 389 833 272 839 288 855 232 867 904 868 955 894 339 894 206 900 288 912 226 928 100 928 72 879 116 862 89 861 100 840 66 816 94 789 77 740 122 712 139 729 187 718 178 690 228 683 144 672 122 694 77 672 105 645"/></Shape>
          
          
          <TextLine ID="eSc_line_b046461d"
                    TAGREFS="LT4837"
                    BASELINE="818 661 918 658" 
                    HPOS="817"
                    VPOS="645"
                    WIDTH="101"
                    HEIGHT="34">
            <Shape><Polygon POINTS="914 645 900 645 886 645 872 645 859 645 845 645 831 645 817 645 818 661 818 679 868 672 917 677 918 658 916 645 914 645"/></Shape>
	    <String CONTENT=""
                    HPOS="817"
                    VPOS="645"
                    WIDTH="101"
                    HEIGHT="34"></String>
          </TextLine>

          
          
          <TextLine ID="eSc_line_3ffd7526"
                    TAGREFS="LT4837"
                    BASELINE="824 734 924 732" 
                    HPOS="824"
                    VPOS="711"
                    WIDTH="100"
                    HEIGHT="36">
            <Shape><Polygon POINTS="920 711 906 711 892 711 881 711 856 713 845 711 836 711 824 711 824 734 824 747 874 741 923 747 924 732 920 711 920 711"/></Shape>
	    <String CONTENT=""
                    HPOS="824"
                    VPOS="711"
                    WIDTH="100"
                    HEIGHT="36"></String>
          </TextLine>

          
          
          <TextLine ID="eSc_line_447f5eda"
                    TAGREFS="LT4837"
                    BASELINE="607 761 648 758" 
                    HPOS="604"
                    VPOS="730"
                    WIDTH="44"
                    HEIGHT="54">
            <Shape><Polygon POINTS="607 761 608 784 648 775 648 758 643 730 604 740 607 761"/></Shape>
	    <String CONTENT=""
                    HPOS="604"
                    VPOS="730"
                    WIDTH="44"
                    HEIGHT="54"></String>
          </TextLine>

          
          
          <TextLine ID="eSc_line_7aa89676"
                    TAGREFS="LT4837"
                    BASELINE="519 775 576 769" 
                    HPOS="516"
                    VPOS="729"
                    WIDTH="60"
                    HEIGHT="57">
            <Shape><Polygon POINTS="519 786 576 779 576 769 570 733 565 729 563 729 562 729 561 729 559 729 549 734 537 740 516 732 519 775 519 786"/></Shape>
	    <String CONTENT="قا"
                    HPOS="516"
                    VPOS="729"
                    WIDTH="60"
                    HEIGHT="57"
                    WC="0.8751751482486725"></String>
          </TextLine>

          
          
          <TextLine ID="eSc_line_18637a85"
                    TAGREFS="LT4837"
                    BASELINE="192 786 328 784" 
                    HPOS="190"
                    VPOS="762"
                    WIDTH="138"
                    HEIGHT="47">
            <Shape><Polygon POINTS="192 786 192 804 327 809 328 784 325 762 190 762 192 786"/></Shape>
	    <String CONTENT=""
                    HPOS="190"
                    VPOS="762"
                    WIDTH="138"
                    HEIGHT="47"></String>
          </TextLine>

          
          
          <TextLine ID="eSc_line_40d0b154"
                    TAGREFS="LT4837"
                    BASELINE="103 784 155 784" 
                    HPOS="103"
                    VPOS="740"
                    WIDTH="52"
                    HEIGHT="53">
            <Shape><Polygon POINTS="103 784 103 793 155 791 155 784 155 747 126 740 125 740 123 740 122 740 103 747 103 784"/></Shape>
	    <String CONTENT=""
                    HPOS="103"
                    VPOS="740"
                    WIDTH="52"
                    HEIGHT="53"></String>
          </TextLine>

          
          
          <TextLine ID="eSc_line_f476c7e6"
                    TAGREFS="LT4837"
                    BASELINE="842 809 930 804" 
                    HPOS="838"
                    VPOS="770"
                    WIDTH="92"
                    HEIGHT="42">
            <Shape><Polygon POINTS="842 809 842 812 930 812 930 804 925 776 878 783 865 772 864 772 864 770 863 770 861 770 860 770 838 770 842 809"/></Shape>
	    <String CONTENT=""
                    HPOS="838"
                    VPOS="770"
                    WIDTH="92"
                    HEIGHT="42"></String>
          </TextLine>

          
          
          <TextLine ID="eSc_line_ae804d6b"
                    TAGREFS="LT4837"
                    BASELINE="609 835 652 835" 
                    HPOS="609"
                    VPOS="832"
                    WIDTH="43"
                    HEIGHT="15">
            <Shape><Polygon POINTS="651 832 637 833 623 833 609 833 609 835 609 840 641 847 643 847 644 847 646 847 652 840 652 835 652 832 651 832"/></Shape>
	    <String CONTENT=""
                    HPOS="609"
                    VPOS="832"
                    WIDTH="43"
                    HEIGHT="15"></String>
          </TextLine>

          
          
          <TextLine ID="eSc_line_7a3b0d9e"
                    TAGREFS="LT4837"
                    BASELINE="774 894 935 879" 
                    HPOS="774"
                    VPOS="857"
                    WIDTH="162"
                    HEIGHT="62">
            <Shape><Polygon POINTS="925 876 910 872 896 867 882 867 872 867 870 868 856 867 854 867 840 867 826 867 813 867 800 892 786 892 774 894 775 919 817 914 818 914 820 914 838 897 875 897 886 903 898 908 899 908 900 908 902 908 936 894 935 879 928 857 925 876"/></Shape>
	    <String CONTENT=""
                    HPOS="774"
                    VPOS="857"
                    WIDTH="162"
                    HEIGHT="62"></String>
          </TextLine>

          
        </TextBlock>
        
        <TextBlock HPOS="228"
                   VPOS="601"
                   WIDTH="621"
                   HEIGHT="48"
                   ID="eSc_textblock_5a1332fc"
                   TAGREFS="BT16094">
          <Shape><Polygon POINTS="361 601 838 612 849 627 843 644 749 649 228 638 361 601"/></Shape>
          
          
          <TextLine ID="eSc_line_00e8681e"
                    TAGREFS="LT4837"
                    BASELINE="94 640 743 610" 
                    HPOS="91"
                    VPOS="601"
                    WIDTH="652"
                    HEIGHT="60">
            <Shape><Polygon POINTS="733 609 719 609 705 608 691 608 678 608 664 608 650 606 636 606 622 606 608 606 594 605 580 605 566 605 552 605 538 603 524 603 510 603 497 603 483 603 469 602 459 602 455 602 441 602 427 602 412 601 398 601 384 601 370 601 356 601 345 603 335 610 329 608 329 609 316 612 302 616 288 620 274 624 260 629 246 631 240 608 231 608 229 608 228 608 199 616 165 606 162 606 161 606 160 606 91 608 94 640 94 652 146 659 147 659 148 659 150 659 161 649 162 649 185 649 219 649 272 661 274 661 275 661 313 645 320 651 321 651 323 651 324 651 381 640 384 640 385 640 430 656 431 656 432 656 458 655 459 655 460 655 460 654 473 642 490 654 491 654 492 654 494 654 527 652 529 652 569 631 581 631 598 630 600 630 625 647 626 647 627 647 629 648 651 648 651 647 743 623 743 610 742 609 733 609"/></Shape>
	    <String CONTENT="ا دات"
                    HPOS="91"
                    VPOS="601"
                    WIDTH="652"
                    HEIGHT="60"
                    WC="0.7807176530361175"></String>
          </TextLine>

          
        </TextBlock>
        
        <TextBlock HPOS="317"
                   VPOS="695"
                   WIDTH="292"
                   HEIGHT="16"
                   ID="eSc_textblock_ced64d5e"
                   TAGREFS="BT16094">
          <Shape><Polygon POINTS="360 695 533 695 609 711 317 705 360 695"/></Shape>
          
          
          <TextLine ID="eSc_line_7a7a068b"
                    TAGREFS="LT4837"
                    BASELINE="87 709 549 697 643 684" 
                    HPOS="86"
                    VPOS="661"
                    WIDTH="557"
                    HEIGHT="71">
            <Shape><Polygon POINTS="545 695 531 695 517 695 503 695 490 695 476 695 462 695 448 695 434 695 420 695 406 695 392 695 378 695 364 695 350 697 336 700 323 700 317 680 307 677 306 677 304 677 303 677 258 688 225 676 218 674 217 674 215 674 214 674 213 674 213 676 210 677 201 686 189 677 182 674 180 674 179 674 86 681 87 709 87 718 142 732 143 732 144 732 176 716 200 727 201 727 203 727 204 727 228 718 256 727 257 727 258 727 260 727 261 727 261 726 271 716 307 725 309 725 310 725 311 725 321 716 345 720 346 720 348 720 361 713 368 720 370 720 371 720 373 720 374 720 375 720 387 712 416 722 417 722 419 723 473 723 473 722 474 722 476 722 488 713 529 720 530 720 575 713 576 713 577 713 577 712 579 712 586 704 586 702 643 701 643 684 639 661 616 661 615 661 613 661 612 661 593 674 576 662 575 662 573 662 572 662 570 662 569 662 569 663 552 681 547 681 545 695"/></Shape>
	    <String CONTENT=""
                    HPOS="86"
                    VPOS="661"
                    WIDTH="557"
                    HEIGHT="71"></String>
          </TextLine>

          
        </TextBlock>
        
        <TextBlock HPOS="295"
                   VPOS="829"
                   WIDTH="531"
                   HEIGHT="43"
                   ID="eSc_textblock_394332fd"
                   TAGREFS="BT16094">
          <Shape><Polygon POINTS="490 829 799 840 826 850 782 861 826 872 378 872 295 850 490 829"/></Shape>
          
          
          <TextLine ID="eSc_line_2cd5e9a4"
                    TAGREFS="LT4837"
                    BASELINE="103 867 579 841" 
                    HPOS="100"
                    VPOS="829"
                    WIDTH="479"
                    HEIGHT="56">
            <Shape><Polygon POINTS="575 832 561 830 547 830 533 830 519 829 503 829 490 829 476 829 463 830 449 832 435 835 421 836 407 837 394 839 380 840 366 841 352 843 338 844 324 846 310 854 296 850 290 829 289 829 288 829 286 829 285 829 279 830 254 839 229 832 228 832 226 832 225 832 100 835 103 867 103 878 158 885 160 885 161 885 162 885 162 883 164 883 169 875 238 873 277 882 278 882 279 882 281 882 281 880 295 869 295 868 314 868 316 868 364 878 366 878 519 869 579 854 579 841 575 832 575 832"/></Shape>
	    <String CONTENT=""
                    HPOS="100"
                    VPOS="829"
                    WIDTH="479"
                    HEIGHT="56"></String>
          </TextLine>

          
        </TextBlock>
        
        <TextBlock HPOS="222"
                   VPOS="890"
                   WIDTH="621"
                   HEIGHT="177"
                   ID="eSc_textblock_8a3159ae"
                   TAGREFS="BT16094">
          <Shape><Polygon POINTS="412 890 832 907 804 928 838 950 754 957 843 968 838 989 793 996 826 1018 826 1050 345 1067 655 1018 233 1006 338 996 300 978 328 963 449 957 222 933 412 890"/></Shape>
          
          
          <TextLine ID="eSc_line_7021834f"
                    TAGREFS="LT4837"
                    BASELINE="540 905 717 899" 
                    HPOS="538"
                    VPOS="878"
                    WIDTH="179"
                    HEIGHT="64">
            <Shape><Polygon POINTS="691 899 678 897 664 900 650 899 636 899 622 899 608 897 594 897 580 896 566 896 552 896 538 894 540 905 540 915 602 911 609 917 641 942 643 942 644 942 646 942 691 939 693 939 694 939 694 937 717 915 717 899 712 878 691 878 691 899"/></Shape>
	    <String CONTENT=""
                    HPOS="538"
                    VPOS="878"
                    WIDTH="179"
                    HEIGHT="64"></String>
          </TextLine>

          
          
          <TextLine ID="eSc_line_c9ffdd36"
                    TAGREFS="LT4837"
                    BASELINE="107 936 380 931" 
                    HPOS="104"
                    VPOS="897"
                    WIDTH="276"
                    HEIGHT="59">
            <Shape><Polygon POINTS="328 908 314 911 300 914 286 918 272 921 258 924 245 932 231 931 225 910 194 900 183 897 182 897 180 897 104 900 107 936 107 944 150 956 151 956 153 956 178 949 193 943 201 949 210 956 211 956 213 956 214 956 261 951 263 951 264 951 264 950 275 942 378 956 380 931 374 900 339 911 332 907 328 908"/></Shape>
	    <String CONTENT="ها"
                    HPOS="104"
                    VPOS="897"
                    WIDTH="276"
                    HEIGHT="59"
                    WC="0.715371623635292"></String>
          </TextLine>

          
          
          <TextLine ID="eSc_line_07251751"
                    TAGREFS="LT4837"
                    BASELINE="548 985 594 982" 
                    HPOS="545"
                    VPOS="946"
                    WIDTH="49"
                    HEIGHT="61">
            <Shape><Polygon POINTS="548 985 552 1007 572 995 591 1002 594 982 590 946 545 950 548 985"/></Shape>
	    <String CONTENT=""
                    HPOS="545"
                    VPOS="946"
                    WIDTH="49"
                    HEIGHT="61"></String>
          </TextLine>

          
        </TextBlock>
        
        <TextBlock HPOS="267"
                   VPOS="1130"
                   WIDTH="37"
                   HEIGHT="20"
                   ID="eSc_textblock_5c21d8e2"
                   TAGREFS="BT16090">
          <Shape><Polygon POINTS="275 1130 299 1130 304 1150 267 1150 275 1130"/></Shape>
          
          
          <TextLine ID="eSc_line_8d914253"
                    TAGREFS="LT4837"
                    BASELINE="281 1148 296 1145" 
                    HPOS="281"
                    VPOS="1130"
                    WIDTH="19"
                    HEIGHT="44">
            <Shape><Polygon POINTS="290 1130 281 1148 286 1174 300 1170 296 1145 290 1130 290 1130"/></Shape>
	    <String CONTENT=""
                    HPOS="281"
                    VPOS="1130"
                    WIDTH="19"
                    HEIGHT="44"></String>
          </TextLine>

          
        </TextBlock>
        
        <TextBlock HPOS="111"
                   VPOS="1202"
                   WIDTH="76"
                   HEIGHT="49"
                   ID="eSc_textblock_d28f75bb"
                   TAGREFS="BT16090">
          <Shape><Polygon POINTS="118 1202 176 1202 187 1223 171 1251 111 1251 118 1202"/></Shape>
          
          
          <TextLine ID="eSc_line_23fb9f0d"
                    TAGREFS="LT4837"
                    BASELINE="100 1235 179 1231" 
                    HPOS="98"
                    VPOS="1210"
                    WIDTH="81"
                    HEIGHT="53">
            <Shape><Polygon POINTS="169 1210 121 1210 112 1231 109 1210 98 1210 100 1235 101 1263 178 1245 179 1231 178 1230 169 1210"/></Shape>
	    <String CONTENT=""
                    HPOS="98"
                    VPOS="1210"
                    WIDTH="81"
                    HEIGHT="53"></String>
          </TextLine>

          
        </TextBlock>
        
        <TextBlock HPOS="83"
                   VPOS="1018"
                   WIDTH="71"
                   HEIGHT="32"
                   ID="eSc_textblock_a66e6c07"
                   TAGREFS="BT16086">
          <Shape><Polygon POINTS="105 1018 154 1024 154 1039 94 1050 83 1024 105 1018"/></Shape>
          
        </TextBlock>
        
        <TextBlock HPOS="183"
                   VPOS="985"
                   WIDTH="49"
                   HEIGHT="10"
                   ID="eSc_textblock_446db6fb"
                   TAGREFS="BT16086">
          <Shape><Polygon POINTS="190 985 226 985 232 995 183 995 190 985"/></Shape>
          
        </TextBlock>
        
        <TextBlock HPOS="161"
                   VPOS="940"
                   WIDTH="227"
                   HEIGHT="16"
                   ID="eSc_textblock_96c1a9ea"
                   TAGREFS="BT16086">
          <Shape><Polygon POINTS="196 940 245 951 388 956 161 956 196 940"/></Shape>
          
        </TextBlock>
        
        <TextBlock HPOS="167"
                   VPOS="1013"
                   WIDTH="238"
                   HEIGHT="32"
                   ID="eSc_textblock_58f7ab2f"
                   TAGREFS="BT16086">
          <Shape><Polygon POINTS="200 1013 245 1024 405 1028 178 1045 167 1024 200 1013"/></Shape>
          
        </TextBlock>
        
        <TextBlock HPOS="72"
                   VPOS="1063"
                   WIDTH="466"
                   HEIGHT="32"
                   ID="eSc_textblock_5be7b084"
                   TAGREFS="BT16086">
          <Shape><Polygon POINTS="118 1063 343 1068 132 1079 189 1091 538 1095 77 1095 105 1079 72 1068 118 1063"/></Shape>
          
        </TextBlock>
        
        <TextBlock HPOS="200"
                   VPOS="1152"
                   WIDTH="381"
                   HEIGHT="32"
                   ID="eSc_textblock_24521d0c"
                   TAGREFS="BT16086">
          <Shape><Polygon POINTS="268 1152 544 1152 505 1162 581 1167 516 1174 538 1184 200 1178 268 1152"/></Shape>
          
        </TextBlock>
        
        <TextBlock HPOS="661"
                   VPOS="1169"
                   WIDTH="15"
                   HEIGHT="4"
                   ID="eSc_textblock_f201d045"
                   TAGREFS="BT16086">
          <Shape><Polygon POINTS="668 1169 676 1169 676 1173 661 1173 668 1169"/></Shape>
          
        </TextBlock>
        
        <TextBlock HPOS="133"
                   VPOS="1079"
                   WIDTH="38"
                   HEIGHT="5"
                   ID="eSc_textblock_0023f5b6"
                   TAGREFS="BT16092">
          <Shape><Polygon POINTS="136 1079 171 1079 171 1084 133 1084 136 1079"/></Shape>
          
        </TextBlock>
        
        <TextBlock HPOS="122"
                   VPOS="1130"
                   WIDTH="65"
                   HEIGHT="15"
                   ID="eSc_textblock_c78e8658"
                   TAGREFS="BT16090">
          <Shape><Polygon POINTS="153 1130 176 1130 187 1145 122 1145 153 1130"/></Shape>
          
        </TextBlock>
        
        <TextBlock HPOS="423"
                   VPOS="679"
                   WIDTH="82"
                   HEIGHT="9"
                   ID="eSc_textblock_dfd48b6b"
                   TAGREFS="BT16094">
          <Shape><Polygon POINTS="462 679 505 679 505 683 423 688 462 679"/></Shape>
          
        </TextBlock>
        
        <TextBlock HPOS="206"
                   VPOS="244"
                   WIDTH="615"
                   HEIGHT="10"
                   ID="eSc_textblock_60dae2fc"
                   TAGREFS="BT16094">
          <Shape><Polygon POINTS="228 244 239 250 328 244 821 249 206 254 228 244"/></Shape>
          
        </TextBlock>
        
        <TextBlock HPOS="384"
                   VPOS="751"
                   WIDTH="197"
                   HEIGHT="32"
                   ID="eSc_textblock_0e176408"
                   TAGREFS="BT16094">
          <Shape><Polygon POINTS="488 751 538 766 460 772 581 783 395 783 406 768 384 766 488 751"/></Shape>
          
        </TextBlock>
        
        <TextBlock HPOS="384"
                   VPOS="1074"
                   WIDTH="326"
                   HEIGHT="10"
                   ID="eSc_textblock_9ff39a58"
                   TAGREFS="BT16094">
          <Shape><Polygon POINTS="506 1074 687 1074 710 1084 384 1084 506 1074"/></Shape>
          
        </TextBlock>
        
        <TextBlock HPOS="562"
                   VPOS="762"
                   WIDTH="4"
                   HEIGHT="4"
                   ID="eSc_textblock_5a33213a"
                   TAGREFS="BT16094">
          <Shape><Polygon POINTS="566 764 566 766 562 766 562 762 566 764"/></Shape>
          
        </TextBlock>
        
        <TextBlock HPOS="490"
                   VPOS="1102"
                   WIDTH="242"
                   HEIGHT="21"
                   ID="eSc_textblock_6ff7ab18"
                   TAGREFS="BT16094">
          <Shape><Polygon POINTS="633 1102 732 1106 490 1123 517 1113 633 1102"/></Shape>
          
        </TextBlock>
        
        <TextBlock HPOS="633"
                   VPOS="701"
                   WIDTH="193"
                   HEIGHT="15"
                   ID="eSc_textblock_1c5a71b6"
                   TAGREFS="BT16094">
          <Shape><Polygon POINTS="633 701 826 701 826 705 650 716 633 701"/></Shape>
          
        </TextBlock>
        
        <TextBlock HPOS="839"
                   VPOS="1091"
                   WIDTH="65"
                   HEIGHT="4"
                   ID="eSc_textblock_bef845c0"
                   TAGREFS="BT16086">
          <Shape><Polygon POINTS="846 1091 904 1091 904 1095 839 1095 846 1091"/></Shape>
          
        </TextBlock>
        
        <TextBlock HPOS="139"
                   VPOS="1052"
                   WIDTH="32"
                   HEIGHT="15"
                   ID="eSc_textblock_27a0fe19"
                   TAGREFS="BT16092">
          <Shape><Polygon POINTS="143 1052 160 1052 171 1061 139 1067 143 1052"/></Shape>
          
        </TextBlock>
        
        <TextBlock HPOS="155"
                   VPOS="1219"
                   WIDTH="5"
                   HEIGHT="4"
                   ID="eSc_textblock_3a0a588f"
                   TAGREFS="BT16092">
          <Shape><Polygon POINTS="160 1219 160 1223 155 1223 155 1219 160 1219"/></Shape>
          
        </TextBlock>
        
        <TextBlock HPOS="161"
                   VPOS="1113"
                   WIDTH="26"
                   HEIGHT="10"
                   ID="eSc_textblock_77639a15"
                   TAGREFS="BT16092">
          <Shape><Polygon POINTS="164 1113 182 1113 187 1123 161 1123 164 1113"/></Shape>
          
        </TextBlock>
        
        <TextBlock HPOS="161"
                   VPOS="1185"
                   WIDTH="38"
                   HEIGHT="16"
                   ID="eSc_textblock_d2c2afd3"
                   TAGREFS="BT16092">
          <Shape><Polygon POINTS="182 1185 199 1195 161 1201 167 1191 182 1185"/></Shape>
          
        </TextBlock>
        
        <TextBlock HPOS="178"
                   VPOS="1213"
                   WIDTH="9"
                   HEIGHT="10"
                   ID="eSc_textblock_455e7acb"
                   TAGREFS="BT16092">
          <Shape><Polygon POINTS="182 1213 182 1217 187 1223 178 1223 182 1213"/></Shape>
          
        </TextBlock>
        
        <TextBlock HPOS="66"
                   VPOS="233"
                   WIDTH="99"
                   HEIGHT="82"
                   ID="eSc_textblock_685cf62c"
                   TAGREFS="BT16086">
          <Shape><Polygon POINTS="144 233 165 233 165 304 77 315 66 295 115 278 144 233"/></Shape>
          
        </TextBlock>
        
        <TextBlock HPOS="72"
                   VPOS="345"
                   WIDTH="99"
                   HEIGHT="48"
                   ID="eSc_textblock_58f565c2"
                   TAGREFS="BT16086">
          <Shape><Polygon POINTS="126 346 160 345 171 377 126 393 72 382 77 356 126 346"/></Shape>
          
        </TextBlock>
        
        <TextBlock HPOS="72"
                   VPOS="417"
                   WIDTH="104"
                   HEIGHT="38"
                   ID="eSc_textblock_df7f6f62"
                   TAGREFS="BT16086">
          <Shape><Polygon POINTS="126 418 165 417 176 443 72 455 77 434 126 418"/></Shape>
          
        </TextBlock>
        
        <TextBlock HPOS="105"
                   VPOS="183"
                   WIDTH="49"
                   HEIGHT="27"
                   ID="eSc_textblock_ed1d758a"
                   TAGREFS="BT16086">
          <Shape><Polygon POINTS="118 183 148 189 154 210 105 204 118 183"/></Shape>
          
        </TextBlock>
        
        <TextBlock HPOS="179"
                   VPOS="556"
                   WIDTH="248"
                   HEIGHT="10"
                   ID="eSc_textblock_e8973f19"
                   TAGREFS="BT16086">
          <Shape><Polygon POINTS="179 556 388 556 427 566 183 566 179 556"/></Shape>
          
        </TextBlock>
        
        <TextBlock HPOS="350"
                   VPOS="256"
                   WIDTH="593"
                   HEIGHT="32"
                   ID="eSc_textblock_c95fbacb"
                   TAGREFS="BT16086">
          <Shape><Polygon POINTS="768 256 943 256 943 288 350 271 768 256"/></Shape>
          
        </TextBlock>
        
        <TextBlock HPOS="577"
                   VPOS="345"
                   WIDTH="361"
                   HEIGHT="21"
                   ID="eSc_textblock_557a47c4"
                   TAGREFS="BT16086">
          <Shape><Polygon POINTS="668 345 927 345 938 366 577 366 668 345"/></Shape>
          
        </TextBlock>
        
        <TextBlock HPOS="72"
                   VPOS="946"
                   WIDTH="60"
                   HEIGHT="32"
                   ID="eSc_textblock_9f5371d7"
                   TAGREFS="BT16086">
          <Shape><Polygon POINTS="100 946 132 946 109 963 126 978 72 956 100 946"/></Shape>
          
        </TextBlock>
        
        <TextBlock HPOS="100"
                   VPOS="985"
                   WIDTH="26"
                   HEIGHT="10"
                   ID="eSc_textblock_9b883040"
                   TAGREFS="BT16086">
          <Shape><Polygon POINTS="100 985 126 985 126 995 100 995 100 985"/></Shape>
          
        </TextBlock>
        

        
        <TextBlock ID="eSc_dummyblock_">
          
          
          <TextLine ID="eSc_line_fdf404ec"
                    TAGREFS="LT4837"
                    BASELINE="142 253 781 237" 
                    HPOS="140"
                    VPOS="196"
                    WIDTH="641"
                    HEIGHT="83">
            <Shape><Polygon POINTS="530 243 516 243 502 243 488 242 474 242 460 242 446 242 432 244 419 244 405 244 391 244 377 244 363 244 349 244 335 244 321 244 307 244 293 246 279 247 265 247 251 249 238 249 224 244 210 247 207 229 207 229 206 229 204 229 167 236 140 228 142 253 146 272 150 265 206 265 221 271 239 279 240 279 242 279 243 279 264 271 281 264 290 271 302 279 303 279 304 279 306 279 307 279 342 271 381 261 444 261 456 269 463 275 465 275 466 275 467 275 529 274 530 274 540 269 549 264 555 269 556 271 558 271 559 271 561 271 562 271 563 271 563 269 565 269 572 263 577 269 580 271 580 272 581 272 583 272 584 274 605 274 605 272 647 271 648 271 650 271 652 268 665 258 710 268 719 269 721 269 722 269 726 268 757 253 775 268 781 237 776 196 698 207 686 200 684 199 683 199 682 199 680 199 612 200 611 200 609 200 605 204 598 208 577 205 549 201 548 201 547 201 545 201 545 203 540 207 531 215 530 243"/></Shape>
	    <String CONTENT="سيوم دربيان"
                    HPOS="140"
                    VPOS="196"
                    WIDTH="641"
                    HEIGHT="83"
                    WC="0.8779789534482089"></String>
          </TextLine>

          
          
          <TextLine ID="eSc_line_5e2867c0"
                    TAGREFS="LT4837"
                    BASELINE="829 371 921 370" 
                    HPOS="828"
                    VPOS="336"
                    WIDTH="93"
                    HEIGHT="46">
            <Shape><Polygon POINTS="829 371 829 382 920 381 921 370 916 336 899 345 877 339 868 336 867 336 865 336 828 340 829 371"/></Shape>
	    <String CONTENT=""
                    HPOS="828"
                    VPOS="336"
                    WIDTH="93"
                    HEIGHT="46"></String>
          </TextLine>

          
          
          <TextLine ID="eSc_line_f84587a4"
                    TAGREFS="LT4837"
                    BASELINE="72 229 136 224" 
                    HPOS="66"
                    VPOS="176"
                    WIDTH="73"
                    HEIGHT="95">
            <Shape><Polygon POINTS="72 229 75 265 82 271 83 271 84 271 86 271 87 271 89 271 96 265 100 263 139 269 136 224 129 176 66 178 72 229"/></Shape>
	    <String CONTENT="فج"
                    HPOS="66"
                    VPOS="176"
                    WIDTH="73"
                    HEIGHT="95"
                    WC="0.8299144506454468"></String>
          </TextLine>

          
          
          <TextLine ID="eSc_line_debe4719"
                    TAGREFS="LT4837"
                    BASELINE="9 704 27 701" 
                    HPOS="4"
                    VPOS="661"
                    WIDTH="26"
                    HEIGHT="66">
            <Shape><Polygon POINTS="9 704 12 727 30 727 27 701 16 661 4 669 9 704"/></Shape>
	    <String CONTENT=""
                    HPOS="4"
                    VPOS="661"
                    WIDTH="26"
                    HEIGHT="66"></String>
          </TextLine>

          
          
          <TextLine ID="eSc_line_df64c860"
                    TAGREFS="LT4837"
                    BASELINE="781 956 938 950" 
                    HPOS="779"
                    VPOS="915"
                    WIDTH="159"
                    HEIGHT="59">
            <Shape><Polygon POINTS="781 956 781 974 864 961 893 967 916 971 917 971 918 971 938 963 938 950 932 915 882 928 870 921 859 915 857 915 856 915 854 915 828 926 815 932 779 932 781 956"/></Shape>
	    <String CONTENT="م يح"
                    HPOS="779"
                    VPOS="915"
                    WIDTH="159"
                    HEIGHT="59"
                    WC="0.8750748932361603"></String>
          </TextLine>

          
          
          <TextLine ID="eSc_line_c8f58ae6"
                    TAGREFS="LT4837"
                    BASELINE="742 1034 931 1020" 
                    HPOS="739"
                    VPOS="969"
                    WIDTH="192"
                    HEIGHT="88">
            <Shape><Polygon POINTS="742 1034 742 1050 757 1057 758 1057 760 1057 761 1057 810 1045 826 1052 828 1052 829 1052 831 1052 832 1052 832 1050 833 1050 843 1038 846 1034 874 1032 882 1034 910 1043 911 1043 913 1043 914 1043 916 1043 931 1031 931 1020 927 979 863 969 861 969 860 969 814 992 806 996 793 995 772 992 771 992 769 992 739 1000 742 1034"/></Shape>
	    <String CONTENT="گفتارصه"
                    HPOS="739"
                    VPOS="969"
                    WIDTH="192"
                    HEIGHT="88"
                    WC="0.973680887903486"></String>
          </TextLine>

          
          
          <TextLine ID="eSc_line_75f2ec97"
                    TAGREFS="LT4837"
                    BASELINE="779 1100 941 1096" 
                    HPOS="776"
                    VPOS="1032"
                    WIDTH="165"
                    HEIGHT="91">
            <Shape><Polygon POINTS="779 1100 779 1123 822 1123 822 1121 824 1121 825 1121 828 1118 840 1109 865 1116 874 1117 875 1117 877 1117 941 1109 941 1096 938 1056 918 1056 889 1032 888 1032 886 1032 885 1032 815 1042 814 1042 813 1042 794 1059 776 1059 779 1100"/></Shape>
	    <String CONTENT=""
                    HPOS="776"
                    VPOS="1032"
                    WIDTH="165"
                    HEIGHT="91"></String>
          </TextLine>

          
          
          <TextLine ID="eSc_line_2099d0a1"
                    TAGREFS="LT4837"
                    BASELINE="105 1081 329 1077 555 1056" 
                    HPOS="103"
                    VPOS="1018"
                    WIDTH="452"
                    HEIGHT="100">
            <Shape><Polygon POINTS="105 1081 107 1100 167 1099 169 1100 189 1114 190 1114 192 1114 228 1118 229 1118 304 1104 324 1113 325 1113 327 1113 370 1110 371 1110 400 1095 414 1088 426 1092 427 1092 428 1092 430 1092 455 1081 526 1079 554 1092 555 1056 552 1020 492 1018 491 1018 490 1018 473 1025 455 1032 444 1027 431 1021 430 1021 428 1021 427 1021 426 1021 413 1029 403 1035 388 1031 381 1029 380 1029 378 1029 377 1029 367 1032 353 1038 324 1036 256 1031 254 1031 253 1031 251 1031 251 1032 239 1042 238 1045 162 1047 146 1039 144 1039 143 1039 142 1039 103 1052 105 1081"/></Shape>
	    <String CONTENT="ولأنا عهد السلام إمام مبين"
                    HPOS="103"
                    VPOS="1018"
                    WIDTH="452"
                    HEIGHT="100"
                    WC="0.8639288917183876"></String>
          </TextLine>

          
          
          <TextLine ID="eSc_line_1fb5ed25"
                    TAGREFS="LT4837"
                    BASELINE="52 1007 420 999" 
                    HPOS="51"
                    VPOS="956"
                    WIDTH="369"
                    HEIGHT="73">
            <Shape><Polygon POINTS="52 1007 55 1029 73 1017 98 1028 101 1029 103 1029 104 1029 112 1028 148 1020 157 1027 158 1027 160 1027 161 1027 162 1027 164 1027 179 1014 282 1025 295 1025 296 1025 297 1025 299 1025 300 1024 318 1010 368 1010 380 1020 380 1021 381 1021 382 1021 384 1022 420 1022 420 999 414 956 385 969 349 957 348 957 346 957 345 957 339 957 221 974 162 968 161 968 160 968 144 975 116 963 115 963 114 963 112 963 111 963 90 975 51 964 52 1007"/></Shape>
	    <String CONTENT="امه"
                    HPOS="51"
                    VPOS="956"
                    WIDTH="369"
                    HEIGHT="73"
                    WC="0.8714531858762106"></String>
          </TextLine>

          
          
          <TextLine ID="eSc_line_9eac829a"
                    TAGREFS="LT4837"
                    BASELINE="821 1177 936 1166" 
                    HPOS="817"
                    VPOS="1128"
                    WIDTH="121"
                    HEIGHT="63">
            <Shape><Polygon POINTS="821 1177 821 1189 892 1182 902 1189 903 1191 904 1191 906 1191 907 1191 938 1188 936 1166 931 1128 817 1142 821 1177"/></Shape>
	    <String CONTENT=""
                    HPOS="817"
                    VPOS="1128"
                    WIDTH="121"
                    HEIGHT="63"></String>
          </TextLine>

          
          
          <TextLine ID="eSc_line_5588f77f"
                    TAGREFS="LT4837"
                    BASELINE="302 1220 466 1207" 
                    HPOS="297"
                    VPOS="1178"
                    WIDTH="169"
                    HEIGHT="61">
            <Shape><Polygon POINTS="302 1220 302 1233 324 1239 325 1239 327 1239 328 1239 329 1239 338 1231 353 1238 355 1238 356 1238 357 1238 377 1230 378 1230 381 1230 409 1234 410 1234 412 1234 413 1234 421 1228 430 1223 466 1226 466 1207 462 1182 384 1189 360 1180 355 1178 353 1178 352 1178 297 1178 302 1220"/></Shape>
	    <String CONTENT=""
                    HPOS="297"
                    VPOS="1178"
                    WIDTH="169"
                    HEIGHT="61"></String>
          </TextLine>

          
          
          <TextLine ID="eSc_line_a488a033"
                    TAGREFS="LT4837"
                    BASELINE="100 1162 185 1156" 
                    HPOS="97"
                    VPOS="1114"
                    WIDTH="88"
                    HEIGHT="60">
            <Shape><Polygon POINTS="100 1162 100 1174 185 1174 185 1156 182 1124 140 1114 139 1114 137 1114 97 1130 100 1162"/></Shape>
	    <String CONTENT=""
                    HPOS="97"
                    VPOS="1114"
                    WIDTH="88"
                    HEIGHT="60"></String>
          </TextLine>

          
        </TextBlock>
        
      </PrintSpace>
    </Page>
  </Layout>
</alto>
