<?xml version="1.0" encoding="UTF-8"?>
<alto xmlns:xsi="http://www.w3.org/2001/XMLSchema-instance"
      xmlns="http://www.loc.gov/standards/alto/ns-v4#"
      xsi:schemaLocation="http://www.loc.gov/standards/alto/ns-v4# http://www.loc.gov/standards/alto/v4/alto-4-2.xsd">
  <Description>
    <MeasurementUnit>pixel</MeasurementUnit>
    <sourceImageInformation>
      <fileName>Rasail059.jpg</fileName>
      
    </sourceImageInformation>
  </Description>
  
  <Tags>
    <OtherTag ID="BT16094" LABEL="default" DESCRIPTION="block type default"/><OtherTag ID="BT16093" LABEL="NumberingZone:page" DESCRIPTION="block type NumberingZone:page"/><OtherTag ID="BT16092" LABEL="MarginTextZone:note" DESCRIPTION="block type MarginTextZone:note"/><OtherTag ID="BT16091" LABEL="TitlePageZone" DESCRIPTION="block type TitlePageZone"/><OtherTag ID="BT16090" LABEL="QuireMarksZone:catchwords" DESCRIPTION="block type QuireMarksZone:catchwords"/><OtherTag ID="BT16089" LABEL="NumberingZone:other" DESCRIPTION="block type NumberingZone:other"/><OtherTag ID="BT16088" LABEL="NumberingZone" DESCRIPTION="block type NumberingZone"/><OtherTag ID="BT16087" LABEL="MarginTextZone" DESCRIPTION="block type MarginTextZone"/><OtherTag ID="BT16086" LABEL="MainZone" DESCRIPTION="block type MainZone"/><OtherTag ID="BT16085" LABEL="DigitizationArtefactZone" DESCRIPTION="block type DigitizationArtefactZone"/><OtherTag ID="BT2" LABEL="Main" DESCRIPTION="block type Main"/><OtherTag ID="BT1" LABEL="Title" DESCRIPTION="block type Title"/>
    <OtherTag ID="LT4837" LABEL="DefaultLine" DESCRIPTION="line type DefaultLine"/><OtherTag ID="LT4838" LABEL="default" DESCRIPTION="line type default"/><OtherTag ID="LT4839" LABEL="HeadingLine:title" DESCRIPTION="line type HeadingLine:title"/>
  </Tags>
  
  <Layout>
    <Page WIDTH="1123"
          HEIGHT="1690"
          PHYSICAL_IMG_NR="87"
          ID="eSc_dummypage_">
      <PrintSpace HPOS="0"
                  VPOS="0"
                  WIDTH="1123"
                  HEIGHT="1690">
        
        <TextBlock HPOS="5"
                   VPOS="185"
                   WIDTH="954"
                   HEIGHT="1469"
                   ID="eSc_textblock_07c24ec6"
                   TAGREFS="BT16086">
          <Shape><Polygon POINTS="73 185 875 197 937 219 959 321 959 550 925 1008 942 1194 925 1587 903 1637 511 1654 107 1649 50 1632 11 1119 5 568 16 202 73 185"/></Shape>
          
          
          <TextLine ID="eSc_line_5146f3b4"
                    TAGREFS="LT4837"
                    BASELINE="39 246 913 276" 
                    HPOS="38"
                    VPOS="194"
                    WIDTH="875"
                    HEIGHT="111">
            <Shape><Polygon POINTS="39 246 38 263 156 268 166 280 166 281 167 281 169 281 170 281 280 273 291 284 291 285 293 285 294 285 295 285 343 276 373 285 374 285 376 285 377 285 410 277 429 290 431 290 432 290 433 290 488 285 500 292 501 292 503 292 619 297 621 297 704 287 877 305 879 305 880 305 911 292 913 276 913 228 836 238 793 238 780 223 780 222 779 222 777 222 776 222 774 222 772 223 748 235 700 223 698 223 697 223 696 223 686 232 607 230 591 218 583 211 581 211 580 211 579 211 548 216 498 226 449 214 415 205 414 205 364 204 363 204 362 204 360 204 349 211 335 219 326 211 319 204 319 202 318 202 317 202 315 202 276 208 269 209 259 208 201 198 200 198 198 198 197 198 184 207 171 214 136 214 125 205 123 205 122 205 121 205 119 205 97 212 87 204 77 195 77 194 76 194 74 194 73 194 39 201 39 246"/></Shape>
	    <String CONTENT="قايليت واستعداد هر شخصی واين نفوس ناطقان و آساسان"
                    HPOS="38"
                    VPOS="194"
                    WIDTH="875"
                    HEIGHT="111"
                    WC="0.8744633942842484"></String>
          </TextLine>

          
          
          <TextLine ID="eSc_line_61aea52f"
                    TAGREFS="LT4837"
                    BASELINE="712 347 911 356" 
                    HPOS="711"
                    VPOS="308"
                    WIDTH="200"
                    HEIGHT="72">
            <Shape><Polygon POINTS="712 347 711 370 908 380 911 356 911 321 866 312 865 312 832 319 817 322 808 318 783 308 782 308 780 308 779 308 777 308 763 318 760 319 712 318 712 347"/></Shape>
	    <String CONTENT="و بختان است"
                    HPOS="711"
                    VPOS="308"
                    WIDTH="200"
                    HEIGHT="72"
                    WC="0.8486009754917838"></String>
          </TextLine>

          
          
          <TextLine ID="eSc_line_8d558ca2"
                    TAGREFS="LT4837"
                    BASELINE="33 321 271 323" 
                    HPOS="32"
                    VPOS="271"
                    WIDTH="239"
                    HEIGHT="74">
            <Shape><Polygon POINTS="33 321 32 332 80 343 81 343 123 335 131 335 139 336 195 345 197 345 270 339 271 323 270 283 228 287 224 283 219 280 219 278 218 278 216 278 215 278 184 283 183 283 167 273 166 273 164 273 87 271 85 271 84 271 83 271 83 273 70 284 69 285 33 285 33 321"/></Shape>
	    <String CONTENT="پوشيدو نيست"
                    HPOS="32"
                    VPOS="271"
                    WIDTH="239"
                    HEIGHT="74"
                    WC="0.9713264432820407"></String>
          </TextLine>

          
          
          <TextLine ID="eSc_line_65fa0aaa"
                    TAGREFS="LT4837"
                    BASELINE="693 425 918 429" 
                    HPOS="691"
                    VPOS="381"
                    WIDTH="227"
                    HEIGHT="75">
            <Shape><Polygon POINTS="693 425 691 454 736 454 736 453 738 453 739 453 759 440 786 440 796 452 800 454 800 456 801 456 803 456 804 456 846 453 848 453 849 453 849 452 851 450 859 443 915 449 918 429 914 391 906 398 865 390 838 384 836 384 821 387 770 398 693 381 693 425"/></Shape>
	    <String CONTENT="له أفعال الساني"
                    HPOS="691"
                    VPOS="381"
                    WIDTH="227"
                    HEIGHT="75"
                    WC="0.9096059650182724"></String>
          </TextLine>

          
          
          <TextLine ID="eSc_line_58167b55"
                    TAGREFS="LT4837"
                    BASELINE="32 397 329 399" 
                    HPOS="30"
                    VPOS="349"
                    WIDTH="299"
                    HEIGHT="77">
            <Shape><Polygon POINTS="32 397 30 409 52 423 53 423 54 423 56 423 135 414 166 409 171 415 180 423 180 425 181 425 183 425 184 426 211 426 211 425 212 425 214 425 214 423 219 419 228 411 255 418 256 418 257 418 283 412 295 423 297 423 297 425 298 425 300 425 301 426 328 426 329 399 329 371 283 366 267 352 267 350 266 350 264 350 263 350 164 368 150 356 150 354 149 354 147 354 146 354 129 357 121 350 121 349 119 349 118 349 91 349 90 349 88 349 87 349 57 368 54 368 32 368 32 397"/></Shape>
	    <String CONTENT="برد و قسم است ععی"
                    HPOS="30"
                    VPOS="349"
                    WIDTH="299"
                    HEIGHT="77"
                    WC="0.9031957528170418"></String>
          </TextLine>

          
          
          <TextLine ID="eSc_line_b5ff3310"
                    TAGREFS="LT4837"
                    BASELINE="691 505 920 509" 
                    HPOS="690"
                    VPOS="456"
                    WIDTH="230"
                    HEIGHT="79">
            <Shape><Polygon POINTS="691 505 690 516 728 516 732 519 742 528 742 529 743 529 745 529 746 529 787 522 810 518 821 523 842 535 844 535 845 535 846 535 865 526 877 535 879 535 880 535 882 535 918 528 920 509 920 470 897 460 896 460 894 460 893 460 872 468 862 473 772 470 765 464 755 456 753 456 752 456 751 456 691 460 691 505"/></Shape>
	    <String CONTENT="کردنی است وع"
                    HPOS="690"
                    VPOS="456"
                    WIDTH="230"
                    HEIGHT="79"
                    WC="0.9080410947402319"></String>
          </TextLine>

          
          
          <TextLine ID="eSc_line_226413e0"
                    TAGREFS="LT4837"
                    BASELINE="32 476 312 478" 
                    HPOS="30"
                    VPOS="426"
                    WIDTH="282"
                    HEIGHT="72">
            <Shape><Polygon POINTS="32 476 30 487 80 497 81 497 139 492 170 490 177 494 187 498 188 498 190 498 225 495 274 491 309 498 312 478 312 435 291 428 290 428 288 428 287 428 286 428 274 435 259 445 181 445 170 437 147 426 146 426 101 426 100 426 32 440 32 476"/></Shape>
	    <String CONTENT="کردن و ناگردن"
                    HPOS="30"
                    VPOS="426"
                    WIDTH="282"
                    HEIGHT="72"
                    WC="0.9842852216500503"></String>
          </TextLine>

          
          
          <TextLine ID="eSc_line_db7180ce"
                    TAGREFS="LT4837"
                    BASELINE="625 578 915 585" 
                    HPOS="624"
                    VPOS="536"
                    WIDTH="291"
                    HEIGHT="75">
            <Shape><Polygon POINTS="625 578 624 598 665 605 666 605 667 605 669 605 677 599 683 595 697 599 720 606 721 606 722 606 724 606 725 606 734 599 738 597 745 599 765 608 766 608 767 608 769 608 790 601 798 598 810 601 856 611 858 611 914 601 915 585 913 543 880 552 856 543 846 540 845 540 844 540 807 545 753 550 745 545 742 542 741 542 739 542 673 536 672 536 670 536 669 536 669 537 659 546 658 547 625 547 625 578"/></Shape>
	    <String CONTENT="اعمال نبت به معاد و"
                    HPOS="624"
                    VPOS="536"
                    WIDTH="291"
                    HEIGHT="75"
                    WC="0.9590969493514613"></String>
          </TextLine>

          
          
          <TextLine ID="eSc_line_6e5c4eb8"
                    TAGREFS="LT4837"
                    BASELINE="33 545 198 545" 
                    HPOS="33"
                    VPOS="492"
                    WIDTH="165"
                    HEIGHT="78">
            <Shape><Polygon POINTS="33 545 33 563 43 570 45 570 46 570 47 570 49 570 74 561 98 570 100 570 101 570 198 563 198 545 198 514 160 514 159 512 136 494 135 494 133 494 132 494 131 494 104 502 90 492 88 492 87 492 50 492 49 492 47 492 46 492 33 502 33 545"/></Shape>
	    <String CONTENT="ست بنا"
                    HPOS="33"
                    VPOS="492"
                    WIDTH="165"
                    HEIGHT="78"
                    WC="0.7528191755215327"></String>
          </TextLine>

          
          
          <TextLine ID="eSc_line_681bef2a"
                    TAGREFS="LT4837"
                    BASELINE="736 650 911 656" 
                    HPOS="735"
                    VPOS="615"
                    WIDTH="176"
                    HEIGHT="75">
            <Shape><Polygon POINTS="736 650 735 673 784 687 786 687 787 687 789 687 811 680 822 677 832 683 845 688 846 688 848 690 910 690 911 656 908 618 879 628 856 619 849 616 848 616 846 616 845 616 829 619 808 626 784 626 779 622 772 615 770 615 769 615 767 615 766 615 736 622 736 650"/></Shape>
	    <String CONTENT="انفيا مبعوث"
                    HPOS="735"
                    VPOS="615"
                    WIDTH="176"
                    HEIGHT="75"
                    WC="0.8930638595060869"></String>
          </TextLine>

          
          
          <TextLine ID="eSc_line_68ef865e"
                    TAGREFS="LT4837"
                    BASELINE="18 621 240 626" 
                    HPOS="16"
                    VPOS="568"
                    WIDTH="224"
                    HEIGHT="79">
            <Shape><Polygon POINTS="18 621 16 645 238 647 240 626 239 591 159 588 136 573 135 573 133 573 132 573 100 578 73 568 71 568 40 568 39 568 38 568 36 568 18 580 18 621"/></Shape>
	    <String CONTENT="دوری خليق"
                    HPOS="16"
                    VPOS="568"
                    WIDTH="224"
                    HEIGHT="79"
                    WC="0.9535113175710043"></String>
          </TextLine>

          
          
          <TextLine ID="eSc_line_610590a4"
                    TAGREFS="LT4837"
                    BASELINE="607 716 903 728" 
                    HPOS="605"
                    VPOS="676"
                    WIDTH="298"
                    HEIGHT="78">
            <Shape><Polygon POINTS="605 737 636 745 638 745 639 745 641 745 646 740 662 732 679 740 680 740 681 740 715 733 762 746 766 747 767 747 769 747 770 747 772 747 791 736 820 749 828 753 829 753 831 754 900 754 903 728 901 687 865 694 858 685 856 685 856 684 855 684 853 684 852 684 822 685 712 690 658 688 648 681 639 676 638 676 636 676 635 676 634 676 632 676 627 681 621 685 608 681 607 716 605 737"/></Shape>
	    <String CONTENT="بياگا بند از مرتبه"
                    HPOS="605"
                    VPOS="676"
                    WIDTH="298"
                    HEIGHT="78"
                    WC="0.890866756439209"></String>
          </TextLine>

          
          
          <TextLine ID="eSc_line_9013bb5b"
                    TAGREFS="LT4837"
                    BASELINE="19 698 319 702" 
                    HPOS="18"
                    VPOS="645"
                    WIDTH="301"
                    HEIGHT="81">
            <Shape><Polygon POINTS="19 698 18 706 59 722 60 722 61 722 184 709 190 709 191 709 219 725 221 725 222 726 257 726 257 725 259 725 260 725 260 723 273 711 274 711 276 711 298 719 300 719 301 719 302 719 318 712 319 702 319 661 277 647 276 647 262 647 260 647 259 647 257 647 257 649 245 660 239 666 195 666 190 659 184 654 184 653 183 653 181 653 180 653 178 653 177 653 171 659 163 664 132 657 112 653 111 653 109 653 108 653 104 656 95 661 90 656 78 646 78 645 77 645 76 645 74 645 19 653 19 698"/></Shape>
	    <String CONTENT="ملکی و السانیب"
                    HPOS="18"
                    VPOS="645"
                    WIDTH="301"
                    HEIGHT="81"
                    WC="0.876637088400977"></String>
          </TextLine>

          
          
          <TextLine ID="eSc_line_317fa979"
                    TAGREFS="LT4837"
                    BASELINE="684 799 904 805" 
                    HPOS="683"
                    VPOS="750"
                    WIDTH="221"
                    HEIGHT="80">
            <Shape><Polygon POINTS="684 799 683 814 724 814 742 819 753 823 755 823 756 823 758 823 763 821 777 815 784 822 791 828 791 829 793 829 794 829 796 829 831 826 882 821 900 830 904 805 904 767 889 759 887 759 886 759 884 759 829 766 821 766 820 764 810 756 810 754 808 754 807 754 805 754 770 763 759 764 752 761 728 750 727 750 725 750 684 757 684 799"/></Shape>
	    <String CONTENT="و ظاير است ک"
                    HPOS="683"
                    VPOS="750"
                    WIDTH="221"
                    HEIGHT="80"
                    WC="0.9373177041610082"></String>
          </TextLine>

          
          
          <TextLine ID="eSc_line_b6029874"
                    TAGREFS="LT4837"
                    BASELINE="38 777 350 775" 
                    HPOS="36"
                    VPOS="733"
                    WIDTH="314"
                    HEIGHT="62">
            <Shape><Polygon POINTS="38 777 38 792 195 785 204 790 212 794 214 794 215 795 264 795 264 794 266 794 288 787 295 785 300 787 312 794 314 794 315 794 317 794 318 794 318 792 325 787 326 785 349 785 350 775 348 746 298 733 297 733 232 745 211 735 209 735 208 735 149 742 140 735 140 733 139 733 138 733 107 733 105 733 104 733 102 733 91 743 36 746 38 777"/></Shape>
	    <String CONTENT="الابوعده ووعيد"
                    HPOS="36"
                    VPOS="733"
                    WIDTH="314"
                    HEIGHT="62"
                    WC="0.9343107768467495"></String>
          </TextLine>

          
          
          <TextLine ID="eSc_line_415e06ad"
                    TAGREFS="LT4837"
                    BASELINE="732 874 903 881" 
                    HPOS="731"
                    VPOS="822"
                    WIDTH="172"
                    HEIGHT="83">
            <Shape><Polygon POINTS="732 874 731 887 760 899 762 899 763 899 803 894 821 891 829 897 841 905 842 905 844 905 845 905 901 904 903 881 903 843 882 832 880 832 879 832 877 832 855 840 851 842 811 842 803 837 772 822 770 822 769 822 767 822 734 830 732 874"/></Shape>
	    <String CONTENT="يعنی معافی"
                    HPOS="731"
                    VPOS="822"
                    WIDTH="172"
                    HEIGHT="83"
                    WC="0.8736886024475098"></String>
          </TextLine>

          
          
          <TextLine ID="eSc_line_d3ed5461"
                    TAGREFS="LT4837"
                    BASELINE="42 849 284 849" 
                    HPOS="42"
                    VPOS="797"
                    WIDTH="242"
                    HEIGHT="70">
            <Shape><Polygon POINTS="42 849 42 867 284 867 284 849 280 797 260 812 229 812 215 801 209 797 208 797 207 797 205 797 204 797 190 802 185 805 184 804 178 798 178 797 177 797 176 797 107 797 105 797 104 797 102 797 102 798 91 809 88 811 83 809 57 804 56 804 54 804 42 809 42 849"/></Shape>
	    <String CONTENT="ورد و خلائق را"
                    HPOS="42"
                    VPOS="797"
                    WIDTH="242"
                    HEIGHT="70"
                    WC="0.9367382963498433"></String>
          </TextLine>

          
          
          <TextLine ID="eSc_line_aa4deb36"
                    TAGREFS="LT4837"
                    BASELINE="722 947 897 952" 
                    HPOS="721"
                    VPOS="898"
                    WIDTH="176"
                    HEIGHT="76">
            <Shape><Polygon POINTS="722 947 721 967 779 963 793 971 794 973 796 973 797 973 798 973 800 973 803 971 815 964 827 973 828 973 829 973 894 974 897 952 896 902 839 911 798 905 749 898 748 898 746 898 722 906 722 947"/></Shape>
	    <String CONTENT="به چيزی چندک"
                    HPOS="721"
                    VPOS="898"
                    WIDTH="176"
                    HEIGHT="76"
                    WC="0.8397242228190104"></String>
          </TextLine>

          
          
          <TextLine ID="eSc_line_7863e586"
                    TAGREFS="LT4837"
                    BASELINE="45 919 249 921" 
                    HPOS="43"
                    VPOS="873"
                    WIDTH="206"
                    HEIGHT="69">
            <Shape><Polygon POINTS="45 919 43 932 67 940 69 940 70 940 71 940 73 940 84 933 85 932 85 933 95 940 95 942 97 942 98 942 100 942 101 942 123 933 136 929 177 929 183 935 190 940 190 942 191 942 193 942 194 942 247 935 249 921 247 885 183 877 181 877 180 877 169 883 164 884 160 881 140 873 139 873 138 873 136 873 122 880 98 873 97 873 95 873 45 877 45 919"/></Shape>
	    <String CONTENT="ر بهد و از جزى"
                    HPOS="43"
                    VPOS="873"
                    WIDTH="206"
                    HEIGHT="69"
                    WC="0.8672113290854863"></String>
          </TextLine>

          
          
          <TextLine ID="eSc_line_c0a0088d"
                    TAGREFS="LT4837"
                    BASELINE="552 1014 896 1021" 
                    HPOS="550"
                    VPOS="968"
                    WIDTH="346"
                    HEIGHT="76">
            <Shape><Polygon POINTS="552 1014 550 1035 586 1039 587 1039 588 1039 596 1036 612 1029 619 1037 622 1039 622 1040 624 1040 625 1040 694 1042 696 1042 697 1042 698 1042 701 1040 715 1030 767 1039 769 1039 808 1032 822 1043 824 1044 825 1044 827 1044 828 1044 836 1043 866 1037 891 1044 896 1021 896 985 863 971 862 971 860 971 829 978 824 971 822 971 822 970 821 970 820 970 783 970 782 970 780 970 779 970 779 971 766 983 707 968 705 968 704 968 703 968 703 970 689 981 658 974 656 974 552 978 552 1014"/></Shape>
	    <String CONTENT="چند كه مکرده طبع اليشان"
                    HPOS="550"
                    VPOS="968"
                    WIDTH="346"
                    HEIGHT="76"
                    WC="0.955842471641043"></String>
          </TextLine>

          
          
          <TextLine ID="eSc_line_7ce3ac60"
                    TAGREFS="LT4837"
                    BASELINE="56 998 269 999" 
                    HPOS="54"
                    VPOS="939"
                    WIDTH="215"
                    HEIGHT="82">
            <Shape><Polygon POINTS="56 998 54 1018 129 1012 140 1019 140 1021 142 1021 143 1021 145 1021 146 1021 147 1021 147 1019 163 1006 190 1015 191 1015 193 1015 239 1006 264 1019 269 999 269 952 257 940 257 939 256 939 255 939 253 939 195 952 174 939 173 939 171 939 170 939 169 939 167 939 143 954 142 954 140 954 105 939 104 939 102 939 101 939 100 939 80 954 77 954 56 954 56 998"/></Shape>
	    <String CONTENT="گفته شده کم"
                    HPOS="54"
                    VPOS="939"
                    WIDTH="215"
                    HEIGHT="82"
                    WC="0.9567616419358687"></String>
          </TextLine>

          
          
          <TextLine ID="eSc_line_4b5b0ef6"
                    TAGREFS="LT4837"
                    BASELINE="39 1081 893 1097" 
                    HPOS="38"
                    VPOS="1023"
                    WIDTH="855"
                    HEIGHT="96">
            <Shape><Polygon POINTS="39 1081 38 1095 69 1104 70 1104 71 1104 73 1104 85 1097 92 1094 142 1094 153 1099 167 1105 169 1105 170 1105 171 1105 190 1099 205 1095 212 1101 219 1106 221 1106 222 1106 224 1106 269 1102 321 1097 336 1104 348 1109 349 1109 350 1109 352 1109 353 1109 359 1104 367 1098 417 1098 425 1106 429 1109 429 1111 431 1111 432 1111 433 1112 481 1112 481 1111 483 1111 484 1111 484 1109 487 1108 495 1099 522 1109 529 1111 531 1111 532 1112 591 1112 591 1111 593 1111 594 1111 614 1102 656 1112 670 1115 672 1115 684 1113 731 1104 752 1115 755 1116 756 1116 758 1116 759 1116 762 1115 780 1105 796 1116 797 1116 798 1116 800 1116 801 1116 803 1116 827 1109 839 1118 841 1118 842 1118 844 1119 891 1119 893 1097 893 1047 866 1037 865 1037 863 1037 862 1037 845 1047 824 1057 738 1057 722 1046 707 1036 705 1036 704 1036 703 1036 701 1036 700 1036 683 1046 670 1054 659 1047 658 1047 656 1047 655 1047 588 1053 579 1046 577 1044 576 1044 574 1044 573 1044 563 1046 532 1052 525 1046 515 1036 515 1035 514 1035 512 1035 462 1030 460 1030 459 1030 429 1046 419 1050 408 1044 381 1035 380 1035 379 1035 377 1035 364 1040 346 1028 345 1028 343 1028 287 1028 286 1028 284 1028 283 1028 264 1044 259 1044 243 1046 239 1044 200 1026 198 1026 138 1025 136 1025 135 1025 133 1025 121 1033 105 1023 104 1023 102 1023 101 1023 100 1023 98 1023 71 1044 39 1044 39 1081"/></Shape>
	    <String CONTENT="به کاران بدو ز رخ می روند و آنجا يست پر آتش و نيکوگاران"
                    HPOS="38"
                    VPOS="1023"
                    WIDTH="855"
                    HEIGHT="96"
                    WC="0.885926405065938"></String>
          </TextLine>

          
          
          <TextLine ID="eSc_line_9f99ab15"
                    TAGREFS="LT4837"
                    BASELINE="293 1160 887 1173" 
                    HPOS="291"
                    VPOS="1109"
                    WIDTH="596"
                    HEIGHT="95">
            <Shape><Polygon POINTS="293 1160 291 1175 305 1191 305 1192 307 1192 308 1192 362 1194 363 1194 364 1194 366 1194 366 1192 380 1178 400 1177 410 1185 411 1185 412 1185 414 1185 466 1178 474 1178 477 1180 491 1187 493 1187 494 1187 495 1187 497 1187 504 1181 514 1190 514 1191 515 1191 517 1191 552 1192 553 1192 555 1192 556 1192 566 1184 580 1197 580 1198 581 1198 583 1198 584 1199 638 1199 638 1198 639 1198 672 1187 686 1183 703 1188 721 1195 722 1195 724 1195 725 1195 735 1190 746 1184 787 1192 849 1204 851 1204 886 1195 887 1173 887 1135 856 1133 841 1121 839 1121 838 1121 836 1121 774 1132 773 1132 772 1132 756 1118 755 1118 753 1118 752 1118 751 1118 727 1129 708 1118 707 1118 705 1118 704 1118 703 1118 701 1118 690 1126 672 1116 670 1116 669 1116 667 1116 643 1129 621 1129 618 1129 604 1116 603 1116 601 1116 600 1116 598 1116 567 1128 550 1113 549 1113 548 1113 522 1113 521 1113 519 1113 518 1113 518 1115 505 1126 429 1126 429 1125 418 1115 418 1113 417 1113 415 1113 355 1109 353 1109 352 1109 350 1109 333 1122 315 1112 314 1112 312 1112 311 1112 293 1119 293 1160"/></Shape>
	    <String CONTENT="به بهشت میزوندان جايي ست پر نعيم"
                    HPOS="291"
                    VPOS="1109"
                    WIDTH="596"
                    HEIGHT="95"
                    WC="0.8924492243677378"></String>
          </TextLine>

          
          
          <TextLine ID="eSc_line_8e3a6dec"
                    TAGREFS="LT4837"
                    BASELINE="349 1313 573 1309" 
                    HPOS="346"
                    VPOS="1257"
                    WIDTH="227"
                    HEIGHT="85">
            <Shape><Polygon POINTS="349 1313 352 1336 363 1326 426 1326 455 1335 473 1342 474 1342 476 1342 573 1333 573 1309 570 1271 549 1271 548 1270 532 1257 531 1257 529 1257 528 1257 526 1257 495 1267 476 1273 346 1260 349 1313"/></Shape>
	    <String CONTENT="حيف بيست و سوم"
                    HPOS="346"
                    VPOS="1257"
                    WIDTH="227"
                    HEIGHT="85"
                    WC="0.8297081632273537"></String>
          </TextLine>

          
          
          <TextLine ID="eSc_line_4a9c5d95"
                    TAGREFS="LT4837"
                    BASELINE="491 1429 546 1430" 
                    HPOS="490"
                    VPOS="1373"
                    WIDTH="56"
                    HEIGHT="87">
            <Shape><Polygon POINTS="490 1444 542 1460 546 1430 546 1387 493 1373 491 1429 490 1444"/></Shape>
	    <String CONTENT="راش"
                    HPOS="490"
                    VPOS="1373"
                    WIDTH="56"
                    HEIGHT="87"
                    WC="0.8716163039207458"></String>
          </TextLine>

          
          
          <TextLine ID="eSc_line_ffa3556e"
                    TAGREFS="LT4837"
                    BASELINE="52 1523 880 1523" 
                    HPOS="52"
                    VPOS="1461"
                    WIDTH="828"
                    HEIGHT="90">
            <Shape><Polygon POINTS="52 1523 52 1537 60 1543 61 1543 63 1543 64 1543 136 1536 142 1536 143 1536 160 1550 162 1550 163 1550 164 1551 164 1550 166 1550 167 1550 183 1537 185 1536 290 1536 301 1539 333 1550 335 1550 336 1550 338 1550 374 1540 377 1540 379 1540 395 1550 397 1550 398 1551 476 1551 476 1550 477 1550 497 1543 517 1536 534 1544 535 1544 536 1544 538 1544 539 1544 541 1544 555 1536 566 1544 572 1550 573 1550 574 1550 576 1550 617 1546 642 1543 717 1547 763 1550 765 1550 766 1550 770 1549 798 1536 834 1550 835 1550 836 1550 838 1551 880 1551 880 1523 880 1475 858 1461 856 1461 855 1461 853 1461 852 1461 815 1480 811 1481 807 1480 776 1464 774 1464 773 1464 772 1464 738 1480 731 1482 724 1480 684 1466 683 1466 681 1466 680 1466 679 1466 663 1477 653 1470 652 1470 650 1470 649 1470 648 1470 646 1470 646 1471 635 1481 632 1484 417 1484 414 1482 400 1471 398 1471 397 1471 362 1466 360 1466 359 1466 357 1466 349 1473 335 1461 333 1461 332 1461 331 1461 329 1461 328 1461 328 1463 309 1478 270 1473 260 1463 260 1461 259 1461 257 1461 256 1461 255 1461 240 1468 233 1461 232 1461 231 1461 128 1461 126 1461 125 1461 52 1484 52 1523"/></Shape>
	    <String CONTENT="بدانکه ثواب شناخت دمتابعت قايم قيامت لذکره تقدس"
                    HPOS="52"
                    VPOS="1461"
                    WIDTH="828"
                    HEIGHT="90"
                    WC="0.9118453891987496"></String>
          </TextLine>

          
          
          <TextLine ID="eSc_line_ec088fec"
                    TAGREFS="LT4837"
                    BASELINE="50 1597 550 1612 879 1608" 
                    HPOS="49"
                    VPOS="1549"
                    WIDTH="830"
                    HEIGHT="91">
            <Shape><Polygon POINTS="50 1597 49 1612 162 1611 191 1618 202 1620 204 1620 205 1620 207 1620 208 1620 211 1619 221 1612 228 1619 240 1630 242 1630 243 1630 245 1630 246 1630 271 1620 281 1616 291 1620 322 1633 324 1633 325 1633 326 1633 348 1622 357 1616 393 1615 408 1622 410 1622 411 1622 412 1622 414 1622 421 1616 432 1625 446 1635 448 1635 449 1635 450 1635 452 1635 477 1628 488 1636 490 1636 491 1636 596 1637 597 1637 598 1637 617 1629 619 1628 622 1629 638 1639 639 1639 641 1639 642 1640 684 1640 684 1639 686 1639 687 1639 687 1637 696 1632 698 1629 703 1632 710 1637 711 1637 712 1637 714 1637 715 1637 717 1637 725 1632 741 1622 756 1633 766 1640 767 1640 769 1640 770 1640 803 1635 853 1623 873 1636 879 1608 877 1563 786 1560 784 1560 783 1560 779 1561 732 1575 700 1560 698 1560 697 1560 696 1560 694 1560 694 1561 680 1575 643 1575 498 1573 477 1561 476 1561 474 1561 473 1561 455 1567 429 1560 428 1560 426 1560 425 1560 424 1560 411 1568 400 1556 397 1554 397 1553 395 1553 394 1553 393 1553 350 1556 349 1556 348 1556 335 1567 314 1556 305 1551 304 1551 302 1551 301 1551 288 1556 257 1564 222 1554 221 1554 219 1554 218 1554 216 1554 188 1563 157 1553 140 1549 139 1549 138 1549 136 1549 125 1553 114 1557 50 1553 50 1597"/></Shape>
	    <String CONTENT="و عقاب و جهل دعصيان ناشناختن ان حضرتااست"
                    HPOS="49"
                    VPOS="1549"
                    WIDTH="830"
                    HEIGHT="91"
                    WC="0.9165092557668686"></String>
          </TextLine>

          
        </TextBlock>
        
        <TextBlock HPOS="387"
                   VPOS="90"
                   WIDTH="196"
                   HEIGHT="83"
                   ID="eSc_textblock_989ef9c8"
                   TAGREFS="BT16093">
          <Shape><Polygon POINTS="411 90 515 95 583 139 449 173 387 116 411 90"/></Shape>
          
          
          <TextLine ID="eSc_line_00cd30bc"
                    TAGREFS="LT4837"
                    BASELINE="436 135 505 135" 
                    HPOS="436"
                    VPOS="92"
                    WIDTH="69"
                    HEIGHT="65">
            <Shape><Polygon POINTS="493 94 479 92 476 92 460 105 450 112 436 112 436 135 436 150 504 157 505 135 505 94 493 94"/></Shape>
	    <String CONTENT=""
                    HPOS="436"
                    VPOS="92"
                    WIDTH="69"
                    HEIGHT="65"></String>
          </TextLine>

          
        </TextBlock>
        
        <TextBlock HPOS="932"
                   VPOS="11"
                   WIDTH="189"
                   HEIGHT="184"
                   ID="eSc_textblock_0bdeeb25"
                   TAGREFS="BT16085">
          <Shape><Polygon POINTS="1118 11 1121 195 1077 111 989 88 932 43 1083 33 1118 11"/></Shape>
          
        </TextBlock>
        
        <TextBlock HPOS="136"
                   VPOS="73"
                   WIDTH="99"
                   HEIGHT="26"
                   ID="eSc_textblock_cbdc1edf"
                   TAGREFS="BT16093">
          <Shape><Polygon POINTS="136 73 201 73 235 88 152 99 136 73"/></Shape>
          
        </TextBlock>
        

        
        <TextBlock ID="eSc_dummyblock_">
          
          
          <TextLine ID="eSc_line_dc63f2eb"
                    TAGREFS="LT4837"
                    BASELINE="126 67 209 66" 
                    HPOS="125"
                    VPOS="39"
                    WIDTH="84"
                    HEIGHT="46">
            <Shape><Polygon POINTS="126 67 126 85 208 78 209 66 207 42 125 39 126 67"/></Shape>
	    <String CONTENT=""
                    HPOS="125"
                    VPOS="39"
                    WIDTH="84"
                    HEIGHT="46"></String>
          </TextLine>

          
        </TextBlock>
        
      </PrintSpace>
    </Page>
  </Layout>
</alto>
