<?xml version="1.0" encoding="UTF-8"?>
<alto xmlns:xsi="http://www.w3.org/2001/XMLSchema-instance"
      xmlns="http://www.loc.gov/standards/alto/ns-v4#"
      xsi:schemaLocation="http://www.loc.gov/standards/alto/ns-v4# http://www.loc.gov/standards/alto/v4/alto-4-2.xsd">
  <Description>
    <MeasurementUnit>pixel</MeasurementUnit>
    <sourceImageInformation>
      <fileName>Rasail104.jpg</fileName>
      
    </sourceImageInformation>
  </Description>
  
  <Tags>
    <OtherTag ID="BT16094" LABEL="default" DESCRIPTION="block type default"/><OtherTag ID="BT16093" LABEL="NumberingZone:page" DESCRIPTION="block type NumberingZone:page"/><OtherTag ID="BT16092" LABEL="MarginTextZone:note" DESCRIPTION="block type MarginTextZone:note"/><OtherTag ID="BT16091" LABEL="TitlePageZone" DESCRIPTION="block type TitlePageZone"/><OtherTag ID="BT16090" LABEL="QuireMarksZone:catchwords" DESCRIPTION="block type QuireMarksZone:catchwords"/><OtherTag ID="BT16089" LABEL="NumberingZone:other" DESCRIPTION="block type NumberingZone:other"/><OtherTag ID="BT16088" LABEL="NumberingZone" DESCRIPTION="block type NumberingZone"/><OtherTag ID="BT16087" LABEL="MarginTextZone" DESCRIPTION="block type MarginTextZone"/><OtherTag ID="BT16086" LABEL="MainZone" DESCRIPTION="block type MainZone"/><OtherTag ID="BT16085" LABEL="DigitizationArtefactZone" DESCRIPTION="block type DigitizationArtefactZone"/><OtherTag ID="BT2" LABEL="Main" DESCRIPTION="block type Main"/><OtherTag ID="BT1" LABEL="Title" DESCRIPTION="block type Title"/>
    <OtherTag ID="LT4837" LABEL="DefaultLine" DESCRIPTION="line type DefaultLine"/><OtherTag ID="LT4838" LABEL="default" DESCRIPTION="line type default"/><OtherTag ID="LT4839" LABEL="HeadingLine:title" DESCRIPTION="line type HeadingLine:title"/>
  </Tags>
  
  <Layout>
    <Page WIDTH="1114"
          HEIGHT="1714"
          PHYSICAL_IMG_NR="132"
          ID="eSc_dummypage_">
      <PrintSpace HPOS="0"
                  VPOS="0"
                  WIDTH="1114"
                  HEIGHT="1714">
        
        <TextBlock HPOS="366"
                   VPOS="222"
                   WIDTH="559"
                   HEIGHT="570"
                   ID="eSc_textblock_6469fe84"
                   TAGREFS="BT16091">
          <Shape><Polygon POINTS="770 222 845 262 873 428 850 479 850 581 925 638 852 672 810 725 817 754 879 769 697 781 623 764 577 792 576 769 543 759 644 748 674 712 662 684 486 678 433 644 371 644 366 611 451 547 469 484 457 342 484 342 486 382 520 375 543 251 770 222"/></Shape>
          
          
          <TextLine ID="eSc_line_5b2fb6e9"
                    TAGREFS="LT4837"
                    BASELINE="560 388 620 395" 
                    HPOS="556"
                    VPOS="348"
                    WIDTH="67"
                    HEIGHT="84">
            <Shape><Polygon POINTS="560 388 556 414 613 432 620 395 623 365 597 348 596 348 594 348 593 348 592 348 590 348 574 361 573 361 563 359 560 388"/></Shape>
	    <String CONTENT=""
                    HPOS="556"
                    VPOS="348"
                    WIDTH="67"
                    HEIGHT="84"></String>
          </TextLine>

          
          
          <TextLine ID="eSc_line_5924bd05"
                    TAGREFS="LT4837"
                    BASELINE="479 597 672 591" 
                    HPOS="477"
                    VPOS="528"
                    WIDTH="195"
                    HEIGHT="89">
            <Shape><Polygon POINTS="479 597 479 609 523 617 524 617 526 617 539 611 549 607 572 611 584 614 586 614 587 614 589 614 590 612 597 607 614 612 620 614 622 614 623 614 624 614 629 612 647 605 669 612 672 591 666 531 639 541 633 535 627 531 627 529 626 529 624 529 623 529 622 529 607 537 554 528 553 528 551 528 550 528 550 529 529 548 523 555 477 555 479 597"/></Shape>
	    <String CONTENT="رسال"
                    HPOS="477"
                    VPOS="528"
                    WIDTH="195"
                    HEIGHT="89"
                    WC="0.9893338978290558"></String>
          </TextLine>

          
        </TextBlock>
        
        <TextBlock HPOS="509"
                   VPOS="51"
                   WIDTH="130"
                   HEIGHT="78"
                   ID="eSc_textblock_acf1a7df"
                   TAGREFS="BT16093">
          <Shape><Polygon POINTS="543 51 599 57 639 107 593 129 537 124 509 74 543 51"/></Shape>
          
          
          <TextLine ID="eSc_line_bb1129f6"
                    TAGREFS="LT4837"
                    BASELINE="549 94 610 97" 
                    HPOS="547"
                    VPOS="55"
                    WIDTH="63"
                    HEIGHT="69">
            <Shape><Polygon POINTS="606 69 600 62 549 55 549 94 547 112 607 124 610 97 610 74 606 69"/></Shape>
	    <String CONTENT=""
                    HPOS="547"
                    VPOS="55"
                    WIDTH="63"
                    HEIGHT="69"></String>
          </TextLine>

          
        </TextBlock>
        
        <TextBlock HPOS="308"
                   VPOS="754"
                   WIDTH="588"
                   HEIGHT="147"
                   ID="eSc_textblock_51b4f5c7"
                   TAGREFS="BT16086">
          <Shape><Polygon POINTS="480 754 868 777 896 822 890 861 845 889 577 884 530 901 308 861 331 782 480 754"/></Shape>
          
          
          <TextLine ID="eSc_line_aaa38893"
                    TAGREFS="LT4837"
                    BASELINE="697 851 843 852" 
                    HPOS="696"
                    VPOS="804"
                    WIDTH="147"
                    HEIGHT="84">
            <Shape><Polygon POINTS="697 851 696 875 713 885 715 885 716 885 749 879 772 875 840 888 843 852 842 818 816 821 813 818 799 805 799 804 797 804 796 804 760 804 759 804 757 804 756 804 733 819 730 821 697 821 697 851"/></Shape>
	    <String CONTENT="ووارده"
                    HPOS="696"
                    VPOS="804"
                    WIDTH="147"
                    HEIGHT="84"
                    WC="0.9051598807175955"></String>
          </TextLine>

          
        </TextBlock>
        
        <TextBlock HPOS="297"
                   VPOS="971"
                   WIDTH="536"
                   HEIGHT="307"
                   ID="eSc_textblock_b8baf95a"
                   TAGREFS="BT16091">
          <Shape><Polygon POINTS="599 971 782 976 782 1055 816 1085 793 1108 799 1152 827 1165 816 1209 833 1216 799 1278 308 1266 297 1188 314 1176 572 1158 497 1135 474 1079 497 1051 564 1034 599 971"/></Shape>
          
          
          <TextLine ID="eSc_line_6b2608af"
                    TAGREFS="LT4839"
                    BASELINE="511 1092 521 1091" 
                    HPOS="504"
                    VPOS="1054"
                    WIDTH="17"
                    HEIGHT="40">
            <Shape><Polygon POINTS="511 1092 511 1094 521 1091 514 1054 504 1054 511 1092"/></Shape>
	    <String CONTENT=""
                    HPOS="504"
                    VPOS="1054"
                    WIDTH="17"
                    HEIGHT="40"></String>
          </TextLine>

          
          
          <TextLine ID="eSc_line_52cd64e4"
                    TAGREFS="LT4837"
                    BASELINE="510 1094 521 1092" 
                    HPOS="510"
                    VPOS="1075"
                    WIDTH="13"
                    HEIGHT="34">
            <Shape><Polygon POINTS="514 1076 510 1075 510 1094 511 1109 523 1108 521 1092 520 1089 514 1076"/></Shape>
	    <String CONTENT=""
                    HPOS="510"
                    VPOS="1075"
                    WIDTH="13"
                    HEIGHT="34"></String>
          </TextLine>

          
          
          <TextLine ID="eSc_line_f8b4015d"
                    TAGREFS="LT4837"
                    BASELINE="650 1099 686 1099" 
                    HPOS="650"
                    VPOS="1038"
                    WIDTH="36"
                    HEIGHT="83">
            <Shape><Polygon POINTS="650 1099 650 1121 686 1118 686 1099 686 1045 650 1038 650 1099"/></Shape>
	    <String CONTENT=""
                    HPOS="650"
                    VPOS="1038"
                    WIDTH="36"
                    HEIGHT="83"></String>
          </TextLine>

          
        </TextBlock>
        
        <TextBlock HPOS="520"
                   VPOS="1394"
                   WIDTH="119"
                   HEIGHT="38"
                   ID="eSc_textblock_aa72ef0d"
                   TAGREFS="BT16094">
          <Shape><Polygon POINTS="539 1394 593 1394 639 1421 531 1432 520 1405 539 1394"/></Shape>
          
          
          <TextLine ID="eSc_line_d132acbd"
                    TAGREFS="LT4837"
                    BASELINE="516 1421 543 1419" 
                    HPOS="513"
                    VPOS="1389"
                    WIDTH="30"
                    HEIGHT="67">
            <Shape><Polygon POINTS="529 1398 527 1389 513 1394 516 1421 516 1449 533 1456 534 1456 536 1456 537 1456 539 1456 539 1455 543 1449 543 1419 537 1394 529 1398"/></Shape>
	    <String CONTENT=""
                    HPOS="513"
                    VPOS="1389"
                    WIDTH="30"
                    HEIGHT="67"></String>
          </TextLine>

          
        </TextBlock>
        
        <TextBlock HPOS="509"
                   VPOS="1582"
                   WIDTH="135"
                   HEIGHT="33"
                   ID="eSc_textblock_6fd2c287"
                   TAGREFS="BT16092">
          <Shape><Polygon POINTS="596 1582 644 1615 509 1604 509 1594 596 1582"/></Shape>
          
          
          <TextLine ID="eSc_line_c45a0eca"
                    TAGREFS="LT4837"
                    BASELINE="569 1586 626 1588" 
                    HPOS="567"
                    VPOS="1558"
                    WIDTH="59"
                    HEIGHT="71">
            <Shape><Polygon POINTS="597 1584 583 1584 569 1585 569 1586 567 1624 623 1629 626 1588 624 1562 607 1558 606 1558 604 1558 597 1559 597 1584"/></Shape>
	    <String CONTENT=""
                    HPOS="567"
                    VPOS="1558"
                    WIDTH="59"
                    HEIGHT="71"></String>
          </TextLine>

          
        </TextBlock>
        
        <TextBlock HPOS="600"
                   VPOS="1576"
                   WIDTH="27"
                   HEIGHT="28"
                   ID="eSc_textblock_a99683ab"
                   TAGREFS="BT16090">
          <Shape><Polygon POINTS="623 1576 627 1592 612 1604 600 1588 623 1576"/></Shape>
          
        </TextBlock>
        
        <TextBlock HPOS="0"
                   VPOS="1668"
                   WIDTH="267"
                   HEIGHT="21"
                   ID="eSc_textblock_bcf2b8c3"
                   TAGREFS="BT16085">
          <Shape><Polygon POINTS="71 1668 210 1668 267 1689 0 1689 0 1674 71 1668"/></Shape>
          
        </TextBlock>
        
        <TextBlock HPOS="692"
                   VPOS="1491"
                   WIDTH="27"
                   HEIGHT="10"
                   ID="eSc_textblock_1b129b4a"
                   TAGREFS="BT16089">
          <Shape><Polygon POINTS="693 1491 719 1496 719 1501 692 1501 693 1491"/></Shape>
          
        </TextBlock>
        
        <TextBlock HPOS="469"
                   VPOS="302"
                   WIDTH="27"
                   HEIGHT="16"
                   ID="eSc_textblock_8a1bedfd"
                   TAGREFS="BT16091">
          <Shape><Polygon POINTS="477 302 496 308 496 312 469 318 477 302"/></Shape>
          
        </TextBlock>
        
        <TextBlock HPOS="612"
                   VPOS="125"
                   WIDTH="4"
                   HEIGHT="10"
                   ID="eSc_textblock_b94f09b3"
                   TAGREFS="BT16091">
          <Shape><Polygon POINTS="616 125 616 135 612 135 612 125 616 125"/></Shape>
          
        </TextBlock>
        
        <TextBlock HPOS="610"
                   VPOS="1354"
                   WIDTH="23"
                   HEIGHT="21"
                   ID="eSc_textblock_fbc97d58"
                   TAGREFS="BT16091">
          <Shape><Polygon POINTS="610 1354 627 1354 633 1369 612 1375 610 1354"/></Shape>
          
        </TextBlock>
        
        <TextBlock HPOS="657"
                   VPOS="1342"
                   WIDTH="73"
                   HEIGHT="33"
                   ID="eSc_textblock_e3c3ae1f"
                   TAGREFS="BT16091">
          <Shape><Polygon POINTS="690 1342 730 1352 663 1375 657 1365 690 1342"/></Shape>
          
        </TextBlock>
        
        <TextBlock HPOS="650"
                   VPOS="1508"
                   WIDTH="126"
                   HEIGHT="56"
                   ID="eSc_textblock_1bb2ad5f"
                   TAGREFS="BT16091">
          <Shape><Polygon POINTS="650 1508 736 1508 720 1536 776 1541 692 1564 674 1558 692 1525 650 1508"/></Shape>
          
        </TextBlock>
        
        <TextBlock HPOS="549"
                   VPOS="1348"
                   WIDTH="21"
                   HEIGHT="10"
                   ID="eSc_textblock_dbcfacca"
                   TAGREFS="BT16094">
          <Shape><Polygon POINTS="562 1348 570 1358 549 1358 549 1354 562 1348"/></Shape>
          
        </TextBlock>
        
        <TextBlock HPOS="606"
                   VPOS="1571"
                   WIDTH="33"
                   HEIGHT="33"
                   ID="eSc_textblock_01b4adeb"
                   TAGREFS="BT16089">
          <Shape><Polygon POINTS="613 1571 639 1582 622 1604 606 1598 613 1571"/></Shape>
          
        </TextBlock>
        
        <TextBlock HPOS="543"
                   VPOS="1674"
                   WIDTH="67"
                   HEIGHT="21"
                   ID="eSc_textblock_bd9ce27c"
                   TAGREFS="BT16085">
          <Shape><Polygon POINTS="574 1674 599 1674 610 1695 543 1689 574 1674"/></Shape>
          
        </TextBlock>
        
        <TextBlock HPOS="726"
                   VPOS="1645"
                   WIDTH="33"
                   HEIGHT="4"
                   ID="eSc_textblock_52669b03"
                   TAGREFS="BT16085">
          <Shape><Polygon POINTS="729 1645 759 1645 759 1649 726 1649 729 1645"/></Shape>
          
        </TextBlock>
        
        <TextBlock HPOS="783"
                   VPOS="1616"
                   WIDTH="193"
                   HEIGHT="16"
                   ID="eSc_textblock_c96367f6"
                   TAGREFS="BT16085">
          <Shape><Polygon POINTS="822 1616 965 1622 976 1632 783 1626 822 1616"/></Shape>
          
        </TextBlock>
        
        <TextBlock HPOS="772"
                   VPOS="1645"
                   WIDTH="330"
                   HEIGHT="61"
                   ID="eSc_textblock_0041226b"
                   TAGREFS="BT16085">
          <Shape><Polygon POINTS="1102 1645 1102 1706 852 1706 772 1684 858 1656 1102 1645"/></Shape>
          
        </TextBlock>
        
        <TextBlock HPOS="572"
                   VPOS="1571"
                   WIDTH="38"
                   HEIGHT="4"
                   ID="eSc_textblock_bdb73242"
                   TAGREFS="BT16092">
          <Shape><Polygon POINTS="573 1571 610 1571 610 1575 572 1575 573 1571"/></Shape>
          
        </TextBlock>
        

        
        <TextBlock ID="eSc_dummyblock_">
          
          
          <TextLine ID="eSc_line_9085c503"
                    TAGREFS="LT4837"
                    BASELINE="717 1302 810 1301" 
                    HPOS="716"
                    VPOS="1252"
                    WIDTH="94"
                    HEIGHT="92">
            <Shape><Polygon POINTS="717 1302 717 1341 763 1344 765 1344 809 1332 810 1301 807 1258 750 1252 749 1252 716 1259 717 1302"/></Shape>
	    <String CONTENT="جمات"
                    HPOS="716"
                    VPOS="1252"
                    WIDTH="94"
                    HEIGHT="92"
                    WC="0.9087550491094589"></String>
          </TextLine>

          
          
          <TextLine ID="eSc_line_38cda954"
                    TAGREFS="LT4837"
                    BASELINE="313 1278 444 1274" 
                    HPOS="310"
                    VPOS="1214"
                    WIDTH="134"
                    HEIGHT="105">
            <Shape><Polygon POINTS="313 1278 313 1315 384 1305 400 1318 401 1319 403 1319 404 1319 406 1319 444 1318 444 1274 441 1222 377 1214 376 1214 374 1214 373 1214 373 1215 361 1228 310 1234 313 1278"/></Shape>
	    <String CONTENT="عيليه"
                    HPOS="310"
                    VPOS="1214"
                    WIDTH="134"
                    HEIGHT="105"
                    WC="0.9807734489440918"></String>
          </TextLine>

          
          
          <TextLine ID="eSc_line_47280f6b"
                    TAGREFS="LT4837"
                    BASELINE="627 1419 666 1419" 
                    HPOS="627"
                    VPOS="1378"
                    WIDTH="39"
                    HEIGHT="86">
            <Shape><Polygon POINTS="627 1419 627 1464 666 1462 666 1419 663 1378 627 1388 627 1419"/></Shape>
	    <String CONTENT=""
                    HPOS="627"
                    VPOS="1378"
                    WIDTH="39"
                    HEIGHT="86"></String>
          </TextLine>

          
          
          <TextLine ID="eSc_line_e50786f8"
                    TAGREFS="LT4837"
                    BASELINE="624 1522 700 1526" 
                    HPOS="622"
                    VPOS="1476"
                    WIDTH="78"
                    HEIGHT="88">
            <Shape><Polygon POINTS="624 1522 622 1559 644 1556 650 1558 666 1564 667 1564 669 1564 670 1564 697 1552 700 1526 700 1481 626 1476 624 1522"/></Shape>
	    <String CONTENT="قدر"
                    HPOS="622"
                    VPOS="1476"
                    WIDTH="78"
                    HEIGHT="88"
                    WC="0.9079067508379618"></String>
          </TextLine>

          
          
          <TextLine ID="eSc_line_b7d00af3"
                    TAGREFS="LT4838"
                    BASELINE="536 1582 599 1586" 
                    HPOS="534"
                    VPOS="1564"
                    WIDTH="65"
                    HEIGHT="40">
            <Shape><Polygon POINTS="593 1582 577 1584 563 1582 563 1566 536 1564 536 1582 534 1604 574 1594 577 1585 592 1588 597 1588 599 1586 599 1585 593 1582"/></Shape>
	    <String CONTENT=""
                    HPOS="534"
                    VPOS="1564"
                    WIDTH="65"
                    HEIGHT="40"></String>
          </TextLine>

          
        </TextBlock>
        
      </PrintSpace>
    </Page>
  </Layout>
</alto>
