<?xml version="1.0" encoding="UTF-8"?>
<alto xmlns:xsi="http://www.w3.org/2001/XMLSchema-instance"
      xmlns="http://www.loc.gov/standards/alto/ns-v4#"
      xsi:schemaLocation="http://www.loc.gov/standards/alto/ns-v4# http://www.loc.gov/standards/alto/v4/alto-4-2.xsd">
  <Description>
    <MeasurementUnit>pixel</MeasurementUnit>
    <sourceImageInformation>
      <fileName>Rasail139.jpg</fileName>
      
    </sourceImageInformation>
  </Description>
  
  <Tags>
    <OtherTag ID="BT16094" LABEL="default" DESCRIPTION="block type default"/><OtherTag ID="BT16093" LABEL="NumberingZone:page" DESCRIPTION="block type NumberingZone:page"/><OtherTag ID="BT16092" LABEL="MarginTextZone:note" DESCRIPTION="block type MarginTextZone:note"/><OtherTag ID="BT16091" LABEL="TitlePageZone" DESCRIPTION="block type TitlePageZone"/><OtherTag ID="BT16090" LABEL="QuireMarksZone:catchwords" DESCRIPTION="block type QuireMarksZone:catchwords"/><OtherTag ID="BT16089" LABEL="NumberingZone:other" DESCRIPTION="block type NumberingZone:other"/><OtherTag ID="BT16088" LABEL="NumberingZone" DESCRIPTION="block type NumberingZone"/><OtherTag ID="BT16087" LABEL="MarginTextZone" DESCRIPTION="block type MarginTextZone"/><OtherTag ID="BT16086" LABEL="MainZone" DESCRIPTION="block type MainZone"/><OtherTag ID="BT16085" LABEL="DigitizationArtefactZone" DESCRIPTION="block type DigitizationArtefactZone"/><OtherTag ID="BT2" LABEL="Main" DESCRIPTION="block type Main"/><OtherTag ID="BT1" LABEL="Title" DESCRIPTION="block type Title"/>
    <OtherTag ID="LT4837" LABEL="DefaultLine" DESCRIPTION="line type DefaultLine"/><OtherTag ID="LT4838" LABEL="default" DESCRIPTION="line type default"/><OtherTag ID="LT4839" LABEL="HeadingLine:title" DESCRIPTION="line type HeadingLine:title"/>
  </Tags>
  
  <Layout>
    <Page WIDTH="1186"
          HEIGHT="1688"
          PHYSICAL_IMG_NR="2"
          ID="eSc_dummypage_">
      <PrintSpace HPOS="0"
                  VPOS="0"
                  WIDTH="1186"
                  HEIGHT="1688">
        
        <TextBlock HPOS="56"
                   VPOS="146"
                   WIDTH="955"
                   HEIGHT="1461"
                   ID="eSc_textblock_1e03e706"
                   TAGREFS="BT16086">
          <Shape><Polygon POINTS="438 146 989 163 1011 1450 983 1602 101 1607 67 1574 56 551 84 180 101 157 438 146"/></Shape>
          
          
          <TextLine ID="eSc_line_782bef1f"
                    TAGREFS="LT4837"
                    BASELINE="98 218 949 192" 
                    HPOS="95"
                    VPOS="153"
                    WIDTH="854"
                    HEIGHT="95">
            <Shape><Polygon POINTS="939 160 925 160 911 160 897 160 893 158 849 164 835 158 831 157 827 157 813 157 801 156 799 158 789 167 772 167 758 161 738 154 728 154 714 154 707 153 685 154 683 154 682 154 669 164 659 171 613 171 602 167 569 157 568 157 566 157 565 157 533 170 520 174 510 170 495 164 493 164 492 164 491 164 476 171 472 174 469 171 450 161 448 161 447 161 378 163 377 163 375 163 375 164 368 171 354 164 353 164 351 164 350 164 348 164 327 177 322 181 189 184 185 182 150 170 149 170 147 170 146 170 95 185 98 218 99 248 147 239 168 246 173 247 174 247 175 247 237 246 239 246 240 246 244 241 257 230 275 240 284 244 285 244 287 244 327 239 329 239 330 239 332 237 355 222 436 220 455 229 457 229 458 229 460 229 481 219 498 219 509 229 519 237 520 237 521 237 523 237 524 237 548 226 555 223 562 226 568 227 569 227 571 227 572 227 574 227 576 225 589 215 617 215 633 222 649 230 651 230 652 230 654 230 655 230 669 220 678 213 685 219 703 232 704 232 706 232 707 232 709 232 747 216 759 211 766 215 773 220 775 220 776 220 778 220 779 220 790 215 818 227 820 227 821 229 855 229 855 227 856 227 900 208 949 205 949 192 945 160 939 160"/></Shape>
	    <String CONTENT="ش  ارسال شب دين بی خت شناخت حاصل نمیشد"
                    HPOS="95"
                    VPOS="153"
                    WIDTH="854"
                    HEIGHT="95"
                    WC="0.86774091500985"></String>
          </TextLine>

          
          
          <TextLine ID="eSc_line_7b822aae"
                    TAGREFS="LT4837"
                    BASELINE="87 295 482 279 962 275" 
                    HPOS="85"
                    VPOS="234"
                    WIDTH="877"
                    HEIGHT="82">
            <Shape><Polygon POINTS="87 295 87 309 98 316 99 316 101 316 102 316 104 316 146 305 153 303 154 305 167 315 168 315 170 315 171 316 219 316 219 315 323 312 324 312 358 302 365 299 372 301 402 310 403 310 405 310 406 310 407 310 407 309 417 301 422 298 438 301 474 305 475 305 510 299 526 296 530 298 548 308 550 308 551 308 552 308 554 308 565 298 569 295 586 298 619 302 620 302 621 302 623 302 630 296 634 293 644 296 662 302 664 302 665 302 711 295 734 292 738 295 744 301 745 301 747 301 815 302 817 302 818 302 837 293 845 289 863 292 877 295 879 295 897 292 922 288 927 292 936 299 938 299 939 299 941 299 942 299 962 291 962 275 959 246 818 236 817 236 815 236 814 236 807 243 780 234 779 234 778 234 776 234 754 241 737 236 735 236 734 236 732 236 731 236 731 237 717 250 717 251 696 251 696 250 669 237 668 237 619 237 617 237 576 239 575 239 574 239 550 254 548 254 545 254 486 240 485 240 372 243 371 243 334 258 333 260 241 260 240 260 230 251 229 251 227 251 226 251 225 251 208 261 206 261 202 261 164 254 163 254 85 263 87 295"/></Shape>
	    <String CONTENT="و بعد از ين بايد دانست که نشان و معجز او چيست و اورا در همين"
                    HPOS="85"
                    VPOS="234"
                    WIDTH="877"
                    HEIGHT="82"
                    WC="0.886827998359998"></String>
          </TextLine>

          
          
          <TextLine ID="eSc_line_5bd7791f"
                    TAGREFS="LT4837"
                    BASELINE="320 358 558 347 959 348" 
                    HPOS="319"
                    VPOS="299"
                    WIDTH="640"
                    HEIGHT="77">
            <Shape><Polygon POINTS="320 358 320 376 378 376 378 375 379 375 381 375 396 362 454 375 460 375 461 375 462 375 465 375 516 360 579 360 588 367 589 367 590 367 592 367 593 367 610 358 647 365 648 365 680 358 709 372 710 372 711 372 740 372 758 371 759 371 761 371 761 369 773 358 789 369 790 369 792 369 793 369 794 369 842 357 872 357 897 369 898 369 900 371 959 371 959 348 953 308 944 316 910 310 908 310 907 310 906 310 896 317 883 309 869 299 868 299 866 299 865 299 804 310 769 299 768 299 766 299 765 299 763 299 763 301 751 312 745 320 732 320 725 313 714 303 714 302 713 302 711 302 710 302 709 302 686 315 678 319 635 316 592 312 590 312 559 317 545 320 543 317 527 303 527 302 526 302 524 302 467 302 465 302 464 302 462 302 462 303 445 320 410 303 409 303 377 303 375 303 374 303 372 303 343 323 319 323 320 358"/></Shape>
	    <String CONTENT="کون حقيقت ظهور است سب اول در اثبات"
                    HPOS="319"
                    VPOS="299"
                    WIDTH="640"
                    HEIGHT="77"
                    WC="0.9269421118147233"></String>
          </TextLine>

          
          
          <TextLine ID="eSc_line_af05d545"
                    TAGREFS="LT4837"
                    BASELINE="92 448 548 430 969 431" 
                    HPOS="91"
                    VPOS="378"
                    WIDTH="878"
                    HEIGHT="90">
            <Shape><Polygon POINTS="92 448 92 468 226 457 287 464 299 465 301 465 302 465 308 464 340 451 364 459 365 459 367 459 443 445 607 444 624 454 631 458 633 458 634 458 635 458 637 458 638 458 644 452 657 444 676 452 689 457 690 457 692 457 727 455 728 455 730 455 738 450 754 441 773 448 775 448 776 448 810 444 815 448 821 452 821 454 823 454 824 454 825 455 846 455 846 454 848 454 849 454 849 452 856 447 859 444 863 447 870 452 872 452 873 452 875 452 876 452 891 445 901 441 911 445 929 451 931 451 932 451 967 443 969 431 967 398 949 398 922 378 921 378 920 378 918 378 917 378 858 399 856 399 808 379 807 379 806 379 804 379 759 395 737 381 735 381 734 381 732 381 731 381 730 381 730 382 710 402 685 389 683 389 682 389 680 389 658 396 642 386 641 386 640 386 638 386 637 386 578 403 526 385 524 385 523 385 485 386 483 386 482 386 465 399 451 388 451 386 450 386 448 386 447 386 368 388 367 388 323 410 272 410 254 396 253 396 251 396 250 396 249 396 218 412 142 400 140 400 139 400 137 400 137 402 123 414 91 414 92 448"/></Shape>
	    <String CONTENT="أو شر ورع في انمائم وإن أنست كه بدا في كه تحت الشافي"
                    HPOS="91"
                    VPOS="378"
                    WIDTH="878"
                    HEIGHT="90"
                    WC="0.8778338735657079"></String>
          </TextLine>

          
          
          <TextLine ID="eSc_line_8cfa6f7e"
                    TAGREFS="LT4837"
                    BASELINE="361 507 960 503" 
                    HPOS="361"
                    VPOS="451"
                    WIDTH="599"
                    HEIGHT="84">
            <Shape><Polygon POINTS="361 514 382 524 384 524 385 524 386 524 388 524 402 516 403 516 481 516 485 519 489 523 491 523 492 523 493 523 514 519 534 516 561 520 611 530 613 530 614 530 630 523 640 517 644 523 655 533 655 534 657 534 658 534 659 535 721 535 721 534 723 534 724 534 737 526 747 519 780 527 794 530 796 530 797 530 799 530 799 528 800 527 817 513 834 513 849 523 851 523 852 523 853 523 855 523 863 519 873 530 876 531 876 533 877 533 879 533 880 533 960 531 960 503 958 468 803 468 800 464 786 452 786 451 785 451 783 451 782 451 744 452 742 452 741 452 728 462 724 467 720 462 714 458 713 458 711 458 710 458 709 458 696 462 682 467 668 461 657 457 655 457 654 457 652 457 638 461 611 468 562 459 531 454 530 454 528 454 512 458 488 464 448 457 430 454 429 454 427 454 426 454 423 457 405 467 361 455 361 507 361 514"/></Shape>
	    <String CONTENT="معجزی بسبايد که هيچ موجودی از موجودات"
                    HPOS="361"
                    VPOS="451"
                    WIDTH="599"
                    HEIGHT="84"
                    WC="0.9239111413826814"></String>
          </TextLine>

          
          
          <TextLine ID="eSc_line_96185477"
                    TAGREFS="LT4837"
                    BASELINE="351 509 358 509" 
                    HPOS="351"
                    VPOS="461"
                    WIDTH="7"
                    HEIGHT="81">
            <Shape><Polygon POINTS="351 509 351 541 357 542 358 509 358 461 351 461 351 509"/></Shape>
	    <String CONTENT=""
                    HPOS="351"
                    VPOS="461"
                    WIDTH="7"
                    HEIGHT="81"></String>
          </TextLine>

          
          
          <TextLine ID="eSc_line_cbed0adf"
                    TAGREFS="LT4837"
                    BASELINE="85 524 305 514" 
                    HPOS="83"
                    VPOS="475"
                    WIDTH="222"
                    HEIGHT="75">
            <Shape><Polygon POINTS="85 524 85 548 143 550 144 550 146 550 147 550 147 548 149 548 149 547 156 538 180 538 225 545 229 545 230 545 232 545 233 545 247 535 303 542 305 514 298 476 289 485 277 479 268 475 267 475 265 475 264 475 263 475 263 476 258 481 253 485 246 481 239 476 237 476 236 476 234 476 233 476 220 483 215 486 211 483 196 478 195 478 194 478 192 478 174 486 168 490 164 488 153 479 151 479 150 479 149 479 123 481 122 481 83 493 85 524"/></Shape>
	    <String CONTENT="و امری دران"
                    HPOS="83"
                    VPOS="475"
                    WIDTH="222"
                    HEIGHT="75"
                    WC="0.8918911597945474"></String>
          </TextLine>

          
          
          <TextLine ID="eSc_line_bd6dc2c4"
                    TAGREFS="LT4837"
                    BASELINE="610 575 969 575" 
                    HPOS="610"
                    VPOS="527"
                    WIDTH="359"
                    HEIGHT="82">
            <Shape><Polygon POINTS="610 575 610 596 724 593 728 595 741 604 742 604 744 604 745 604 747 604 748 604 756 597 814 607 815 607 817 607 818 607 834 595 844 603 845 603 846 603 848 603 849 603 868 597 877 606 877 607 879 607 880 607 882 609 934 609 934 607 935 607 969 592 969 575 967 542 897 545 889 542 856 527 855 527 800 527 799 527 797 527 796 527 796 528 782 542 778 545 762 542 706 531 704 531 703 531 669 542 661 545 651 542 627 534 626 534 624 534 623 534 610 540 610 575"/></Shape>
	    <String CONTENT="معجز با و شريك نباشند"
                    HPOS="610"
                    VPOS="527"
                    WIDTH="359"
                    HEIGHT="82"
                    WC="0.9157109743072873"></String>
          </TextLine>

          
          
          <TextLine ID="eSc_line_8a151ae0"
                    TAGREFS="LT4837"
                    BASELINE="97 679 378 661 862 658 897 647" 
                    HPOS="95"
                    VPOS="602"
                    WIDTH="802"
                    HEIGHT="99">
            <Shape><Polygon POINTS="97 679 99 701 123 686 150 699 153 700 154 700 156 700 260 697 261 697 263 697 263 696 264 696 265 693 270 689 278 693 284 697 285 697 287 697 288 697 289 697 291 697 296 692 317 676 388 680 389 680 391 680 416 673 465 673 485 683 496 689 498 689 499 689 500 689 502 689 502 687 507 682 519 672 536 672 558 680 586 690 588 690 589 690 590 690 592 690 592 689 604 678 614 669 659 669 666 675 682 687 683 687 685 687 686 689 718 689 718 687 720 687 721 687 744 672 751 666 756 670 765 678 766 678 768 678 769 678 770 678 772 678 783 669 785 669 786 669 801 683 801 685 803 685 804 685 806 685 844 678 855 685 856 685 858 685 859 685 861 685 862 685 862 683 877 666 897 663 897 647 889 604 846 621 790 621 778 609 770 603 770 602 769 602 768 602 766 602 716 611 693 616 679 613 657 607 655 607 654 607 652 607 651 607 640 614 631 620 627 616 616 606 616 604 614 604 613 604 611 604 543 613 512 607 510 607 509 607 507 607 507 609 493 621 486 627 462 623 415 613 413 613 412 613 382 625 378 627 374 625 326 611 324 611 323 611 322 611 320 611 296 628 295 630 291 630 256 623 254 623 253 623 226 633 219 634 208 633 174 628 173 628 95 637 97 679"/></Shape>
	    <String CONTENT="عجز برد و قسم است يکی فعل قدرت و ديگر علم حجت"
                    HPOS="95"
                    VPOS="602"
                    WIDTH="802"
                    HEIGHT="99"
                    WC="0.9319812814394633"></String>
          </TextLine>

          
          
          <TextLine ID="eSc_line_b7d6e217"
                    TAGREFS="LT4837"
                    BASELINE="94 755 538 732 806 734 970 742" 
                    HPOS="92"
                    VPOS="679"
                    WIDTH="878"
                    HEIGHT="98">
            <Shape><Polygon POINTS="94 755 94 776 119 777 120 777 122 777 123 777 125 776 137 766 150 775 150 776 151 776 153 776 154 776 161 775 218 762 272 772 281 773 282 773 284 773 285 773 287 772 306 755 326 766 327 766 329 766 330 766 386 748 498 745 561 751 562 751 599 744 614 753 616 753 617 753 619 753 661 748 672 755 673 755 675 755 676 755 742 739 769 753 770 753 772 753 773 753 775 753 790 741 848 756 849 756 851 756 969 753 970 742 967 694 913 694 897 683 896 683 894 683 893 683 891 683 890 683 872 696 870 697 859 697 842 697 815 679 814 679 813 679 811 679 810 679 808 679 782 699 780 699 721 683 720 683 718 683 717 683 716 683 716 685 706 692 696 683 694 683 693 683 692 683 690 683 689 683 668 700 640 701 592 683 590 683 589 683 588 683 557 693 548 685 547 685 545 685 544 685 543 685 512 692 461 687 460 687 458 687 457 687 457 689 450 696 437 689 436 689 434 689 360 690 358 690 357 690 327 708 247 700 246 700 244 700 216 713 213 714 208 713 174 707 173 707 92 715 94 755"/></Shape>
	    <String CONTENT="از هريک ازاين مشابر و با نندی دارند بينی بدين نشان ی"
                    HPOS="92"
                    VPOS="679"
                    WIDTH="878"
                    HEIGHT="98"
                    WC="0.856424898482286"></String>
          </TextLine>

          
          
          <TextLine ID="eSc_line_b793e074"
                    TAGREFS="LT4837"
                    BASELINE="95 827 593 808 748 807 982 815" 
                    HPOS="94"
                    VPOS="755"
                    WIDTH="888"
                    HEIGHT="96">
            <Shape><Polygon POINTS="95 827 95 851 143 851 143 849 144 849 146 849 157 839 168 848 170 848 171 848 173 849 219 849 219 848 220 848 226 846 282 828 358 838 360 838 361 838 382 831 388 836 389 836 391 836 392 836 393 836 395 836 410 824 472 824 507 839 513 841 514 841 516 841 517 841 519 841 521 838 547 822 566 822 582 836 585 838 585 839 586 839 588 839 589 839 590 839 602 836 658 818 752 818 768 827 769 827 770 827 772 827 803 821 818 831 821 832 823 832 824 832 825 832 980 825 982 815 979 770 897 770 876 756 875 756 873 756 872 756 870 756 838 765 799 755 797 755 796 755 794 755 793 755 766 775 765 776 710 776 666 776 645 759 644 759 642 759 599 759 597 759 596 759 595 759 595 761 578 777 541 762 540 762 496 762 495 762 493 762 492 762 492 763 481 773 412 763 410 763 333 775 316 766 315 766 313 766 312 766 310 766 295 780 268 768 267 768 265 768 264 768 225 786 174 769 173 769 171 769 170 769 130 790 94 790 95 827"/></Shape>
	    <String CONTENT="با نند وليکن نيستند و معجز فعل قدرت معجزی را می گويند که از"
                    HPOS="94"
                    VPOS="755"
                    WIDTH="888"
                    HEIGHT="96"
                    WC="0.9126456576888844"></String>
          </TextLine>

          
          
          <TextLine ID="eSc_line_01338b8f"
                    TAGREFS="LT4837"
                    BASELINE="97 890 614 883 982 887" 
                    HPOS="95"
                    VPOS="834"
                    WIDTH="887"
                    HEIGHT="84">
            <Shape><Polygon POINTS="97 890 97 907 109 917 111 917 112 917 113 918 133 918 133 917 135 917 136 917 154 904 158 901 161 904 175 915 175 917 177 917 178 917 180 918 261 918 261 917 263 917 288 907 315 917 316 917 317 917 319 917 320 917 343 903 350 898 409 898 417 903 423 907 424 907 426 907 427 907 429 907 430 907 430 905 434 903 438 897 483 897 491 903 493 905 495 905 496 905 498 905 499 905 509 903 519 898 521 903 536 914 536 915 537 915 538 915 540 917 589 917 589 915 590 915 592 915 604 907 633 908 634 908 635 908 637 908 637 907 644 901 651 896 728 896 738 901 740 903 741 903 742 903 744 903 745 903 751 901 772 896 787 901 794 904 796 904 797 904 811 901 824 898 830 901 853 914 855 914 856 915 908 915 908 914 929 912 931 912 932 912 932 911 945 901 949 897 980 900 982 887 980 851 915 851 893 834 891 834 890 834 862 834 861 834 859 834 858 834 842 846 759 834 758 834 756 834 721 851 678 834 676 834 675 834 673 834 626 846 561 835 559 835 558 835 523 852 486 835 485 835 420 835 419 835 417 835 416 835 416 836 398 852 358 844 357 844 355 844 354 844 339 853 258 845 257 845 206 853 163 844 161 844 160 844 158 844 147 853 125 848 123 848 122 848 120 848 95 855 97 890"/></Shape>
	    <String CONTENT="چسم واقع نم شود و معجز علم بحت آنکه از روح واقع می شود"
                    HPOS="95"
                    VPOS="834"
                    WIDTH="887"
                    HEIGHT="84"
                    WC="0.9218918350609866"></String>
          </TextLine>

          
          
          <TextLine ID="eSc_line_76393258"
                    TAGREFS="LT4837"
                    BASELINE="99 974 502 963 982 967" 
                    HPOS="98"
                    VPOS="910"
                    WIDTH="884"
                    HEIGHT="84">
            <Shape><Polygon POINTS="99 974 99 988 168 994 170 994 171 994 173 994 181 988 188 983 206 987 216 990 218 990 219 990 236 987 281 979 289 987 296 993 296 994 298 994 299 994 301 994 302 994 319 986 320 986 324 986 358 993 360 993 361 993 378 986 393 977 489 977 500 984 502 984 503 984 505 984 506 984 507 984 507 983 516 976 595 976 602 981 611 990 611 991 613 991 614 991 616 993 730 993 730 991 731 991 755 980 766 974 773 980 782 987 783 987 785 987 786 987 787 987 814 979 830 974 844 979 876 990 877 990 879 990 880 990 882 990 893 981 915 990 917 990 918 990 920 990 944 977 948 974 953 977 966 986 967 986 969 986 970 986 972 986 973 986 982 979 982 967 979 928 928 928 927 928 896 914 894 914 893 914 891 914 890 914 877 924 862 911 862 910 861 910 859 910 858 910 814 915 813 915 811 915 811 917 799 928 752 911 751 911 749 911 748 911 711 925 649 919 648 919 647 919 607 929 558 917 557 917 555 917 554 917 534 925 502 910 500 910 362 910 361 910 360 910 358 910 358 911 336 931 292 919 291 919 289 919 264 921 263 921 261 921 261 922 249 934 208 934 194 921 194 919 192 919 191 919 189 919 188 919 187 919 177 926 147 911 146 911 144 911 143 911 98 932 99 974"/></Shape>
	    <String CONTENT="و همه موجودات در معجز فعل قدرت باججت شريک باشند زپيرا که"
                    HPOS="98"
                    VPOS="910"
                    WIDTH="884"
                    HEIGHT="84"
                    WC="0.9138536863029003"></String>
          </TextLine>

          
          
          <TextLine ID="eSc_line_90daf62b"
                    TAGREFS="LT4837"
                    BASELINE="91 1047 430 1039 944 1046 972 1038" 
                    HPOS="90"
                    VPOS="991"
                    WIDTH="882"
                    HEIGHT="80">
            <Shape><Polygon POINTS="91 1047 90 1059 106 1070 108 1070 109 1070 111 1071 203 1071 203 1070 205 1070 206 1070 206 1069 213 1063 268 1070 270 1070 271 1070 272 1070 272 1069 284 1059 285 1056 320 1050 393 1050 410 1059 416 1062 417 1062 419 1062 420 1062 422 1062 424 1059 438 1050 534 1050 548 1060 550 1060 551 1060 552 1060 559 1060 596 1056 603 1060 620 1070 621 1070 623 1070 624 1071 644 1071 644 1070 645 1070 647 1070 647 1069 657 1060 666 1050 693 1050 711 1057 713 1057 714 1057 716 1057 732 1050 808 1055 823 1062 841 1070 842 1070 844 1071 870 1071 870 1070 872 1070 887 1062 900 1055 911 1062 920 1069 921 1069 922 1069 924 1069 970 1062 972 1038 965 1004 948 1011 890 1004 882 1004 880 1004 869 1004 811 1011 799 1005 783 998 782 998 780 998 779 998 763 1005 754 1011 745 1005 723 991 721 991 720 991 689 991 687 991 686 991 657 1007 652 1009 647 1007 617 991 616 991 614 991 613 991 582 1001 568 991 566 991 565 991 496 991 495 991 493 991 492 991 481 1001 468 991 467 991 465 991 412 991 410 991 409 991 407 991 388 1008 326 994 324 994 323 994 322 994 301 1009 298 1012 219 1012 218 1011 199 995 198 995 196 995 163 991 161 991 160 991 158 991 139 1007 91 1011 91 1047"/></Shape>
	    <String CONTENT="مجبز فتل قدرت از چسم واقع بی شود و همه در چسم با او شريک"
                    HPOS="90"
                    VPOS="991"
                    WIDTH="882"
                    HEIGHT="80"
                    WC="0.9003429146749633"></String>
          </TextLine>

          
          
          <TextLine ID="eSc_line_58e659db"
                    TAGREFS="LT4837"
                    BASELINE="87 1125 498 1112 986 1119" 
                    HPOS="85"
                    VPOS="1063"
                    WIDTH="901"
                    HEIGHT="79">
            <Shape><Polygon POINTS="87 1125 87 1140 222 1142 223 1142 225 1142 227 1140 251 1128 291 1139 292 1139 294 1139 295 1139 329 1128 341 1137 343 1137 344 1137 346 1137 347 1137 410 1122 472 1122 492 1132 493 1132 495 1132 496 1132 517 1122 548 1133 550 1133 551 1133 585 1126 596 1135 597 1135 599 1135 600 1135 602 1135 603 1135 620 1122 640 1132 641 1132 642 1132 732 1122 768 1137 769 1137 770 1137 772 1137 773 1137 801 1121 984 1139 986 1119 984 1081 962 1074 960 1074 959 1074 958 1074 956 1074 946 1083 873 1083 835 1066 834 1066 832 1066 831 1066 792 1081 772 1067 770 1067 769 1067 768 1067 766 1067 740 1081 700 1063 699 1063 697 1063 578 1076 564 1064 564 1063 562 1063 561 1063 407 1063 406 1063 288 1071 287 1071 260 1084 257 1084 196 1077 195 1077 85 1084 87 1125"/></Shape>
	    <String CONTENT="اند و قدرت زياد از آن نميتوان بود كه مردى بر همه عالم مسلاط"
                    HPOS="85"
                    VPOS="1063"
                    WIDTH="901"
                    HEIGHT="79"
                    WC="0.9009484857320785"></String>
          </TextLine>

          
          
          <TextLine ID="eSc_line_efbd377b"
                    TAGREFS="LT4837"
                    BASELINE="99 1198 524 1187 986 1191" 
                    HPOS="99"
                    VPOS="1136"
                    WIDTH="887"
                    HEIGHT="80">
            <Shape><Polygon POINTS="99 1211 213 1216 215 1216 216 1216 230 1209 239 1204 246 1209 254 1215 256 1215 257 1215 258 1215 295 1208 310 1205 317 1208 329 1212 330 1212 332 1212 333 1212 334 1212 340 1206 353 1198 388 1198 400 1206 403 1208 405 1208 406 1208 407 1209 407 1208 409 1208 410 1208 413 1205 426 1197 513 1197 523 1204 524 1204 526 1204 527 1204 528 1204 530 1204 538 1197 603 1197 611 1202 619 1208 620 1208 621 1208 623 1208 624 1208 638 1202 645 1198 648 1201 662 1213 664 1213 665 1213 666 1215 685 1215 685 1213 714 1212 716 1212 717 1212 717 1211 728 1199 732 1195 744 1199 776 1212 778 1212 779 1213 810 1213 810 1212 811 1212 813 1212 813 1211 823 1202 844 1211 845 1211 846 1211 848 1211 849 1211 869 1198 894 1209 896 1209 897 1209 898 1209 910 1204 956 1211 958 1211 959 1211 986 1195 986 1191 984 1152 973 1142 973 1140 972 1140 970 1140 969 1140 967 1140 966 1140 951 1153 951 1154 839 1154 832 1153 772 1136 770 1136 686 1136 685 1136 683 1136 682 1136 682 1137 669 1149 644 1147 642 1147 641 1147 640 1147 633 1152 626 1156 619 1152 593 1137 592 1137 590 1137 589 1137 557 1152 551 1153 547 1152 512 1137 510 1137 509 1137 507 1137 478 1146 415 1139 413 1139 412 1139 388 1150 374 1157 355 1157 350 1150 341 1143 341 1142 340 1142 339 1142 337 1142 336 1142 315 1150 292 1159 278 1150 277 1150 275 1150 274 1150 272 1150 258 1154 254 1150 244 1142 244 1140 243 1140 241 1140 240 1140 239 1140 219 1149 201 1159 182 1150 181 1150 180 1150 178 1150 177 1150 164 1160 119 1160 99 1149 99 1198 99 1211"/></Shape>
	    <String CONTENT="شود و همه عالم را قتل کنر دوان حالت مینواند بودشيری"
                    HPOS="99"
                    VPOS="1136"
                    WIDTH="887"
                    HEIGHT="80"
                    WC="0.8911445970628776"></String>
          </TextLine>

          
          
          <TextLine ID="eSc_line_1f0c4001"
                    TAGREFS="LT4837"
                    BASELINE="98 1278 474 1263 721 1264 982 1275" 
                    HPOS="97"
                    VPOS="1208"
                    WIDTH="885"
                    HEIGHT="87">
            <Shape><Polygon POINTS="98 1278 99 1295 123 1288 227 1295 246 1295 247 1295 249 1295 251 1294 305 1275 326 1284 327 1284 329 1284 330 1284 347 1278 374 1294 375 1294 377 1294 378 1294 379 1294 381 1294 416 1273 575 1273 621 1273 630 1280 630 1281 631 1281 633 1281 634 1281 635 1281 652 1273 690 1280 692 1281 692 1280 730 1273 755 1289 756 1289 758 1289 759 1291 796 1291 797 1291 797 1289 799 1289 800 1289 800 1288 818 1273 831 1273 877 1288 879 1288 880 1289 980 1289 982 1275 980 1236 879 1236 858 1216 856 1216 855 1216 853 1216 852 1216 851 1216 851 1218 837 1230 803 1226 801 1226 800 1226 780 1235 770 1226 769 1226 768 1226 766 1226 765 1226 763 1226 755 1235 718 1225 717 1225 716 1225 714 1225 713 1225 713 1226 703 1236 647 1237 641 1237 640 1237 592 1209 590 1209 589 1209 544 1208 543 1208 444 1209 443 1209 391 1235 322 1211 320 1211 319 1211 317 1211 316 1211 296 1228 261 1233 246 1222 244 1222 243 1222 241 1222 240 1222 239 1222 216 1242 215 1243 153 1243 151 1242 119 1226 118 1226 116 1226 115 1226 113 1226 97 1236 98 1278"/></Shape>
	    <String CONTENT="اری او را قتل نمايد و نه توان گفت که شير و بار که چيوان انداز"
                    HPOS="97"
                    VPOS="1208"
                    WIDTH="885"
                    HEIGHT="87"
                    WC="0.8991440212140318"></String>
          </TextLine>

          
          
          <TextLine ID="eSc_line_de2f24ba"
                    TAGREFS="LT4837"
                    BASELINE="97 1351 475 1344 993 1350" 
                    HPOS="95"
                    VPOS="1289"
                    WIDTH="898"
                    HEIGHT="81">
            <Shape><Polygon POINTS="97 1351 95 1365 135 1368 136 1368 137 1368 139 1368 139 1367 142 1365 149 1360 156 1365 158 1368 160 1368 161 1368 163 1370 205 1370 205 1368 206 1368 220 1364 251 1356 261 1364 265 1368 267 1368 268 1368 270 1368 271 1368 285 1364 298 1360 303 1364 308 1367 309 1367 310 1367 312 1367 313 1367 322 1363 339 1356 371 1363 398 1368 399 1368 400 1368 402 1368 410 1363 422 1356 476 1361 493 1363 495 1363 496 1363 498 1363 499 1361 507 1356 586 1356 597 1360 617 1368 619 1368 620 1370 675 1370 675 1368 676 1368 678 1368 689 1358 693 1356 710 1358 741 1364 742 1364 744 1364 759 1358 763 1356 766 1358 782 1368 783 1368 785 1368 786 1370 818 1370 818 1368 820 1368 821 1368 838 1357 841 1356 844 1357 877 1368 879 1368 880 1368 918 1361 976 1368 977 1368 979 1368 980 1368 980 1367 991 1354 993 1350 991 1312 944 1303 942 1303 890 1312 886 1312 884 1312 872 1301 870 1301 869 1301 868 1301 866 1301 865 1301 849 1312 848 1313 820 1313 818 1312 800 1295 799 1295 797 1295 796 1295 794 1295 780 1301 773 1294 772 1294 770 1294 769 1294 768 1294 745 1301 735 1292 734 1292 732 1292 731 1292 730 1292 728 1292 706 1308 687 1291 686 1291 685 1291 434 1289 433 1289 431 1289 416 1296 384 1291 382 1291 381 1291 329 1312 312 1301 310 1301 309 1301 308 1301 306 1301 305 1301 305 1302 294 1312 294 1313 278 1313 278 1312 257 1295 256 1295 254 1295 253 1295 251 1295 250 1295 230 1312 174 1305 173 1305 171 1305 170 1305 161 1312 161 1313 97 1313 97 1351"/></Shape>
	    <String CONTENT="ايشان بهشر باشند همچنانكه از حيوان داقع می ستواند شد چون"
                    HPOS="95"
                    VPOS="1289"
                    WIDTH="898"
                    HEIGHT="81"
                    WC="0.9216789496796471"></String>
          </TextLine>

          
          
          <TextLine ID="eSc_line_f20bdbb7"
                    TAGREFS="LT4837"
                    BASELINE="99 1429 514 1417 986 1427" 
                    HPOS="98"
                    VPOS="1368"
                    WIDTH="888"
                    HEIGHT="78">
            <Shape><Polygon POINTS="99 1429 99 1446 222 1444 223 1444 260 1427 289 1434 291 1434 292 1434 294 1434 295 1434 302 1429 320 1444 322 1444 323 1444 324 1444 378 1431 406 1439 407 1439 409 1439 410 1439 412 1439 429 1427 668 1427 678 1434 679 1434 680 1434 682 1434 683 1434 704 1427 720 1441 721 1441 723 1441 724 1441 800 1429 837 1443 838 1443 839 1443 883 1436 901 1444 903 1444 904 1446 984 1446 986 1427 984 1394 908 1394 861 1378 859 1378 858 1378 856 1378 801 1392 785 1378 785 1377 783 1377 782 1377 780 1377 738 1382 727 1375 725 1375 724 1375 723 1375 721 1375 704 1385 685 1372 683 1372 682 1372 680 1372 679 1372 661 1377 626 1368 624 1368 623 1368 621 1368 578 1392 537 1370 536 1370 460 1368 458 1368 457 1368 424 1377 365 1368 364 1368 362 1368 334 1384 296 1368 295 1368 244 1368 243 1368 241 1368 240 1368 215 1389 201 1382 199 1382 198 1382 196 1382 177 1392 137 1386 136 1386 98 1394 99 1429"/></Shape>
	    <String CONTENT="در ميوه داری و جمادات در خواس کانی و آتش وبار"
                    HPOS="98"
                    VPOS="1368"
                    WIDTH="888"
                    HEIGHT="78"
                    WC="0.9336746335029602"></String>
          </TextLine>

          
          
          <TextLine ID="eSc_line_f1f0af8c"
                    TAGREFS="LT4837"
                    BASELINE="95 1498 505 1491 989 1496" 
                    HPOS="94"
                    VPOS="1439"
                    WIDTH="895"
                    HEIGHT="75">
            <Shape><Polygon POINTS="95 1498 95 1514 156 1513 157 1513 158 1513 158 1512 170 1503 185 1513 187 1513 188 1513 189 1513 191 1513 209 1506 223 1513 225 1513 226 1513 227 1513 229 1513 246 1500 261 1513 263 1513 264 1513 265 1513 267 1513 295 1502 346 1513 347 1513 348 1513 391 1499 427 1506 429 1506 430 1506 445 1499 509 1499 516 1505 516 1506 517 1506 519 1506 520 1506 634 1499 644 1507 645 1507 647 1507 648 1507 649 1507 666 1500 685 1512 686 1512 687 1512 689 1512 690 1512 711 1506 724 1512 727 1513 728 1513 730 1513 776 1512 837 1509 838 1509 858 1499 880 1512 882 1512 883 1512 884 1512 886 1512 887 1512 897 1503 914 1510 915 1510 917 1510 918 1510 945 1502 960 1512 963 1513 965 1513 966 1513 967 1513 987 1510 989 1496 987 1458 893 1458 872 1439 870 1439 869 1439 868 1439 815 1447 773 1439 772 1439 770 1439 731 1458 702 1458 678 1443 676 1443 675 1443 673 1443 672 1443 638 1451 607 1441 606 1441 604 1441 548 1454 531 1440 531 1439 530 1439 528 1439 447 1439 445 1439 444 1439 410 1457 381 1439 379 1439 378 1439 377 1439 375 1439 336 1451 310 1439 309 1439 308 1439 306 1439 305 1439 287 1453 258 1439 257 1439 256 1439 254 1439 211 1457 149 1443 147 1443 146 1443 144 1443 126 1458 94 1458 95 1498"/></Shape>
	    <String CONTENT="و آب و خاک فردی از افريد کارای موجودات که او علیده"
                    HPOS="94"
                    VPOS="1439"
                    WIDTH="895"
                    HEIGHT="75"
                    WC="0.88647320691277"></String>
          </TextLine>

          
          
          <TextLine ID="eSc_line_8af1157a"
                    TAGREFS="LT4837"
                    BASELINE="94 1572 631 1568 984 1575" 
                    HPOS="94"
                    VPOS="1512"
                    WIDTH="890"
                    HEIGHT="85">
            <Shape><Polygon POINTS="94 1572 94 1592 216 1582 343 1593 386 1596 388 1596 389 1596 391 1596 395 1593 413 1582 468 1589 469 1589 557 1582 571 1590 572 1590 574 1590 575 1590 630 1582 644 1593 647 1596 648 1596 649 1596 651 1597 762 1597 762 1596 763 1596 765 1596 765 1595 768 1593 772 1589 783 1593 787 1595 789 1595 790 1595 792 1595 794 1593 814 1583 828 1593 831 1596 832 1596 834 1596 835 1597 948 1597 948 1596 949 1596 955 1593 967 1588 980 1593 984 1575 983 1536 853 1536 821 1513 820 1513 818 1513 817 1513 815 1513 814 1513 787 1536 751 1536 716 1516 714 1516 713 1516 711 1516 710 1516 692 1533 649 1534 600 1513 599 1513 597 1513 596 1513 595 1513 578 1524 559 1516 558 1516 557 1516 555 1516 554 1516 531 1531 500 1512 499 1512 498 1512 423 1512 422 1512 420 1512 374 1534 365 1526 364 1526 362 1526 361 1526 337 1530 309 1512 308 1512 306 1512 305 1512 303 1512 282 1522 271 1512 270 1512 268 1512 267 1512 218 1520 171 1512 170 1512 168 1512 167 1512 149 1529 126 1516 125 1516 123 1516 122 1516 120 1516 94 1531 94 1572"/></Shape>
	    <String CONTENT="در تجاب و غرايب جسمی و فعلی به سر خود خاصيتی نباشد که ديگر باو"
                    HPOS="94"
                    VPOS="1512"
                    WIDTH="890"
                    HEIGHT="85"
                    WC="0.8923291785101737"></String>
          </TextLine>

          
        </TextBlock>
        
        <TextBlock HPOS="61"
                   VPOS="28"
                   WIDTH="106"
                   HEIGHT="15"
                   ID="eSc_textblock_da718839"
                   TAGREFS="BT16085">
          <Shape><Polygon POINTS="68 28 95 39 167 43 61 43 68 28"/></Shape>
          
        </TextBlock>
        
        <TextBlock HPOS="900"
                   VPOS="0"
                   WIDTH="284"
                   HEIGHT="60"
                   ID="eSc_textblock_0209d3ed"
                   TAGREFS="BT16085">
          <Shape><Polygon POINTS="900 0 1184 0 1184 60 1146 32 1029 37 900 0"/></Shape>
          
        </TextBlock>
        
        <TextBlock HPOS="202"
                   VPOS="73"
                   WIDTH="393"
                   HEIGHT="55"
                   ID="eSc_textblock_6ed9d107"
                   TAGREFS="BT16093">
          <Shape><Polygon POINTS="271 73 595 84 595 94 550 128 236 128 202 111 219 84 271 73"/></Shape>
          
        </TextBlock>
        
        <TextBlock HPOS="450"
                   VPOS="50"
                   WIDTH="38"
                   HEIGHT="27"
                   ID="eSc_textblock_f280f925"
                   TAGREFS="BT16093">
          <Shape><Polygon POINTS="458 50 482 56 488 71 450 77 458 50"/></Shape>
          
        </TextBlock>
        
        <TextBlock HPOS="500"
                   VPOS="61"
                   WIDTH="95"
                   HEIGHT="10"
                   ID="eSc_textblock_284e9510"
                   TAGREFS="BT16093">
          <Shape><Polygon POINTS="520 61 595 67 595 71 500 71 520 61"/></Shape>
          
        </TextBlock>
        

        
        <TextBlock ID="eSc_dummyblock_">
          
          
          <TextLine ID="eSc_line_ddb32621"
                    TAGREFS="LT4837"
                    BASELINE="485 75 562 75" 
                    HPOS="485"
                    VPOS="30"
                    WIDTH="77"
                    HEIGHT="76">
            <Shape><Polygon POINTS="485 75 485 99 561 106 562 75 561 30 485 30 485 75"/></Shape>
	    <String CONTENT=""
                    HPOS="485"
                    VPOS="30"
                    WIDTH="77"
                    HEIGHT="76"></String>
          </TextLine>

          
        </TextBlock>
        
      </PrintSpace>
    </Page>
  </Layout>
</alto>
