<?xml version="1.0" encoding="UTF-8"?>
<alto xmlns:xsi="http://www.w3.org/2001/XMLSchema-instance"
      xmlns="http://www.loc.gov/standards/alto/ns-v4#"
      xsi:schemaLocation="http://www.loc.gov/standards/alto/ns-v4# http://www.loc.gov/standards/alto/v4/alto-4-2.xsd">
  <Description>
    <MeasurementUnit>pixel</MeasurementUnit>
    <sourceImageInformation>
      <fileName>Rasail155.jpg</fileName>
      
    </sourceImageInformation>
  </Description>
  
  <Tags>
    <OtherTag ID="BT16094" LABEL="default" DESCRIPTION="block type default"/><OtherTag ID="BT16093" LABEL="NumberingZone:page" DESCRIPTION="block type NumberingZone:page"/><OtherTag ID="BT16092" LABEL="MarginTextZone:note" DESCRIPTION="block type MarginTextZone:note"/><OtherTag ID="BT16091" LABEL="TitlePageZone" DESCRIPTION="block type TitlePageZone"/><OtherTag ID="BT16090" LABEL="QuireMarksZone:catchwords" DESCRIPTION="block type QuireMarksZone:catchwords"/><OtherTag ID="BT16089" LABEL="NumberingZone:other" DESCRIPTION="block type NumberingZone:other"/><OtherTag ID="BT16088" LABEL="NumberingZone" DESCRIPTION="block type NumberingZone"/><OtherTag ID="BT16087" LABEL="MarginTextZone" DESCRIPTION="block type MarginTextZone"/><OtherTag ID="BT16086" LABEL="MainZone" DESCRIPTION="block type MainZone"/><OtherTag ID="BT16085" LABEL="DigitizationArtefactZone" DESCRIPTION="block type DigitizationArtefactZone"/><OtherTag ID="BT2" LABEL="Main" DESCRIPTION="block type Main"/><OtherTag ID="BT1" LABEL="Title" DESCRIPTION="block type Title"/>
    <OtherTag ID="LT4837" LABEL="DefaultLine" DESCRIPTION="line type DefaultLine"/><OtherTag ID="LT4838" LABEL="default" DESCRIPTION="line type default"/><OtherTag ID="LT4839" LABEL="HeadingLine:title" DESCRIPTION="line type HeadingLine:title"/>
  </Tags>
  
  <Layout>
    <Page WIDTH="1275"
          HEIGHT="1670"
          PHYSICAL_IMG_NR="18"
          ID="eSc_dummypage_">
      <PrintSpace HPOS="0"
                  VPOS="0"
                  WIDTH="1275"
                  HEIGHT="1670">
        
        <TextBlock HPOS="61"
                   VPOS="194"
                   WIDTH="1045"
                   HEIGHT="1396"
                   ID="eSc_textblock_09957948"
                   TAGREFS="BT16086">
          <Shape><Polygon POINTS="139 194 1073 205 1095 467 1078 505 1106 695 1084 857 1095 1006 1078 1013 1078 1150 1039 1297 1011 1579 356 1590 77 1573 61 1290 77 372 89 222 139 194"/></Shape>
          
          
          <TextLine ID="eSc_line_16b57004"
                    TAGREFS="LT4837"
                    BASELINE="592 260 1027 254" 
                    HPOS="591"
                    VPOS="203"
                    WIDTH="436"
                    HEIGHT="85">
            <Shape><Polygon POINTS="1011 204 986 217 974 204 967 204 953 203 939 203 938 203 913 221 876 221 864 208 864 207 862 207 861 207 860 207 858 207 842 215 819 205 818 205 817 205 815 205 814 205 787 214 776 207 773 204 772 204 771 204 769 204 768 204 766 204 764 207 746 222 675 222 663 210 658 205 658 204 656 204 655 204 654 204 591 211 592 260 592 285 661 288 662 288 663 288 686 282 716 274 725 281 730 285 730 286 732 286 733 286 734 286 766 279 789 286 790 286 792 286 793 286 812 276 822 272 835 276 846 279 847 279 849 279 850 279 851 279 856 275 861 272 875 275 914 281 915 281 963 276 978 283 979 283 981 283 982 283 1027 268 1027 254 1021 204 1011 204"/></Shape>
	    <String CONTENT="آن که در ملک و جود خويش سيای نگر"
                    HPOS="591"
                    VPOS="203"
                    WIDTH="436"
                    HEIGHT="85"
                    WC="0.879333617109241"></String>
          </TextLine>

          
          
          <TextLine ID="eSc_line_1939aaa9"
                    TAGREFS="LT4837"
                    BASELINE="100 249 542 257" 
                    HPOS="98"
                    VPOS="205"
                    WIDTH="444"
                    HEIGHT="83">
            <Shape><Polygon POINTS="100 249 98 275 119 279 121 279 122 279 123 279 123 278 126 276 139 264 197 276 199 276 247 265 290 265 299 274 299 275 300 275 302 275 303 275 347 268 388 283 393 285 395 285 396 286 453 286 453 285 455 285 456 285 469 276 484 285 484 286 485 286 487 286 488 288 541 288 542 257 540 212 508 229 398 229 385 215 379 211 379 210 378 210 377 210 375 210 320 217 293 208 292 208 290 208 289 208 288 208 288 210 278 218 271 226 249 226 224 225 217 219 201 208 200 208 199 208 197 208 196 208 175 214 144 205 143 205 141 205 140 205 100 221 100 249"/></Shape>
	    <String CONTENT="کی به بحر معرفت گيرد دشناو يا امام"
                    HPOS="98"
                    VPOS="205"
                    WIDTH="444"
                    HEIGHT="83"
                    WC="0.8810589173260857"></String>
          </TextLine>

          
          
          <TextLine ID="eSc_line_3b49af3c"
                    TAGREFS="LT4837"
                    BASELINE="98 328 398 328 551 335" 
                    HPOS="97"
                    VPOS="283"
                    WIDTH="454"
                    HEIGHT="77">
            <Shape><Polygon POINTS="98 328 97 347 112 353 114 353 115 353 116 353 118 353 118 352 122 349 135 338 151 338 194 350 212 356 214 356 215 356 217 356 218 356 218 354 222 352 236 338 268 338 289 352 290 352 292 352 293 352 295 352 320 339 349 339 360 349 360 350 361 350 363 350 364 350 366 350 395 339 420 356 423 359 424 359 425 359 427 360 549 360 551 335 551 296 519 286 517 286 516 286 515 286 513 286 503 295 494 286 492 286 491 286 489 286 488 286 467 297 455 304 405 304 384 303 379 299 364 285 363 285 361 285 315 285 314 285 313 285 292 296 218 299 186 300 185 299 173 289 173 288 172 288 171 288 136 283 135 283 133 283 98 299 98 328"/></Shape>
	    <String CONTENT="از برای حيفه می گردد به بر در ما امامم"
                    HPOS="97"
                    VPOS="283"
                    WIDTH="454"
                    HEIGHT="77"
                    WC="0.8885733618548042"></String>
          </TextLine>

          
          
          <TextLine ID="eSc_line_b5869a4b"
                    TAGREFS="LT4837"
                    BASELINE="594 332 1027 336" 
                    HPOS="592"
                    VPOS="276"
                    WIDTH="435"
                    HEIGHT="90">
            <Shape><Polygon POINTS="592 342 618 343 636 361 636 363 637 363 638 363 640 364 711 364 711 363 712 363 744 346 779 346 798 357 800 357 801 357 803 357 804 357 829 346 836 353 836 354 837 354 839 354 840 354 842 354 857 350 871 363 871 364 872 364 874 364 875 364 924 359 949 366 950 366 952 366 953 366 954 366 975 347 1013 354 1014 354 1016 354 1017 354 1025 347 1027 336 1024 293 921 300 901 288 892 281 890 281 889 281 888 281 886 281 885 281 876 286 860 299 822 289 821 289 819 289 818 289 789 296 766 282 762 279 761 279 759 279 758 279 718 281 630 285 595 276 594 332 592 342"/></Shape>
	    <String CONTENT="پيش مردم کرده خود را آن يلی شيخ کيا"
                    HPOS="592"
                    VPOS="276"
                    WIDTH="435"
                    HEIGHT="90"
                    WC="0.8719223803944058"></String>
          </TextLine>

          
          
          <TextLine ID="eSc_line_b8b726d0"
                    TAGREFS="LT4837"
                    BASELINE="93 404 1031 410" 
                    HPOS="91"
                    VPOS="354"
                    WIDTH="940"
                    HEIGHT="85">
            <Shape><Polygon POINTS="93 404 91 434 112 435 114 435 115 435 116 435 116 434 128 425 147 434 151 435 153 435 154 436 204 436 204 435 206 435 207 435 210 432 225 423 304 420 325 431 325 432 327 432 328 432 329 432 331 432 335 431 370 421 381 431 386 435 386 436 388 436 389 436 391 438 434 438 434 436 435 436 457 430 481 423 488 430 492 432 492 434 494 434 495 434 496 434 515 432 516 432 530 430 562 421 592 421 599 428 611 438 612 438 613 438 615 439 633 439 633 438 634 438 636 438 636 436 647 428 652 423 675 427 689 430 690 430 691 430 700 427 714 423 723 427 748 438 750 438 797 439 798 439 800 439 801 439 824 425 826 424 830 425 857 435 858 435 928 436 929 436 931 436 954 428 996 438 998 438 999 438 1030 423 1031 410 1031 360 1007 357 1006 357 1004 357 1003 357 1000 360 985 371 963 360 956 357 954 357 907 357 906 357 904 357 903 357 896 361 888 367 879 361 869 357 868 357 723 356 722 356 721 356 704 364 683 377 563 378 538 370 537 370 535 370 534 370 533 370 524 377 515 368 512 366 510 366 509 366 449 354 448 354 446 354 445 354 425 370 424 371 418 370 410 367 409 367 407 367 406 367 405 367 402 370 392 378 359 378 346 371 327 359 325 359 324 359 322 359 321 359 320 359 306 370 258 360 257 360 256 360 254 360 235 372 228 377 169 377 165 374 136 361 135 361 133 361 132 361 93 374 93 404"/></Shape>
	    <String CONTENT="ديگری بگرفته بانش قين گر در پيرا او ز خود کم بی خبر از ياواز سر يا امام"
                    HPOS="91"
                    VPOS="354"
                    WIDTH="940"
                    HEIGHT="85"
                    WC="0.8593918685342224"></String>
          </TextLine>

          
          
          <TextLine ID="eSc_line_c5e400e6"
                    TAGREFS="LT4837"
                    BASELINE="97 477 1027 492" 
                    HPOS="96"
                    VPOS="425"
                    WIDTH="931"
                    HEIGHT="98">
            <Shape><Polygon POINTS="97 477 96 496 112 509 114 509 115 509 182 512 267 513 268 513 270 513 320 498 335 509 336 509 338 509 339 509 416 502 452 516 453 516 455 516 540 502 542 502 598 502 599 503 616 517 616 519 618 519 619 519 620 519 705 505 711 505 764 505 765 506 769 512 771 512 771 513 772 513 773 513 775 513 821 507 830 506 833 507 868 523 869 523 871 523 872 523 908 512 963 521 964 521 1025 510 1027 492 1027 436 945 436 943 436 942 436 900 455 840 436 828 434 826 434 825 434 824 434 822 434 817 436 792 452 764 442 762 442 761 442 759 442 758 442 743 452 709 445 708 445 707 445 705 445 695 452 640 438 604 430 602 430 601 430 583 438 565 448 544 439 541 438 540 438 538 438 537 438 534 439 510 448 456 441 455 441 453 441 435 448 405 439 352 425 350 425 349 425 347 425 304 441 290 445 276 441 242 428 240 428 239 428 238 428 236 428 221 441 217 443 197 441 137 432 136 432 97 441 97 477"/></Shape>
	    <String CONTENT="هر كسى گر هبرى مى کرد سوى ابه چيات نااميد از راه نمى کشتى سكند يا امام"
                    HPOS="96"
                    VPOS="425"
                    WIDTH="931"
                    HEIGHT="98"
                    WC="0.8369960682732719"></String>
          </TextLine>

          
          
          <TextLine ID="eSc_line_baba3e1b"
                    TAGREFS="LT4837"
                    BASELINE="590 559 1031 552" 
                    HPOS="588"
                    VPOS="510"
                    WIDTH="443"
                    HEIGHT="80">
            <Shape><Polygon POINTS="590 559 590 574 641 587 643 587 644 587 689 576 705 588 707 588 708 588 709 590 734 590 734 588 736 588 737 588 737 587 748 576 780 573 814 587 815 587 817 587 818 587 833 580 940 585 942 585 1031 567 1031 552 1025 510 986 526 972 513 970 510 968 510 967 510 965 510 931 512 929 512 928 512 928 513 924 516 913 526 881 517 864 514 862 514 861 514 851 520 833 528 810 521 778 513 776 513 775 513 773 513 772 513 753 524 743 531 676 531 668 530 620 516 619 516 618 516 616 516 615 516 588 530 590 559"/></Shape>
	    <String CONTENT="شهسوار كن فكان قاضى روز چنزا"
                    HPOS="588"
                    VPOS="510"
                    WIDTH="443"
                    HEIGHT="80"
                    WC="0.9195348545908928"></String>
          </TextLine>

          
          
          <TextLine ID="eSc_line_ad9eb951"
                    TAGREFS="LT4837"
                    BASELINE="103 555 577 559" 
                    HPOS="101"
                    VPOS="509"
                    WIDTH="476"
                    HEIGHT="89">
            <Shape><Polygon POINTS="103 555 101 571 172 594 173 594 175 595 249 595 249 594 250 594 304 576 327 595 328 595 329 595 331 595 416 588 446 597 448 597 449 598 477 598 477 597 478 597 523 577 576 577 577 559 576 531 441 531 435 526 431 521 430 521 428 521 427 521 410 524 393 528 375 523 349 516 347 516 346 516 345 516 329 521 321 526 314 521 300 512 299 512 297 512 260 509 193 509 192 509 190 509 189 509 189 510 182 517 178 520 172 516 162 509 161 509 160 509 158 509 103 513 103 555"/></Shape>
	    <String CONTENT="خازن خدر برين ساقو گوشر يا امادم"
                    HPOS="101"
                    VPOS="509"
                    WIDTH="476"
                    HEIGHT="89"
                    WC="0.8825086308643222"></String>
          </TextLine>

          
          
          <TextLine ID="eSc_line_4db044fe"
                    TAGREFS="LT4837"
                    BASELINE="585 634 1041 634" 
                    HPOS="585"
                    VPOS="581"
                    WIDTH="456"
                    HEIGHT="78">
            <Shape><Polygon POINTS="585 634 585 659 611 659 611 658 612 658 613 658 613 656 626 647 737 647 748 656 748 658 750 658 751 658 753 658 758 658 819 647 871 656 879 658 881 659 921 659 921 658 922 658 924 658 925 656 938 647 950 656 952 658 953 658 954 658 956 658 1041 655 1041 634 1039 599 1011 601 1009 599 992 584 992 583 991 583 989 583 988 583 986 583 960 597 889 599 854 601 851 599 833 587 832 587 830 587 829 587 828 587 800 599 772 583 771 583 769 583 768 583 766 583 765 583 750 592 725 581 723 581 643 581 641 581 640 581 638 581 612 601 612 602 585 602 585 634"/></Shape>
	    <String CONTENT="ب هر طاعات بر درت هر شب ملائک تا سحر"
                    HPOS="585"
                    VPOS="581"
                    WIDTH="456"
                    HEIGHT="78"
                    WC="0.9084745806616705"></String>
          </TextLine>

          
          
          <TextLine ID="eSc_line_7c2bcee2"
                    TAGREFS="LT4837"
                    BASELINE="97 705 552 708" 
                    HPOS="96"
                    VPOS="656"
                    WIDTH="456"
                    HEIGHT="85">
            <Shape><Polygon POINTS="97 705 96 718 122 719 146 740 147 740 148 740 150 741 334 741 334 740 377 730 427 736 428 736 489 722 551 722 552 708 551 677 509 677 506 674 495 666 494 666 492 666 491 666 456 673 444 676 435 673 400 658 399 658 398 658 251 659 250 659 236 666 219 676 164 676 143 663 133 656 132 656 130 656 129 656 97 661 97 705"/></Shape>
	    <String CONTENT="سفنه صاف و طوطی ملبعم سخنوريا اما"
                    HPOS="96"
                    VPOS="656"
                    WIDTH="456"
                    HEIGHT="85"
                    WC="0.9296424641753688"></String>
          </TextLine>

          
          
          <TextLine ID="eSc_line_56107228"
                    TAGREFS="LT4837"
                    BASELINE="601 713 1046 719" 
                    HPOS="599"
                    VPOS="658"
                    WIDTH="447"
                    HEIGHT="94">
            <Shape><Polygon POINTS="601 713 599 727 643 729 672 743 673 743 675 743 730 737 744 748 744 750 746 750 747 750 748 751 807 751 807 750 808 750 810 750 810 748 817 743 839 748 840 748 842 748 843 748 844 748 844 747 860 733 879 733 933 752 935 752 936 752 1045 733 1046 719 1043 674 946 679 939 674 935 670 933 670 932 670 931 670 929 670 928 670 924 674 921 676 918 674 904 662 904 661 903 661 901 661 875 661 874 661 872 661 846 672 828 662 826 662 825 662 824 662 790 670 762 662 761 662 759 662 758 662 757 662 741 673 716 661 715 661 714 661 712 661 711 661 711 662 708 665 701 659 701 658 700 658 698 658 654 658 652 658 651 658 650 658 629 674 626 674 601 674 601 713"/></Shape>
	    <String CONTENT="مان هم از لطف عميم وضل احسا تو"
                    HPOS="599"
                    VPOS="658"
                    WIDTH="447"
                    HEIGHT="94"
                    WC="0.8884587466716767"></String>
          </TextLine>

          
          
          <TextLine ID="eSc_line_97e0fa87"
                    TAGREFS="LT4837"
                    BASELINE="104 776 548 787" 
                    HPOS="103"
                    VPOS="725"
                    WIDTH="445"
                    HEIGHT="89">
            <Shape><Polygon POINTS="104 776 103 789 157 805 158 805 160 805 286 797 318 796 322 798 334 808 334 809 335 809 336 809 338 809 339 809 367 801 379 797 399 802 435 812 437 812 438 812 470 805 471 805 474 805 501 814 502 814 503 814 505 814 506 814 513 807 520 801 544 808 548 787 548 757 449 755 442 748 424 733 424 732 423 732 421 732 420 732 331 738 324 730 322 730 322 729 321 729 320 729 289 729 288 729 286 729 285 729 274 737 271 738 270 737 260 730 258 730 257 730 256 730 254 730 253 730 247 736 238 744 219 733 215 732 214 732 212 732 211 732 210 732 210 733 194 748 176 748 140 727 133 725 132 725 130 725 104 725 104 776"/></Shape>
	    <String CONTENT="سر زده پير خاک در خفررشيد انور يا ام"
                    HPOS="103"
                    VPOS="725"
                    WIDTH="445"
                    HEIGHT="89"
                    WC="0.8691710432370504"></String>
          </TextLine>

          
          
          <TextLine ID="eSc_line_9c25b7fb"
                    TAGREFS="LT4837"
                    BASELINE="604 793 1048 801" 
                    HPOS="602"
                    VPOS="745"
                    WIDTH="446"
                    HEIGHT="84">
            <Shape><Polygon POINTS="604 793 602 809 616 818 618 818 619 818 620 818 622 818 638 809 694 809 707 822 707 823 708 823 709 823 711 823 712 823 739 814 748 823 748 825 750 825 751 825 753 826 815 826 815 825 817 825 818 825 818 823 826 816 860 826 861 826 862 826 864 826 889 814 900 826 900 828 901 828 903 828 904 829 943 829 943 828 945 828 946 828 946 826 954 818 967 823 968 823 970 823 1046 815 1048 801 1046 758 984 764 907 764 901 755 896 751 896 750 895 750 893 750 892 750 890 750 889 750 882 755 876 759 860 755 839 750 837 750 836 750 835 750 833 750 828 755 822 758 818 754 811 750 811 748 810 748 808 748 807 748 805 748 783 754 761 759 715 754 656 745 655 745 604 751 604 793"/></Shape>
	    <String CONTENT="ز آسمان چهارمين هر صجدم ردی زيا"
                    HPOS="602"
                    VPOS="745"
                    WIDTH="446"
                    HEIGHT="84"
                    WC="0.9071790538728237"></String>
          </TextLine>

          
          
          <TextLine ID="eSc_line_340f8204"
                    TAGREFS="LT4837"
                    BASELINE="196 858 551 865" 
                    HPOS="194"
                    VPOS="808"
                    WIDTH="357"
                    HEIGHT="79">
            <Shape><Polygon POINTS="196 858 194 879 196 880 197 880 197 882 199 882 200 882 201 883 254 883 254 882 256 882 257 882 265 875 278 883 279 883 281 883 282 883 378 876 434 886 435 886 437 886 457 878 481 887 482 887 484 887 549 878 551 865 551 832 499 823 498 823 477 826 459 829 453 825 441 814 439 814 438 814 437 814 391 821 342 828 299 815 288 811 286 811 285 811 272 812 243 818 196 808 196 858"/></Shape>
	    <String CONTENT="مدرح خوانند نعمه پيرد انند"
                    HPOS="194"
                    VPOS="808"
                    WIDTH="357"
                    HEIGHT="79"
                    WC="0.8675518666322415"></String>
          </TextLine>

          
          
          <TextLine ID="eSc_line_a13eb7a7"
                    TAGREFS="LT4837"
                    BASELINE="597 869 1052 872" 
                    HPOS="595"
                    VPOS="819"
                    WIDTH="457"
                    HEIGHT="77">
            <Shape><Polygon POINTS="597 869 595 880 652 894 654 894 655 894 673 886 698 893 700 893 701 893 702 893 704 893 718 883 739 894 740 894 741 894 787 883 798 893 798 894 800 894 801 894 824 896 825 896 826 896 853 885 924 886 942 896 943 896 945 896 946 896 978 887 1021 896 1023 896 1024 896 1050 885 1052 872 1048 828 1039 835 1009 829 989 825 988 825 986 825 979 829 968 835 953 829 945 826 943 826 942 826 940 826 939 826 936 829 929 836 879 836 871 830 858 821 857 821 856 821 854 821 853 821 851 821 837 830 835 832 832 830 811 819 810 819 694 819 693 819 597 832 597 869"/></Shape>
	    <String CONTENT="گل مخلوقات عالم جملگى کترد بيان"
                    HPOS="595"
                    VPOS="819"
                    WIDTH="457"
                    HEIGHT="77"
                    WC="0.9218602401594962"></String>
          </TextLine>

          
          
          <TextLine ID="eSc_line_d1f1bbeb"
                    TAGREFS="LT4837"
                    BASELINE="169 933 552 935" 
                    HPOS="168"
                    VPOS="879"
                    WIDTH="384"
                    HEIGHT="88">
            <Shape><Polygon POINTS="168 963 221 954 247 961 265 965 267 965 268 965 270 965 285 958 311 947 352 947 366 956 370 958 371 958 373 958 374 958 375 958 384 954 398 947 439 947 445 951 459 964 459 965 460 965 462 965 463 967 506 967 506 965 508 965 551 946 552 935 549 882 515 896 393 896 377 882 374 879 373 879 371 879 370 879 368 879 359 882 336 887 321 882 314 879 313 879 311 879 310 879 303 882 292 886 258 882 236 879 235 879 233 879 232 879 232 880 229 882 217 894 185 894 172 882 169 933 168 963"/></Shape>
	    <String CONTENT="گويم او صاف تو خوانم قد"
                    HPOS="168"
                    VPOS="879"
                    WIDTH="384"
                    HEIGHT="88"
                    WC="0.9463126296582429"></String>
          </TextLine>

          
          
          <TextLine ID="eSc_line_439c108c"
                    TAGREFS="LT4837"
                    BASELINE="590 944 1049 949" 
                    HPOS="590"
                    VPOS="892"
                    WIDTH="459"
                    HEIGHT="84">
            <Shape><Polygon POINTS="590 944 590 972 615 964 647 972 658 974 659 974 680 971 736 964 750 971 759 975 761 975 762 975 764 975 765 975 772 969 775 968 789 969 822 974 824 974 850 968 867 965 876 968 895 975 896 975 968 976 970 976 971 976 972 976 985 967 986 967 1018 975 1020 975 1021 975 1023 975 1048 965 1049 949 1049 903 1013 894 1011 894 1010 894 1009 894 989 904 977 911 952 904 943 903 942 903 940 903 903 905 847 910 843 905 839 903 839 901 837 901 836 901 835 901 804 907 801 907 800 907 792 899 792 897 790 897 789 897 787 897 786 897 772 904 743 892 741 892 711 892 709 892 708 892 707 892 694 901 643 892 641 892 640 892 638 892 612 908 611 910 590 910 590 944"/></Shape>
	    <String CONTENT="می کنم مداحی تو با چنين فيم و تميز"
                    HPOS="590"
                    VPOS="892"
                    WIDTH="459"
                    HEIGHT="84"
                    WC="0.8841729777700761"></String>
          </TextLine>

          
          
          <TextLine ID="eSc_line_293e63ff"
                    TAGREFS="LT4837"
                    BASELINE="107 1006 553 1002" 
                    HPOS="105"
                    VPOS="953"
                    WIDTH="448"
                    HEIGHT="78">
            <Shape><Polygon POINTS="107 1006 107 1022 114 1028 115 1028 116 1028 118 1028 119 1028 141 1018 146 1017 150 1018 173 1029 175 1029 176 1031 254 1031 254 1029 256 1029 289 1017 293 1015 328 1015 331 1015 353 1028 354 1028 356 1028 413 1015 517 1027 519 1027 520 1027 553 1013 553 1002 549 954 435 972 418 960 410 953 409 953 407 953 406 953 405 953 382 963 379 963 373 963 283 954 282 954 281 954 279 954 258 968 246 976 190 976 179 972 140 958 139 958 137 958 136 958 135 958 135 960 119 975 105 975 107 1006"/></Shape>
	    <String CONTENT="از گناه ب بيچاره به گزر يا امام"
                    HPOS="105"
                    VPOS="953"
                    WIDTH="448"
                    HEIGHT="78"
                    WC="0.9533556430570541"></String>
          </TextLine>

          
          
          <TextLine ID="eSc_line_1ad6cfc2"
                    TAGREFS="LT4837"
                    BASELINE="595 1007 751 1010" 
                    HPOS="594"
                    VPOS="958"
                    WIDTH="157"
                    HEIGHT="70">
            <Shape><Polygon POINTS="595 1007 594 1015 630 1027 631 1027 633 1027 634 1027 668 1017 680 1028 682 1028 683 1028 684 1028 750 1015 751 1010 751 982 693 981 682 974 658 958 656 958 655 958 654 958 595 963 595 1007"/></Shape>
	    <String CONTENT="مش روزشم"
                    HPOS="594"
                    VPOS="958"
                    WIDTH="157"
                    HEIGHT="70"
                    WC="0.8146670795977116"></String>
          </TextLine>

          
          
          <TextLine ID="eSc_line_67ed7338"
                    TAGREFS="LT4837"
                    BASELINE="1017 1032 1036 1029" 
                    HPOS="1011"
                    VPOS="997"
                    WIDTH="28"
                    HEIGHT="66">
            <Shape><Polygon POINTS="1017 1032 1023 1063 1039 1056 1036 1029 1028 997 1011 1002 1017 1032"/></Shape>
	    <String CONTENT=""
                    HPOS="1011"
                    VPOS="997"
                    WIDTH="28"
                    HEIGHT="66"></String>
          </TextLine>

          
          
          <TextLine ID="eSc_line_ddc50c3f"
                    TAGREFS="LT4837"
                    BASELINE="114 1078 544 1075" 
                    HPOS="112"
                    VPOS="1024"
                    WIDTH="432"
                    HEIGHT="83">
            <Shape><Polygon POINTS="114 1078 114 1092 155 1106 157 1106 158 1107 232 1107 232 1106 233 1106 235 1106 235 1104 247 1095 307 1104 309 1104 310 1104 311 1104 311 1103 322 1093 374 1092 388 1103 388 1104 389 1104 391 1104 392 1104 457 1093 492 1102 494 1102 495 1102 544 1089 544 1075 537 1024 520 1036 469 1029 467 1029 400 1036 360 1025 354 1024 353 1024 352 1024 350 1024 346 1025 324 1034 314 1025 313 1025 311 1025 260 1025 258 1025 257 1025 256 1025 240 1038 222 1025 221 1025 219 1025 218 1025 217 1025 215 1025 215 1027 203 1039 172 1039 112 1027 114 1078"/></Shape>
	    <String CONTENT="کمتر از خيل سگان خولش به شمر"
                    HPOS="112"
                    VPOS="1024"
                    WIDTH="432"
                    HEIGHT="83"
                    WC="0.9097268070493426"></String>
          </TextLine>

          
          
          <TextLine ID="eSc_line_70ff349c"
                    TAGREFS="LT4837"
                    BASELINE="592 1078 780 1081" 
                    HPOS="591"
                    VPOS="1028"
                    WIDTH="189"
                    HEIGHT="76">
            <Shape><Polygon POINTS="592 1078 591 1086 612 1102 613 1102 615 1102 616 1103 654 1103 654 1102 655 1102 684 1086 709 1103 711 1103 712 1103 714 1104 736 1104 736 1103 737 1103 739 1103 739 1102 754 1088 779 1088 780 1081 779 1034 727 1038 721 1029 719 1029 719 1028 718 1028 716 1028 691 1028 690 1028 689 1028 687 1028 663 1045 650 1053 592 1053 592 1078"/></Shape>
	    <String CONTENT="سفق دلخته"
                    HPOS="591"
                    VPOS="1028"
                    WIDTH="189"
                    HEIGHT="76"
                    WC="0.8875099221865336"></String>
          </TextLine>

          
          
          <TextLine ID="eSc_line_b7c0ab7a"
                    TAGREFS="LT4837"
                    BASELINE="999 1099 1034 1100" 
                    HPOS="998"
                    VPOS="1059"
                    WIDTH="36"
                    HEIGHT="64">
            <Shape><Polygon POINTS="999 1099 998 1123 1032 1123 1034 1100 1032 1059 999 1061 999 1099"/></Shape>
	    <String CONTENT=""
                    HPOS="998"
                    VPOS="1059"
                    WIDTH="36"
                    HEIGHT="64"></String>
          </TextLine>

          
          
          <TextLine ID="eSc_line_15112b20"
                    TAGREFS="LT4837"
                    BASELINE="98 1149 541 1143" 
                    HPOS="97"
                    VPOS="1092"
                    WIDTH="444"
                    HEIGHT="88">
            <Shape><Polygon POINTS="98 1149 98 1169 116 1178 118 1178 119 1180 182 1180 182 1178 183 1178 208 1167 210 1167 246 1177 247 1177 249 1177 310 1167 318 1166 320 1167 334 1175 335 1175 336 1175 338 1175 393 1167 402 1166 407 1167 437 1174 438 1174 439 1174 541 1166 541 1143 538 1107 495 1100 494 1100 492 1100 466 1107 450 1093 450 1092 449 1092 448 1092 423 1092 421 1092 420 1092 398 1104 382 1093 381 1093 379 1093 378 1093 313 1102 270 1095 268 1095 267 1095 265 1095 243 1109 226 1100 225 1100 224 1100 222 1100 221 1100 221 1102 212 1110 211 1111 175 1111 171 1110 150 1096 148 1096 147 1096 146 1096 144 1096 97 1109 98 1149"/></Shape>
	    <String CONTENT="صاحب الامر الزبان پاک داوريا امامم"
                    HPOS="97"
                    VPOS="1092"
                    WIDTH="444"
                    HEIGHT="88"
                    WC="0.8784764032153523"></String>
          </TextLine>

          
          
          <TextLine ID="eSc_line_a79b4e98"
                    TAGREFS="LT4837"
                    BASELINE="576 1146 828 1157" 
                    HPOS="574"
                    VPOS="1095"
                    WIDTH="254"
                    HEIGHT="80">
            <Shape><Polygon POINTS="576 1146 574 1156 592 1166 594 1166 595 1166 624 1160 701 1173 702 1173 704 1173 726 1164 730 1163 757 1164 757 1166 764 1174 765 1174 765 1175 766 1175 768 1175 769 1175 826 1170 828 1157 825 1109 797 1120 733 1118 725 1109 722 1107 722 1106 721 1106 719 1106 718 1106 694 1109 670 1111 665 1109 648 1098 647 1098 645 1098 599 1095 598 1095 597 1095 595 1095 577 1104 576 1146"/></Shape>
	    <String CONTENT="وأتم تدرج مولانا على"
                    HPOS="574"
                    VPOS="1095"
                    WIDTH="254"
                    HEIGHT="80"
                    WC="0.8910829055876959"></String>
          </TextLine>

          
          
          <TextLine ID="eSc_line_f41262d0"
                    TAGREFS="LT4837"
                    BASELINE="967 1166 1028 1164" 
                    HPOS="965"
                    VPOS="1117"
                    WIDTH="63"
                    HEIGHT="78">
            <Shape><Polygon POINTS="967 1166 967 1185 988 1195 989 1195 991 1195 1028 1189 1028 1164 1025 1125 996 1117 995 1117 993 1117 992 1117 965 1127 967 1166"/></Shape>
	    <String CONTENT="شك"
                    HPOS="965"
                    VPOS="1117"
                    WIDTH="63"
                    HEIGHT="78"
                    WC="0.9560444951057434"></String>
          </TextLine>

          
          
          <TextLine ID="eSc_line_22e56896"
                    TAGREFS="LT4837"
                    BASELINE="378 1217 810 1231" 
                    HPOS="377"
                    VPOS="1173"
                    WIDTH="433"
                    HEIGHT="80">
            <Shape><Polygon POINTS="378 1217 377 1227 417 1228 417 1230 432 1242 434 1242 435 1242 464 1245 466 1245 467 1245 496 1235 508 1245 508 1246 509 1246 510 1246 512 1246 563 1235 565 1235 613 1235 615 1237 643 1251 644 1251 645 1251 684 1244 716 1252 718 1252 719 1252 721 1252 722 1252 732 1245 740 1252 741 1252 743 1252 744 1253 780 1253 780 1252 782 1252 808 1244 810 1231 810 1189 754 1180 753 1180 751 1180 729 1185 714 1189 680 1184 626 1175 624 1175 623 1175 601 1181 584 1185 553 1180 515 1173 513 1173 512 1173 510 1173 505 1178 498 1182 378 1174 378 1217"/></Shape>
	    <String CONTENT="پير کامل رهر فا ناص خصرمدد"
                    HPOS="377"
                    VPOS="1173"
                    WIDTH="433"
                    HEIGHT="80"
                    WC="0.857468211880097"></String>
          </TextLine>

          
          
          <TextLine ID="eSc_line_baa797d1"
                    TAGREFS="LT4837"
                    BASELINE="377 1285 808 1281" 
                    HPOS="377"
                    VPOS="1235"
                    WIDTH="431"
                    HEIGHT="77">
            <Shape><Polygon POINTS="804 1248 782 1249 776 1246 757 1237 755 1237 754 1237 753 1237 730 1246 723 1249 714 1245 690 1235 689 1235 687 1235 686 1235 665 1245 661 1246 656 1245 640 1237 638 1237 637 1237 636 1237 634 1237 634 1238 627 1244 620 1252 535 1252 521 1242 516 1238 515 1238 513 1238 512 1238 510 1238 498 1242 482 1246 477 1241 476 1241 476 1239 474 1239 473 1239 407 1238 406 1238 405 1238 400 1239 389 1246 378 1239 377 1285 378 1312 400 1299 413 1310 413 1312 414 1312 416 1312 417 1312 418 1312 421 1310 459 1299 492 1299 512 1309 515 1312 516 1312 517 1312 519 1312 520 1312 521 1312 524 1309 540 1298 594 1298 612 1308 616 1310 618 1310 619 1310 620 1310 622 1310 634 1308 656 1302 698 1306 732 1309 733 1309 734 1309 736 1309 736 1308 739 1305 748 1297 807 1303 808 1281 804 1248"/></Shape>
	    <String CONTENT="رستگير ما توتی در روز خش يا امامم"
                    HPOS="377"
                    VPOS="1235"
                    WIDTH="431"
                    HEIGHT="77"
                    WC="0.9087456103527185"></String>
          </TextLine>

          
          
          <TextLine ID="eSc_line_a4a63dce"
                    TAGREFS="LT4837"
                    BASELINE="388 1355 721 1356" 
                    HPOS="386"
                    VPOS="1292"
                    WIDTH="335"
                    HEIGHT="94">
            <Shape><Polygon POINTS="388 1355 386 1372 449 1384 450 1386 498 1386 498 1384 499 1384 501 1384 513 1376 579 1383 580 1383 581 1383 583 1383 594 1374 691 1384 693 1384 694 1384 719 1374 721 1356 721 1310 677 1295 676 1295 675 1295 606 1301 597 1292 595 1292 594 1292 538 1292 537 1292 535 1292 534 1292 516 1305 491 1297 489 1297 488 1297 487 1297 439 1309 435 1309 388 1309 388 1355"/></Shape>
	    <String CONTENT=""
                    HPOS="386"
                    VPOS="1292"
                    WIDTH="335"
                    HEIGHT="94"></String>
          </TextLine>

          
          
          <TextLine ID="eSc_line_661c5269"
                    TAGREFS="LT4837"
                    BASELINE="374 1430 535 1427" 
                    HPOS="373"
                    VPOS="1384"
                    WIDTH="162"
                    HEIGHT="64">
            <Shape><Polygon POINTS="374 1430 374 1448 535 1443 535 1427 530 1386 489 1397 460 1391 416 1384 414 1384 413 1384 412 1384 392 1398 389 1401 373 1401 374 1430"/></Shape>
	    <String CONTENT="رسيد به زيور"
                    HPOS="373"
                    VPOS="1384"
                    WIDTH="162"
                    HEIGHT="64"
                    WC="0.8915248562892278"></String>
          </TextLine>

          
          
          <TextLine ID="eSc_line_7d4e1af3"
                    TAGREFS="LT4837"
                    BASELINE="570 1426 843 1426 996 1434" 
                    HPOS="569"
                    VPOS="1372"
                    WIDTH="427"
                    HEIGHT="83">
            <Shape><Polygon POINTS="570 1426 569 1433 615 1450 616 1450 618 1450 619 1450 662 1438 673 1447 673 1448 675 1448 676 1448 677 1448 679 1448 695 1443 718 1451 719 1451 721 1451 722 1451 723 1451 734 1441 737 1438 782 1437 833 1444 835 1444 879 1438 901 1450 910 1454 911 1454 913 1455 995 1455 996 1434 995 1400 950 1400 950 1398 928 1387 927 1387 925 1387 924 1387 895 1398 893 1398 890 1398 840 1373 839 1373 804 1373 803 1373 801 1373 771 1387 737 1372 736 1372 734 1372 662 1380 645 1373 644 1373 643 1373 641 1373 640 1373 606 1394 605 1394 570 1394 570 1426"/></Shape>
	    <String CONTENT="فونه صد و شصت بگزرد ز ميلاد"
                    HPOS="569"
                    VPOS="1372"
                    WIDTH="427"
                    HEIGHT="83"
                    WC="0.903874460193846"></String>
          </TextLine>

          
          
          <TextLine ID="eSc_line_f0c60eb9"
                    TAGREFS="LT4837"
                    BASELINE="111 1450 242 1448" 
                    HPOS="109"
                    VPOS="1388"
                    WIDTH="133"
                    HEIGHT="81">
            <Shape><Polygon POINTS="111 1450 111 1461 162 1469 164 1469 242 1462 242 1448 238 1398 193 1401 178 1398 128 1388 126 1388 125 1388 109 1397 111 1450"/></Shape>
	    <String CONTENT="اب ن"
                    HPOS="109"
                    VPOS="1388"
                    WIDTH="133"
                    HEIGHT="81"
                    WC="0.8206034600734711"></String>
          </TextLine>

          
          
          <TextLine ID="eSc_line_56244d6e"
                    TAGREFS="LT4837"
                    BASELINE="114 1509 534 1498" 
                    HPOS="111"
                    VPOS="1447"
                    WIDTH="423"
                    HEIGHT="93">
            <Shape><Polygon POINTS="114 1509 114 1540 203 1540 203 1539 204 1539 215 1533 219 1532 229 1533 264 1537 265 1537 267 1537 268 1537 276 1530 290 1518 304 1528 306 1528 307 1528 309 1528 310 1528 336 1521 346 1526 360 1533 361 1533 363 1533 364 1533 366 1533 378 1525 396 1512 498 1511 506 1516 519 1528 520 1528 521 1528 523 1528 524 1528 526 1528 526 1526 527 1526 534 1516 534 1498 531 1464 489 1464 488 1462 450 1447 449 1447 448 1447 396 1448 395 1448 393 1448 379 1458 360 1451 359 1451 357 1451 356 1451 338 1459 321 1468 275 1462 274 1462 272 1462 271 1462 271 1464 270 1464 265 1470 219 1470 206 1459 206 1458 204 1458 203 1458 201 1458 171 1464 111 1457 114 1509"/></Shape>
	    <String CONTENT="به دست کاتهب و اعظ عقه غلام"
                    HPOS="111"
                    VPOS="1447"
                    WIDTH="423"
                    HEIGHT="93"
                    WC="0.8632364339298673"></String>
          </TextLine>

          
          
          <TextLine ID="eSc_line_5a55310b"
                    TAGREFS="LT4837"
                    BASELINE="576 1496 979 1500" 
                    HPOS="574"
                    VPOS="1450"
                    WIDTH="405"
                    HEIGHT="73">
            <Shape><Polygon POINTS="576 1496 574 1504 597 1521 598 1521 599 1521 601 1522 694 1522 694 1521 695 1521 723 1507 729 1504 815 1504 844 1511 888 1523 889 1523 890 1523 892 1523 893 1523 904 1514 914 1507 933 1507 945 1515 956 1523 957 1523 959 1523 960 1523 961 1523 978 1516 979 1500 978 1466 942 1466 942 1465 929 1454 929 1452 928 1452 927 1452 925 1452 869 1462 839 1450 837 1450 836 1450 750 1454 748 1454 747 1454 747 1455 739 1464 726 1457 725 1457 723 1457 668 1462 666 1462 638 1450 637 1450 636 1450 634 1450 633 1450 623 1458 609 1452 608 1452 606 1452 605 1452 576 1461 576 1496"/></Shape>
	    <String CONTENT="تمام مدير الامو ر خادم دين"
                    HPOS="574"
                    VPOS="1450"
                    WIDTH="405"
                    HEIGHT="73"
                    WC="0.8856176733970642"></String>
          </TextLine>

          
          
          <TextLine ID="eSc_line_040ef030"
                    TAGREFS="LT4837"
                    BASELINE="93 1573 418 1573 697 1560 991 1564" 
                    HPOS="93"
                    VPOS="1509"
                    WIDTH="898"
                    HEIGHT="91">
            <Shape><Polygon POINTS="119 1572 105 1572 94 1571 93 1573 93 1597 368 1600 370 1600 371 1600 373 1600 379 1594 384 1592 395 1594 405 1597 406 1597 407 1597 409 1597 421 1594 437 1590 446 1594 459 1599 460 1599 462 1599 463 1599 464 1599 471 1593 491 1579 517 1579 608 1579 633 1592 634 1592 636 1592 638 1592 721 1578 789 1589 790 1589 792 1589 793 1589 810 1576 847 1585 849 1585 892 1576 915 1589 922 1592 924 1592 925 1592 927 1592 933 1589 946 1582 960 1589 972 1593 974 1593 975 1593 977 1593 991 1587 991 1564 988 1533 933 1533 932 1533 882 1509 881 1509 800 1509 798 1509 797 1509 765 1518 712 1511 711 1511 709 1511 708 1511 690 1526 627 1512 626 1512 595 1518 594 1518 592 1518 570 1536 531 1512 530 1512 528 1512 527 1512 526 1512 524 1512 502 1529 396 1514 395 1514 393 1514 392 1514 357 1539 356 1540 182 1540 180 1540 168 1532 167 1532 165 1532 164 1532 162 1532 161 1532 151 1540 151 1541 125 1541 119 1572"/></Shape>
	    <String CONTENT="به روح علم و عمل نام دجان فنانى نيست به چسم زند  ين جهان بقا"
                    HPOS="93"
                    VPOS="1509"
                    WIDTH="898"
                    HEIGHT="91"
                    WC="0.8909696231285731"></String>
          </TextLine>

          
        </TextBlock>
        
        <TextBlock HPOS="484"
                   VPOS="105"
                   WIDTH="143"
                   HEIGHT="60"
                   ID="eSc_textblock_8362a9ea"
                   TAGREFS="BT16093">
          <Shape><Polygon POINTS="519 105 616 111 627 143 588 165 506 160 484 111 519 105"/></Shape>
          
          
          <TextLine ID="eSc_line_573ad0b6"
                    TAGREFS="LT4837"
                    BASELINE="520 130 605 128" 
                    HPOS="519"
                    VPOS="105"
                    WIDTH="86"
                    HEIGHT="62">
            <Shape><Polygon POINTS="588 108 574 108 560 107 547 107 542 105 519 105 520 130 520 162 560 167 562 167 563 167 583 158 591 165 592 165 594 165 595 165 597 165 598 165 605 158 605 128 601 108 588 108"/></Shape>
	    <String CONTENT="لاه"
                    HPOS="519"
                    VPOS="105"
                    WIDTH="86"
                    HEIGHT="62"
                    WC="0.938851555188497"></String>
          </TextLine>

          
        </TextBlock>
        
        <TextBlock HPOS="489"
                   VPOS="1603"
                   WIDTH="105"
                   HEIGHT="65"
                   ID="eSc_textblock_3d16c924"
                   TAGREFS="BT16090">
          <Shape><Polygon POINTS="508 1603 594 1614 594 1668 506 1646 489 1614 508 1603"/></Shape>
          
          
          <TextLine ID="eSc_line_30de222f"
                    TAGREFS="LT4837"
                    BASELINE="542 1646 587 1642" 
                    HPOS="540"
                    VPOS="1615"
                    WIDTH="47"
                    HEIGHT="43">
            <Shape><Polygon POINTS="542 1656 587 1658 587 1642 584 1615 540 1615 542 1646 542 1656"/></Shape>
	    <String CONTENT=""
                    HPOS="540"
                    VPOS="1615"
                    WIDTH="47"
                    HEIGHT="43"></String>
          </TextLine>

          
        </TextBlock>
        
        <TextBlock HPOS="573"
                   VPOS="1664"
                   WIDTH="15"
                   HEIGHT="4"
                   ID="eSc_textblock_8aa10b7d"
                   TAGREFS="BT16093">
          <Shape><Polygon POINTS="574 1664 588 1664 588 1668 573 1668 574 1664"/></Shape>
          
        </TextBlock>
        
        <TextBlock HPOS="439"
                   VPOS="1603"
                   WIDTH="21"
                   HEIGHT="4"
                   ID="eSc_textblock_55374657"
                   TAGREFS="BT16090">
          <Shape><Polygon POINTS="441 1603 460 1603 460 1607 439 1607 441 1603"/></Shape>
          
        </TextBlock>
        
        <TextBlock HPOS="57"
                   VPOS="16"
                   WIDTH="108"
                   HEIGHT="82"
                   ID="eSc_textblock_3e85da48"
                   TAGREFS="BT16085">
          <Shape><Polygon POINTS="57 16 115 16 165 43 122 43 83 98 57 16"/></Shape>
          
        </TextBlock>
        
        <TextBlock HPOS="595"
                   VPOS="128"
                   WIDTH="4"
                   HEIGHT="4"
                   ID="eSc_textblock_48aaa0e1"
                   TAGREFS="BT16089">
          <Shape><Polygon POINTS="595 128 599 128 599 132 595 132 595 128"/></Shape>
          
        </TextBlock>
        
        <TextBlock HPOS="576"
                   VPOS="16"
                   WIDTH="35"
                   HEIGHT="16"
                   ID="eSc_textblock_57eb0e84"
                   TAGREFS="BT16085">
          <Shape><Polygon POINTS="576 16 611 16 611 20 579 32 576 16"/></Shape>
          
        </TextBlock>
        
        <TextBlock HPOS="585"
                   VPOS="0"
                   WIDTH="31"
                   HEIGHT="9"
                   ID="eSc_textblock_15e516bb"
                   TAGREFS="BT16085">
          <Shape><Polygon POINTS="585 0 616 0 616 9 590 9 585 0"/></Shape>
          
        </TextBlock>
        

        
      </PrintSpace>
    </Page>
  </Layout>
</alto>
