<?xml version="1.0" encoding="UTF-8"?>
<alto xmlns:xsi="http://www.w3.org/2001/XMLSchema-instance"
      xmlns="http://www.loc.gov/standards/alto/ns-v4#"
      xsi:schemaLocation="http://www.loc.gov/standards/alto/ns-v4# http://www.loc.gov/standards/alto/v4/alto-4-2.xsd">
  <Description>
    <MeasurementUnit>pixel</MeasurementUnit>
    <sourceImageInformation>
      <fileName>Rasail058.jpg</fileName>
      
    </sourceImageInformation>
  </Description>
  
  <Tags>
    <OtherTag ID="BT16094" LABEL="default" DESCRIPTION="block type default"/><OtherTag ID="BT16093" LABEL="NumberingZone:page" DESCRIPTION="block type NumberingZone:page"/><OtherTag ID="BT16092" LABEL="MarginTextZone:note" DESCRIPTION="block type MarginTextZone:note"/><OtherTag ID="BT16091" LABEL="TitlePageZone" DESCRIPTION="block type TitlePageZone"/><OtherTag ID="BT16090" LABEL="QuireMarksZone:catchwords" DESCRIPTION="block type QuireMarksZone:catchwords"/><OtherTag ID="BT16089" LABEL="NumberingZone:other" DESCRIPTION="block type NumberingZone:other"/><OtherTag ID="BT16088" LABEL="NumberingZone" DESCRIPTION="block type NumberingZone"/><OtherTag ID="BT16087" LABEL="MarginTextZone" DESCRIPTION="block type MarginTextZone"/><OtherTag ID="BT16086" LABEL="MainZone" DESCRIPTION="block type MainZone"/><OtherTag ID="BT16085" LABEL="DigitizationArtefactZone" DESCRIPTION="block type DigitizationArtefactZone"/><OtherTag ID="BT2" LABEL="Main" DESCRIPTION="block type Main"/><OtherTag ID="BT1" LABEL="Title" DESCRIPTION="block type Title"/>
    <OtherTag ID="LT4837" LABEL="DefaultLine" DESCRIPTION="line type DefaultLine"/><OtherTag ID="LT4838" LABEL="default" DESCRIPTION="line type default"/><OtherTag ID="LT4839" LABEL="HeadingLine:title" DESCRIPTION="line type HeadingLine:title"/>
  </Tags>
  
  <Layout>
    <Page WIDTH="1140"
          HEIGHT="1655"
          PHYSICAL_IMG_NR="86"
          ID="eSc_dummypage_">
      <PrintSpace HPOS="0"
                  VPOS="0"
                  WIDTH="1140"
                  HEIGHT="1655">
        
        <TextBlock HPOS="121"
                   VPOS="137"
                   WIDTH="991"
                   HEIGHT="1483"
                   ID="eSc_textblock_bcb9f2cd"
                   TAGREFS="BT16086">
          <Shape><Polygon POINTS="589 137 1035 137 1101 193 1112 1521 1106 1581 1068 1615 143 1620 121 1592 121 457 143 176 160 143 589 137"/></Shape>
          
          
          <TextLine ID="eSc_line_2086251c"
                    TAGREFS="LT4837"
                    BASELINE="157 241 1044 234" 
                    HPOS="155"
                    VPOS="177"
                    WIDTH="889"
                    HEIGHT="94">
            <Shape><Polygon POINTS="157 241 157 259 200 259 238 271 240 271 241 271 317 266 318 266 320 266 331 259 336 256 369 256 375 259 390 270 391 270 393 270 394 270 396 270 414 263 429 270 430 270 431 270 433 270 454 259 460 256 469 259 500 270 502 270 503 270 505 270 506 270 523 259 531 255 619 255 632 260 652 268 654 268 655 268 713 267 714 267 716 267 724 260 732 253 764 260 793 266 794 266 796 266 810 260 826 253 841 260 855 267 857 267 858 267 894 266 895 266 897 266 897 264 901 260 903 259 905 260 910 266 912 266 913 266 915 266 1043 260 1044 234 1042 188 999 177 997 177 996 177 995 177 984 187 979 191 937 199 916 187 915 187 913 187 912 187 908 187 872 194 850 187 833 182 832 182 830 182 829 182 817 187 793 197 768 187 756 182 754 182 753 182 752 182 750 182 743 187 738 190 732 187 721 180 720 180 719 180 717 180 705 186 702 187 696 186 665 180 663 180 662 180 661 180 654 186 632 204 616 204 575 186 564 182 563 182 561 182 528 186 521 187 520 187 518 187 518 188 502 205 365 205 350 197 349 197 347 197 245 205 216 184 216 183 215 183 213 183 212 183 155 183 157 241"/></Shape>
	    <String CONTENT="گر شخصی ظاير قولی را به باطن و حقيقت آن رساند و اين مشا"
                    HPOS="155"
                    VPOS="177"
                    WIDTH="889"
                    HEIGHT="94"
                    WC="0.8474402911961079"></String>
          </TextLine>

          
          
          <TextLine ID="eSc_line_e9a1a084"
                    TAGREFS="LT4837"
                    BASELINE="147 322 1047 308" 
                    HPOS="146"
                    VPOS="266"
                    WIDTH="901"
                    HEIGHT="81">
            <Shape><Polygon POINTS="147 322 147 336 169 347 171 347 172 347 223 336 251 346 252 346 253 347 325 347 325 346 456 332 459 332 460 332 516 342 517 342 518 342 520 342 532 331 534 331 561 331 563 331 593 342 594 342 596 342 672 329 687 328 699 329 767 339 768 339 770 339 771 339 783 328 786 326 793 328 822 337 823 337 825 337 826 337 848 328 850 328 854 328 939 336 941 336 942 336 944 336 957 326 964 324 1046 325 1047 308 1046 274 1032 266 1030 266 1029 266 956 266 955 266 953 266 952 266 937 277 919 270 917 270 916 270 843 278 834 279 833 279 821 268 819 268 818 268 790 268 789 268 788 268 760 279 757 281 754 281 721 270 720 270 719 270 717 270 716 270 716 271 703 281 703 282 673 282 670 281 650 271 648 271 647 271 645 271 619 282 618 282 616 282 586 275 585 275 583 275 582 275 571 284 570 284 568 284 550 277 549 277 547 277 546 277 545 277 545 278 538 284 516 278 514 278 513 278 484 285 483 285 481 285 470 275 470 274 469 274 467 274 426 274 425 274 423 274 422 274 422 275 409 286 408 286 401 286 325 277 324 277 322 277 321 277 321 278 311 288 310 289 252 289 252 288 238 277 237 277 236 277 234 277 233 277 209 286 190 278 189 278 187 278 186 278 146 288 147 322"/></Shape>
	    <String CONTENT="را به مثول و باز گرداند و ظاهراست اول هر چيزی اصل"
                    HPOS="146"
                    VPOS="266"
                    WIDTH="901"
                    HEIGHT="81"
                    WC="0.931458229921302"></String>
          </TextLine>

          
          
          <TextLine ID="eSc_line_a8600a03"
                    TAGREFS="LT4837"
                    BASELINE="150 395 1055 388" 
                    HPOS="149"
                    VPOS="344"
                    WIDTH="906"
                    HEIGHT="78">
            <Shape><Polygon POINTS="150 395 151 416 179 406 211 413 212 413 213 413 227 406 237 416 241 419 241 420 242 420 244 420 245 422 311 422 311 420 313 420 314 420 320 415 332 405 354 415 364 419 365 419 367 419 401 416 403 416 404 416 405 415 416 405 449 413 469 419 470 419 472 419 528 417 529 417 531 417 536 413 552 404 578 404 590 412 592 415 593 415 594 415 596 415 597 415 607 412 627 406 641 412 655 417 656 417 658 419 692 419 692 417 694 417 695 417 703 412 716 404 728 412 735 416 736 416 738 416 739 417 763 417 763 416 764 416 765 416 771 410 779 404 793 410 806 416 807 416 808 416 810 416 811 416 818 410 830 402 869 408 870 408 872 408 873 408 873 406 875 406 879 401 966 401 975 409 978 410 978 412 979 412 981 412 1008 415 1010 415 1055 408 1055 388 1051 344 971 351 955 346 949 344 948 344 946 344 945 344 938 347 906 358 875 348 873 348 872 348 870 348 843 359 823 350 817 346 815 346 814 346 812 346 804 350 785 361 761 361 752 351 746 347 746 346 745 346 743 346 709 346 708 346 706 346 688 353 670 359 650 354 627 347 626 347 625 347 623 347 600 355 579 361 550 355 513 350 512 350 510 350 509 350 500 357 494 364 455 364 449 358 441 351 441 350 440 350 438 350 412 348 411 348 409 348 408 348 394 359 390 364 328 364 310 362 216 350 215 350 149 365 150 395"/></Shape>
	    <String CONTENT="آناد پس مشريعت و شريل و ظاهر فررغ باشند"
                    HPOS="149"
                    VPOS="344"
                    WIDTH="906"
                    HEIGHT="78"
                    WC="0.9193823784589767"></String>
          </TextLine>

          
          
          <TextLine ID="eSc_line_db5f5754"
                    TAGREFS="LT4837"
                    BASELINE="153 471 1053 463" 
                    HPOS="151"
                    VPOS="417"
                    WIDTH="902"
                    HEIGHT="80">
            <Shape><Polygon POINTS="153 471 153 492 224 497 226 497 227 497 229 497 237 492 248 485 278 485 288 490 298 497 299 497 300 497 302 497 303 497 327 490 346 484 412 484 429 489 449 496 451 496 452 496 454 496 455 496 465 489 472 482 521 482 528 488 536 495 538 495 539 495 541 496 574 496 574 495 575 495 590 486 603 481 637 486 681 493 683 495 724 495 724 493 725 493 727 493 735 486 743 493 745 493 746 493 748 493 829 492 830 492 832 492 832 490 840 484 844 479 854 484 875 492 876 492 877 492 942 482 963 479 979 482 1033 490 1035 490 1036 490 1037 490 1053 481 1053 463 1048 427 888 434 879 430 863 422 862 422 861 422 785 427 736 417 735 417 672 433 661 435 658 433 637 419 636 419 634 419 633 419 632 419 597 428 590 423 589 423 587 423 586 423 585 423 561 434 558 437 557 435 541 420 541 419 539 419 538 419 503 419 502 419 500 419 499 419 474 437 455 420 454 420 452 420 358 420 357 420 356 420 303 438 273 422 271 422 270 422 269 422 267 422 251 433 219 423 218 423 216 423 215 423 213 423 190 441 151 441 153 471"/></Shape>
	    <String CONTENT="و حفيقت و تاويل باطن اصل باغد چرا که شريعت و ظاهر"
                    HPOS="151"
                    VPOS="417"
                    WIDTH="902"
                    HEIGHT="80"
                    WC="0.8850347740309579"></String>
          </TextLine>

          
          
          <TextLine ID="eSc_line_2121fa88"
                    TAGREFS="LT4837"
                    BASELINE="165 546 1057 536" 
                    HPOS="164"
                    VPOS="496"
                    WIDTH="893"
                    HEIGHT="77">
            <Shape><Polygon POINTS="165 546 165 572 194 573 195 573 197 573 198 573 200 572 215 559 291 559 364 568 397 572 398 572 400 572 412 568 434 558 447 566 452 570 454 570 455 570 456 572 491 572 491 570 492 570 494 570 494 569 499 565 506 558 523 565 541 570 542 570 543 570 622 569 623 569 644 562 659 557 673 561 692 568 694 568 695 568 696 568 713 561 723 555 728 559 736 568 738 568 739 568 741 569 760 569 760 568 761 568 763 568 772 559 775 557 783 559 797 562 799 562 800 562 801 562 810 558 818 554 847 558 913 566 915 566 916 566 917 566 932 555 937 553 941 555 960 565 961 565 963 565 964 565 982 555 1025 565 1026 565 1028 565 1057 553 1057 536 1051 502 1028 511 990 503 989 503 920 513 906 502 902 497 901 497 899 497 898 497 897 497 895 497 891 502 876 514 847 514 830 502 822 496 821 496 819 496 818 496 817 496 804 502 799 504 772 502 723 497 721 497 720 497 710 502 688 515 632 515 607 503 600 499 598 499 597 499 596 499 586 503 574 507 561 503 554 500 553 500 552 500 550 500 545 503 518 518 467 518 447 503 444 500 443 500 441 500 440 500 438 500 431 503 404 517 386 503 385 503 383 503 347 502 346 502 345 502 343 502 343 503 342 503 325 519 291 519 222 503 216 503 215 503 164 503 165 546"/></Shape>
	    <String CONTENT="نفير مييابند و حقيقت و بالحق متغير نه می شوند و عالم"
                    HPOS="164"
                    VPOS="496"
                    WIDTH="893"
                    HEIGHT="77"
                    WC="0.9019584713073877"></String>
          </TextLine>

          
          
          <TextLine ID="eSc_line_1c78fa73"
                    TAGREFS="LT4837"
                    BASELINE="162 627 634 617 997 617 1051 609" 
                    HPOS="161"
                    VPOS="568"
                    WIDTH="890"
                    HEIGHT="84">
            <Shape><Polygon POINTS="162 627 162 637 259 652 260 652 262 652 291 637 310 650 311 650 313 650 314 652 356 652 356 650 357 650 358 650 358 649 372 635 378 635 487 648 488 648 489 648 521 634 523 634 524 634 553 648 554 648 556 648 557 648 594 634 598 633 629 634 833 644 834 644 836 644 837 644 851 631 854 628 859 631 883 642 884 642 886 644 939 644 939 642 941 642 963 631 1024 641 1025 641 1026 641 1051 630 1051 609 1046 569 880 583 862 573 858 572 857 572 855 572 843 575 810 582 801 575 792 568 790 568 789 568 761 568 760 568 759 568 757 568 757 569 749 577 739 587 676 587 667 579 663 576 663 575 662 575 661 575 659 575 658 575 645 580 630 586 623 580 612 570 611 570 610 570 608 570 503 572 502 572 467 584 454 590 441 586 412 573 411 573 409 573 408 573 376 587 375 587 374 587 342 580 340 580 339 580 322 588 270 575 269 575 267 575 266 575 218 591 215 593 215 591 202 582 201 582 200 582 198 582 197 582 195 582 195 583 184 593 183 594 161 594 162 627"/></Shape>
	    <String CONTENT="متغير فرع عالم باقيست و مثل نزيل و تاويل و همچون"
                    HPOS="161"
                    VPOS="568"
                    WIDTH="890"
                    HEIGHT="84"
                    WC="0.9209598892678817"></String>
          </TextLine>

          
          
          <TextLine ID="eSc_line_90fb8ce7"
                    TAGREFS="LT4837"
                    BASELINE="146 690 1064 685" 
                    HPOS="144"
                    VPOS="639"
                    WIDTH="920"
                    HEIGHT="78">
            <Shape><Polygon POINTS="146 690 146 703 180 715 182 715 183 715 184 715 186 715 197 706 202 710 204 710 205 710 207 710 263 703 267 703 285 713 287 713 288 713 289 713 325 703 339 714 339 715 340 715 342 715 343 717 372 717 372 715 374 715 404 703 407 701 414 703 447 708 448 708 449 708 451 708 456 704 467 713 467 714 469 714 470 714 472 715 510 715 510 714 512 714 513 714 527 701 528 701 561 701 563 701 589 714 590 714 592 714 616 713 618 713 619 713 633 701 636 700 656 700 659 701 674 713 676 713 677 713 679 713 680 713 706 701 710 700 777 700 778 701 790 711 790 713 792 713 793 713 794 714 833 714 833 713 834 713 836 713 836 711 846 703 858 711 859 711 861 711 862 713 920 713 920 711 921 711 942 700 955 711 956 711 957 711 959 711 1001 701 1040 711 1042 711 1043 711 1044 711 1064 700 1064 685 1057 639 1032 656 1021 648 1019 648 1018 648 1017 648 1015 648 996 657 887 657 872 644 869 641 868 641 866 641 865 641 863 641 862 641 858 645 843 657 819 659 727 659 696 648 677 642 676 642 603 642 601 642 492 652 433 644 431 644 430 644 389 656 369 662 333 662 329 657 316 645 314 645 313 645 194 645 193 645 191 645 144 660 146 690"/></Shape>
	    <String CONTENT="خواب و بيداری است والشه اعلم اتا سبب فرستادن"
                    HPOS="144"
                    VPOS="639"
                    WIDTH="920"
                    HEIGHT="78"
                    WC="0.9328661845488981"></String>
          </TextLine>

          
          
          <TextLine ID="eSc_line_363d78c0"
                    TAGREFS="LT4837"
                    BASELINE="147 765 1064 761" 
                    HPOS="146"
                    VPOS="715"
                    WIDTH="918"
                    HEIGHT="76">
            <Shape><Polygon POINTS="147 765 147 779 186 780 195 790 197 790 198 790 200 790 201 790 236 779 237 779 238 779 264 790 266 790 267 790 269 790 303 779 305 779 313 779 345 780 354 790 356 790 357 790 358 790 409 779 422 788 422 790 423 790 425 790 426 791 449 791 449 790 451 790 452 790 452 788 463 777 465 777 488 788 489 788 491 788 492 788 534 777 536 777 539 777 598 788 600 790 695 790 695 788 696 788 728 780 753 788 754 788 756 788 757 788 790 776 793 776 839 776 840 776 851 786 851 787 852 787 854 787 855 788 924 788 924 787 926 787 948 776 1021 787 1022 787 1024 787 1064 775 1064 761 1057 722 1043 730 1019 722 1013 721 1011 721 1010 721 1008 721 1007 721 1006 724 995 732 844 732 833 725 814 715 812 715 811 715 810 715 808 715 796 725 789 732 772 732 765 726 754 717 753 717 752 717 728 717 727 717 725 717 703 726 692 732 672 728 627 717 626 717 625 717 623 717 605 728 581 718 579 718 578 718 576 718 575 718 560 729 553 733 524 733 517 729 503 724 502 724 391 718 390 718 389 718 387 718 371 730 369 733 340 733 336 732 309 718 307 718 306 718 305 718 267 730 238 718 237 718 162 718 161 718 160 718 158 718 158 719 146 729 147 765"/></Shape>
	    <String CONTENT="انبيابه خلايق آن است که برايل بصيرت پوشيده نيست چنا"
                    HPOS="146"
                    VPOS="715"
                    WIDTH="918"
                    HEIGHT="76"
                    WC="0.8914111749483988"></String>
          </TextLine>

          
          
          <TextLine ID="eSc_line_6d0a33de"
                    TAGREFS="LT4837"
                    BASELINE="150 839 1064 834" 
                    HPOS="149"
                    VPOS="788"
                    WIDTH="915"
                    HEIGHT="75">
            <Shape><Polygon POINTS="150 839 150 852 176 861 178 861 179 861 180 861 198 853 201 852 202 853 220 861 222 861 223 863 278 863 278 861 280 861 281 861 281 860 289 853 292 852 300 853 351 861 353 861 354 861 376 853 386 850 449 855 549 860 550 860 578 855 605 849 622 855 632 859 633 859 634 859 652 855 670 852 695 856 717 859 719 859 720 859 730 856 750 849 781 856 789 857 790 857 792 857 796 856 815 849 828 856 830 859 832 859 833 859 834 859 836 859 846 856 875 849 886 857 887 857 888 857 890 859 927 859 927 857 928 857 930 857 946 848 970 857 971 857 973 857 974 857 978 857 1029 848 1059 857 1064 834 1059 801 1015 804 1008 801 979 788 978 788 977 788 975 788 949 801 927 794 926 794 924 794 923 794 921 794 909 802 906 804 897 802 836 788 834 788 833 788 796 801 772 790 771 790 770 790 730 791 728 791 727 791 712 804 710 805 687 805 684 804 665 790 663 790 662 790 661 790 659 790 625 801 608 790 607 790 605 790 604 790 553 791 552 791 524 806 523 806 514 806 414 795 412 795 411 795 386 808 372 808 339 808 322 794 322 793 321 793 320 793 318 793 317 793 264 808 218 793 216 793 215 793 213 793 212 793 193 809 149 809 150 839"/></Shape>
	    <String CONTENT="در مرتبه جمادی که ال مرتبه مرکتات است و بعضی چنان"
                    HPOS="149"
                    VPOS="788"
                    WIDTH="915"
                    HEIGHT="75"
                    WC="0.9483890423969347"></String>
          </TextLine>

          
          
          <TextLine ID="eSc_line_ba6fd38c"
                    TAGREFS="LT4837"
                    BASELINE="158 907 698 910 1068 901" 
                    HPOS="158"
                    VPOS="859"
                    WIDTH="910"
                    HEIGHT="74">
            <Shape><Polygon POINTS="158 921 260 921 263 921 291 930 292 930 293 930 295 930 320 921 321 921 324 921 382 932 383 932 385 932 386 932 403 921 414 930 414 932 415 932 416 932 418 933 488 933 488 932 538 921 543 919 546 921 568 930 570 930 571 930 1066 918 1068 901 1062 859 1028 868 957 860 946 860 945 860 944 860 941 861 906 878 888 878 868 863 865 860 863 860 862 860 861 860 859 860 858 860 854 863 832 877 785 864 772 861 771 861 770 861 768 861 767 861 763 866 749 878 701 878 661 867 627 860 626 860 625 860 600 868 576 877 568 870 558 860 557 860 556 860 535 860 534 860 532 860 506 871 489 878 483 871 472 861 470 861 469 861 441 861 440 861 438 861 437 861 425 873 411 861 409 861 408 861 407 861 405 861 374 870 324 861 322 861 321 861 320 861 320 863 306 875 302 879 256 879 249 877 213 866 212 866 211 866 209 866 208 866 191 878 190 879 158 879 158 907 158 921"/></Shape>
	    <String CONTENT="است که از اشر آفتاب جز کرمی قبول نمی تواند کرد واز"
                    HPOS="158"
                    VPOS="859"
                    WIDTH="910"
                    HEIGHT="74"
                    WC="0.9142934808544084"></String>
          </TextLine>

          
          
          <TextLine ID="eSc_line_2fe04a47"
                    TAGREFS="LT4837"
                    BASELINE="154 977 1072 984" 
                    HPOS="153"
                    VPOS="932"
                    WIDTH="919"
                    HEIGHT="74">
            <Shape><Polygon POINTS="154 977 153 987 182 1001 183 1001 184 1001 219 994 287 1001 288 1001 289 1001 307 991 336 1002 338 1002 339 1002 340 1002 342 1002 358 991 360 991 361 991 385 1002 386 1002 387 1002 438 994 474 1002 476 1002 477 1002 557 995 601 993 607 997 614 1002 614 1004 615 1004 616 1004 618 1004 661 998 672 997 674 998 680 1004 681 1004 683 1004 771 1005 772 1005 799 1001 841 994 854 1002 858 1005 859 1005 861 1005 862 1005 891 1004 984 995 995 1005 996 1005 996 1006 997 1006 999 1006 1000 1006 1001 1006 1006 1005 1036 997 1068 1006 1072 984 1069 954 1046 955 1042 953 1029 943 1028 943 1026 943 1025 943 1024 943 1001 950 988 937 986 937 985 937 906 937 905 937 903 937 870 953 868 954 863 953 832 936 830 936 801 936 800 936 799 936 797 936 779 953 777 955 720 955 717 951 710 946 709 946 708 946 706 946 705 946 685 951 681 953 679 951 667 944 666 944 665 944 663 944 625 951 616 953 614 951 604 943 603 943 601 943 600 943 552 951 541 953 538 951 524 941 523 941 521 941 520 941 518 941 517 941 506 951 485 937 484 937 483 937 481 937 480 937 462 941 440 933 438 933 398 933 397 933 396 933 394 933 372 950 369 953 343 953 342 950 322 933 322 932 321 932 320 932 289 932 288 932 287 932 253 948 194 935 193 935 191 935 190 935 171 950 168 950 154 950 154 977"/></Shape>
	    <String CONTENT="پير تو روشتى آفتابه بى بهره است چنانكه سنگ سياه"
                    HPOS="153"
                    VPOS="932"
                    WIDTH="919"
                    HEIGHT="74"
                    WC="0.9385671553512415"></String>
          </TextLine>

          
          
          <TextLine ID="eSc_line_751af137"
                    TAGREFS="LT4837"
                    BASELINE="154 1057 1070 1053" 
                    HPOS="153"
                    VPOS="1006"
                    WIDTH="917"
                    HEIGHT="76">
            <Shape><Polygon POINTS="154 1057 154 1070 168 1070 169 1070 184 1082 186 1082 187 1082 189 1082 190 1082 191 1082 208 1070 209 1070 216 1070 282 1077 284 1077 408 1070 426 1082 427 1082 429 1082 430 1082 502 1068 506 1068 507 1068 529 1082 531 1082 532 1082 534 1082 535 1082 536 1082 556 1070 629 1075 630 1075 632 1075 650 1068 651 1068 699 1082 701 1082 702 1082 703 1082 705 1082 725 1070 760 1081 761 1081 763 1082 804 1082 804 1081 806 1081 826 1071 846 1081 847 1081 848 1082 992 1082 992 1081 1069 1066 1070 1053 1066 1015 1021 1021 1011 1015 1006 1010 1004 1010 1003 1010 924 1006 923 1006 921 1006 920 1006 920 1008 910 1016 902 1024 777 1024 770 1019 759 1010 757 1010 756 1010 754 1010 753 1010 752 1010 741 1019 731 1026 702 1026 685 1020 644 1008 643 1008 641 1008 640 1008 639 1008 618 1020 614 1024 610 1021 593 1008 592 1008 590 1008 571 1008 570 1008 458 1023 437 1026 434 1023 412 1009 411 1009 409 1009 387 1009 386 1009 385 1009 356 1024 354 1026 353 1024 335 1009 333 1009 332 1009 331 1009 280 1020 266 1009 264 1009 263 1009 226 1009 224 1009 223 1009 222 1009 207 1023 153 1027 154 1057"/></Shape>
	    <String CONTENT="و بعضى ديگر چناناست که اثری نور آفتاب که روشقی"
                    HPOS="153"
                    VPOS="1006"
                    WIDTH="917"
                    HEIGHT="76"
                    WC="0.9544230369811363"></String>
          </TextLine>

          
          
          <TextLine ID="eSc_line_6bc0101d"
                    TAGREFS="LT4837"
                    BASELINE="157 1130 1073 1130" 
                    HPOS="157"
                    VPOS="1081"
                    WIDTH="916"
                    HEIGHT="74">
            <Shape><Polygon POINTS="157 1130 157 1141 229 1151 230 1151 231 1151 251 1143 264 1154 266 1154 267 1154 269 1154 270 1154 300 1146 322 1152 324 1152 325 1152 327 1152 346 1143 409 1143 431 1154 433 1154 434 1155 610 1155 610 1154 611 1154 612 1154 627 1143 658 1151 659 1151 661 1151 723 1143 761 1154 763 1154 764 1154 765 1154 767 1154 783 1143 804 1154 806 1154 807 1154 808 1154 810 1154 818 1147 843 1154 844 1154 846 1154 930 1143 948 1154 949 1154 950 1154 952 1155 1007 1155 1007 1154 1073 1141 1073 1130 1072 1081 1039 1088 1030 1081 1029 1081 1028 1081 1026 1081 1025 1081 1024 1081 1000 1097 981 1097 966 1082 964 1082 964 1081 963 1081 961 1081 960 1081 959 1081 952 1082 898 1097 789 1097 765 1086 760 1084 759 1084 757 1084 756 1084 749 1086 724 1096 713 1086 709 1082 708 1082 706 1082 705 1082 703 1082 694 1088 677 1096 663 1088 652 1081 651 1081 650 1081 648 1081 567 1088 541 1081 539 1081 538 1081 536 1081 514 1090 499 1096 477 1090 451 1085 449 1085 448 1085 434 1092 426 1096 419 1092 407 1086 405 1086 404 1086 403 1086 380 1093 378 1093 376 1093 362 1082 361 1082 360 1082 358 1082 357 1082 356 1082 356 1084 345 1093 342 1096 311 1096 306 1095 274 1081 273 1081 202 1081 201 1081 200 1081 198 1081 180 1096 180 1097 157 1097 157 1130"/></Shape>
	    <String CONTENT="قبول میسكنند و ان اثر را به ديگر محل مخار سانند چنان كه"
                    HPOS="157"
                    VPOS="1081"
                    WIDTH="916"
                    HEIGHT="74"
                    WC="0.9257112828168002"></String>
          </TextLine>

          
          
          <TextLine ID="eSc_line_6a26577a"
                    TAGREFS="LT4837"
                    BASELINE="146 1210 834 1208 1076 1199" 
                    HPOS="144"
                    VPOS="1155"
                    WIDTH="932"
                    HEIGHT="75">
            <Shape><Polygon POINTS="146 1210 146 1217 267 1230 269 1230 270 1230 303 1219 347 1228 349 1228 350 1228 351 1228 364 1217 396 1227 397 1227 398 1227 518 1216 521 1216 523 1216 565 1224 567 1224 568 1224 596 1216 632 1227 633 1227 634 1227 636 1227 655 1216 701 1215 712 1215 734 1226 735 1226 736 1226 793 1217 887 1226 888 1226 974 1217 1050 1223 1051 1223 1053 1223 1076 1212 1076 1199 1073 1155 1043 1155 1042 1155 1040 1155 1039 1155 1039 1157 1026 1166 993 1157 986 1155 985 1155 984 1155 982 1155 978 1157 946 1173 930 1165 928 1165 927 1165 926 1165 924 1165 913 1173 897 1166 895 1166 894 1166 892 1166 863 1176 793 1176 781 1166 779 1166 778 1166 777 1166 775 1166 774 1166 774 1168 767 1175 706 1175 691 1165 683 1158 681 1158 680 1158 679 1158 644 1166 641 1166 632 1158 630 1158 629 1158 587 1158 586 1158 585 1158 583 1158 568 1168 556 1176 518 1169 499 1166 498 1166 496 1166 495 1166 491 1170 481 1179 416 1179 400 1173 378 1166 376 1166 375 1166 374 1166 356 1173 349 1177 342 1175 317 1162 316 1162 314 1162 313 1162 298 1169 288 1161 287 1161 285 1161 211 1161 209 1161 208 1161 144 1177 146 1210"/></Shape>
	    <String CONTENT="آبکينه که بر سر روزن خانه تاريک بمانند برين منوال نفوس"
                    HPOS="144"
                    VPOS="1155"
                    WIDTH="932"
                    HEIGHT="75"
                    WC="0.9299470484256744"></String>
          </TextLine>

          
          
          <TextLine ID="eSc_line_b22bc3e9"
                    TAGREFS="LT4837"
                    BASELINE="149 1284 1082 1274" 
                    HPOS="147"
                    VPOS="1228"
                    WIDTH="935"
                    HEIGHT="78">
            <Shape><Polygon POINTS="149 1284 149 1290 176 1304 178 1304 179 1304 180 1304 209 1292 280 1306 281 1306 282 1306 302 1296 340 1304 342 1304 343 1304 345 1304 361 1290 394 1290 423 1303 425 1303 426 1303 427 1303 429 1303 429 1301 441 1290 460 1301 462 1301 463 1301 542 1289 549 1288 557 1289 601 1296 603 1296 604 1296 621 1288 622 1288 681 1288 683 1288 698 1297 699 1297 701 1297 812 1300 814 1300 846 1299 847 1299 848 1299 862 1286 865 1285 895 1285 899 1286 915 1299 916 1299 917 1299 919 1299 1080 1285 1082 1274 1077 1237 974 1241 967 1238 956 1230 955 1230 953 1230 952 1230 950 1230 949 1230 937 1238 934 1239 927 1238 875 1228 873 1228 872 1228 830 1239 818 1244 807 1241 783 1232 782 1232 781 1232 779 1232 778 1232 765 1241 763 1244 639 1245 634 1244 618 1231 616 1231 615 1231 575 1231 574 1231 458 1235 456 1235 455 1235 443 1246 441 1248 416 1248 414 1246 390 1234 389 1234 313 1234 311 1234 310 1234 271 1249 256 1235 255 1235 253 1235 226 1235 224 1235 223 1235 222 1235 201 1250 147 1250 149 1284"/></Shape>
	    <String CONTENT="انسانی نيز بعضی چناناست که اثر فيض عقل کل و نفس"
                    HPOS="147"
                    VPOS="1228"
                    WIDTH="935"
                    HEIGHT="78"
                    WC="0.9077506521914868"></String>
          </TextLine>

          
          
          <TextLine ID="eSc_line_4d53f7ca"
                    TAGREFS="LT4837"
                    BASELINE="157 1354 1073 1350" 
                    HPOS="155"
                    VPOS="1303"
                    WIDTH="918"
                    HEIGHT="73">
            <Shape><Polygon POINTS="157 1354 157 1372 193 1375 194 1375 195 1375 197 1375 201 1372 218 1362 309 1369 310 1369 311 1369 325 1362 397 1369 404 1369 405 1369 407 1369 408 1369 430 1362 436 1369 444 1375 444 1376 445 1376 447 1376 448 1376 507 1375 509 1375 510 1375 523 1368 524 1366 543 1366 666 1375 667 1375 669 1375 688 1365 690 1365 692 1365 765 1375 767 1375 815 1365 836 1372 837 1372 839 1372 840 1372 841 1372 841 1370 851 1362 855 1359 875 1359 880 1362 895 1373 897 1373 898 1373 899 1373 901 1373 926 1363 975 1373 977 1373 978 1373 979 1373 979 1372 993 1361 1047 1373 1048 1373 1050 1373 1073 1359 1073 1350 1068 1303 1036 1314 1014 1304 1011 1303 1010 1303 1008 1303 1007 1303 1004 1304 986 1311 967 1304 961 1303 960 1303 959 1303 957 1303 956 1303 953 1304 935 1318 765 1318 720 1310 717 1310 716 1310 714 1310 713 1310 681 1318 672 1311 663 1304 662 1304 661 1304 659 1304 658 1304 644 1311 634 1317 626 1311 625 1311 623 1311 622 1311 621 1311 616 1312 593 1318 586 1312 578 1306 578 1304 576 1304 575 1304 523 1304 521 1304 520 1304 518 1304 503 1314 503 1315 502 1314 489 1306 488 1306 487 1306 485 1306 484 1306 483 1306 467 1315 460 1319 454 1315 438 1306 437 1306 436 1306 335 1306 333 1306 332 1306 331 1306 331 1307 318 1317 211 1306 209 1306 208 1306 207 1306 184 1321 155 1321 157 1354"/></Shape>
	    <String CONTENT="لرا بذات خود بى واسطه غير قبول نمی تواند كرد چنانج"
                    HPOS="155"
                    VPOS="1303"
                    WIDTH="918"
                    HEIGHT="73"
                    WC="0.9246388375759125"></String>
          </TextLine>

          
          
          <TextLine ID="eSc_line_ff6f6519"
                    TAGREFS="LT4837"
                    BASELINE="161 1421 1001 1427 1076 1419" 
                    HPOS="160"
                    VPOS="1370"
                    WIDTH="916"
                    HEIGHT="78">
            <Shape><Polygon POINTS="161 1421 160 1428 183 1441 184 1441 186 1441 241 1428 270 1442 271 1442 273 1442 274 1442 311 1427 314 1427 333 1427 335 1427 350 1441 351 1441 353 1441 354 1441 356 1441 382 1428 408 1437 409 1437 411 1437 412 1437 431 1428 449 1443 451 1443 452 1443 454 1445 502 1445 502 1443 503 1443 505 1443 514 1435 556 1443 557 1443 558 1443 560 1443 585 1428 621 1445 622 1445 623 1445 712 1430 739 1430 754 1443 754 1445 756 1445 757 1445 759 1446 786 1446 786 1445 788 1445 789 1445 806 1432 834 1438 836 1438 880 1431 905 1439 906 1439 908 1439 909 1439 930 1431 946 1446 948 1446 949 1446 950 1448 1008 1448 1008 1446 1010 1446 1011 1446 1011 1445 1024 1434 1040 1439 1042 1439 1043 1439 1044 1439 1075 1430 1076 1419 1075 1376 1033 1375 1032 1375 1030 1375 1029 1375 1028 1376 1007 1392 978 1377 974 1375 973 1375 915 1375 913 1375 912 1375 905 1377 894 1384 886 1379 881 1375 880 1375 879 1375 841 1375 840 1375 839 1375 828 1379 797 1392 753 1392 741 1383 739 1383 738 1383 736 1383 699 1391 681 1381 672 1376 670 1376 669 1376 667 1376 666 1376 666 1377 661 1381 650 1392 623 1392 612 1383 612 1381 611 1381 610 1381 565 1379 564 1379 563 1379 550 1383 536 1388 524 1384 492 1372 491 1372 489 1372 488 1372 487 1372 470 1384 463 1390 448 1384 443 1383 441 1383 440 1383 438 1383 430 1386 412 1390 403 1386 372 1372 371 1372 369 1372 368 1372 328 1383 282 1370 281 1370 280 1370 278 1370 277 1370 258 1387 256 1388 253 1387 207 1375 205 1375 204 1375 202 1375 201 1375 201 1376 187 1388 161 1388 161 1421"/></Shape>
	    <String CONTENT="نفوس اكثر اشخاص انسانی بعض ديگر از نفوس انسان"
                    HPOS="160"
                    VPOS="1370"
                    WIDTH="916"
                    HEIGHT="78"
                    WC="0.929203822877672"></String>
          </TextLine>

          
          
          <TextLine ID="eSc_line_9e70cfbc"
                    TAGREFS="LT4837"
                    BASELINE="160 1496 1086 1499" 
                    HPOS="160"
                    VPOS="1439"
                    WIDTH="926"
                    HEIGHT="83">
            <Shape><Polygon POINTS="160 1496 160 1510 247 1506 252 1510 255 1512 255 1514 256 1514 258 1514 259 1514 281 1510 307 1506 318 1510 339 1519 340 1519 342 1521 415 1521 415 1519 416 1519 418 1519 431 1510 440 1506 494 1506 500 1510 512 1519 513 1519 514 1519 516 1521 600 1521 600 1519 601 1519 634 1510 644 1507 648 1510 663 1521 665 1521 666 1521 667 1521 716 1512 774 1521 775 1521 777 1521 778 1521 790 1510 794 1507 815 1507 819 1510 833 1521 834 1521 836 1521 837 1521 902 1510 920 1507 957 1507 966 1510 997 1521 999 1521 1000 1522 1019 1522 1019 1521 1021 1521 1022 1521 1035 1510 1037 1507 1043 1510 1069 1519 1070 1519 1072 1519 1073 1519 1075 1519 1084 1510 1086 1499 1086 1455 1053 1446 1051 1446 1050 1446 1026 1453 1001 1461 913 1461 898 1450 888 1443 887 1443 886 1443 862 1442 861 1442 859 1442 858 1442 846 1450 828 1460 807 1449 800 1446 799 1446 732 1442 731 1442 730 1442 709 1448 667 1460 634 1446 630 1445 629 1445 627 1445 626 1445 621 1446 607 1450 592 1446 579 1442 578 1442 576 1442 575 1442 563 1445 517 1459 500 1445 496 1441 495 1441 494 1441 449 1441 448 1441 447 1441 445 1441 443 1443 431 1453 407 1442 401 1441 400 1441 398 1441 397 1441 396 1441 393 1442 371 1456 356 1449 354 1449 353 1449 351 1449 350 1449 338 1460 273 1460 245 1445 244 1445 242 1445 218 1449 208 1441 207 1441 205 1441 160 1439 160 1496"/></Shape>
	    <String CONTENT="چنان است که اشر فيص عقل کل و نفس کل را بذات خود"
                    HPOS="160"
                    VPOS="1439"
                    WIDTH="926"
                    HEIGHT="83"
                    WC="0.9171894103922742"></String>
          </TextLine>

          
          
          <TextLine ID="eSc_line_3f1fef68"
                    TAGREFS="LT4837"
                    BASELINE="143 1572 1086 1565" 
                    HPOS="142"
                    VPOS="1514"
                    WIDTH="944"
                    HEIGHT="83">
            <Shape><Polygon POINTS="143 1572 143 1584 253 1597 255 1597 256 1597 280 1584 281 1583 365 1583 367 1583 379 1592 380 1592 382 1592 448 1595 449 1595 451 1595 481 1583 481 1581 531 1581 532 1581 545 1592 545 1594 546 1594 547 1594 549 1594 645 1583 662 1594 663 1594 665 1594 666 1595 699 1595 699 1594 701 1594 702 1594 702 1592 710 1586 736 1592 738 1592 739 1592 741 1592 742 1592 750 1586 759 1592 760 1592 761 1592 763 1594 858 1594 858 1592 859 1592 861 1592 876 1583 910 1591 912 1591 913 1591 915 1591 941 1579 942 1579 968 1591 970 1591 971 1592 1026 1592 1026 1591 1084 1577 1086 1565 1082 1514 1044 1518 1043 1518 1042 1518 1024 1533 989 1515 988 1515 986 1515 985 1515 978 1517 888 1536 861 1536 839 1519 837 1518 836 1518 834 1518 833 1518 832 1518 830 1518 828 1521 810 1533 759 1526 757 1526 756 1526 735 1533 688 1523 654 1518 652 1518 651 1518 650 1518 641 1525 632 1533 622 1526 611 1518 610 1518 608 1518 513 1518 512 1518 510 1518 509 1518 495 1529 484 1539 431 1539 425 1532 412 1521 411 1521 409 1521 408 1521 407 1521 405 1521 393 1532 387 1537 321 1539 314 1535 298 1521 296 1521 295 1521 293 1521 292 1521 270 1528 244 1521 242 1521 241 1521 240 1521 204 1535 194 1528 193 1528 191 1528 190 1528 189 1528 187 1528 169 1539 168 1540 142 1540 143 1572"/></Shape>
	    <String CONTENT="قبول می کند و آن فيض را بديگر نقوس میرسانه د"
                    HPOS="142"
                    VPOS="1514"
                    WIDTH="944"
                    HEIGHT="83"
                    WC="0.8818919433487786"></String>
          </TextLine>

          
        </TextBlock>
        
        <TextBlock HPOS="513"
                   VPOS="71"
                   WIDTH="124"
                   HEIGHT="54"
                   ID="eSc_textblock_c0811497"
                   TAGREFS="BT16093">
          <Shape><Polygon POINTS="589 71 637 88 632 125 513 119 535 82 589 71"/></Shape>
          
          
          <TextLine ID="eSc_line_158adc6b"
                    TAGREFS="LT4837"
                    BASELINE="543 107 622 107" 
                    HPOS="543"
                    VPOS="75"
                    WIDTH="79"
                    HEIGHT="57">
            <Shape><Polygon POINTS="543 107 543 122 561 132 563 132 564 132 565 132 578 126 582 125 621 132 622 107 622 82 574 75 572 75 571 75 543 82 543 107"/></Shape>
	    <String CONTENT=""
                    HPOS="543"
                    VPOS="75"
                    WIDTH="79"
                    HEIGHT="57"></String>
          </TextLine>

          
        </TextBlock>
        

        
      </PrintSpace>
    </Page>
  </Layout>
</alto>
