<?xml version="1.0" encoding="UTF-8"?>
<alto xmlns:xsi="http://www.w3.org/2001/XMLSchema-instance"
      xmlns="http://www.loc.gov/standards/alto/ns-v4#"
      xsi:schemaLocation="http://www.loc.gov/standards/alto/ns-v4# http://www.loc.gov/standards/alto/v4/alto-4-2.xsd">
  <Description>
    <MeasurementUnit>pixel</MeasurementUnit>
    <sourceImageInformation>
      <fileName>Rasail136.jpg</fileName>
      
    </sourceImageInformation>
  </Description>
  
  <Tags>
    <OtherTag ID="BT16094" LABEL="default" DESCRIPTION="block type default"/><OtherTag ID="BT16093" LABEL="NumberingZone:page" DESCRIPTION="block type NumberingZone:page"/><OtherTag ID="BT16092" LABEL="MarginTextZone:note" DESCRIPTION="block type MarginTextZone:note"/><OtherTag ID="BT16091" LABEL="TitlePageZone" DESCRIPTION="block type TitlePageZone"/><OtherTag ID="BT16090" LABEL="QuireMarksZone:catchwords" DESCRIPTION="block type QuireMarksZone:catchwords"/><OtherTag ID="BT16089" LABEL="NumberingZone:other" DESCRIPTION="block type NumberingZone:other"/><OtherTag ID="BT16088" LABEL="NumberingZone" DESCRIPTION="block type NumberingZone"/><OtherTag ID="BT16087" LABEL="MarginTextZone" DESCRIPTION="block type MarginTextZone"/><OtherTag ID="BT16086" LABEL="MainZone" DESCRIPTION="block type MainZone"/><OtherTag ID="BT16085" LABEL="DigitizationArtefactZone" DESCRIPTION="block type DigitizationArtefactZone"/><OtherTag ID="BT2" LABEL="Main" DESCRIPTION="block type Main"/><OtherTag ID="BT1" LABEL="Title" DESCRIPTION="block type Title"/>
    <OtherTag ID="LT4837" LABEL="DefaultLine" DESCRIPTION="line type DefaultLine"/><OtherTag ID="LT4838" LABEL="default" DESCRIPTION="line type default"/><OtherTag ID="LT4839" LABEL="HeadingLine:title" DESCRIPTION="line type HeadingLine:title"/>
  </Tags>
  
  <Layout>
    <Page WIDTH="1212"
          HEIGHT="1679"
          PHYSICAL_IMG_NR="164"
          ID="eSc_dummypage_">
      <PrintSpace HPOS="0"
                  VPOS="0"
                  WIDTH="1212"
                  HEIGHT="1679">
        
        <TextBlock HPOS="78"
                   VPOS="151"
                   WIDTH="1094"
                   HEIGHT="1431"
                   ID="eSc_textblock_b373c2e1"
                   TAGREFS="BT16086">
          <Shape><Polygon POINTS="642 151 1116 151 1172 179 1172 496 1150 621 1111 1498 972 1515 988 1560 965 1571 134 1582 111 1550 134 1543 139 1505 100 1498 111 1225 78 709 100 575 83 380 111 190 139 162 642 151"/></Shape>
          
          
          <TextLine ID="eSc_line_248b22a2"
                    TAGREFS="LT4837"
                    BASELINE="121 236 597 232" 
                    HPOS="120"
                    VPOS="179"
                    WIDTH="477"
                    HEIGHT="88">
            <Shape><Polygon POINTS="121 236 121 253 253 267 254 267 256 267 257 267 257 265 265 257 286 265 288 265 289 267 341 267 341 265 342 265 361 257 450 264 452 264 453 264 491 251 492 251 494 251 555 264 557 264 558 264 559 264 559 263 572 251 597 251 597 232 596 191 569 183 568 183 566 183 565 183 564 183 564 184 558 188 548 180 548 179 547 179 545 179 492 179 491 179 489 179 488 179 475 187 468 181 467 181 466 181 464 181 463 181 461 181 450 190 440 181 439 181 438 181 436 181 379 188 366 180 365 180 363 180 362 180 361 180 323 198 317 202 250 202 247 201 229 187 228 187 226 187 225 187 223 187 222 187 202 202 201 202 200 202 145 194 144 194 142 194 120 202 121 236"/></Shape>
	    <String CONTENT="خرد  حکايت او کرد در خلاو ملا"
                    HPOS="120"
                    VPOS="179"
                    WIDTH="477"
                    HEIGHT="88"
                    WC="0.9290251485232649"></String>
          </TextLine>

          
          
          <TextLine ID="eSc_line_f1fde687"
                    TAGREFS="LT4837"
                    BASELINE="622 233 1144 239" 
                    HPOS="621"
                    VPOS="186"
                    WIDTH="523"
                    HEIGHT="93">
            <Shape><Polygon POINTS="622 233 621 251 689 260 691 260 692 260 703 256 708 254 713 257 748 272 750 272 751 272 752 272 754 272 768 263 818 268 820 268 821 268 822 268 822 267 828 261 831 258 881 256 901 265 918 272 919 272 920 272 922 272 923 272 933 267 937 264 947 267 981 278 982 278 983 278 985 278 986 278 995 271 1034 279 1035 279 1143 275 1144 239 1144 211 1056 211 1055 209 1041 200 1039 200 1038 200 1037 200 972 207 941 188 940 188 939 188 937 188 936 188 904 197 884 187 883 187 881 187 848 194 752 186 751 186 706 187 705 187 703 187 684 205 622 205 622 233"/></Shape>
	    <String CONTENT="مقام اوست که ممثول قاب و قوسين"
                    HPOS="621"
                    VPOS="186"
                    WIDTH="523"
                    HEIGHT="93"
                    WC="0.8967654486497243"></String>
          </TextLine>

          
          
          <TextLine ID="eSc_line_57338b83"
                    TAGREFS="LT4837"
                    BASELINE="471 316 748 312" 
                    HPOS="470"
                    VPOS="264"
                    WIDTH="278"
                    HEIGHT="81">
            <Shape><Polygon POINTS="471 316 471 337 482 345 484 345 485 345 487 345 564 338 614 344 615 344 617 344 618 344 618 342 624 338 626 335 635 338 650 342 652 342 653 342 709 341 710 341 712 341 712 339 713 339 719 334 747 339 748 312 744 282 709 282 706 281 687 268 685 268 684 268 682 268 681 268 656 281 654 282 653 281 631 264 629 264 628 264 579 264 578 264 576 264 575 264 575 265 566 272 529 265 527 265 526 265 524 265 524 267 508 281 502 285 470 281 471 316"/></Shape>
	    <String CONTENT="و جای ديگر میغر ايد"
                    HPOS="470"
                    VPOS="264"
                    WIDTH="278"
                    HEIGHT="81"
                    WC="0.8069451576785037"></String>
          </TextLine>

          
          
          <TextLine ID="eSc_line_8dc6bc6f"
                    TAGREFS="LT4837"
                    BASELINE="117 400 603 395" 
                    HPOS="116"
                    VPOS="331"
                    WIDTH="487"
                    HEIGHT="94">
            <Shape><Polygon POINTS="117 400 117 425 198 408 309 408 328 418 341 423 342 423 344 423 422 414 425 414 426 414 471 422 473 422 474 422 475 422 475 421 488 411 491 407 496 411 517 422 519 422 520 423 564 423 564 422 565 422 603 405 603 395 599 344 515 356 496 346 467 331 466 331 464 331 463 331 461 331 443 346 407 333 405 333 404 333 403 333 401 333 376 351 366 359 341 359 334 352 320 341 319 341 317 341 316 341 314 341 313 341 313 342 300 353 299 356 275 358 270 355 230 334 229 334 159 334 158 334 156 334 155 334 116 356 117 400"/></Shape>
	    <String CONTENT="باب علی که اول از وابت را کنيم"
                    HPOS="116"
                    VPOS="331"
                    WIDTH="487"
                    HEIGHT="94"
                    WC="0.9522384186585744"></String>
          </TextLine>

          
          
          <TextLine ID="eSc_line_283ae39c"
                    TAGREFS="LT4837"
                    BASELINE="621 395 1140 405" 
                    HPOS="619"
                    VPOS="338"
                    WIDTH="521"
                    HEIGHT="94">
            <Shape><Polygon POINTS="621 395 619 405 646 415 647 415 649 415 650 415 678 408 716 425 717 425 719 425 720 425 755 409 782 423 783 423 785 423 786 423 822 414 841 428 842 428 843 428 845 428 846 428 848 428 869 412 881 423 883 423 884 423 885 423 947 414 971 425 972 425 974 425 975 425 976 425 983 418 995 429 995 430 996 430 997 430 1066 432 1067 432 1139 415 1140 405 1140 373 978 370 964 362 920 341 919 341 885 341 884 341 883 341 881 341 863 356 859 359 842 355 811 346 810 346 808 346 807 346 787 352 762 358 741 349 717 338 716 338 715 338 621 341 621 395"/></Shape>
	    <String CONTENT="سلماف خارسی که جهاف آفزين بروت"
                    HPOS="619"
                    VPOS="338"
                    WIDTH="521"
                    HEIGHT="94"
                    WC="0.9094354606443836"></String>
          </TextLine>

          
          
          <TextLine ID="eSc_line_8533a4f3"
                    TAGREFS="LT4837"
                    BASELINE="121 479 523 470 930 478" 
                    HPOS="120"
                    VPOS="419"
                    WIDTH="810"
                    HEIGHT="79">
            <Shape><Polygon POINTS="121 479 121 496 219 485 244 496 246 496 247 496 342 485 400 496 401 496 403 496 431 485 466 496 467 496 468 498 512 498 512 496 513 496 515 496 529 485 624 485 643 496 645 496 646 496 647 496 701 486 726 496 727 496 729 496 730 496 750 488 869 496 873 496 874 496 876 496 897 485 927 496 930 478 929 443 894 419 892 419 891 419 859 419 857 419 856 419 801 443 761 430 759 430 758 430 716 433 692 419 691 419 689 419 639 419 638 419 636 419 635 419 635 421 611 444 575 444 561 430 561 429 559 429 522 419 520 419 519 419 517 419 484 436 439 432 438 432 436 432 435 432 435 433 422 444 323 444 305 426 305 425 303 425 302 425 300 425 299 425 277 436 267 426 267 425 265 425 264 425 163 419 162 419 160 419 159 419 159 421 135 444 120 444 121 479"/></Shape>
	    <String CONTENT="و عنرت روى خداى گر تا ما سجود عزت روى خدا كنيم"
                    HPOS="120"
                    VPOS="419"
                    WIDTH="810"
                    HEIGHT="79"
                    WC="0.9334560542002969"></String>
          </TextLine>

          
          
          <TextLine ID="eSc_line_fa9e9060"
                    TAGREFS="LT4837"
                    BASELINE="1107 488 1135 488" 
                    HPOS="1107"
                    VPOS="453"
                    WIDTH="28"
                    HEIGHT="64">
            <Shape><Polygon POINTS="1107 488 1107 517 1135 516 1135 488 1133 453 1107 458 1107 488"/></Shape>
	    <String CONTENT=""
                    HPOS="1107"
                    VPOS="453"
                    WIDTH="28"
                    HEIGHT="64"></String>
          </TextLine>

          
          
          <TextLine ID="eSc_line_ca20d656"
                    TAGREFS="LT4837"
                    BASELINE="468 542 710 537" 
                    HPOS="467"
                    VPOS="489"
                    WIDTH="243"
                    HEIGHT="90">
            <Shape><Polygon POINTS="468 542 468 568 499 579 501 579 502 579 503 579 524 568 540 558 600 558 611 566 625 576 626 576 628 576 629 576 709 563 710 537 703 489 682 502 661 493 654 491 653 491 652 491 650 491 640 495 612 506 580 499 548 493 547 493 545 493 544 493 530 505 522 510 467 510 468 542"/></Shape>
	    <String CONTENT="حليم ن زارى گويد"
                    HPOS="467"
                    VPOS="489"
                    WIDTH="243"
                    HEIGHT="90"
                    WC="0.8545273095369339"></String>
          </TextLine>

          
          
          <TextLine ID="eSc_line_2bbeedad"
                    TAGREFS="LT4837"
                    BASELINE="120 615 604 615" 
                    HPOS="120"
                    VPOS="569"
                    WIDTH="484"
                    HEIGHT="74">
            <Shape><Polygon POINTS="120 615 120 629 152 642 153 642 155 643 187 643 187 642 188 642 190 642 204 632 218 642 219 642 221 642 222 642 271 635 282 642 284 642 285 642 286 643 363 643 363 642 365 642 366 642 366 640 377 631 453 642 454 642 456 642 457 642 477 631 604 631 604 615 604 573 531 569 530 569 529 569 519 573 489 587 471 573 470 572 468 572 467 572 466 572 464 572 460 573 429 589 365 582 363 582 362 582 361 582 361 583 354 590 237 590 187 575 165 569 163 569 162 569 120 575 120 615"/></Shape>
	    <String CONTENT="كه آوردى ز سر عيب ببرون"
                    HPOS="120"
                    VPOS="569"
                    WIDTH="484"
                    HEIGHT="74"
                    WC="0.8968119770288467"></String>
          </TextLine>

          
          
          <TextLine ID="eSc_line_fc1da8dd"
                    TAGREFS="LT4837"
                    BASELINE="636 614 918 617" 
                    HPOS="635"
                    VPOS="561"
                    WIDTH="283"
                    HEIGHT="81">
            <Shape><Polygon POINTS="636 614 635 625 660 640 661 640 663 640 664 642 762 642 762 640 764 640 765 640 776 632 780 629 787 633 806 642 807 642 808 642 810 642 811 642 811 640 818 635 828 626 867 626 880 636 880 638 881 638 883 638 915 642 918 617 918 561 862 561 860 561 859 561 857 561 850 565 817 586 790 586 773 572 761 561 759 561 758 561 757 561 755 561 716 573 710 568 709 568 708 568 706 568 705 568 703 568 703 569 694 577 688 583 636 583 636 614"/></Shape>
	    <String CONTENT="کشف همايون"
                    HPOS="635"
                    VPOS="561"
                    WIDTH="283"
                    HEIGHT="81"
                    WC="0.9752865076065064"></String>
          </TextLine>

          
          
          <TextLine ID="eSc_line_eef58617"
                    TAGREFS="LT4837"
                    BASELINE="1107 650 1122 650" 
                    HPOS="1107"
                    VPOS="603"
                    WIDTH="15"
                    HEIGHT="86">
            <Shape><Polygon POINTS="1107 689 1122 686 1122 650 1122 605 1108 603 1107 650 1107 689"/></Shape>
	    <String CONTENT=""
                    HPOS="1107"
                    VPOS="603"
                    WIDTH="15"
                    HEIGHT="86"></String>
          </TextLine>

          
          
          <TextLine ID="eSc_line_388914f4"
                    TAGREFS="LT4837"
                    BASELINE="127 684 599 681" 
                    HPOS="125"
                    VPOS="636"
                    WIDTH="474"
                    HEIGHT="80">
            <Shape><Polygon POINTS="127 684 127 712 165 713 166 713 167 713 173 710 194 700 202 710 207 713 207 714 208 714 209 714 211 716 293 716 293 714 295 714 313 706 324 700 328 706 337 713 337 714 338 714 340 714 341 716 361 716 361 714 362 714 363 714 380 705 393 698 452 698 457 702 463 706 464 706 466 706 467 706 495 700 508 698 515 699 544 709 545 709 547 709 597 696 599 681 597 652 552 636 551 636 509 636 508 636 506 636 505 636 485 650 478 643 477 643 475 643 474 643 473 643 471 643 471 645 466 649 459 643 457 643 456 643 454 643 453 643 452 643 440 650 400 649 389 639 389 638 387 638 386 638 384 638 383 638 382 638 358 652 309 645 307 645 306 645 282 652 243 638 242 638 240 638 239 638 201 647 180 638 179 638 137 638 135 638 134 638 132 638 132 639 131 639 125 645 127 684"/></Shape>
	    <String CONTENT="به حخت در دميدی ففخ صورا"
                    HPOS="125"
                    VPOS="636"
                    WIDTH="474"
                    HEIGHT="80"
                    WC="0.9756887828310331"></String>
          </TextLine>

          
          
          <TextLine ID="eSc_line_3b402f04"
                    TAGREFS="LT4837"
                    BASELINE="640 682 877 685" 
                    HPOS="639"
                    VPOS="628"
                    WIDTH="238"
                    HEIGHT="79">
            <Shape><Polygon POINTS="640 682 639 695 670 706 671 706 673 706 712 699 723 698 729 700 737 705 738 705 740 705 761 702 773 700 780 703 792 707 793 707 794 707 796 707 806 705 822 699 874 707 877 685 877 643 855 629 853 629 852 629 850 629 849 629 827 642 822 643 761 639 759 638 747 628 745 628 744 628 743 628 741 628 727 635 716 642 701 633 689 628 688 628 687 628 640 629 640 682"/></Shape>
	    <String CONTENT="گردى ظهورى"
                    HPOS="639"
                    VPOS="628"
                    WIDTH="238"
                    HEIGHT="79"
                    WC="0.9376524150371551"></String>
          </TextLine>

          
          
          <TextLine ID="eSc_line_bb2a75d9"
                    TAGREFS="LT4837"
                    BASELINE="1087 720 1115 720" 
                    HPOS="1087"
                    VPOS="691"
                    WIDTH="28"
                    HEIGHT="57">
            <Shape><Polygon POINTS="1087 720 1087 748 1115 742 1115 720 1115 695 1087 691 1087 720"/></Shape>
	    <String CONTENT=""
                    HPOS="1087"
                    VPOS="691"
                    WIDTH="28"
                    HEIGHT="57"></String>
          </TextLine>

          
          
          <TextLine ID="eSc_line_04a9fdd3"
                    TAGREFS="LT4837"
                    BASELINE="410 749 787 749" 
                    HPOS="410"
                    VPOS="698"
                    WIDTH="377"
                    HEIGHT="86">
            <Shape><Polygon POINTS="410 749 410 766 439 783 440 783 442 783 443 783 475 769 529 776 530 776 531 776 533 776 533 775 538 770 544 766 582 766 592 773 604 783 606 783 607 783 608 783 610 783 611 783 621 775 629 766 663 776 685 783 687 783 688 784 757 784 757 783 758 783 759 783 761 780 768 775 785 782 787 749 787 719 688 713 671 698 670 698 668 698 667 698 666 698 631 707 558 698 557 698 555 698 554 698 536 710 512 698 510 698 480 698 478 698 477 698 475 698 475 699 460 714 410 717 410 749"/></Shape>
	    <String CONTENT="وهم مشار إليه مناجات كويد"
                    HPOS="410"
                    VPOS="698"
                    WIDTH="377"
                    HEIGHT="86"
                    WC="0.8912769097548264"></String>
          </TextLine>

          
          
          <TextLine ID="eSc_line_26446138"
                    TAGREFS="LT4837"
                    BASELINE="219 832 573 822" 
                    HPOS="216"
                    VPOS="768"
                    WIDTH="357"
                    HEIGHT="84">
            <Shape><Polygon POINTS="219 832 219 852 398 852 398 850 400 850 415 843 421 842 432 843 470 849 471 849 473 849 487 842 491 839 572 838 573 822 566 768 544 787 526 789 492 772 485 769 484 769 482 769 481 769 471 773 459 780 447 776 435 770 433 770 432 770 431 770 429 770 429 772 422 777 417 783 365 796 324 796 312 786 299 775 298 775 296 775 295 775 216 791 219 832"/></Shape>
	    <String CONTENT="که روشن کرده راه و غور تو"
                    HPOS="216"
                    VPOS="768"
                    WIDTH="357"
                    HEIGHT="84"
                    WC="0.916889979839325"></String>
          </TextLine>

          
          
          <TextLine ID="eSc_line_06361717"
                    TAGREFS="LT4837"
                    BASELINE="681 836 876 838" 
                    HPOS="680"
                    VPOS="782"
                    WIDTH="196"
                    HEIGHT="82">
            <Shape><Polygon POINTS="681 836 680 852 729 847 750 857 761 863 762 863 764 863 765 863 766 863 772 859 780 852 799 860 800 860 801 860 803 860 804 860 832 847 846 861 846 863 848 863 849 863 850 864 874 864 876 838 873 782 843 794 807 786 786 782 785 782 783 782 782 782 782 783 776 789 768 797 740 797 733 791 719 782 717 782 716 782 715 782 713 782 681 794 681 836"/></Shape>
	    <String CONTENT="يا وحجت تو"
                    HPOS="680"
                    VPOS="782"
                    WIDTH="196"
                    HEIGHT="82"
                    WC="0.8794991493225097"></String>
          </TextLine>

          
          
          <TextLine ID="eSc_line_5d0ba204"
                    TAGREFS="LT4837"
                    BASELINE="132 899 808 902" 
                    HPOS="131"
                    VPOS="852"
                    WIDTH="677"
                    HEIGHT="72">
            <Shape><Polygon POINTS="132 899 131 910 148 922 149 922 151 922 152 922 153 922 155 922 165 913 174 922 176 922 177 922 179 923 254 923 254 922 256 922 257 922 257 920 267 912 286 919 288 919 289 919 291 919 292 919 292 917 299 912 299 910 302 912 326 922 327 922 328 923 358 923 358 922 359 922 361 922 361 920 368 915 376 922 377 922 379 922 380 923 415 923 415 922 417 922 418 922 418 920 425 915 429 910 467 910 475 916 485 923 487 923 488 923 489 923 517 917 540 912 633 919 635 919 695 912 706 920 708 920 709 920 710 920 712 920 730 913 738 922 738 923 740 923 741 923 743 924 807 924 808 902 808 870 775 868 744 853 743 853 741 853 740 853 702 868 682 853 681 853 680 853 647 853 646 853 645 853 599 868 597 868 575 853 573 853 572 853 541 853 540 853 538 853 537 853 537 854 523 868 522 870 509 870 506 868 471 852 470 852 468 852 467 852 426 867 321 852 303 852 302 852 300 852 299 852 299 853 284 867 282 867 132 867 132 899"/></Shape>
	    <String CONTENT="بيده اسکندر شر رسيدف خود بهدعوت"
                    HPOS="131"
                    VPOS="852"
                    WIDTH="677"
                    HEIGHT="72"
                    WC="0.9460431164310824"></String>
          </TextLine>

          
          
          <TextLine ID="eSc_line_71592843"
                    TAGREFS="LT4837"
                    BASELINE="1007 957 1116 957" 
                    HPOS="1007"
                    VPOS="906"
                    WIDTH="109"
                    HEIGHT="81">
            <Shape><Polygon POINTS="1007 957 1007 976 1053 986 1055 986 1056 986 1065 983 1080 978 1114 987 1116 957 1116 923 1062 906 1060 906 1059 906 1058 906 1007 923 1007 957"/></Shape>
	    <String CONTENT="وحكيم"
                    HPOS="1007"
                    VPOS="906"
                    WIDTH="109"
                    HEIGHT="81"
                    WC="0.9786620736122131"></String>
          </TextLine>

          
          
          <TextLine ID="eSc_line_87c6723a"
                    TAGREFS="LT4837"
                    BASELINE="475 962 743 965" 
                    HPOS="474"
                    VPOS="922"
                    WIDTH="269"
                    HEIGHT="70">
            <Shape><Polygon POINTS="475 962 474 973 509 975 510 976 531 987 533 987 534 987 536 987 537 987 550 978 552 978 579 979 593 980 606 992 607 992 608 992 610 992 652 985 673 992 674 992 675 992 741 987 743 965 737 927 720 938 640 938 625 930 606 922 604 922 603 922 531 933 529 933 527 933 495 922 494 922 492 922 491 922 489 922 475 930 475 962"/></Shape>
	    <String CONTENT="حجت بيان کرده"
                    HPOS="474"
                    VPOS="922"
                    WIDTH="269"
                    HEIGHT="70"
                    WC="0.988596838254195"></String>
          </TextLine>

          
          
          <TextLine ID="eSc_line_be90a7ba"
                    TAGREFS="LT4837"
                    BASELINE="335 1038 543 1035 953 1043" 
                    HPOS="335"
                    VPOS="983"
                    WIDTH="618"
                    HEIGHT="85">
            <Shape><Polygon POINTS="953 1007 876 1006 874 1003 856 989 855 989 853 989 852 989 850 989 817 1001 811 1003 804 1001 789 996 787 996 786 996 785 996 771 1000 752 1004 745 999 731 987 730 987 729 987 727 987 726 987 694 997 671 1003 661 996 649 986 647 986 646 986 645 986 643 986 642 986 631 993 541 985 488 985 487 985 485 985 484 985 480 989 477 990 474 989 470 985 468 985 467 985 466 985 464 985 456 987 432 999 403 986 400 985 398 985 397 985 389 986 349 992 337 983 335 1038 335 1061 384 1049 412 1049 431 1061 432 1061 433 1061 435 1061 436 1061 438 1061 447 1054 456 1061 457 1063 459 1063 460 1063 461 1063 473 1060 519 1050 561 1060 569 1061 571 1061 572 1061 573 1061 575 1060 586 1052 621 1052 640 1059 656 1066 657 1066 659 1066 660 1066 685 1059 691 1057 694 1059 701 1066 702 1066 703 1066 748 1067 750 1067 751 1067 752 1067 761 1059 780 1067 782 1067 783 1067 785 1067 808 1059 817 1067 818 1067 820 1067 869 1068 870 1068 871 1068 873 1068 873 1067 884 1057 885 1056 950 1056 953 1043 953 1007"/></Shape>
	    <String CONTENT="مسلمانی مشهه شد مرا زان شهد در عالم"
                    HPOS="335"
                    VPOS="983"
                    WIDTH="618"
                    HEIGHT="85"
                    WC="0.9423175879887172"></String>
          </TextLine>

          
          
          <TextLine ID="eSc_line_41c51158"
                    TAGREFS="LT4837"
                    BASELINE="326 1103 951 1112" 
                    HPOS="324"
                    VPOS="1060"
                    WIDTH="627"
                    HEIGHT="83">
            <Shape><Polygon POINTS="326 1103 324 1120 358 1120 366 1127 366 1129 368 1129 369 1129 370 1129 421 1120 425 1120 447 1137 449 1137 450 1137 452 1137 453 1137 489 1127 499 1136 499 1137 501 1137 502 1137 541 1138 543 1138 544 1138 545 1138 561 1126 594 1124 635 1137 636 1137 638 1137 639 1137 656 1129 688 1140 689 1140 752 1141 754 1143 843 1143 843 1141 845 1141 878 1127 904 1134 905 1134 906 1134 950 1126 951 1112 950 1078 762 1080 757 1077 741 1070 740 1070 738 1070 737 1070 722 1077 719 1078 712 1077 652 1064 650 1064 649 1064 647 1064 647 1066 635 1077 633 1078 612 1078 611 1077 580 1063 579 1063 533 1061 531 1061 530 1061 529 1061 516 1071 499 1061 498 1061 496 1061 495 1061 453 1075 431 1060 429 1060 428 1060 370 1060 369 1060 368 1060 366 1060 366 1061 361 1067 345 1060 344 1060 342 1060 341 1060 340 1060 326 1071 326 1103"/></Shape>
	    <String CONTENT="کهو بدرهيری عالی به عالم باب مولانا"
                    HPOS="324"
                    VPOS="1060"
                    WIDTH="627"
                    HEIGHT="83"
                    WC="0.8893546342849732"></String>
          </TextLine>

          
          
          <TextLine ID="eSc_line_2a143919"
                    TAGREFS="LT4837"
                    BASELINE="489 1178 678 1180" 
                    HPOS="488"
                    VPOS="1127"
                    WIDTH="190"
                    HEIGHT="84">
            <Shape><Polygon POINTS="489 1178 488 1194 515 1207 516 1207 517 1207 519 1207 520 1207 534 1199 559 1207 561 1207 562 1207 564 1207 583 1201 592 1200 596 1203 603 1210 604 1210 606 1210 607 1211 677 1211 678 1180 678 1144 632 1134 631 1134 629 1134 599 1143 580 1127 579 1127 578 1127 545 1127 544 1127 543 1127 541 1127 522 1143 489 1143 489 1178"/></Shape>
	    <String CONTENT="حواب تصير گويد"
                    HPOS="488"
                    VPOS="1127"
                    WIDTH="190"
                    HEIGHT="84"
                    WC="0.8907156182186944"></String>
          </TextLine>

          
          
          <TextLine ID="eSc_line_825fd423"
                    TAGREFS="LT4837"
                    BASELINE="121 1243 578 1246" 
                    HPOS="121"
                    VPOS="1185"
                    WIDTH="457"
                    HEIGHT="81">
            <Shape><Polygon POINTS="121 1243 121 1262 144 1256 162 1263 167 1264 169 1264 170 1264 172 1264 176 1263 188 1256 223 1263 233 1264 235 1264 236 1264 239 1263 256 1256 263 1263 263 1264 264 1264 265 1264 267 1264 277 1263 319 1257 372 1264 386 1266 387 1266 389 1266 391 1264 407 1257 440 1264 442 1264 491 1257 522 1266 523 1266 524 1266 526 1266 527 1266 529 1266 548 1257 573 1266 578 1246 578 1200 551 1189 550 1189 548 1189 516 1194 505 1186 505 1185 503 1185 502 1185 445 1185 443 1185 442 1185 440 1185 414 1204 412 1206 403 1204 369 1199 368 1199 366 1199 365 1199 365 1200 359 1206 354 1210 330 1210 324 1206 313 1199 312 1199 310 1199 309 1199 307 1199 285 1206 267 1190 267 1189 265 1189 264 1189 263 1189 261 1189 260 1189 260 1190 240 1207 239 1208 235 1207 177 1194 176 1194 174 1194 121 1208 121 1243"/></Shape>
	    <String CONTENT="به علم زنده كند جمله را به ميراند"
                    HPOS="121"
                    VPOS="1185"
                    WIDTH="457"
                    HEIGHT="81"
                    WC="0.9213827938744517"></String>
          </TextLine>

          
          
          <TextLine ID="eSc_line_963cf280"
                    TAGREFS="LT4837"
                    BASELINE="643 1260 950 1270" 
                    HPOS="642"
                    VPOS="1199"
                    WIDTH="308"
                    HEIGHT="96">
            <Shape><Polygon POINTS="643 1260 642 1273 713 1271 730 1281 741 1288 743 1288 744 1288 775 1290 776 1290 778 1290 789 1284 799 1278 860 1276 902 1291 909 1294 911 1294 912 1295 948 1295 950 1270 950 1225 940 1217 939 1217 937 1217 936 1217 934 1217 901 1225 873 1204 871 1204 870 1204 832 1203 831 1203 829 1203 828 1203 814 1213 769 1211 768 1211 766 1211 745 1221 744 1221 743 1221 688 1199 687 1199 685 1199 684 1199 682 1199 682 1200 663 1218 661 1218 643 1218 643 1260"/></Shape>
	    <String CONTENT="دل او حجتش دميد ان که"
                    HPOS="642"
                    VPOS="1199"
                    WIDTH="308"
                    HEIGHT="96"
                    WC="0.8648615053721836"></String>
          </TextLine>

          
          
          <TextLine ID="eSc_line_33a600dd"
                    TAGREFS="LT4837"
                    BASELINE="125 1308 572 1316" 
                    HPOS="124"
                    VPOS="1253"
                    WIDTH="448"
                    HEIGHT="87">
            <Shape><Polygon POINTS="125 1308 124 1318 180 1319 181 1320 197 1333 198 1333 200 1333 201 1333 202 1333 204 1333 209 1327 228 1334 229 1334 230 1334 232 1334 233 1334 247 1325 261 1332 263 1332 264 1332 265 1332 285 1326 289 1325 291 1326 303 1336 305 1336 306 1336 380 1337 382 1337 383 1337 397 1332 411 1325 418 1332 419 1333 419 1334 421 1334 422 1334 424 1334 425 1334 429 1333 446 1326 454 1334 456 1334 457 1334 459 1334 460 1334 461 1334 474 1327 485 1336 487 1337 488 1337 489 1337 491 1337 492 1337 495 1336 508 1329 515 1337 517 1339 517 1340 519 1340 520 1340 522 1340 571 1339 572 1316 572 1260 523 1260 522 1260 520 1260 519 1260 519 1262 502 1278 460 1262 450 1259 449 1259 447 1259 446 1259 445 1259 439 1263 424 1273 369 1267 368 1267 366 1267 348 1276 279 1274 267 1267 244 1255 243 1255 242 1255 204 1263 172 1253 170 1253 169 1253 167 1253 166 1253 166 1255 149 1270 148 1271 125 1271 125 1308"/></Shape>
	    <String CONTENT="سر آنکه مرده جهل است زنده گرداند"
                    HPOS="124"
                    VPOS="1253"
                    WIDTH="448"
                    HEIGHT="87"
                    WC="0.9028103911515438"></String>
          </TextLine>

          
          
          <TextLine ID="eSc_line_9cbf87b0"
                    TAGREFS="LT4837"
                    BASELINE="650 1329 803 1332" 
                    HPOS="649"
                    VPOS="1280"
                    WIDTH="154"
                    HEIGHT="72">
            <Shape><Polygon POINTS="650 1329 649 1341 667 1351 668 1351 670 1351 671 1351 698 1341 724 1352 726 1352 727 1352 801 1340 803 1332 803 1288 775 1281 773 1281 772 1281 771 1281 741 1288 736 1290 730 1288 705 1280 703 1280 702 1280 650 1287 650 1329"/></Shape>
	    <String CONTENT="ندت خود"
                    HPOS="649"
                    VPOS="1280"
                    WIDTH="154"
                    HEIGHT="72"
                    WC="0.9506048389843532"></String>
          </TextLine>

          
          
          <TextLine ID="eSc_line_2b09eaae"
                    TAGREFS="LT4837"
                    BASELINE="127 1386 582 1386" 
                    HPOS="127"
                    VPOS="1334"
                    WIDTH="455"
                    HEIGHT="76">
            <Shape><Polygon POINTS="127 1386 127 1393 202 1393 236 1408 237 1408 239 1410 291 1410 291 1408 292 1408 293 1408 316 1393 351 1406 352 1406 354 1406 355 1406 377 1399 390 1408 391 1408 393 1408 394 1410 428 1410 428 1408 429 1408 431 1408 454 1393 456 1393 468 1393 470 1393 487 1408 488 1408 489 1408 491 1410 515 1410 515 1408 516 1408 517 1408 534 1393 536 1393 580 1393 582 1386 582 1340 541 1334 540 1334 538 1334 517 1341 494 1350 487 1343 478 1336 478 1334 477 1334 475 1334 453 1334 452 1334 450 1334 449 1334 438 1344 425 1354 412 1345 400 1336 398 1336 397 1336 396 1336 394 1336 393 1336 380 1345 377 1348 373 1347 347 1334 345 1334 344 1334 342 1334 341 1334 341 1336 328 1348 321 1355 250 1355 246 1351 232 1337 232 1336 230 1336 229 1336 228 1336 226 1336 209 1341 190 1334 188 1334 187 1334 186 1334 184 1334 153 1354 152 1355 127 1355 127 1386"/></Shape>
	    <String CONTENT="به تخت مملکت سرمديش بنشاند"
                    HPOS="127"
                    VPOS="1334"
                    WIDTH="455"
                    HEIGHT="76"
                    WC="0.9229058955724423"></String>
          </TextLine>

          
          
          <TextLine ID="eSc_line_5b17745a"
                    TAGREFS="LT4837"
                    BASELINE="635 1393 943 1400" 
                    HPOS="633"
                    VPOS="1347"
                    WIDTH="310"
                    HEIGHT="73">
            <Shape><Polygon POINTS="635 1393 633 1401 695 1418 696 1418 698 1418 748 1411 800 1420 801 1420 803 1420 804 1420 804 1418 815 1407 834 1417 835 1417 836 1417 838 1417 839 1417 839 1415 848 1408 891 1417 892 1417 894 1417 895 1417 895 1415 902 1410 940 1410 943 1400 943 1365 916 1352 915 1352 913 1352 843 1362 842 1362 822 1350 821 1350 820 1350 818 1350 817 1350 776 1361 775 1361 747 1361 716 1359 687 1347 685 1347 684 1347 635 1357 635 1393"/></Shape>
	    <String CONTENT="شود از ندای دعوت او"
                    HPOS="633"
                    VPOS="1347"
                    WIDTH="310"
                    HEIGHT="73"
                    WC="0.9102926066047267"></String>
          </TextLine>

          
          
          <TextLine ID="eSc_line_3dd1f91f"
                    TAGREFS="LT4837"
                    BASELINE="1002 1404 1087 1410" 
                    HPOS="1000"
                    VPOS="1345"
                    WIDTH="88"
                    HEIGHT="84">
            <Shape><Polygon POINTS="1002 1404 1000 1413 1034 1413 1042 1422 1044 1422 1044 1424 1045 1424 1046 1424 1084 1429 1087 1410 1088 1369 1053 1357 1052 1357 1051 1357 1049 1357 1046 1358 1038 1362 1004 1345 1002 1404"/></Shape>
	    <String CONTENT=""
                    HPOS="1000"
                    VPOS="1345"
                    WIDTH="88"
                    HEIGHT="84"></String>
          </TextLine>

          
          
          <TextLine ID="eSc_line_c5db4155"
                    TAGREFS="LT4837"
                    BASELINE="130 1466 582 1462" 
                    HPOS="128"
                    VPOS="1415"
                    WIDTH="454"
                    HEIGHT="75">
            <Shape><Polygon POINTS="130 1466 130 1476 215 1483 216 1483 218 1483 233 1476 243 1485 243 1487 244 1487 246 1487 277 1490 278 1490 279 1490 312 1476 314 1474 317 1476 348 1488 349 1488 417 1490 418 1490 419 1490 421 1490 421 1488 433 1476 454 1488 456 1488 457 1488 459 1488 506 1487 508 1487 509 1487 523 1474 524 1473 527 1474 559 1487 561 1487 562 1487 564 1487 565 1487 582 1474 582 1462 580 1432 516 1415 515 1415 513 1415 512 1415 510 1415 488 1431 459 1420 457 1420 456 1420 454 1420 415 1432 380 1424 379 1424 377 1424 376 1424 355 1431 328 1417 327 1417 326 1417 324 1417 295 1432 260 1420 258 1420 257 1420 256 1420 254 1420 243 1429 214 1418 212 1418 163 1418 162 1418 160 1418 159 1418 159 1420 144 1435 128 1435 130 1466"/></Shape>
	    <String CONTENT="به آلش عدم جاودان بسور زاند"
                    HPOS="128"
                    VPOS="1415"
                    WIDTH="454"
                    HEIGHT="75"
                    WC="0.9356510245374271"></String>
          </TextLine>

          
          
          <TextLine ID="eSc_line_9798a344"
                    TAGREFS="LT4837"
                    BASELINE="643 1466 995 1477 1094 1471" 
                    HPOS="642"
                    VPOS="1413"
                    WIDTH="452"
                    HEIGHT="82">
            <Shape><Polygon POINTS="643 1466 642 1473 691 1474 703 1484 705 1484 706 1484 708 1484 778 1478 789 1487 789 1488 790 1488 792 1488 793 1488 909 1483 925 1492 926 1492 927 1492 929 1492 1014 1484 1037 1495 1038 1495 1039 1495 1093 1484 1094 1471 1088 1424 1072 1435 1028 1422 1027 1422 1025 1422 1024 1422 1023 1422 1021 1422 990 1445 941 1445 874 1427 873 1427 871 1427 870 1427 832 1439 783 1422 782 1422 780 1422 779 1422 755 1429 740 1417 740 1415 738 1415 737 1415 710 1414 699 1414 698 1414 696 1414 695 1414 680 1424 667 1414 667 1413 666 1413 664 1413 643 1413 643 1466"/></Shape>
	    <String CONTENT="ده بمايد پر وز بعث او را"
                    HPOS="642"
                    VPOS="1413"
                    WIDTH="452"
                    HEIGHT="82"
                    WC="0.9443026011188825"></String>
          </TextLine>

          
          
          <TextLine ID="eSc_line_bfbdcc97"
                    TAGREFS="LT4837"
                    BASELINE="628 1547 933 1551 1013 1539 1090 1534" 
                    HPOS="626"
                    VPOS="1498"
                    WIDTH="464"
                    HEIGHT="76">
            <Shape><Polygon POINTS="1076 1501 1062 1511 1034 1511 1028 1506 1018 1508 1004 1511 992 1511 992 1512 990 1512 976 1536 969 1512 953 1512 944 1502 940 1499 940 1498 939 1498 937 1498 936 1498 908 1504 892 1506 881 1504 867 1501 866 1501 864 1501 863 1501 862 1501 856 1505 849 1509 834 1505 801 1498 800 1498 799 1498 797 1498 786 1506 782 1511 773 1508 754 1499 752 1499 751 1499 750 1499 748 1499 734 1509 731 1511 723 1509 702 1504 701 1504 699 1504 698 1504 685 1511 684 1511 682 1511 656 1498 654 1498 653 1498 652 1498 626 1509 628 1547 628 1554 667 1572 668 1572 771 1574 772 1574 773 1574 775 1574 792 1562 806 1574 807 1574 808 1574 810 1574 811 1574 813 1574 828 1560 849 1565 850 1565 852 1565 853 1565 869 1558 894 1574 895 1574 897 1574 898 1574 899 1574 919 1567 964 1574 965 1574 967 1574 968 1574 993 1554 1088 1554 1090 1534 1083 1499 1076 1501"/></Shape>
	    <String CONTENT="ندگى او دري جهان اين بو"
                    HPOS="626"
                    VPOS="1498"
                    WIDTH="464"
                    HEIGHT="76"
                    WC="0.9472417598185332"></String>
          </TextLine>

          
        </TextBlock>
        
        <TextBlock HPOS="554"
                   VPOS="67"
                   WIDTH="120"
                   HEIGHT="77"
                   ID="eSc_textblock_dd16b37d"
                   TAGREFS="BT16093">
          <Shape><Polygon POINTS="587 67 674 83 674 121 646 144 565 132 554 89 587 67"/></Shape>
          
          
          <TextLine ID="eSc_line_8685553a"
                    TAGREFS="LT4837"
                    BASELINE="579 107 659 103" 
                    HPOS="576"
                    VPOS="76"
                    WIDTH="83"
                    HEIGHT="56">
            <Shape><Polygon POINTS="646 78 639 76 576 82 579 107 579 125 597 132 599 132 600 132 659 128 659 103 654 78 646 78"/></Shape>
	    <String CONTENT=""
                    HPOS="576"
                    VPOS="76"
                    WIDTH="83"
                    HEIGHT="56"></String>
          </TextLine>

          
        </TextBlock>
        
        <TextBlock HPOS="967"
                   VPOS="1567"
                   WIDTH="110"
                   HEIGHT="60"
                   ID="eSc_textblock_1d5021fe"
                   TAGREFS="BT16090">
          <Shape><Polygon POINTS="983 1567 1066 1572 1077 1610 1066 1627 995 1616 967 1593 983 1567"/></Shape>
          
          
          <TextLine ID="eSc_line_6ed60cfa"
                    TAGREFS="LT4837"
                    BASELINE="999 1604 1076 1604" 
                    HPOS="999"
                    VPOS="1569"
                    WIDTH="77"
                    HEIGHT="65">
            <Shape><Polygon POINTS="1069 1589 1059 1575 1035 1569 1034 1569 1032 1569 999 1574 999 1604 999 1621 1074 1634 1076 1604 1074 1600 1069 1589"/></Shape>
	    <String CONTENT="شال"
                    HPOS="999"
                    VPOS="1569"
                    WIDTH="77"
                    HEIGHT="65"
                    WC="0.8907941381136576"></String>
          </TextLine>

          
        </TextBlock>
        
        <TextBlock HPOS="1028"
                   VPOS="1561"
                   WIDTH="66"
                   HEIGHT="71"
                   ID="eSc_textblock_3d0e88c1"
                   TAGREFS="BT16089">
          <Shape><Polygon POINTS="1080 1561 1094 1593 1056 1632 1028 1572 1080 1561"/></Shape>
          
        </TextBlock>
        
        <TextBlock HPOS="647"
                   VPOS="1527"
                   WIDTH="21"
                   HEIGHT="5"
                   ID="eSc_textblock_caf0c290"
                   TAGREFS="BT16092">
          <Shape><Polygon POINTS="649 1527 668 1527 668 1532 647 1532 649 1527"/></Shape>
          
        </TextBlock>
        
        <TextBlock HPOS="1090"
                   VPOS="1516"
                   WIDTH="4"
                   HEIGHT="4"
                   ID="eSc_textblock_036406d3"
                   TAGREFS="BT16089">
          <Shape><Polygon POINTS="1091 1516 1094 1516 1094 1520 1090 1520 1091 1516"/></Shape>
          
        </TextBlock>
        
        <TextBlock HPOS="967"
                   VPOS="1516"
                   WIDTH="43"
                   HEIGHT="27"
                   ID="eSc_textblock_184b4dc6"
                   TAGREFS="BT16092">
          <Shape><Polygon POINTS="969 1516 1004 1516 1010 1537 967 1543 969 1516"/></Shape>
          
        </TextBlock>
        
        <TextBlock HPOS="961"
                   VPOS="1572"
                   WIDTH="66"
                   HEIGHT="44"
                   ID="eSc_textblock_8db36546"
                   TAGREFS="BT16092">
          <Shape><Polygon POINTS="964 1572 1016 1578 1027 1604 961 1616 964 1572"/></Shape>
          
        </TextBlock>
        

        
      </PrintSpace>
    </Page>
  </Layout>
</alto>
