<?xml version="1.0" encoding="UTF-8"?>
<alto xmlns:xsi="http://www.w3.org/2001/XMLSchema-instance"
      xmlns="http://www.loc.gov/standards/alto/ns-v4#"
      xsi:schemaLocation="http://www.loc.gov/standards/alto/ns-v4# http://www.loc.gov/standards/alto/v4/alto-4-2.xsd">
  <Description>
    <MeasurementUnit>pixel</MeasurementUnit>
    <sourceImageInformation>
      <fileName>Rasail010.jpg</fileName>
      
    </sourceImageInformation>
  </Description>
  
  <Tags>
    <OtherTag ID="BT16094" LABEL="default" DESCRIPTION="block type default"/><OtherTag ID="BT16093" LABEL="NumberingZone:page" DESCRIPTION="block type NumberingZone:page"/><OtherTag ID="BT16092" LABEL="MarginTextZone:note" DESCRIPTION="block type MarginTextZone:note"/><OtherTag ID="BT16091" LABEL="TitlePageZone" DESCRIPTION="block type TitlePageZone"/><OtherTag ID="BT16090" LABEL="QuireMarksZone:catchwords" DESCRIPTION="block type QuireMarksZone:catchwords"/><OtherTag ID="BT16089" LABEL="NumberingZone:other" DESCRIPTION="block type NumberingZone:other"/><OtherTag ID="BT16088" LABEL="NumberingZone" DESCRIPTION="block type NumberingZone"/><OtherTag ID="BT16087" LABEL="MarginTextZone" DESCRIPTION="block type MarginTextZone"/><OtherTag ID="BT16086" LABEL="MainZone" DESCRIPTION="block type MainZone"/><OtherTag ID="BT16085" LABEL="DigitizationArtefactZone" DESCRIPTION="block type DigitizationArtefactZone"/><OtherTag ID="BT2" LABEL="Main" DESCRIPTION="block type Main"/><OtherTag ID="BT1" LABEL="Title" DESCRIPTION="block type Title"/>
    <OtherTag ID="LT4837" LABEL="DefaultLine" DESCRIPTION="line type DefaultLine"/><OtherTag ID="LT4838" LABEL="default" DESCRIPTION="line type default"/><OtherTag ID="LT4839" LABEL="HeadingLine:title" DESCRIPTION="line type HeadingLine:title"/>
  </Tags>
  
  <Layout>
    <Page WIDTH="1200"
          HEIGHT="1846"
          PHYSICAL_IMG_NR="38"
          ID="eSc_dummypage_">
      <PrintSpace HPOS="0"
                  VPOS="0"
                  WIDTH="1200"
                  HEIGHT="1846">
        
        <TextBlock HPOS="110"
                   VPOS="178"
                   WIDTH="990"
                   HEIGHT="1611"
                   ID="eSc_textblock_62576327"
                   TAGREFS="BT16086">
          <Shape><Polygon POINTS="153 178 890 178 1081 203 1100 1690 1063 1770 989 1789 141 1789 110 1764 123 356 153 178"/></Shape>
          
          
          <TextLine ID="eSc_line_376f5c75"
                    TAGREFS="LT4837"
                    BASELINE="138 253 1058 244" 
                    HPOS="136"
                    VPOS="192"
                    WIDTH="922"
                    HEIGHT="87">
            <Shape><Polygon POINTS="136 243 138 253 138 266 158 279 160 279 161 279 163 279 164 279 193 266 246 266 261 276 263 276 264 276 266 276 267 276 290 264 303 272 304 272 306 272 307 272 389 266 435 278 436 278 438 278 440 278 463 269 473 276 475 276 476 276 478 278 596 278 596 276 598 276 652 261 696 261 715 273 716 273 718 273 720 273 721 273 770 259 784 272 784 273 786 273 787 273 789 273 790 273 818 259 846 259 898 273 900 273 901 273 903 273 904 273 904 272 916 263 929 272 930 272 932 272 933 272 990 259 1010 270 1012 270 1013 270 1015 270 1058 255 1058 244 1055 213 1010 212 989 192 987 192 986 192 944 192 943 192 941 192 892 212 872 193 870 193 869 193 823 193 821 193 820 193 798 206 784 193 783 193 781 193 750 193 749 193 747 193 692 215 644 195 643 195 596 195 595 195 575 196 573 196 572 196 572 198 552 216 496 196 495 196 493 196 492 196 440 218 438 218 427 218 289 212 287 212 286 212 269 219 249 201 249 199 247 199 246 199 244 199 243 199 241 199 218 215 200 199 198 199 196 199 195 199 193 199 192 199 192 201 176 215 170 210 169 210 167 210 166 210 164 210 143 218 136 243"/></Shape>
	    <String CONTENT="وأمثال أين انكته كفة أبد عقل كل بينج حرف است ميتواند بو"
                    HPOS="136"
                    VPOS="192"
                    WIDTH="922"
                    HEIGHT="87"
                    WC="0.8782315151444797"></String>
          </TextLine>

          
          
          <TextLine ID="eSc_line_2c6ed58f"
                    TAGREFS="LT4837"
                    BASELINE="136 336 1063 329" 
                    HPOS="135"
                    VPOS="281"
                    WIDTH="928"
                    HEIGHT="78">
            <Shape><Polygon POINTS="136 336 136 346 161 358 163 358 164 358 166 358 193 349 209 358 210 358 212 358 213 358 215 358 216 358 230 347 243 358 244 358 246 358 247 359 320 359 320 358 321 358 323 358 332 350 400 356 401 356 403 356 435 343 463 353 464 353 466 353 527 341 736 349 738 349 740 349 776 339 790 352 790 353 792 353 793 353 795 353 864 341 881 352 883 352 884 352 886 353 938 353 938 352 940 352 967 338 1036 352 1038 352 1040 352 1041 352 1063 336 1063 329 1055 281 1032 301 975 301 956 284 953 281 952 281 950 281 913 281 912 281 910 281 893 286 884 289 866 287 820 283 818 283 816 283 815 283 807 289 801 295 795 289 787 284 786 284 784 284 735 283 733 283 732 283 730 283 715 292 704 298 695 292 693 292 692 292 690 292 689 292 686 292 649 303 633 293 623 287 621 287 620 287 618 287 616 287 600 295 584 303 569 296 541 284 540 284 538 284 536 284 510 298 504 301 484 298 436 292 435 292 433 292 432 292 423 299 416 306 341 306 336 303 310 292 309 292 307 292 306 292 304 292 289 303 241 287 240 287 238 287 236 287 235 287 207 306 166 292 164 292 163 292 161 292 160 292 135 304 136 336"/></Shape>
	    <String CONTENT="که در عالم معقول اشارت دارند بخدود حمر علوی که آن"
                    HPOS="135"
                    VPOS="281"
                    WIDTH="928"
                    HEIGHT="78"
                    WC="0.9298145234584808"></String>
          </TextLine>

          
          
          <TextLine ID="eSc_line_147633e7"
                    TAGREFS="LT4837"
                    BASELINE="144 423 833 404 1058 407" 
                    HPOS="141"
                    VPOS="356"
                    WIDTH="917"
                    HEIGHT="93">
            <Shape><Polygon POINTS="144 423 144 432 198 449 200 449 201 449 203 449 204 449 204 447 216 436 269 444 270 444 272 444 273 444 296 429 298 429 310 429 332 429 349 444 350 444 352 444 353 446 407 446 407 444 409 444 410 444 421 436 489 441 490 441 492 441 493 441 493 439 509 424 509 423 547 423 549 423 581 439 583 439 584 439 586 439 587 439 613 423 615 421 620 421 647 429 649 429 650 429 720 419 723 419 724 419 744 436 746 436 747 436 749 436 784 435 786 435 787 435 815 418 818 416 895 416 956 416 972 429 972 430 973 430 975 430 976 432 1015 432 1015 430 1016 430 1058 412 1058 407 1056 369 1021 356 1020 356 1018 356 1016 356 1015 356 1015 358 1001 370 952 361 950 361 949 361 947 361 933 372 932 372 916 359 915 359 913 359 912 359 910 359 873 372 867 373 863 372 836 359 835 359 833 359 832 359 830 359 810 372 804 376 733 376 723 373 695 363 693 363 692 363 690 363 669 373 661 378 647 373 613 364 612 364 610 364 609 364 572 375 569 375 560 375 478 367 476 367 475 367 473 367 464 375 461 378 453 376 432 369 430 369 429 369 427 369 426 369 416 376 404 386 315 386 307 376 303 373 303 372 301 372 300 372 276 372 275 372 273 372 272 372 266 378 255 387 226 378 215 375 213 375 212 375 141 378 144 423"/></Shape>
	    <String CONTENT="عقل است و نفس وجد و فتح و خيال برين وچه که عين"
                    HPOS="141"
                    VPOS="356"
                    WIDTH="917"
                    HEIGHT="93"
                    WC="0.9245786031951075"></String>
          </TextLine>

          
          
          <TextLine ID="eSc_line_6b21f555"
                    TAGREFS="LT4837"
                    BASELINE="141 504 713 486 1063 487" 
                    HPOS="140"
                    VPOS="436"
                    WIDTH="923"
                    HEIGHT="90">
            <Shape><Polygon POINTS="141 504 141 523 167 526 169 526 170 526 180 523 198 513 206 521 209 523 209 524 210 524 212 524 213 526 244 526 244 524 246 524 247 524 247 523 250 519 255 515 264 519 275 524 276 524 278 524 280 524 292 518 310 510 329 518 344 523 346 523 347 523 349 523 361 516 375 509 395 515 413 521 415 521 416 521 450 513 486 506 512 512 536 516 538 516 540 516 541 516 549 510 552 507 556 510 569 516 570 516 572 516 573 516 575 516 586 509 595 504 604 509 618 515 620 515 621 515 623 515 624 515 624 513 630 507 635 501 761 499 810 499 812 503 820 509 820 510 821 510 823 510 824 510 921 509 923 509 924 509 924 507 932 501 938 507 938 509 940 509 941 509 943 509 1027 507 1029 507 1030 507 1030 506 1041 495 1061 495 1063 487 1060 447 916 453 904 447 895 441 893 441 892 441 890 441 889 441 864 447 835 455 826 447 812 436 810 436 809 436 807 436 806 436 804 436 789 447 780 453 772 447 763 439 761 439 760 439 758 439 756 439 736 446 712 438 710 438 709 438 707 438 706 438 692 449 681 455 672 449 664 441 663 441 661 441 621 439 620 439 618 439 596 449 589 452 555 452 553 452 552 452 550 452 550 453 540 463 447 456 446 456 444 456 443 456 433 464 410 450 404 446 403 446 401 446 369 446 367 446 366 446 364 446 364 447 361 450 353 456 321 450 310 449 309 449 307 449 306 449 304 450 284 466 263 450 261 449 260 449 258 449 256 449 244 450 206 458 196 450 195 450 193 450 192 450 140 450 141 504"/></Shape>
	    <String CONTENT="مبانيت ذانی دارد از سائر صروف و در اول واقع"
                    HPOS="140"
                    VPOS="436"
                    WIDTH="923"
                    HEIGHT="90"
                    WC="0.9325544847683473"></String>
          </TextLine>

          
          
          <TextLine ID="eSc_line_2452d3b3"
                    TAGREFS="LT4837"
                    BASELINE="141 586 778 566 1058 569" 
                    HPOS="140"
                    VPOS="518"
                    WIDTH="918"
                    HEIGHT="88">
            <Shape><Polygon POINTS="141 586 141 598 166 595 173 599 180 604 181 604 183 604 241 606 243 606 244 606 246 606 260 596 261 596 263 596 293 604 295 604 296 604 298 604 300 604 310 595 315 590 341 590 353 593 378 603 380 603 381 603 492 599 493 599 495 599 507 590 549 596 550 596 552 596 583 587 596 584 612 587 660 595 661 595 663 595 664 595 664 593 673 584 675 581 760 581 763 583 778 589 780 589 781 589 783 589 784 589 784 587 790 581 792 581 804 581 878 584 880 584 881 584 883 584 890 578 895 576 904 578 953 589 955 589 956 589 958 589 958 587 967 579 1015 587 1016 587 1018 587 1058 573 1058 569 1056 533 975 533 961 521 961 519 960 519 958 519 956 519 955 519 926 533 901 518 900 518 898 518 896 518 895 518 864 532 850 519 849 519 847 519 846 519 844 519 843 519 835 526 767 518 766 518 764 518 763 518 763 519 744 538 716 526 715 526 713 526 712 526 684 541 647 521 646 521 644 521 643 521 604 543 583 544 572 544 570 544 524 524 523 524 521 524 452 526 450 526 449 526 435 536 398 527 396 527 395 527 393 527 392 527 392 529 390 529 375 547 369 541 369 539 367 539 366 539 364 539 363 539 341 547 332 538 330 538 329 538 327 538 326 538 312 544 261 530 260 530 258 530 256 530 218 549 176 541 175 541 173 541 140 552 141 586"/></Shape>
	    <String CONTENT="شده است اشارت باشد به عقل کلکه مياين گلی موجو"
                    HPOS="140"
                    VPOS="518"
                    WIDTH="918"
                    HEIGHT="88"
                    WC="0.9420300708876715"></String>
          </TextLine>

          
          
          <TextLine ID="eSc_line_708d3c83"
                    TAGREFS="LT4837"
                    BASELINE="135 658 729 650 1063 655" 
                    HPOS="133"
                    VPOS="606"
                    WIDTH="930"
                    HEIGHT="77">
            <Shape><Polygon POINTS="135 658 135 670 144 679 144 681 146 681 147 681 149 681 193 672 206 679 207 679 209 679 210 679 240 673 250 681 252 681 253 681 255 683 344 683 344 681 346 681 347 681 367 667 406 673 407 673 503 666 527 675 529 675 530 675 532 675 552 666 590 673 592 673 593 673 618 664 643 676 644 676 646 676 647 676 649 676 669 664 670 664 723 672 724 672 726 672 740 664 750 673 752 673 753 673 840 678 841 678 843 678 904 663 983 676 984 676 1044 673 1046 673 1047 673 1063 661 1063 655 1061 626 1000 626 987 615 986 615 984 615 983 615 981 615 952 624 936 610 935 610 933 610 932 610 930 610 929 610 912 624 889 606 887 606 886 606 840 606 838 606 836 606 835 606 835 607 823 619 790 619 775 607 773 607 772 607 770 607 769 607 767 607 767 609 753 621 724 607 723 607 604 607 603 607 601 607 563 627 561 629 515 629 513 627 492 613 490 613 489 613 487 613 486 613 449 624 413 615 412 615 410 615 409 615 407 615 392 627 378 616 376 616 375 616 373 616 372 616 370 616 356 626 347 618 347 616 346 616 344 616 343 616 341 616 340 616 340 618 327 629 315 629 293 629 292 629 249 610 247 610 246 610 244 610 196 629 196 630 133 630 135 658"/></Shape>
	    <String CONTENT="ست از جميع وجوه وق حيث است عرضی بقطه مشا"
                    HPOS="133"
                    VPOS="606"
                    WIDTH="930"
                    HEIGHT="77"
                    WC="0.9090426012873649"></String>
          </TextLine>

          
          
          <TextLine ID="eSc_line_59d0684b"
                    TAGREFS="LT4837"
                    BASELINE="138 743 738 730 1056 732" 
                    HPOS="136"
                    VPOS="678"
                    WIDTH="920"
                    HEIGHT="92">
            <Shape><Polygon POINTS="138 743 138 761 149 769 150 769 152 769 153 770 204 770 204 769 206 769 207 769 223 756 226 755 229 756 236 761 238 761 240 761 241 761 260 756 290 749 304 756 316 763 318 763 320 763 321 763 347 756 380 747 389 756 400 764 400 766 401 766 403 766 404 767 446 767 446 766 492 755 529 746 538 755 544 759 544 761 546 761 547 761 600 763 601 763 603 763 604 763 613 755 626 744 778 749 780 749 781 749 783 749 792 741 867 741 895 752 896 752 898 752 900 752 935 744 943 752 949 756 949 758 950 758 952 758 953 758 1056 750 1056 732 1055 698 990 698 941 678 940 678 938 678 936 678 935 678 920 690 893 678 892 678 890 678 889 678 849 699 830 699 818 687 818 686 816 686 815 686 813 686 812 686 810 686 790 698 755 696 740 683 740 681 738 681 736 681 713 681 712 681 710 681 709 681 709 683 690 701 667 690 666 690 664 690 663 690 661 690 647 699 632 687 632 686 630 686 629 686 627 686 626 686 592 704 581 704 543 704 541 704 516 684 515 684 513 684 461 684 460 684 458 684 413 706 403 706 346 706 316 693 315 693 313 693 312 693 286 707 284 707 264 707 243 687 241 687 240 687 238 687 153 689 152 689 150 689 150 690 136 704 138 743"/></Shape>
	    <String CONTENT="دارد اشارت است که متصل به عقل کلاست و از و"
                    HPOS="136"
                    VPOS="678"
                    WIDTH="920"
                    HEIGHT="92"
                    WC="0.8942930755161104"></String>
          </TextLine>

          
          
          <TextLine ID="eSc_line_014d98fb"
                    TAGREFS="LT4837"
                    BASELINE="143 824 661 815 1060 816" 
                    HPOS="141"
                    VPOS="769"
                    WIDTH="919"
                    HEIGHT="78">
            <Shape><Polygon POINTS="143 824 143 839 266 847 267 847 269 847 289 839 306 833 320 839 332 846 333 846 335 846 336 846 350 839 363 835 370 839 380 846 381 846 383 846 384 846 386 846 404 839 432 832 453 838 455 838 456 838 458 838 460 838 460 836 461 836 466 830 603 830 621 839 627 843 629 843 630 843 632 843 633 843 638 839 647 833 673 839 690 843 692 843 693 843 701 839 726 829 749 839 756 843 758 843 760 843 783 839 855 827 880 839 884 841 886 841 887 841 889 841 895 839 915 832 940 839 943 839 944 839 946 839 947 839 949 839 978 826 993 839 995 839 996 839 998 839 1058 838 1060 816 1058 784 1024 784 1010 770 1010 769 1009 769 1007 769 1006 769 953 770 952 770 918 784 816 770 815 770 813 770 812 770 793 784 763 772 761 772 760 772 758 772 723 784 712 775 712 773 710 773 709 773 707 773 610 786 593 773 592 773 590 773 589 773 587 773 560 787 540 775 538 775 536 775 535 775 533 775 532 775 516 789 469 789 452 775 450 775 449 775 416 775 415 775 413 775 383 789 313 783 312 783 310 783 295 790 249 779 247 779 246 779 244 779 244 781 233 792 141 792 143 824"/></Shape>
	    <String CONTENT="جدانه بوده هاين با دون خوداست وازان وجه تعلق و توخه"
                    HPOS="141"
                    VPOS="769"
                    WIDTH="919"
                    HEIGHT="78"
                    WC="0.9065915065653184"></String>
          </TextLine>

          
          
          <TextLine ID="eSc_line_971e3cf3"
                    TAGREFS="LT4837"
                    BASELINE="135 909 684 901 1049 907" 
                    HPOS="133"
                    VPOS="847"
                    WIDTH="916"
                    HEIGHT="82">
            <Shape><Polygon POINTS="135 909 135 924 161 927 163 927 164 927 170 924 192 915 213 924 215 924 216 924 218 924 220 924 226 918 249 924 252 926 253 926 255 926 256 926 258 926 258 924 269 918 276 924 278 926 278 927 280 927 281 927 283 929 312 929 312 927 313 927 321 924 356 912 436 921 438 921 487 910 553 910 576 919 578 919 580 919 581 919 598 910 615 924 615 926 616 926 618 926 620 927 687 927 687 926 689 926 690 926 690 924 706 909 830 909 875 909 903 924 904 924 906 924 950 916 1046 924 1049 907 1047 866 966 866 916 847 915 847 913 847 853 858 810 847 809 847 807 847 775 849 773 849 772 849 772 850 760 861 733 849 732 849 730 849 729 849 687 863 661 849 660 849 658 849 656 849 655 849 627 866 596 849 595 849 563 849 561 849 560 849 529 859 500 852 498 852 496 852 409 867 380 856 378 856 376 856 375 856 373 856 360 867 324 858 323 858 321 858 320 858 304 866 275 850 273 850 272 850 270 850 224 867 180 850 178 850 176 850 175 850 133 867 135 909"/></Shape>
	    <String CONTENT="به خرود خود دارد و معترض مشاهت بوده ول كه ميانيت"
                    HPOS="133"
                    VPOS="847"
                    WIDTH="916"
                    HEIGHT="82"
                    WC="0.9375939580301443"></String>
          </TextLine>

          
          
          <TextLine ID="eSc_line_f35b4bff"
                    TAGREFS="LT4837"
                    BASELINE="133 990 746 978 1056 986" 
                    HPOS="132"
                    VPOS="929"
                    WIDTH="924"
                    HEIGHT="80">
            <Shape><Polygon POINTS="133 990 133 1002 173 1009 175 1009 176 1009 178 1009 187 1002 200 996 332 996 338 1002 343 1006 343 1007 344 1007 346 1007 347 1009 413 1009 413 1007 415 1007 426 1002 450 990 515 998 516 998 580 989 592 1001 595 1002 595 1004 596 1004 598 1004 600 1006 635 1006 635 1004 636 1004 638 1004 638 1002 641 1001 653 989 776 996 778 996 840 986 932 996 933 996 935 996 936 996 946 989 963 999 964 1001 966 1001 967 1001 969 1001 1056 998 1056 986 1053 942 958 942 926 929 924 929 923 929 881 930 880 930 878 930 863 942 793 933 792 933 736 944 710 930 709 930 707 930 706 930 704 930 689 944 678 935 678 933 676 933 675 933 633 932 632 932 630 932 629 932 629 933 618 942 569 932 567 932 566 932 564 932 547 944 533 933 532 933 530 933 529 933 527 933 526 933 509 947 507 949 458 949 458 947 435 933 433 933 432 933 430 933 429 933 427 933 427 935 416 946 389 935 387 935 324 935 323 935 321 935 320 935 300 950 263 950 261 950 247 938 247 936 246 936 244 936 209 936 207 936 206 936 204 936 190 947 169 941 167 941 166 941 164 941 132 949 133 990"/></Shape>
	    <String CONTENT="فاتی دارد از حروف متصلاست به ما فوق خود و منفصل"
                    HPOS="132"
                    VPOS="929"
                    WIDTH="924"
                    HEIGHT="80"
                    WC="0.9160613113261283"></String>
          </TextLine>

          
          
          <TextLine ID="eSc_line_4639ec27"
                    TAGREFS="LT4837"
                    BASELINE="132 1066 656 1058 1056 1061" 
                    HPOS="130"
                    VPOS="1010"
                    WIDTH="926"
                    HEIGHT="72">
            <Shape><Polygon POINTS="132 1066 132 1073 140 1081 141 1081 143 1081 144 1081 198 1072 230 1081 232 1081 233 1082 323 1082 323 1081 324 1081 326 1081 333 1073 364 1081 366 1081 367 1081 369 1081 370 1081 370 1079 378 1072 380 1070 383 1072 392 1078 393 1078 395 1078 396 1078 398 1078 410 1072 415 1069 570 1069 580 1073 589 1079 590 1079 592 1079 593 1079 595 1079 596 1079 603 1073 612 1067 721 1067 735 1075 738 1076 740 1076 741 1076 743 1076 752 1075 773 1070 800 1075 818 1078 820 1078 821 1078 830 1075 860 1066 929 1066 949 1076 950 1076 952 1076 953 1078 1055 1078 1056 1061 1055 1027 903 1027 886 1012 886 1010 884 1010 883 1010 860 1010 858 1010 856 1010 855 1010 855 1012 841 1024 818 1012 816 1012 815 1012 813 1012 776 1024 606 1012 604 1012 520 1015 518 1015 486 1029 460 1018 458 1018 456 1018 455 1018 453 1018 441 1029 380 1013 378 1013 376 1013 375 1013 373 1013 373 1015 356 1030 310 1018 309 1018 307 1018 306 1018 304 1018 290 1030 289 1030 246 1021 244 1021 243 1021 212 1030 160 1022 158 1022 156 1022 130 1029 132 1066"/></Shape>
	    <String CONTENT="ست از بادون خود اشارت دارد به خدکه عبارت است"
                    HPOS="130"
                    VPOS="1010"
                    WIDTH="926"
                    HEIGHT="72"
                    WC="0.9151888476176695"></String>
          </TextLine>

          
          
          <TextLine ID="eSc_line_482bf8b7"
                    TAGREFS="LT4837"
                    BASELINE="135 1150 727 1142 1056 1152" 
                    HPOS="133"
                    VPOS="1086"
                    WIDTH="923"
                    HEIGHT="84">
            <Shape><Polygon POINTS="135 1150 135 1158 150 1169 152 1169 153 1169 155 1169 190 1161 204 1167 206 1167 207 1167 209 1167 230 1156 273 1164 275 1164 276 1164 278 1164 289 1155 330 1169 332 1169 333 1170 383 1170 383 1169 384 1169 386 1169 386 1167 395 1159 443 1166 444 1166 446 1166 467 1155 469 1155 516 1155 549 1155 561 1167 561 1169 563 1169 564 1169 566 1169 567 1169 607 1155 615 1153 706 1155 718 1155 730 1166 732 1166 733 1166 735 1166 736 1166 738 1166 755 1155 760 1153 806 1153 809 1155 820 1166 820 1167 821 1167 823 1167 824 1169 849 1169 849 1167 850 1167 852 1167 866 1155 869 1153 875 1155 907 1167 909 1167 910 1167 912 1167 956 1155 960 1155 961 1155 978 1167 980 1167 981 1167 983 1169 1043 1169 1043 1167 1044 1167 1046 1167 1056 1156 1056 1152 1055 1112 1001 1099 1000 1099 998 1099 996 1099 996 1101 986 1112 915 1112 886 1086 884 1086 883 1086 692 1086 690 1086 689 1086 641 1110 603 1086 601 1086 600 1086 598 1086 596 1086 558 1096 543 1090 541 1090 540 1090 538 1090 536 1090 536 1092 518 1109 492 1112 453 1090 452 1090 450 1090 449 1090 415 1109 386 1095 384 1095 383 1095 381 1095 352 1109 332 1099 330 1099 329 1099 327 1099 326 1099 326 1101 313 1113 240 1113 224 1099 223 1099 221 1099 193 1099 192 1099 190 1099 189 1099 189 1101 175 1113 133 1113 135 1150"/></Shape>
	    <String CONTENT="از تانيد داشی که مبانيت دانی دارد و متصل است بذات"
                    HPOS="133"
                    VPOS="1086"
                    WIDTH="923"
                    HEIGHT="84"
                    WC="0.9081574295248304"></String>
          </TextLine>

          
          
          <TextLine ID="eSc_line_13f2bbd1"
                    TAGREFS="LT4837"
                    BASELINE="146 1233 709 1230 1058 1236" 
                    HPOS="144"
                    VPOS="1173"
                    WIDTH="914"
                    HEIGHT="82">
            <Shape><Polygon POINTS="146 1233 144 1247 161 1253 163 1253 164 1253 166 1253 189 1246 198 1242 201 1246 212 1253 213 1253 215 1253 216 1253 218 1253 250 1246 276 1238 284 1244 292 1252 292 1253 293 1253 295 1253 296 1255 330 1255 330 1253 332 1253 333 1253 344 1244 353 1238 427 1238 433 1244 436 1246 436 1247 438 1247 440 1247 441 1247 443 1247 444 1247 450 1244 460 1238 470 1242 483 1249 484 1249 486 1249 487 1249 501 1242 515 1238 540 1242 572 1249 573 1249 613 1242 638 1238 646 1241 660 1249 661 1249 663 1249 696 1241 712 1238 720 1241 735 1249 736 1249 738 1249 800 1244 809 1252 809 1253 810 1253 812 1253 813 1255 875 1255 875 1253 876 1253 921 1239 926 1238 927 1239 947 1253 949 1253 950 1253 952 1255 1023 1255 1023 1253 1024 1253 1056 1238 1058 1236 1056 1196 970 1196 949 1179 947 1179 946 1179 944 1179 943 1179 893 1195 867 1173 866 1173 864 1173 773 1173 772 1173 770 1173 769 1173 743 1189 710 1173 709 1173 641 1173 640 1173 638 1173 589 1186 558 1173 556 1173 555 1173 553 1173 552 1173 533 1189 513 1179 512 1179 510 1179 476 1184 463 1173 461 1173 460 1173 458 1173 456 1173 404 1193 363 1178 361 1178 360 1178 358 1178 356 1178 335 1195 298 1186 296 1186 295 1186 213 1195 200 1186 198 1186 196 1186 195 1186 146 1195 146 1233"/></Shape>
	    <String CONTENT="عقل و نفس چه فيض ازيشان بموجودات دانمی است و"
                    HPOS="144"
                    VPOS="1173"
                    WIDTH="914"
                    HEIGHT="82"
                    WC="0.9177372780713168"></String>
          </TextLine>

          
          
          <TextLine ID="eSc_line_dc8fd3ee"
                    TAGREFS="LT4837"
                    BASELINE="140 1330 629 1310 1055 1318" 
                    HPOS="138"
                    VPOS="1250"
                    WIDTH="917"
                    HEIGHT="96">
            <Shape><Polygon POINTS="140 1330 140 1339 209 1346 210 1346 212 1346 232 1338 255 1329 273 1338 287 1344 289 1344 290 1344 372 1342 373 1342 375 1342 375 1341 383 1335 392 1326 429 1333 444 1336 446 1336 447 1336 449 1336 453 1333 469 1322 492 1332 503 1336 504 1336 506 1336 507 1336 520 1332 546 1321 616 1321 633 1329 644 1336 646 1336 647 1336 649 1336 650 1336 652 1336 652 1335 660 1329 670 1318 736 1318 804 1318 823 1326 829 1327 830 1327 832 1327 850 1324 881 1319 887 1324 903 1335 904 1335 906 1335 907 1335 966 1326 1013 1333 1015 1333 1016 1333 1055 1319 1055 1318 1052 1273 863 1275 841 1261 840 1261 838 1261 836 1261 835 1261 833 1261 816 1276 792 1264 790 1264 789 1264 787 1264 764 1276 738 1252 738 1250 736 1250 735 1250 733 1250 732 1250 678 1266 656 1256 655 1256 653 1256 590 1264 555 1250 553 1250 552 1250 550 1250 549 1250 506 1276 480 1253 480 1252 478 1252 476 1252 475 1252 473 1252 430 1266 403 1253 401 1253 346 1253 344 1253 343 1253 341 1253 306 1276 283 1256 283 1255 281 1255 280 1255 236 1255 235 1255 195 1256 193 1256 192 1256 150 1286 150 1287 138 1287 140 1330"/></Shape>
	    <String CONTENT="منفصل است از بادون خود يعنی نير عقل گل و نفس گل"
                    HPOS="138"
                    VPOS="1250"
                    WIDTH="917"
                    HEIGHT="96"
                    WC="0.915402593764853"></String>
          </TextLine>

          
          
          <TextLine ID="eSc_line_e2249068"
                    TAGREFS="LT4837"
                    BASELINE="141 1404 610 1396 1053 1401" 
                    HPOS="140"
                    VPOS="1344"
                    WIDTH="913"
                    HEIGHT="75">
            <Shape><Polygon POINTS="141 1404 141 1419 201 1407 246 1418 247 1418 249 1418 250 1418 276 1406 293 1418 295 1418 296 1418 298 1418 300 1418 335 1406 366 1406 378 1416 378 1418 380 1418 381 1418 383 1418 384 1418 430 1406 483 1415 484 1415 486 1415 487 1415 501 1406 532 1418 533 1418 535 1418 536 1418 538 1418 538 1416 550 1406 561 1415 561 1416 563 1416 564 1416 566 1418 603 1418 603 1416 604 1416 606 1416 606 1415 618 1404 755 1404 780 1416 781 1416 783 1416 784 1416 820 1404 889 1413 890 1413 926 1406 938 1416 940 1416 941 1416 943 1416 947 1416 992 1406 1001 1413 1001 1415 1003 1415 1004 1415 1006 1416 1052 1416 1053 1401 1052 1361 1033 1352 1032 1352 1030 1352 1029 1352 1001 1362 1000 1362 996 1362 930 1356 929 1356 890 1364 886 1364 883 1364 840 1344 838 1344 795 1344 793 1344 792 1344 790 1344 790 1346 770 1364 770 1366 755 1366 755 1364 743 1353 743 1352 741 1352 740 1352 738 1352 736 1352 735 1352 735 1353 724 1362 689 1344 687 1344 686 1344 623 1353 613 1346 613 1344 612 1344 610 1344 558 1344 556 1344 555 1344 553 1344 553 1346 552 1346 544 1355 500 1346 498 1346 496 1346 467 1358 430 1346 429 1346 427 1346 426 1346 424 1346 398 1364 384 1353 383 1353 381 1353 380 1353 378 1353 347 1366 304 1346 303 1346 301 1346 300 1346 256 1356 244 1346 243 1346 241 1346 240 1346 238 1346 236 1346 201 1367 140 1367 141 1404"/></Shape>
	    <String CONTENT="را اينصفت تابت نيست اين همان اثر است که مغتر"
                    HPOS="140"
                    VPOS="1344"
                    WIDTH="913"
                    HEIGHT="75"
                    WC="0.9177662188356573"></String>
          </TextLine>

          
          
          <TextLine ID="eSc_line_377b35a6"
                    TAGREFS="LT4837"
                    BASELINE="147 1476 1056 1490" 
                    HPOS="146"
                    VPOS="1416"
                    WIDTH="910"
                    HEIGHT="94">
            <Shape><Polygon POINTS="147 1476 146 1492 164 1499 166 1499 167 1499 260 1493 309 1501 310 1501 312 1501 333 1492 349 1486 364 1492 393 1502 395 1502 396 1502 398 1502 400 1502 415 1492 423 1487 429 1492 447 1504 449 1504 450 1504 452 1506 475 1506 475 1504 476 1504 478 1504 478 1502 489 1492 493 1489 510 1492 561 1504 563 1504 564 1504 587 1493 593 1490 721 1490 726 1493 750 1509 752 1509 753 1509 755 1510 786 1510 786 1509 787 1509 789 1509 804 1496 820 1509 821 1509 823 1509 824 1509 892 1495 893 1495 896 1495 955 1509 956 1509 1055 1495 1056 1490 1053 1442 1033 1450 940 1450 927 1441 910 1429 909 1429 907 1429 906 1429 904 1429 881 1439 823 1426 821 1426 820 1426 818 1426 818 1427 804 1439 795 1449 764 1449 733 1438 696 1427 695 1427 693 1427 692 1427 667 1438 663 1439 658 1438 627 1422 626 1422 624 1422 623 1422 621 1422 603 1436 600 1439 596 1436 583 1424 583 1422 581 1422 580 1422 553 1421 552 1421 550 1421 549 1421 530 1433 515 1421 513 1421 512 1421 510 1421 458 1429 446 1419 444 1419 443 1419 441 1419 440 1419 393 1433 360 1419 358 1419 356 1419 355 1419 353 1419 333 1433 324 1441 260 1441 229 1435 227 1432 212 1418 212 1416 210 1416 209 1416 207 1416 147 1430 147 1476"/></Shape>
	    <String CONTENT="است به کلمه کن و حضرت حجت الحق امير ناصر خر وقد"
                    HPOS="146"
                    VPOS="1416"
                    WIDTH="910"
                    HEIGHT="94"
                    WC="0.8969307316744581"></String>
          </TextLine>

          
          
          <TextLine ID="eSc_line_5f125f49"
                    TAGREFS="LT4837"
                    BASELINE="143 1564 1056 1567" 
                    HPOS="141"
                    VPOS="1513"
                    WIDTH="915"
                    HEIGHT="71">
            <Shape><Polygon POINTS="143 1564 141 1570 164 1582 166 1582 167 1584 307 1584 307 1582 309 1582 332 1572 387 1582 389 1582 390 1582 392 1582 407 1573 493 1582 495 1582 496 1582 529 1573 535 1572 686 1572 689 1575 700 1584 701 1584 703 1584 704 1584 706 1584 723 1575 727 1573 778 1573 781 1576 789 1582 789 1584 790 1584 792 1584 793 1584 833 1576 836 1576 843 1576 920 1584 921 1584 923 1584 941 1578 953 1573 967 1578 989 1584 990 1584 992 1584 1055 1578 1056 1567 1056 1533 1026 1515 1024 1515 1023 1515 1021 1515 1020 1515 1000 1522 983 1516 981 1516 980 1516 978 1516 947 1533 886 1526 884 1526 883 1526 881 1526 873 1532 849 1521 847 1521 846 1521 789 1533 760 1515 758 1515 756 1515 755 1515 753 1515 752 1515 727 1532 598 1513 596 1513 595 1513 547 1529 527 1513 526 1513 524 1513 420 1513 418 1513 416 1513 370 1527 346 1516 344 1516 343 1516 341 1516 340 1516 340 1518 323 1532 272 1532 236 1532 223 1519 221 1519 220 1519 218 1519 143 1530 143 1564"/></Shape>
	    <String CONTENT="الته ستره امن جد جد را در وسط خدود خمر آورده"
                    HPOS="141"
                    VPOS="1513"
                    WIDTH="915"
                    HEIGHT="71"
                    WC="0.9035577985975477"></String>
          </TextLine>

          
          
          <TextLine ID="eSc_line_f7aa7363"
                    TAGREFS="LT4837"
                    BASELINE="136 1655 1053 1649" 
                    HPOS="135"
                    VPOS="1589"
                    WIDTH="918"
                    HEIGHT="83">
            <Shape><Polygon POINTS="136 1655 136 1669 173 1661 192 1669 198 1672 200 1672 201 1672 203 1672 209 1669 227 1661 235 1669 238 1670 238 1672 240 1672 241 1672 243 1672 260 1669 298 1661 310 1669 313 1672 315 1672 316 1672 318 1672 361 1669 363 1669 364 1669 364 1667 372 1659 389 1669 393 1670 395 1670 396 1670 398 1670 400 1670 401 1669 416 1659 510 1659 543 1669 552 1670 553 1670 555 1670 556 1670 558 1670 560 1669 572 1659 598 1659 607 1667 607 1669 609 1669 610 1669 612 1670 652 1670 652 1669 653 1669 655 1669 655 1667 666 1658 707 1667 716 1669 718 1669 720 1669 726 1667 752 1661 801 1667 816 1669 818 1669 820 1669 827 1667 867 1656 900 1656 910 1666 910 1667 912 1667 913 1667 915 1667 1053 1666 1053 1649 1052 1609 1020 1596 1018 1596 1016 1596 1015 1596 986 1609 984 1610 912 1610 912 1609 892 1599 890 1599 889 1599 887 1599 886 1599 872 1609 872 1610 800 1610 798 1610 772 1589 770 1589 769 1589 767 1589 766 1589 709 1609 663 1593 661 1593 660 1593 658 1593 627 1610 593 1593 592 1593 590 1593 589 1593 549 1609 520 1596 518 1596 516 1596 515 1596 513 1596 513 1598 496 1612 496 1613 475 1613 475 1612 452 1592 452 1590 450 1590 449 1590 363 1590 361 1590 360 1590 323 1606 301 1592 300 1592 298 1592 273 1592 272 1592 270 1592 269 1592 256 1602 244 1593 244 1592 243 1592 241 1592 216 1592 215 1592 213 1592 212 1592 187 1609 135 1613 136 1655"/></Shape>
	    <String CONTENT="اشارت است به آن که صاحب بصيرت را تلبه گردد که اگر در"
                    HPOS="135"
                    VPOS="1589"
                    WIDTH="918"
                    HEIGHT="83"
                    WC="0.8746379546399387"></String>
          </TextLine>

          
          
          <TextLine ID="eSc_line_318e37b1"
                    TAGREFS="LT4837"
                    BASELINE="132 1750 1043 1727" 
                    HPOS="130"
                    VPOS="1675"
                    WIDTH="913"
                    HEIGHT="109">
            <Shape><Polygon POINTS="132 1750 132 1784 247 1782 249 1782 261 1778 315 1755 380 1755 407 1770 416 1776 418 1776 420 1776 421 1776 423 1776 424 1776 432 1769 446 1758 456 1767 458 1767 460 1767 461 1767 463 1767 506 1752 535 1764 552 1770 553 1770 555 1770 556 1770 558 1770 567 1762 573 1756 587 1761 606 1767 607 1767 609 1767 610 1767 641 1758 678 1747 747 1747 752 1752 767 1767 767 1769 769 1769 770 1769 772 1769 823 1761 858 1767 860 1767 861 1767 938 1742 944 1741 949 1742 978 1750 980 1750 981 1750 1043 1736 1043 1727 1038 1687 998 1687 996 1687 981 1678 980 1678 978 1678 976 1678 975 1678 973 1678 958 1689 955 1690 921 1690 921 1689 892 1678 890 1678 889 1678 887 1678 886 1678 886 1679 875 1689 855 1675 853 1675 852 1675 850 1675 849 1675 816 1692 813 1693 750 1693 749 1693 736 1682 736 1681 735 1681 733 1681 732 1681 730 1681 729 1681 709 1693 690 1684 689 1684 687 1684 686 1684 664 1692 623 1678 621 1678 620 1678 546 1679 544 1679 543 1679 529 1692 490 1681 489 1681 487 1681 486 1681 484 1681 484 1682 469 1696 441 1684 440 1684 438 1684 436 1684 435 1684 435 1686 421 1698 384 1686 383 1686 381 1686 380 1686 378 1686 378 1687 364 1698 355 1692 353 1692 352 1692 350 1692 303 1698 269 1687 267 1687 266 1687 229 1695 206 1689 204 1689 203 1689 201 1689 200 1689 175 1706 169 1709 130 1707 132 1750"/></Shape>
	    <String CONTENT="سلسله ترتيب موجودات ظهور هر ايجه ما دون عقل و نفس"
                    HPOS="130"
                    VPOS="1675"
                    WIDTH="913"
                    HEIGHT="109"
                    WC="0.9158842271688034"></String>
          </TextLine>

          
        </TextBlock>
        
        <TextBlock HPOS="566"
                   VPOS="79"
                   WIDTH="78"
                   HEIGHT="48"
                   ID="eSc_textblock_891ba25f"
                   TAGREFS="BT16093">
          <Shape><Polygon POINTS="578 79 644 86 638 127 566 121 578 79"/></Shape>
          
          
          <TextLine ID="eSc_line_342bcee2"
                    TAGREFS="LT4837"
                    BASELINE="584 107 593 107" 
                    HPOS="584"
                    VPOS="79"
                    WIDTH="9"
                    HEIGHT="50">
            <Shape><Polygon POINTS="584 79 584 107 584 127 592 129 593 107 592 79 584 79"/></Shape>
	    <String CONTENT=""
                    HPOS="584"
                    VPOS="79"
                    WIDTH="9"
                    HEIGHT="50"></String>
          </TextLine>

          
        </TextBlock>
        

        
      </PrintSpace>
    </Page>
  </Layout>
</alto>
