<?xml version="1.0" encoding="UTF-8"?>
<alto xmlns:xsi="http://www.w3.org/2001/XMLSchema-instance"
      xmlns="http://www.loc.gov/standards/alto/ns-v4#"
      xsi:schemaLocation="http://www.loc.gov/standards/alto/ns-v4# http://www.loc.gov/standards/alto/v4/alto-4-2.xsd">
  <Description>
    <MeasurementUnit>pixel</MeasurementUnit>
    <sourceImageInformation>
      <fileName>Rasail008.jpg</fileName>
      
    </sourceImageInformation>
  </Description>
  
  <Tags>
    <OtherTag ID="BT16094" LABEL="default" DESCRIPTION="block type default"/><OtherTag ID="BT16093" LABEL="NumberingZone:page" DESCRIPTION="block type NumberingZone:page"/><OtherTag ID="BT16092" LABEL="MarginTextZone:note" DESCRIPTION="block type MarginTextZone:note"/><OtherTag ID="BT16091" LABEL="TitlePageZone" DESCRIPTION="block type TitlePageZone"/><OtherTag ID="BT16090" LABEL="QuireMarksZone:catchwords" DESCRIPTION="block type QuireMarksZone:catchwords"/><OtherTag ID="BT16089" LABEL="NumberingZone:other" DESCRIPTION="block type NumberingZone:other"/><OtherTag ID="BT16088" LABEL="NumberingZone" DESCRIPTION="block type NumberingZone"/><OtherTag ID="BT16087" LABEL="MarginTextZone" DESCRIPTION="block type MarginTextZone"/><OtherTag ID="BT16086" LABEL="MainZone" DESCRIPTION="block type MainZone"/><OtherTag ID="BT16085" LABEL="DigitizationArtefactZone" DESCRIPTION="block type DigitizationArtefactZone"/><OtherTag ID="BT2" LABEL="Main" DESCRIPTION="block type Main"/><OtherTag ID="BT1" LABEL="Title" DESCRIPTION="block type Title"/>
    <OtherTag ID="LT4837" LABEL="DefaultLine" DESCRIPTION="line type DefaultLine"/><OtherTag ID="LT4838" LABEL="default" DESCRIPTION="line type default"/><OtherTag ID="LT4839" LABEL="HeadingLine:title" DESCRIPTION="line type HeadingLine:title"/>
  </Tags>
  
  <Layout>
    <Page WIDTH="1120"
          HEIGHT="1860"
          PHYSICAL_IMG_NR="36"
          ID="eSc_dummypage_">
      <PrintSpace HPOS="0"
                  VPOS="0"
                  WIDTH="1120"
                  HEIGHT="1860">
        
        <TextBlock HPOS="31"
                   VPOS="124"
                   WIDTH="1008"
                   HEIGHT="1647"
                   ID="eSc_textblock_8e93bbb7"
                   TAGREFS="BT16086">
          <Shape><Polygon POINTS="80 124 797 124 1020 155 1014 624 1039 866 1014 1058 1039 1207 1014 1357 1033 1579 1008 1740 909 1771 68 1771 43 1753 31 527 43 241 80 124"/></Shape>
          
          
          <TextLine ID="eSc_line_de5ce80d"
                    TAGREFS="LT4837"
                    BASELINE="74 210 963 206" 
                    HPOS="72"
                    VPOS="150"
                    WIDTH="891"
                    HEIGHT="94">
            <Shape><Polygon POINTS="74 210 74 226 100 235 102 235 103 235 105 235 125 227 147 244 148 244 150 244 152 244 153 244 203 227 277 227 307 243 308 243 310 243 311 243 342 230 373 243 375 243 376 243 378 243 404 234 415 241 417 241 418 241 519 243 521 243 522 243 524 243 535 235 584 243 586 243 587 243 589 243 604 230 626 241 628 241 629 241 631 241 654 229 668 238 670 238 671 238 673 238 674 238 707 227 738 241 739 241 741 243 781 243 781 241 783 241 784 241 806 224 842 234 843 234 845 234 846 234 873 223 963 221 963 206 960 156 921 150 919 150 918 150 916 150 909 155 882 172 788 172 763 161 761 161 760 161 707 172 688 156 688 155 687 155 685 155 684 155 682 155 680 155 662 165 643 155 639 151 637 151 636 151 634 151 632 151 631 151 626 155 598 175 563 175 527 155 521 151 519 151 485 151 483 151 482 151 480 151 476 155 456 165 445 155 443 155 443 153 442 153 440 153 380 151 378 151 376 151 369 155 322 175 282 167 280 167 193 175 159 161 158 161 156 161 155 161 141 167 128 155 128 153 127 153 125 153 124 153 72 153 74 210"/></Shape>
	    <String CONTENT="می گويند و از پنجاست که امام را مظهر کلمه کن گفته اند بلسان اربا"
                    HPOS="72"
                    VPOS="150"
                    WIDTH="891"
                    HEIGHT="94"
                    WC="0.8363223969936371"></String>
          </TextLine>

          
          
          <TextLine ID="eSc_line_95677375"
                    TAGREFS="LT4837"
                    BASELINE="152 297 966 289" 
                    HPOS="150"
                    VPOS="244"
                    WIDTH="816"
                    HEIGHT="87">
            <Shape><Polygon POINTS="152 297 152 319 231 314 245 320 268 331 269 331 271 331 273 331 274 331 288 320 291 317 302 320 328 328 330 328 331 328 333 328 355 320 378 313 401 320 421 328 423 328 425 328 426 328 428 328 439 322 449 314 522 311 533 320 533 322 535 322 536 322 538 322 539 322 541 322 555 317 560 322 566 327 566 328 567 328 569 328 570 330 604 330 604 328 606 328 626 322 659 313 670 322 674 327 676 327 677 327 679 328 749 328 749 327 750 327 761 323 801 308 812 317 812 319 814 319 815 319 817 319 843 314 857 323 859 325 860 325 862 325 864 325 966 323 966 289 961 244 916 254 888 246 884 244 882 244 881 244 864 246 805 254 780 248 770 246 769 246 767 246 766 246 764 246 761 249 749 257 735 249 729 246 727 246 725 246 724 246 715 249 687 261 639 252 637 252 636 252 634 252 618 265 518 265 507 255 505 255 504 255 502 255 501 255 451 265 440 257 431 249 429 249 428 249 426 249 425 249 395 257 383 260 370 258 325 249 324 249 322 249 321 249 321 251 311 260 305 266 285 260 279 258 277 258 276 258 274 258 273 258 269 260 262 266 254 261 238 251 237 251 235 251 169 251 167 251 165 251 164 251 150 258 152 297"/></Shape>
	    <String CONTENT="تعليم نكته كلم كن دو حرف است كاف كه مبدا"
                    HPOS="150"
                    VPOS="244"
                    WIDTH="816"
                    HEIGHT="87"
                    WC="0.9524520009756088"></String>
          </TextLine>

          
          
          <TextLine ID="eSc_line_75db4708"
                    TAGREFS="LT4837"
                    BASELINE="58 373 967 379" 
                    HPOS="57"
                    VPOS="331"
                    WIDTH="910"
                    HEIGHT="78">
            <Shape><Polygon POINTS="58 373 57 385 172 389 203 403 204 403 206 403 297 390 330 404 331 404 333 406 412 406 412 404 414 404 415 404 425 396 463 404 465 404 466 404 468 404 468 403 482 390 525 390 556 406 558 406 560 406 561 406 583 393 634 392 701 404 702 404 704 404 733 392 747 406 747 407 749 407 750 407 752 407 753 407 780 399 788 406 788 407 789 407 791 407 792 409 860 409 860 407 862 407 864 407 864 406 878 393 902 403 904 403 905 403 907 403 909 403 909 401 918 393 966 393 967 379 967 351 910 347 901 337 901 336 899 336 898 336 896 336 895 336 893 336 874 348 865 341 865 339 864 339 862 339 817 336 815 336 814 336 766 348 732 334 730 334 696 334 694 334 693 334 691 334 677 347 634 336 632 336 631 336 629 336 600 348 598 348 578 339 577 339 575 339 573 339 546 348 544 348 541 348 508 333 507 333 466 333 465 333 463 333 462 333 445 347 443 347 355 339 353 339 352 339 330 347 328 347 325 347 286 331 285 331 265 331 263 331 262 331 260 331 260 333 246 345 246 347 165 347 164 345 147 331 145 331 144 331 142 331 141 331 116 345 114 345 58 345 58 373"/></Shape>
	    <String CONTENT="او را مبانيت ذانيست از ساير خروف اشارت است"
                    HPOS="57"
                    VPOS="331"
                    WIDTH="910"
                    HEIGHT="78"
                    WC="0.9568571930839902"></String>
          </TextLine>

          
          
          <TextLine ID="eSc_line_62f9be5d"
                    TAGREFS="LT4837"
                    BASELINE="65 458 966 463" 
                    HPOS="63"
                    VPOS="407"
                    WIDTH="903"
                    HEIGHT="85">
            <Shape><Polygon POINTS="65 458 63 485 96 488 97 488 99 488 100 488 103 485 124 472 142 480 144 480 145 480 184 472 198 483 198 485 200 485 201 485 203 485 204 485 206 485 229 472 249 483 255 488 257 488 259 488 260 488 262 488 263 488 268 483 282 474 294 483 299 488 300 488 302 488 304 488 327 483 355 477 362 483 370 489 372 489 373 489 375 491 454 491 454 489 456 489 457 489 457 488 463 482 465 482 470 482 524 489 525 489 527 489 556 482 584 474 608 480 625 486 626 486 628 486 629 486 631 486 639 480 651 474 677 474 684 480 691 486 691 488 693 488 694 488 696 488 698 488 713 480 719 475 724 480 738 491 739 491 741 491 743 492 777 492 777 491 778 491 780 491 780 489 791 478 795 475 805 478 820 485 822 485 823 485 856 478 874 475 963 477 966 463 960 413 943 427 915 416 913 416 912 416 910 416 909 416 909 418 898 429 871 429 859 416 859 415 857 415 856 415 854 415 817 420 809 413 806 410 805 410 803 410 757 410 755 410 753 410 752 410 752 412 749 413 735 427 631 427 618 416 617 416 615 416 614 416 612 416 594 426 581 413 575 409 573 409 572 409 570 409 569 409 549 413 502 427 454 427 435 413 431 410 429 410 428 410 426 410 425 410 423 410 423 412 420 413 407 427 394 427 376 413 367 407 366 407 364 407 362 407 361 407 341 413 310 426 266 426 255 413 249 409 249 407 248 407 246 407 245 407 243 407 228 413 212 421 197 413 181 407 179 407 178 407 65 413 65 458"/></Shape>
	    <String CONTENT="به مسانت گلى مرميد را يعنى معرفت كن مبدا از تصاو"
                    HPOS="63"
                    VPOS="407"
                    WIDTH="903"
                    HEIGHT="85"
                    WC="0.900663074105978"></String>
          </TextLine>

          
          
          <TextLine ID="eSc_line_001f0928"
                    TAGREFS="LT4837"
                    BASELINE="65 545 972 551" 
                    HPOS="63"
                    VPOS="499"
                    WIDTH="909"
                    HEIGHT="82">
            <Shape><Polygon POINTS="65 545 63 562 102 559 110 564 125 576 127 576 128 576 130 576 237 564 290 559 314 564 362 576 364 576 366 576 367 576 367 575 373 568 389 575 390 575 392 575 394 575 395 575 395 573 404 564 409 561 473 561 480 564 491 573 493 573 494 573 496 573 497 573 524 567 544 579 546 579 547 579 549 581 632 581 632 579 634 579 636 579 654 567 744 581 746 581 812 567 826 578 828 578 829 578 910 581 912 581 913 581 915 581 932 565 971 564 972 551 969 503 930 517 915 503 913 503 912 503 910 503 909 503 907 503 882 519 865 508 864 508 862 508 860 508 859 508 857 508 857 509 845 519 789 508 788 508 786 508 784 508 770 519 708 519 699 509 699 508 698 508 696 508 694 508 693 508 673 517 643 506 628 502 626 502 573 502 572 502 570 502 569 502 569 503 563 508 552 519 533 519 507 517 496 508 487 500 485 500 483 500 411 500 409 500 407 500 406 500 406 502 397 509 390 516 373 509 356 505 355 505 353 505 352 505 339 509 327 516 308 511 297 508 296 508 294 508 273 511 260 513 254 511 224 500 223 500 221 500 220 500 218 500 200 511 197 513 195 513 184 502 184 500 183 500 181 500 156 499 155 499 153 499 120 513 116 514 65 514 65 545"/></Shape>
	    <String CONTENT="اوهام و الهام و اقهام که همت مشابهت است مترا"
                    HPOS="63"
                    VPOS="499"
                    WIDTH="909"
                    HEIGHT="82"
                    WC="0.907309081744064"></String>
          </TextLine>

          
          
          <TextLine ID="eSc_line_6503e2fc"
                    TAGREFS="LT4837"
                    BASELINE="701 632 969 629" 
                    HPOS="699"
                    VPOS="582"
                    WIDTH="270"
                    HEIGHT="72">
            <Shape><Polygon POINTS="701 632 701 641 752 654 753 654 806 641 811 641 814 641 829 647 831 647 833 647 834 647 848 641 853 640 854 641 864 651 864 652 865 652 867 652 868 652 967 641 969 629 967 599 935 582 933 582 887 582 885 582 884 582 815 599 739 593 738 593 699 601 701 632"/></Shape>
	    <String CONTENT="منتاست"
                    HPOS="699"
                    VPOS="582"
                    WIDTH="270"
                    HEIGHT="72"
                    WC="0.9528325200080872"></String>
          </TextLine>

          
          
          <TextLine ID="eSc_line_06886fa4"
                    TAGREFS="LT4837"
                    BASELINE="155 713 891 716" 
                    HPOS="153"
                    VPOS="658"
                    WIDTH="738"
                    HEIGHT="87">
            <Shape><Polygon POINTS="155 713 153 728 204 744 206 744 207 744 209 744 257 730 271 725 276 730 294 744 296 744 297 744 299 745 366 745 366 744 367 744 369 744 387 730 392 726 397 730 421 744 423 744 425 744 426 744 428 744 428 742 442 730 449 723 539 723 550 731 566 740 567 740 569 740 570 740 572 740 573 740 586 731 592 726 620 731 640 734 642 734 663 731 705 725 713 731 727 744 727 745 729 745 730 745 732 745 733 745 760 736 769 745 770 745 772 745 774 745 817 742 819 742 820 742 833 733 868 744 870 744 871 744 873 744 874 744 890 733 891 716 890 669 778 660 777 660 775 660 755 671 739 678 718 671 687 660 685 660 684 660 682 660 680 660 662 671 645 682 525 682 516 674 510 668 508 668 507 668 505 668 504 668 502 668 494 674 493 675 491 674 473 658 471 658 470 658 468 658 389 675 383 675 378 675 296 658 294 658 293 658 231 677 228 678 155 678 155 713"/></Shape>
	    <String CONTENT="به خودش كس شناخت نتوا ذات او هم باو توان دا"
                    HPOS="153"
                    VPOS="658"
                    WIDTH="738"
                    HEIGHT="87"
                    WC="0.8978404610656029"></String>
          </TextLine>

          
          
          <TextLine ID="eSc_line_29a7f231"
                    TAGREFS="LT4837"
                    BASELINE="468 632 569 637" 
                    HPOS="466"
                    VPOS="596"
                    WIDTH="103"
                    HEIGHT="62">
            <Shape><Polygon POINTS="468 632 466 652 566 658 569 637 566 596 538 604 527 598 525 596 524 596 522 596 521 596 519 596 518 596 516 598 504 607 468 601 468 632"/></Shape>
	    <String CONTENT=""
                    HPOS="466"
                    VPOS="596"
                    WIDTH="103"
                    HEIGHT="62"></String>
          </TextLine>

          
          
          <TextLine ID="eSc_line_74520a41"
                    TAGREFS="LT4837"
                    BASELINE="68 799 975 796" 
                    HPOS="66"
                    VPOS="747"
                    WIDTH="909"
                    HEIGHT="76">
            <Shape><Polygon POINTS="68 799 68 807 94 821 96 821 97 823 152 823 152 821 153 821 178 809 234 809 243 816 243 818 245 818 246 818 248 818 322 809 347 821 349 821 350 821 421 809 435 819 435 821 437 821 439 821 440 821 479 813 494 821 496 821 497 821 558 807 560 807 597 807 612 819 614 819 615 819 617 821 670 821 670 819 671 819 699 807 764 819 766 821 822 821 822 819 823 819 825 819 825 818 836 807 860 819 862 819 864 821 933 821 933 819 935 819 975 806 975 796 974 765 940 747 938 747 910 747 909 747 907 747 905 747 905 748 888 764 831 764 815 751 814 751 812 751 811 751 809 751 808 751 808 753 795 765 757 765 716 747 715 747 713 747 712 747 682 762 668 750 667 750 665 750 663 750 662 750 660 750 660 751 648 762 604 764 583 747 581 747 580 747 578 747 577 747 555 757 522 747 521 747 519 747 518 747 516 747 488 765 443 748 442 748 381 748 380 748 378 748 347 765 325 753 324 753 322 753 321 753 319 753 305 762 286 748 285 748 283 748 282 748 280 748 279 748 257 762 198 750 197 750 195 750 193 750 172 764 153 748 152 748 150 748 148 748 147 748 105 767 66 767 68 799"/></Shape>
	    <String CONTENT="و نون هانيت عرغی دارد که آننقطه ايست ومتصل"
                    HPOS="66"
                    VPOS="747"
                    WIDTH="909"
                    HEIGHT="76"
                    WC="0.8976062051085538"></String>
          </TextLine>

          
          
          <TextLine ID="eSc_line_1e0dd409"
                    TAGREFS="LT4837"
                    BASELINE="66 877 974 880" 
                    HPOS="65"
                    VPOS="826"
                    WIDTH="909"
                    HEIGHT="79">
            <Shape><Polygon POINTS="66 877 65 886 86 894 88 894 89 894 145 888 165 902 167 902 169 902 170 902 327 892 359 902 361 902 362 902 364 902 366 902 366 900 380 888 409 897 411 897 412 897 414 897 415 897 425 888 460 902 462 902 463 902 465 902 493 889 519 903 521 903 522 905 561 905 561 903 563 903 564 903 577 892 608 903 609 903 611 905 739 905 739 903 741 903 743 903 743 902 757 889 836 889 857 903 859 903 860 903 862 903 864 903 884 892 904 902 905 902 907 902 909 902 910 902 910 900 922 889 972 889 974 880 969 841 957 846 952 841 940 829 940 827 938 827 936 827 935 827 933 827 932 827 919 835 907 829 905 829 904 829 902 829 901 829 887 841 881 846 820 846 815 841 797 827 795 827 794 827 792 827 612 838 601 829 601 827 600 827 598 827 544 827 542 827 541 827 539 827 522 838 496 826 494 826 493 826 491 826 490 826 490 827 474 843 471 846 437 846 434 843 425 835 423 835 421 835 420 835 418 835 417 835 417 837 409 843 407 846 338 846 331 843 280 826 279 826 277 826 276 826 274 826 246 843 243 844 229 843 178 837 176 837 66 843 66 877"/></Shape>
	    <String CONTENT="بهکاف و منقطع کلمه واقع شده است اشتارت است"
                    HPOS="65"
                    VPOS="826"
                    WIDTH="909"
                    HEIGHT="79"
                    WC="0.9349696465900966"></String>
          </TextLine>

          
          
          <TextLine ID="eSc_line_814d3f16"
                    TAGREFS="LT4837"
                    BASELINE="68 974 972 961" 
                    HPOS="66"
                    VPOS="912"
                    WIDTH="906"
                    HEIGHT="83">
            <Shape><Polygon POINTS="68 974 68 982 83 993 85 993 86 993 88 993 89 993 111 981 131 995 133 995 134 995 136 995 214 984 254 993 255 993 257 993 259 993 260 993 285 978 285 976 370 976 381 976 397 988 397 990 398 990 400 990 401 990 403 990 432 976 466 976 479 987 479 988 480 988 482 988 483 990 533 990 533 988 535 988 586 973 604 985 606 985 608 985 645 987 646 987 648 987 649 987 671 971 694 984 696 984 698 984 699 984 701 984 719 971 805 984 806 984 885 968 899 981 899 982 901 982 902 982 904 984 932 984 932 982 933 982 972 965 972 961 964 917 950 930 926 919 909 912 907 912 905 912 904 912 887 920 864 933 789 933 778 923 769 916 767 916 766 916 764 916 763 916 761 916 752 925 749 925 747 925 736 916 735 916 733 916 690 916 688 916 687 916 648 928 626 934 606 928 570 917 569 917 567 917 566 917 564 917 547 931 546 931 530 923 528 923 527 923 525 923 507 931 499 936 491 933 471 922 470 922 468 922 466 922 465 922 465 923 454 933 449 939 437 939 432 934 420 922 420 920 418 920 417 920 415 920 414 920 366 936 339 922 338 922 336 922 335 922 302 936 290 923 290 922 288 922 286 922 285 922 283 922 257 931 178 923 176 923 175 923 173 923 173 925 156 942 85 934 83 934 82 934 80 934 66 940 68 974"/></Shape>
	    <String CONTENT="مشاهت باسو مبدع به وجهی از وجوه اختتارج کمال و فنا"
                    HPOS="66"
                    VPOS="912"
                    WIDTH="906"
                    HEIGHT="83"
                    WC="0.9426056849956512"></String>
          </TextLine>

          
          
          <TextLine ID="eSc_line_e7e74384"
                    TAGREFS="LT4837"
                    BASELINE="63 1055 969 1040" 
                    HPOS="62"
                    VPOS="982"
                    WIDTH="907"
                    HEIGHT="99">
            <Shape><Polygon POINTS="63 1055 63 1064 82 1080 83 1080 85 1080 86 1081 148 1081 148 1080 150 1080 169 1071 181 1077 183 1077 184 1077 186 1077 187 1077 197 1069 226 1078 228 1078 229 1078 231 1078 271 1060 311 1075 313 1075 314 1075 316 1075 356 1058 423 1071 425 1071 426 1071 428 1071 428 1069 443 1057 460 1057 482 1074 483 1074 485 1074 487 1074 530 1069 532 1069 533 1069 552 1055 570 1055 592 1072 594 1072 595 1072 597 1072 598 1072 636 1054 693 1069 694 1069 696 1069 698 1069 699 1069 719 1052 749 1061 750 1061 752 1061 808 1050 846 1052 874 1067 876 1067 878 1067 969 1046 969 1040 964 982 936 984 935 984 933 984 933 985 919 998 891 988 890 988 888 988 887 988 885 988 865 1002 825 1002 789 988 781 985 780 985 778 985 777 985 767 988 755 993 738 990 729 988 727 988 725 988 721 990 685 1005 668 1005 656 993 651 990 651 988 649 988 648 988 646 988 645 988 626 993 612 998 608 995 601 988 600 988 598 988 597 988 595 988 594 988 584 995 570 1005 536 996 508 990 507 990 505 990 504 990 502 990 491 998 479 1007 451 999 418 992 417 992 415 992 414 992 412 992 398 1002 387 1010 356 1010 345 1004 328 993 327 993 325 993 324 993 265 1007 254 1010 152 1012 144 1012 100 1002 99 1002 97 1002 96 1002 96 1004 85 1013 85 1015 62 1015 63 1055"/></Shape>
	    <String CONTENT="شخصی اغتار که گلشی هالک الزوخهه يعنی هر جزی"
                    HPOS="62"
                    VPOS="982"
                    WIDTH="907"
                    HEIGHT="99"
                    WC="0.8969146318213884"></String>
          </TextLine>

          
          
          <TextLine ID="eSc_line_373243f4"
                    TAGREFS="LT4837"
                    BASELINE="88 1136 977 1128" 
                    HPOS="86"
                    VPOS="1078"
                    WIDTH="891"
                    HEIGHT="84">
            <Shape><Polygon POINTS="88 1136 88 1153 150 1162 152 1162 153 1162 169 1154 179 1148 218 1154 235 1156 237 1156 238 1156 246 1154 269 1147 280 1154 286 1159 288 1159 290 1159 291 1159 293 1159 307 1154 327 1147 345 1154 355 1157 356 1157 358 1157 359 1157 367 1154 384 1147 390 1154 397 1159 397 1160 398 1160 400 1160 401 1160 403 1160 420 1154 442 1145 456 1154 460 1157 462 1157 463 1157 611 1159 612 1159 614 1159 615 1159 622 1154 642 1143 677 1154 687 1157 688 1157 690 1157 691 1157 693 1157 696 1154 712 1145 758 1154 767 1156 769 1156 770 1156 774 1154 805 1142 834 1154 837 1156 839 1156 840 1156 842 1156 843 1156 843 1154 860 1142 881 1142 890 1150 890 1151 891 1151 893 1151 974 1154 977 1128 972 1080 936 1081 935 1081 933 1081 933 1083 919 1095 890 1086 888 1086 887 1086 819 1095 798 1085 795 1081 794 1081 792 1081 791 1081 789 1081 788 1081 783 1085 761 1097 733 1086 724 1083 722 1083 721 1083 719 1083 704 1088 665 1097 648 1089 628 1078 626 1078 625 1078 623 1078 622 1078 606 1089 594 1098 570 1091 561 1088 560 1088 558 1088 556 1088 555 1088 555 1089 552 1091 544 1100 507 1100 494 1092 468 1078 466 1078 465 1078 442 1080 440 1080 439 1080 418 1095 412 1100 395 1095 369 1089 367 1089 366 1089 364 1089 341 1095 324 1081 324 1080 322 1080 321 1080 319 1080 318 1080 316 1080 302 1091 277 1080 276 1080 274 1080 273 1080 271 1080 251 1094 224 1081 223 1081 122 1081 120 1081 119 1081 117 1081 86 1100 88 1136"/></Shape>
	    <String CONTENT="قافى ست الإذات أنام حق وهو حسبنا ومولانا وحدة وكفي"
                    HPOS="86"
                    VPOS="1078"
                    WIDTH="891"
                    HEIGHT="84"
                    WC="0.9037180886818812"></String>
          </TextLine>

          
          
          <TextLine ID="eSc_line_10158cf5"
                    TAGREFS="LT4837"
                    BASELINE="428 1384 671 1376" 
                    HPOS="425"
                    VPOS="1308"
                    WIDTH="246"
                    HEIGHT="97">
            <Shape><Polygon POINTS="428 1384 429 1395 449 1390 456 1395 470 1404 471 1404 473 1404 474 1405 502 1405 502 1404 504 1404 527 1391 536 1387 544 1391 569 1402 570 1402 572 1402 606 1401 608 1401 609 1401 609 1399 622 1388 625 1385 670 1385 671 1376 668 1317 592 1308 591 1308 589 1308 561 1317 553 1320 544 1319 511 1309 510 1309 508 1309 507 1309 505 1309 493 1319 490 1322 485 1319 473 1309 471 1309 470 1309 468 1309 425 1319 428 1384"/></Shape>
	    <String CONTENT="ر تحقيق عقل گل"
                    HPOS="425"
                    VPOS="1308"
                    WIDTH="246"
                    HEIGHT="97"
                    WC="0.9125827167715345"></String>
          </TextLine>

          
          
          <TextLine ID="eSc_line_86d15727"
                    TAGREFS="LT4837"
                    BASELINE="63 1467 901 1467" 
                    HPOS="63"
                    VPOS="1407"
                    WIDTH="838"
                    HEIGHT="81">
            <Shape><Polygon POINTS="63 1467 63 1478 134 1486 136 1486 138 1486 152 1478 158 1477 217 1477 228 1478 263 1486 265 1486 266 1486 268 1486 277 1480 285 1486 286 1486 288 1486 290 1486 291 1486 293 1486 293 1484 300 1478 302 1477 342 1477 352 1478 392 1486 394 1486 451 1478 462 1477 474 1477 556 1486 558 1486 560 1486 561 1486 575 1477 577 1477 620 1477 628 1477 705 1486 707 1486 708 1486 710 1486 724 1478 732 1484 732 1486 733 1486 735 1486 736 1488 780 1488 780 1486 781 1486 815 1477 836 1486 837 1486 839 1486 901 1475 901 1467 901 1407 868 1407 867 1407 865 1407 864 1407 845 1421 825 1407 823 1407 822 1407 820 1407 819 1407 815 1407 780 1422 739 1422 727 1408 725 1408 725 1407 724 1407 722 1407 721 1407 719 1407 712 1410 690 1416 646 1410 639 1410 637 1410 636 1410 634 1410 634 1412 625 1421 604 1412 594 1407 592 1407 533 1407 532 1407 530 1407 528 1407 528 1408 524 1413 519 1416 515 1413 511 1410 510 1410 508 1410 507 1410 505 1410 499 1413 483 1421 428 1415 412 1413 411 1413 409 1413 407 1413 406 1415 401 1418 397 1415 394 1412 392 1412 390 1412 389 1412 387 1412 380 1415 367 1422 293 1422 283 1416 263 1407 262 1407 260 1407 206 1418 193 1421 190 1418 178 1408 178 1407 176 1407 175 1407 173 1407 172 1407 141 1419 138 1421 138 1419 127 1410 127 1408 125 1408 124 1408 91 1407 89 1407 88 1407 63 1419 63 1467"/></Shape>
	    <String CONTENT="هران که ظهور عقل از امر کن است بی واسطه انانه برآن"
                    HPOS="63"
                    VPOS="1407"
                    WIDTH="838"
                    HEIGHT="81"
                    WC="0.8996332883834839"></String>
          </TextLine>

          
          
          <TextLine ID="eSc_line_c4f1f5c4"
                    TAGREFS="LT4837"
                    BASELINE="65 1559 986 1546" 
                    HPOS="63"
                    VPOS="1486"
                    WIDTH="923"
                    HEIGHT="93">
            <Shape><Polygon POINTS="65 1559 65 1573 93 1579 94 1579 134 1573 159 1568 164 1571 173 1579 175 1579 176 1579 178 1579 179 1579 181 1579 181 1577 189 1571 193 1567 201 1571 204 1574 206 1574 207 1574 209 1574 245 1570 300 1563 307 1570 313 1574 313 1576 314 1576 316 1576 318 1577 381 1577 381 1576 383 1576 403 1568 417 1562 428 1567 442 1574 443 1574 445 1576 482 1576 482 1574 483 1574 485 1574 485 1573 493 1567 497 1562 532 1565 558 1568 560 1568 592 1565 637 1559 642 1563 648 1568 648 1570 649 1570 651 1570 653 1570 654 1570 676 1563 691 1559 705 1562 733 1571 735 1571 736 1571 814 1562 868 1570 870 1570 871 1570 873 1570 887 1560 893 1556 899 1559 918 1568 919 1568 921 1568 986 1557 986 1546 985 1505 974 1497 972 1497 971 1497 969 1497 967 1497 930 1506 874 1497 873 1497 871 1497 870 1497 870 1498 862 1506 840 1494 839 1494 837 1494 836 1494 834 1494 815 1509 784 1509 774 1498 774 1497 772 1497 770 1497 769 1497 767 1497 766 1497 766 1498 755 1509 735 1500 733 1500 732 1500 690 1509 665 1488 665 1486 663 1486 662 1486 660 1486 532 1488 530 1488 474 1512 390 1494 389 1494 353 1495 352 1495 350 1495 350 1497 336 1509 321 1497 319 1497 318 1497 316 1497 314 1497 252 1515 217 1492 215 1492 214 1492 183 1492 181 1492 161 1494 159 1494 158 1494 131 1517 113 1506 111 1506 110 1506 108 1506 107 1506 107 1508 96 1519 63 1519 65 1559"/></Shape>
	    <String CONTENT="وجه ملاخظر بايد نمود که علت غير معلول است بلکه در"
                    HPOS="63"
                    VPOS="1486"
                    WIDTH="923"
                    HEIGHT="93"
                    WC="0.9172641440313689"></String>
          </TextLine>

          
          
          <TextLine ID="eSc_line_f598191e"
                    TAGREFS="LT4837"
                    BASELINE="66 1643 985 1625" 
                    HPOS="65"
                    VPOS="1581"
                    WIDTH="920"
                    HEIGHT="82">
            <Shape><Polygon POINTS="66 1643 66 1663 128 1663 128 1661 130 1661 131 1661 152 1647 209 1655 210 1655 266 1646 282 1658 283 1658 285 1658 286 1660 316 1660 316 1658 318 1658 321 1656 349 1644 390 1650 392 1650 394 1650 395 1650 395 1649 397 1649 401 1643 474 1650 476 1650 477 1650 479 1650 479 1649 488 1641 516 1641 535 1652 536 1653 538 1653 539 1653 541 1653 674 1650 676 1650 677 1650 677 1649 694 1639 719 1649 721 1649 722 1649 724 1649 725 1649 727 1649 750 1636 770 1647 774 1649 775 1649 777 1649 778 1649 780 1649 781 1647 798 1636 850 1646 859 1647 860 1649 898 1649 898 1647 899 1647 904 1644 927 1633 983 1643 985 1625 980 1588 888 1590 887 1590 878 1582 876 1582 874 1582 873 1582 871 1582 870 1582 862 1590 860 1591 719 1593 716 1593 698 1581 696 1581 694 1581 693 1581 691 1581 690 1581 676 1593 657 1581 656 1581 654 1581 653 1581 651 1581 649 1581 649 1582 637 1594 637 1596 615 1596 614 1594 594 1582 592 1582 591 1582 589 1582 527 1591 490 1584 488 1584 487 1584 439 1598 437 1598 400 1585 398 1585 397 1585 395 1585 359 1599 347 1590 345 1590 344 1590 342 1590 304 1596 231 1588 229 1588 228 1588 200 1602 198 1602 197 1602 152 1590 150 1590 148 1590 147 1590 113 1604 97 1596 96 1596 94 1596 93 1596 65 1604 66 1643"/></Shape>
	    <String CONTENT="حققت انجا معلول عين علتاست و هلت عين"
                    HPOS="65"
                    VPOS="1581"
                    WIDTH="920"
                    HEIGHT="82"
                    WC="0.9258817616436217"></String>
          </TextLine>

          
          
          <TextLine ID="eSc_line_9531874a"
                    TAGREFS="LT4837"
                    BASELINE="63 1728 502 1714 980 1709" 
                    HPOS="62"
                    VPOS="1652"
                    WIDTH="918"
                    HEIGHT="107">
            <Shape><Polygon POINTS="63 1728 65 1749 83 1745 89 1749 96 1754 97 1754 99 1754 100 1754 102 1754 113 1748 125 1742 138 1748 165 1759 167 1759 169 1759 291 1757 341 1748 342 1748 344 1748 344 1746 352 1740 362 1729 459 1728 473 1736 487 1745 488 1745 490 1745 491 1745 493 1745 519 1734 538 1748 539 1748 541 1748 542 1748 544 1748 592 1732 604 1743 606 1743 608 1743 609 1743 611 1743 636 1729 646 1723 704 1723 719 1723 724 1726 746 1745 747 1745 749 1745 750 1745 752 1745 797 1726 834 1746 836 1746 837 1746 907 1745 909 1745 910 1745 910 1743 936 1718 938 1718 980 1718 980 1709 978 1669 944 1652 943 1652 941 1652 940 1652 918 1663 898 1652 896 1652 895 1652 893 1652 891 1652 864 1670 864 1672 749 1675 694 1675 679 1675 646 1656 645 1656 643 1656 642 1656 594 1677 592 1677 591 1677 570 1669 569 1669 567 1669 566 1669 564 1669 556 1675 511 1653 510 1653 508 1653 507 1653 505 1653 485 1666 463 1660 462 1660 460 1660 459 1660 432 1669 400 1655 398 1655 397 1655 395 1655 361 1664 313 1658 311 1658 310 1658 308 1658 286 1672 269 1660 268 1660 266 1660 131 1660 130 1660 128 1660 127 1660 83 1686 82 1687 62 1687 63 1728"/></Shape>
	    <String CONTENT="معلول است و مغايرت نيست گر باسم چنانچه گفته"
                    HPOS="62"
                    VPOS="1652"
                    WIDTH="918"
                    HEIGHT="107"
                    WC="0.9036533465219099"></String>
          </TextLine>

          
        </TextBlock>
        
        <TextBlock HPOS="452"
                   VPOS="43"
                   WIDTH="73"
                   HEIGHT="54"
                   ID="eSc_textblock_0c9bee13"
                   TAGREFS="BT16093">
          <Shape><Polygon POINTS="471 43 519 49 525 97 452 85 471 43"/></Shape>
          
          
          <TextLine ID="eSc_line_0ee10561"
                    TAGREFS="LT4837"
                    BASELINE="471 72 515 72" 
                    HPOS="471"
                    VPOS="43"
                    WIDTH="44"
                    HEIGHT="45">
            <Shape><Polygon POINTS="502 46 487 44 480 43 471 49 471 72 471 80 513 88 515 72 515 48 502 46"/></Shape>
	    <String CONTENT=""
                    HPOS="471"
                    VPOS="43"
                    WIDTH="44"
                    HEIGHT="45"></String>
          </TextLine>

          
        </TextBlock>
        

        
      </PrintSpace>
    </Page>
  </Layout>
</alto>
