<?xml version="1.0" encoding="UTF-8"?>
<alto xmlns:xsi="http://www.w3.org/2001/XMLSchema-instance"
      xmlns="http://www.loc.gov/standards/alto/ns-v4#"
      xsi:schemaLocation="http://www.loc.gov/standards/alto/ns-v4# http://www.loc.gov/standards/alto/v4/alto-4-2.xsd">
  <Description>
    <MeasurementUnit>pixel</MeasurementUnit>
    <sourceImageInformation>
      <fileName>Rasail040.jpg</fileName>
      
    </sourceImageInformation>
  </Description>
  
  <Tags>
    <OtherTag ID="BT16094" LABEL="default" DESCRIPTION="block type default"/><OtherTag ID="BT16093" LABEL="NumberingZone:page" DESCRIPTION="block type NumberingZone:page"/><OtherTag ID="BT16092" LABEL="MarginTextZone:note" DESCRIPTION="block type MarginTextZone:note"/><OtherTag ID="BT16091" LABEL="TitlePageZone" DESCRIPTION="block type TitlePageZone"/><OtherTag ID="BT16090" LABEL="QuireMarksZone:catchwords" DESCRIPTION="block type QuireMarksZone:catchwords"/><OtherTag ID="BT16089" LABEL="NumberingZone:other" DESCRIPTION="block type NumberingZone:other"/><OtherTag ID="BT16088" LABEL="NumberingZone" DESCRIPTION="block type NumberingZone"/><OtherTag ID="BT16087" LABEL="MarginTextZone" DESCRIPTION="block type MarginTextZone"/><OtherTag ID="BT16086" LABEL="MainZone" DESCRIPTION="block type MainZone"/><OtherTag ID="BT16085" LABEL="DigitizationArtefactZone" DESCRIPTION="block type DigitizationArtefactZone"/><OtherTag ID="BT2" LABEL="Main" DESCRIPTION="block type Main"/><OtherTag ID="BT1" LABEL="Title" DESCRIPTION="block type Title"/>
    <OtherTag ID="LT4837" LABEL="DefaultLine" DESCRIPTION="line type DefaultLine"/><OtherTag ID="LT4838" LABEL="default" DESCRIPTION="line type default"/><OtherTag ID="LT4839" LABEL="HeadingLine:title" DESCRIPTION="line type HeadingLine:title"/>
  </Tags>
  
  <Layout>
    <Page WIDTH="1086"
          HEIGHT="1712"
          PHYSICAL_IMG_NR="68"
          ID="eSc_dummypage_">
      <PrintSpace HPOS="0"
                  VPOS="0"
                  WIDTH="1086"
                  HEIGHT="1712">
        
        <TextBlock HPOS="45"
                   VPOS="176"
                   WIDTH="978"
                   HEIGHT="1506"
                   ID="eSc_textblock_1905c349"
                   TAGREFS="BT16086">
          <Shape><Polygon POINTS="529 176 960 188 1023 211 1011 1630 954 1682 74 1682 51 1653 45 1552 79 216 108 188 529 176"/></Shape>
          
          
          <TextLine ID="eSc_line_9af73e3e"
                    TAGREFS="LT4837"
                    BASELINE="92 263 987 253" 
                    HPOS="91"
                    VPOS="209"
                    WIDTH="896"
                    HEIGHT="82">
            <Shape><Polygon POINTS="92 263 92 279 156 281 166 291 168 291 169 291 171 291 221 281 232 278 238 281 256 289 258 289 259 291 346 291 346 289 348 289 381 281 391 278 393 281 402 288 403 288 405 288 406 289 466 289 466 288 468 288 469 288 469 286 475 281 479 276 488 281 496 286 498 286 499 286 500 286 502 286 515 281 522 278 528 281 540 286 542 286 543 286 545 286 567 281 579 278 583 281 590 286 592 286 593 286 595 286 655 285 656 285 657 285 663 281 673 275 702 281 723 285 724 285 726 285 727 285 727 283 732 281 740 272 826 281 829 281 830 281 831 281 860 271 943 271 984 281 987 253 984 212 876 209 874 209 873 209 859 215 836 223 810 223 802 216 800 215 800 214 799 214 797 214 796 214 794 214 793 214 790 216 779 225 699 225 692 219 684 214 684 212 683 212 682 212 616 211 615 211 613 211 612 211 612 212 603 221 597 226 533 222 413 215 412 215 410 215 409 215 392 226 389 228 383 226 369 222 368 222 366 222 365 222 351 226 343 231 308 231 305 228 279 215 278 215 225 215 224 215 222 215 221 215 221 216 209 228 186 216 185 216 184 216 182 216 155 225 127 216 125 216 124 216 122 216 91 231 92 263"/></Shape>
	    <String CONTENT="دراشخاصی انسانی سوسط است ميان نفس حيوانی و نفس السالی"
                    HPOS="91"
                    VPOS="209"
                    WIDTH="896"
                    HEIGHT="82"
                    WC="0.9307497897238102"></String>
          </TextLine>

          
          
          <TextLine ID="eSc_line_2af028af"
                    TAGREFS="LT4837"
                    BASELINE="104 339 699 342 990 335" 
                    HPOS="104"
                    VPOS="288"
                    WIDTH="886"
                    HEIGHT="82">
            <Shape><Polygon POINTS="104 352 154 358 165 368 165 369 166 369 168 369 169 369 255 360 268 366 269 366 271 366 272 366 273 366 273 365 288 353 319 353 341 369 342 369 343 369 345 370 381 370 381 369 382 369 383 369 402 353 433 362 435 362 436 362 438 362 465 355 518 369 519 369 520 369 522 369 542 362 552 369 553 369 555 369 556 370 655 370 655 369 656 369 687 356 700 368 700 369 702 369 703 369 704 370 740 370 740 369 742 369 743 369 743 368 759 353 824 362 826 362 827 362 829 362 829 360 837 353 861 353 877 368 877 369 879 369 880 369 881 370 911 370 911 369 913 369 914 369 933 353 990 352 990 335 983 288 968 296 953 288 951 288 950 288 949 288 947 288 926 302 910 289 909 289 907 289 906 289 904 289 903 289 893 298 881 289 881 288 880 288 879 288 816 288 814 288 813 288 812 288 799 299 777 293 776 293 774 293 773 293 772 293 754 309 712 309 699 299 697 299 696 299 694 299 693 299 692 299 680 309 642 309 633 301 633 299 632 299 630 299 629 299 627 299 626 299 610 309 546 309 520 292 519 292 518 292 516 292 515 292 513 292 499 303 472 299 470 299 469 299 436 308 418 295 416 295 415 295 413 295 412 295 378 305 332 288 331 288 329 288 326 288 301 289 299 289 298 289 298 291 281 308 264 308 224 288 222 288 221 288 219 288 218 288 205 296 189 288 188 288 104 288 104 339 104 352"/></Shape>
	    <String CONTENT="که گهی آنينه حس محسوسات می گردد و کاهی آيينه عقل قولا"
                    HPOS="104"
                    VPOS="288"
                    WIDTH="886"
                    HEIGHT="82"
                    WC="0.8719601474025033"></String>
          </TextLine>

          
          
          <TextLine ID="eSc_line_077f1abd"
                    TAGREFS="LT4837"
                    BASELINE="95 413 613 420 983 412" 
                    HPOS="95"
                    VPOS="369"
                    WIDTH="888"
                    HEIGHT="80">
            <Shape><Polygon POINTS="95 413 95 430 225 430 251 447 252 447 254 447 255 449 353 449 353 447 355 447 356 447 356 446 373 430 416 447 418 447 419 449 452 449 452 447 453 447 455 447 469 437 529 447 530 447 532 447 566 430 582 446 582 447 583 447 585 447 586 449 615 449 615 447 616 447 653 430 679 447 680 447 682 447 683 447 684 447 717 432 730 445 730 446 732 446 733 446 734 446 736 446 737 446 762 429 777 429 784 429 799 440 799 442 800 442 802 442 803 442 804 442 824 433 836 443 836 445 837 445 839 445 840 445 841 445 843 445 864 429 939 429 953 437 954 437 956 437 957 437 958 437 981 428 983 412 977 369 953 379 943 370 943 369 941 369 940 369 913 369 911 369 910 369 909 369 909 370 894 383 861 370 854 369 853 369 851 369 850 369 841 372 821 379 814 372 812 370 812 369 810 369 809 369 760 369 759 369 757 369 747 373 726 385 714 375 714 373 713 373 712 373 710 373 709 373 707 373 706 375 697 380 692 375 686 370 686 369 684 369 683 369 660 369 659 369 657 369 656 369 646 376 626 388 510 388 495 379 493 379 492 379 490 379 475 385 463 379 448 372 446 372 445 372 443 372 442 372 442 373 435 380 429 386 418 380 403 373 402 373 401 373 399 373 398 373 388 380 382 385 366 382 329 373 328 373 326 373 302 383 292 388 258 388 252 383 229 369 228 369 226 369 225 369 224 369 185 380 134 369 132 369 131 369 129 369 129 370 112 386 112 388 95 388 95 413"/></Shape>
	    <String CONTENT="شود پس اگر در شخص نفس خيوانی يعنی بهيمی غالب باشد"
                    HPOS="95"
                    VPOS="369"
                    WIDTH="888"
                    HEIGHT="80"
                    WC="0.9050678562144844"></String>
          </TextLine>

          
          
          <TextLine ID="eSc_line_d29ce026"
                    TAGREFS="LT4837"
                    BASELINE="104 502 984 493" 
                    HPOS="102"
                    VPOS="442"
                    WIDTH="882"
                    HEIGHT="87">
            <Shape><Polygon POINTS="104 502 104 519 134 529 135 529 136 529 138 529 174 520 201 512 322 512 338 520 343 525 345 525 346 525 348 525 349 525 359 520 375 512 389 519 391 519 392 519 393 519 419 510 438 520 448 526 449 526 450 526 475 520 485 519 499 520 536 526 538 526 539 526 540 526 547 520 559 515 582 522 595 525 596 525 597 526 679 526 679 525 680 525 693 522 733 510 747 522 749 523 750 523 752 523 753 523 762 522 802 512 829 522 833 523 834 523 836 523 837 523 839 523 840 522 859 507 899 506 927 522 929 522 930 523 983 523 984 493 980 442 910 449 881 443 867 442 866 442 864 442 859 445 840 453 829 445 826 443 824 443 823 443 821 443 820 443 810 446 787 452 769 447 760 445 759 445 757 445 756 445 754 445 752 447 732 465 687 466 662 466 645 450 640 446 639 446 637 446 636 446 635 446 623 450 595 465 553 453 552 453 550 453 549 453 523 467 469 467 455 456 449 450 448 450 446 450 445 450 443 450 429 456 426 457 419 456 368 447 366 447 365 447 363 447 349 459 339 466 331 459 328 457 328 456 326 456 325 456 323 456 322 456 321 456 321 457 318 459 311 466 295 460 293 460 292 460 288 460 236 467 228 462 209 449 208 449 206 449 144 449 142 449 141 449 139 449 139 450 122 465 119 467 102 466 104 502"/></Shape>
	    <String CONTENT="تا يچار ففس خيای منقس گردد به صورت محسوسات در تحصيل"
                    HPOS="102"
                    VPOS="442"
                    WIDTH="882"
                    HEIGHT="87"
                    WC="0.881041358498966"></String>
          </TextLine>

          
          
          <TextLine ID="eSc_line_7bd68658"
                    TAGREFS="LT4837"
                    BASELINE="97 567 988 570" 
                    HPOS="95"
                    VPOS="522"
                    WIDTH="893"
                    HEIGHT="77">
            <Shape><Polygon POINTS="97 567 95 580 214 582 248 593 249 593 251 593 252 593 278 583 296 596 298 596 299 596 301 596 302 596 346 584 373 594 375 594 376 594 378 594 379 594 379 593 389 583 420 596 422 596 423 597 485 597 485 596 486 596 488 596 500 584 542 597 543 597 545 599 616 599 616 597 617 597 619 597 632 590 639 596 639 597 640 597 642 597 643 599 703 599 703 597 704 597 726 586 747 597 749 597 750 597 752 597 786 584 856 597 857 597 930 584 944 596 946 596 947 596 949 596 950 596 987 583 988 570 988 535 971 529 970 529 968 529 967 529 956 535 950 537 944 535 921 523 920 523 919 523 873 530 859 523 857 523 856 523 854 523 821 535 806 542 752 542 743 535 727 523 726 523 724 523 723 523 722 523 720 523 706 536 699 542 573 542 565 536 546 525 545 525 543 525 542 525 540 525 513 536 506 540 462 540 458 536 448 527 446 527 445 527 443 527 442 527 440 527 428 536 426 537 425 536 408 522 406 522 405 522 338 522 336 522 335 522 333 522 333 523 322 533 305 522 303 522 302 522 246 522 245 522 244 522 242 522 231 532 218 522 216 522 215 522 178 522 176 522 175 522 174 522 151 537 148 539 97 539 97 567"/></Shape>
	    <String CONTENT="أن محتاج بود به آلات ظائري جسماني وبون آلات فاسد"
                    HPOS="95"
                    VPOS="522"
                    WIDTH="893"
                    HEIGHT="77"
                    WC="0.9339927710019625"></String>
          </TextLine>

          
          
          <TextLine ID="eSc_line_7d21b0ff"
                    TAGREFS="LT4837"
                    BASELINE="98 647 986 643" 
                    HPOS="97"
                    VPOS="592"
                    WIDTH="889"
                    HEIGHT="84">
            <Shape><Polygon POINTS="98 647 98 660 199 660 222 674 224 674 225 674 226 676 311 676 311 674 312 674 349 657 369 657 413 657 423 657 675 673 676 673 677 673 679 673 679 671 692 659 753 671 754 671 756 671 757 671 780 656 829 656 861 666 863 666 864 666 866 666 899 656 943 670 944 670 946 670 947 670 986 653 986 643 978 593 967 602 950 594 947 593 946 593 944 593 943 593 941 593 940 594 923 609 899 596 891 592 890 592 889 592 887 592 886 592 881 596 871 603 853 599 851 599 850 599 849 599 809 612 716 612 697 600 693 597 692 597 690 597 617 596 616 596 615 596 613 596 603 603 587 613 515 613 508 604 495 594 495 593 493 593 492 593 476 593 475 593 473 593 418 607 399 612 395 607 381 596 379 596 378 596 343 594 342 594 341 594 339 594 322 610 321 612 316 610 308 606 306 606 305 606 303 606 302 606 295 610 292 613 288 610 268 597 266 597 265 597 138 594 136 594 135 594 134 594 134 596 114 614 97 614 98 647"/></Shape>
	    <String CONTENT="گردد آن صورت منخيله نيز فاسد گردد د نفس خيالی نماند اگر"
                    HPOS="97"
                    VPOS="592"
                    WIDTH="889"
                    HEIGHT="84"
                    WC="0.8830905178827899"></String>
          </TextLine>

          
          
          <TextLine ID="eSc_line_9b08e111"
                    TAGREFS="LT4837"
                    BASELINE="101 720 978 720" 
                    HPOS="101"
                    VPOS="669"
                    WIDTH="877"
                    HEIGHT="80">
            <Shape><Polygon POINTS="101 720 101 731 131 743 132 743 134 743 135 743 156 733 211 733 226 746 228 746 229 746 231 746 232 746 254 734 266 746 266 747 268 747 269 747 271 749 321 749 321 747 322 747 323 747 323 746 336 734 355 747 356 747 358 747 359 747 361 747 412 733 413 733 415 733 516 744 518 744 580 736 595 747 596 747 597 747 599 749 706 749 706 747 707 747 709 747 727 734 750 747 752 747 753 749 793 749 793 747 794 747 820 736 836 747 837 747 839 747 840 749 867 749 867 747 869 747 870 747 886 733 887 733 977 733 978 720 978 690 963 690 940 670 940 669 939 669 937 669 877 669 876 669 874 669 873 669 861 677 850 669 849 669 847 669 766 669 764 669 763 669 762 669 762 670 744 686 709 690 684 690 662 670 660 670 659 670 657 670 656 670 619 689 573 674 572 674 570 674 569 674 567 674 549 690 459 690 442 676 440 676 439 676 438 676 436 676 435 676 412 690 365 690 345 671 345 670 343 670 342 670 341 670 339 670 338 670 323 683 272 669 271 669 269 669 208 677 179 669 178 669 176 669 175 669 101 689 101 720"/></Shape>
	    <String CONTENT="در شخصی نفس آنسانی حاکم و غالب بود نفس خيالی آيييه معانی"
                    HPOS="101"
                    VPOS="669"
                    WIDTH="877"
                    HEIGHT="80"
                    WC="0.910562291227538"></String>
          </TextLine>

          
          
          <TextLine ID="eSc_line_74cbef1b"
                    TAGREFS="LT4837"
                    BASELINE="98 790 977 793" 
                    HPOS="97"
                    VPOS="743"
                    WIDTH="880"
                    HEIGHT="77">
            <Shape><Polygon POINTS="98 790 97 801 231 806 242 816 242 817 244 817 245 817 246 817 248 817 249 817 268 806 322 817 323 817 325 817 355 803 388 817 389 817 391 817 392 817 393 817 416 804 429 816 429 817 430 817 432 817 433 818 453 818 453 817 455 817 506 804 557 816 559 816 560 816 585 807 596 817 596 818 597 818 599 818 600 818 676 808 716 817 717 817 719 817 720 817 732 807 757 818 759 818 760 820 803 820 803 818 804 818 806 818 829 804 914 804 941 818 943 818 944 818 946 818 976 803 977 793 973 744 944 757 927 746 927 744 926 744 924 744 866 744 864 744 863 744 861 744 859 747 830 767 783 767 770 756 769 756 767 756 766 756 764 756 753 761 739 750 733 744 732 744 730 744 729 744 727 744 709 750 703 751 696 750 666 744 665 744 663 744 647 751 615 767 555 767 532 754 510 743 509 743 469 743 468 743 466 743 465 743 465 744 452 756 445 764 428 756 410 749 409 749 408 749 406 749 389 757 383 760 376 757 362 753 361 753 359 753 358 753 356 753 349 758 339 764 331 758 322 753 321 753 319 753 318 753 316 753 296 758 281 764 268 760 224 743 222 743 221 743 219 743 151 763 142 764 98 764 98 790"/></Shape>
	    <String CONTENT="گردد که نفس ناطقه نذات خود ادراک ان نوده باشد و در"
                    HPOS="97"
                    VPOS="743"
                    WIDTH="880"
                    HEIGHT="77"
                    WC="0.8569354450702668"></String>
          </TextLine>

          
          
          <TextLine ID="eSc_line_d945d74e"
                    TAGREFS="LT4837"
                    BASELINE="85 934 978 945" 
                    HPOS="84"
                    VPOS="891"
                    WIDTH="894"
                    HEIGHT="77">
            <Shape><Polygon POINTS="85 934 84 944 144 945 201 961 202 961 204 961 205 961 206 961 226 948 333 963 335 964 398 964 398 963 399 963 425 951 445 964 446 964 448 964 449 964 496 954 519 964 520 964 522 964 599 954 642 967 643 967 645 968 702 968 702 967 703 967 704 967 704 965 716 955 733 964 734 964 736 964 737 964 764 955 767 955 773 955 851 967 853 967 854 967 883 960 891 967 891 968 893 968 894 968 896 968 977 958 978 945 976 903 956 910 934 903 930 901 929 901 927 901 926 901 924 901 923 903 909 915 873 903 864 900 863 900 819 900 817 900 816 900 814 900 812 903 797 914 769 905 767 905 766 905 764 905 749 914 640 914 610 904 609 904 607 904 606 904 605 904 593 911 577 904 562 897 560 897 559 897 557 897 540 904 529 908 515 904 485 895 483 895 482 895 440 904 418 910 408 905 386 894 385 894 383 894 382 894 356 905 349 908 342 905 321 894 319 894 266 893 265 893 264 893 238 905 235 907 232 905 194 891 192 891 152 891 151 891 149 891 148 891 148 893 132 905 132 907 85 907 85 934"/></Shape>
	    <String CONTENT="تاطقر باقی باند بديندچه که چون لفس ايستانی از بدن مغار"
                    HPOS="84"
                    VPOS="891"
                    WIDTH="894"
                    HEIGHT="77"
                    WC="0.9025493518069938"></String>
          </TextLine>

          
          
          <TextLine ID="eSc_line_6adba146"
                    TAGREFS="LT4837"
                    BASELINE="98 1012 639 1020 983 1008" 
                    HPOS="97"
                    VPOS="963"
                    WIDTH="886"
                    HEIGHT="82">
            <Shape><Polygon POINTS="98 1012 98 1045 151 1044 152 1044 154 1044 184 1024 204 1032 205 1032 206 1032 275 1027 282 1032 282 1034 283 1034 285 1034 286 1034 338 1024 361 1038 362 1038 363 1038 365 1038 366 1038 388 1030 409 1038 423 1044 425 1044 426 1045 470 1045 470 1044 472 1044 486 1035 508 1024 528 1035 532 1038 533 1038 535 1038 536 1038 538 1038 552 1034 562 1031 565 1034 575 1042 575 1044 576 1044 577 1044 579 1045 649 1045 649 1044 650 1044 689 1031 692 1030 692 1031 706 1042 706 1044 707 1044 709 1044 710 1045 739 1045 739 1044 740 1044 742 1044 742 1042 756 1030 762 1024 853 1024 856 1027 866 1035 866 1037 867 1037 869 1037 870 1037 871 1037 903 1025 907 1024 981 1024 983 1008 977 964 950 978 923 965 917 963 916 963 823 963 821 963 820 963 819 963 814 967 806 972 797 967 793 963 792 963 790 963 763 963 762 963 760 963 759 963 753 967 724 987 640 987 620 975 619 975 617 975 616 975 596 987 545 987 528 975 526 975 525 975 523 975 522 975 496 985 402 977 401 977 362 985 352 977 351 977 349 977 348 977 346 977 319 985 303 974 291 963 289 963 288 963 244 963 242 963 241 963 239 963 222 974 212 981 204 975 201 972 199 972 198 972 196 972 195 972 188 975 179 978 176 975 164 964 164 963 162 963 161 963 111 963 109 963 108 963 107 963 107 964 97 972 98 1012"/></Shape>
	    <String CONTENT="کند هت متابی انه خيال در نفس بماند از و آنشها و عملها"
                    HPOS="97"
                    VPOS="963"
                    WIDTH="886"
                    HEIGHT="82"
                    WC="0.9027784091454966"></String>
          </TextLine>

          
          
          <TextLine ID="eSc_line_2afbabfa"
                    TAGREFS="LT4837"
                    BASELINE="101 1087 306 1095 983 1095" 
                    HPOS="99"
                    VPOS="1044"
                    WIDTH="884"
                    HEIGHT="78">
            <Shape><Polygon POINTS="101 1087 99 1098 252 1117 254 1117 255 1117 256 1117 271 1107 285 1118 285 1119 286 1119 288 1119 289 1121 346 1121 346 1119 348 1119 349 1119 349 1118 362 1108 379 1119 381 1119 382 1119 383 1121 413 1121 413 1119 415 1119 416 1119 439 1101 489 1101 508 1118 508 1119 509 1119 510 1119 512 1119 513 1119 556 1108 572 1119 573 1119 575 1119 576 1119 577 1119 595 1112 619 1121 620 1121 622 1122 666 1122 666 1121 667 1121 669 1121 690 1105 726 1112 727 1112 729 1112 764 1102 839 1102 877 1121 879 1121 880 1122 913 1122 913 1121 914 1121 916 1121 916 1119 934 1102 981 1102 983 1095 983 1061 970 1051 968 1051 967 1051 966 1051 964 1051 931 1062 927 1064 923 1062 889 1048 887 1048 886 1048 884 1048 863 1058 846 1047 844 1047 843 1047 776 1047 774 1047 773 1047 772 1047 760 1055 696 1047 694 1047 693 1047 692 1047 669 1061 663 1065 627 1065 622 1061 603 1048 602 1048 600 1048 599 1048 597 1048 583 1055 549 1048 547 1048 546 1048 545 1048 526 1060 520 1064 453 1064 449 1060 429 1045 428 1045 426 1045 425 1045 423 1045 376 1060 365 1062 316 1060 211 1051 209 1051 208 1051 191 1058 181 1062 172 1058 145 1044 144 1044 142 1044 141 1044 101 1057 101 1087"/></Shape>
	    <String CONTENT="ويقين امتاز نفس انسانی در عالم عقی بدين هيت"
                    HPOS="99"
                    VPOS="1044"
                    WIDTH="884"
                    HEIGHT="78"
                    WC="0.8903026927349179"></String>
          </TextLine>

          
          
          <TextLine ID="eSc_line_c64bc4e6"
                    TAGREFS="LT4837"
                    BASELINE="141 1174 974 1178" 
                    HPOS="139"
                    VPOS="1124"
                    WIDTH="835"
                    HEIGHT="71">
            <Shape><Polygon POINTS="141 1174 139 1181 175 1192 176 1192 178 1192 231 1184 264 1192 265 1192 266 1192 268 1192 288 1184 289 1184 395 1184 399 1185 416 1194 418 1194 419 1194 420 1194 445 1186 449 1185 456 1186 490 1194 492 1194 493 1194 510 1186 516 1185 525 1188 549 1194 550 1194 552 1195 597 1195 597 1194 599 1194 600 1194 606 1188 610 1185 645 1189 696 1195 697 1195 733 1191 766 1186 786 1191 800 1195 802 1195 803 1195 853 1192 930 1188 971 1194 974 1178 970 1129 951 1135 939 1129 933 1127 931 1127 930 1127 929 1127 923 1129 904 1139 851 1129 831 1127 830 1127 829 1127 827 1127 824 1129 812 1141 792 1129 784 1127 783 1127 782 1127 780 1127 779 1127 779 1128 776 1131 763 1141 723 1132 722 1132 720 1132 719 1132 709 1141 590 1141 573 1131 563 1127 562 1127 560 1127 559 1127 543 1132 519 1139 506 1132 495 1125 493 1125 492 1125 442 1125 440 1125 439 1125 438 1125 438 1127 430 1132 426 1137 395 1132 326 1124 325 1124 323 1124 322 1124 308 1134 299 1139 275 1139 269 1134 264 1128 264 1127 262 1127 261 1127 259 1127 258 1127 256 1127 256 1128 249 1134 246 1137 244 1134 236 1128 236 1127 235 1127 234 1127 232 1127 231 1127 219 1132 205 1124 204 1124 202 1124 154 1124 152 1124 151 1124 149 1124 141 1129 141 1174"/></Shape>
	    <String CONTENT="باشد چرا که انسان درون رد خانیست بلباس چس"
                    HPOS="139"
                    VPOS="1124"
                    WIDTH="835"
                    HEIGHT="71"
                    WC="0.8996808797847934"></String>
          </TextLine>

          
          
          <TextLine ID="eSc_line_bd516ef9"
                    TAGREFS="LT4837"
                    BASELINE="91 1244 385 1248 607 1258 971 1258" 
                    HPOS="89"
                    VPOS="1199"
                    WIDTH="882"
                    HEIGHT="83">
            <Shape><Polygon POINTS="91 1244 89 1254 184 1255 185 1258 198 1268 198 1269 199 1269 201 1269 202 1269 204 1269 205 1269 219 1258 221 1258 229 1259 271 1265 272 1265 292 1261 298 1259 301 1261 316 1275 318 1275 319 1275 321 1275 322 1275 368 1264 383 1259 392 1264 398 1268 399 1268 401 1268 402 1268 403 1268 416 1265 426 1262 430 1265 442 1274 443 1274 445 1274 446 1274 448 1274 469 1266 485 1261 503 1268 530 1278 532 1278 533 1279 587 1279 587 1278 589 1278 602 1271 609 1266 615 1271 622 1278 623 1278 625 1278 752 1281 753 1281 754 1281 756 1281 756 1279 760 1276 767 1269 786 1276 794 1279 796 1279 797 1279 799 1279 800 1279 800 1278 802 1276 814 1265 927 1265 967 1282 971 1258 971 1209 903 1208 901 1208 900 1208 899 1208 897 1209 881 1221 866 1209 863 1206 861 1206 860 1206 804 1206 803 1206 802 1206 800 1206 800 1208 797 1209 780 1225 722 1225 707 1212 706 1212 704 1212 703 1212 702 1212 677 1224 559 1222 518 1211 480 1202 479 1202 478 1202 476 1202 466 1211 459 1216 409 1215 403 1211 379 1201 378 1201 376 1201 335 1209 326 1204 325 1204 323 1204 322 1204 321 1204 305 1212 302 1214 291 1212 258 1206 256 1206 255 1206 254 1206 246 1212 245 1212 231 1199 229 1199 228 1199 155 1199 154 1199 152 1199 151 1199 131 1212 125 1216 91 1214 91 1244"/></Shape>
	    <String CONTENT="پوشيده پس بچون تب ديل صورت يا بد در آخيرت چسما"
                    HPOS="89"
                    VPOS="1199"
                    WIDTH="882"
                    HEIGHT="83"
                    WC="0.9121112474735747"></String>
          </TextLine>

          
          
          <TextLine ID="eSc_line_d6cbcafd"
                    TAGREFS="LT4837"
                    BASELINE="102 1313 706 1333 974 1335" 
                    HPOS="101"
                    VPOS="1269"
                    WIDTH="873"
                    HEIGHT="90">
            <Shape><Polygon POINTS="102 1313 101 1325 138 1325 145 1329 156 1338 158 1338 159 1338 161 1338 162 1338 184 1332 192 1339 194 1339 195 1339 196 1339 239 1332 265 1328 271 1333 279 1341 279 1342 281 1342 282 1342 283 1342 285 1342 311 1335 323 1332 396 1332 409 1339 422 1346 423 1346 425 1346 426 1346 428 1346 442 1339 456 1333 490 1333 498 1342 502 1345 502 1346 503 1346 505 1346 506 1346 508 1346 516 1342 522 1341 529 1343 546 1349 547 1349 549 1349 550 1349 552 1349 557 1345 563 1341 569 1345 573 1348 573 1349 575 1349 576 1349 623 1352 625 1352 673 1349 739 1343 760 1352 772 1356 773 1356 774 1356 776 1356 777 1356 783 1352 799 1343 844 1355 853 1356 854 1356 861 1356 909 1346 971 1359 974 1335 974 1289 913 1288 911 1288 910 1288 909 1288 874 1302 861 1288 860 1288 860 1286 859 1286 857 1286 834 1286 833 1286 831 1286 830 1286 829 1288 812 1303 777 1303 690 1291 689 1291 637 1298 626 1286 625 1286 625 1285 623 1285 622 1285 576 1278 575 1278 573 1278 556 1286 538 1295 509 1285 478 1275 476 1275 475 1275 473 1275 440 1285 429 1289 425 1285 413 1275 413 1274 412 1274 410 1274 409 1274 408 1274 371 1285 355 1289 339 1285 313 1276 312 1276 311 1276 309 1276 308 1276 298 1284 295 1286 292 1284 278 1271 278 1269 276 1269 275 1269 273 1269 272 1269 245 1284 241 1286 234 1284 202 1272 201 1272 199 1272 198 1272 196 1272 185 1281 169 1269 168 1269 166 1269 165 1269 102 1282 102 1313"/></Shape>
	    <String CONTENT="باشد بلباسى روجانى پوشيده نكته دبغاى نفس بعد"
                    HPOS="101"
                    VPOS="1269"
                    WIDTH="873"
                    HEIGHT="90"
                    WC="0.956221258098429"></String>
          </TextLine>

          
          
          <TextLine ID="eSc_line_85195be3"
                    TAGREFS="LT4837"
                    BASELINE="89 1389 530 1403" 
                    HPOS="88"
                    VPOS="1333"
                    WIDTH="442"
                    HEIGHT="86">
            <Shape><Polygon POINTS="89 1389 88 1402 118 1408 119 1408 121 1408 122 1408 129 1403 136 1399 144 1403 152 1408 154 1408 155 1408 156 1408 165 1405 176 1399 206 1405 244 1412 245 1412 246 1412 248 1412 255 1406 261 1402 292 1406 353 1416 355 1416 399 1409 408 1408 413 1409 440 1419 442 1419 443 1419 445 1419 472 1410 476 1409 528 1410 530 1403 529 1356 505 1361 496 1355 486 1346 485 1346 483 1346 482 1346 480 1346 459 1355 448 1359 436 1353 413 1342 412 1342 410 1342 409 1342 369 1352 355 1356 343 1352 311 1338 309 1338 308 1338 306 1338 266 1351 259 1345 259 1343 258 1343 256 1343 255 1343 234 1346 224 1336 224 1335 222 1335 221 1335 176 1333 175 1333 174 1333 154 1343 136 1335 135 1335 134 1335 132 1335 131 1335 131 1336 118 1348 117 1348 89 1348 89 1389"/></Shape>
	    <String CONTENT="نسانی را نمی باشد چي را که کمال"
                    HPOS="88"
                    VPOS="1333"
                    WIDTH="442"
                    HEIGHT="86"
                    WC="0.9447517337337616"></String>
          </TextLine>

          
          
          <TextLine ID="eSc_line_a8919e28"
                    TAGREFS="LT4837"
                    BASELINE="569 1408 973 1408" 
                    HPOS="569"
                    VPOS="1362"
                    WIDTH="404"
                    HEIGHT="70">
            <Shape><Polygon POINTS="569 1408 569 1428 615 1419 625 1426 629 1430 630 1430 632 1430 633 1432 692 1432 692 1430 717 1425 740 1419 746 1423 754 1430 756 1430 757 1430 759 1430 760 1430 776 1423 783 1420 800 1422 859 1430 860 1430 861 1430 889 1420 890 1419 973 1418 973 1408 971 1366 896 1375 883 1368 871 1362 870 1362 869 1362 867 1362 847 1369 829 1375 816 1369 799 1362 797 1362 796 1362 794 1362 770 1371 757 1375 744 1372 713 1362 712 1362 710 1362 709 1362 707 1362 707 1363 696 1372 696 1373 662 1375 656 1373 617 1362 616 1362 615 1362 613 1362 569 1375 569 1408"/></Shape>
	    <String CONTENT="اتر فتاى بدن به جموع نفر"
                    HPOS="569"
                    VPOS="1362"
                    WIDTH="404"
                    HEIGHT="70"
                    WC="0.8744253267844518"></String>
          </TextLine>

          
          
          <TextLine ID="eSc_line_52aa050a"
                    TAGREFS="LT4837"
                    BASELINE="89 1478 443 1476 706 1486 968 1482" 
                    HPOS="88"
                    VPOS="1420"
                    WIDTH="880"
                    HEIGHT="86">
            <Shape><Polygon POINTS="89 1478 88 1483 111 1495 112 1495 114 1495 115 1495 139 1483 154 1496 155 1496 156 1496 158 1496 159 1496 188 1483 292 1483 332 1495 333 1495 335 1495 446 1485 482 1498 483 1498 485 1498 486 1498 488 1498 488 1496 500 1486 528 1503 529 1503 530 1503 590 1505 592 1505 593 1505 625 1489 666 1505 667 1505 669 1506 756 1506 756 1505 757 1505 784 1492 827 1505 829 1505 830 1505 831 1505 833 1505 833 1503 850 1488 876 1502 877 1502 879 1502 880 1502 906 1493 940 1499 941 1499 943 1499 967 1485 968 1482 966 1445 880 1445 880 1443 859 1425 857 1425 856 1425 854 1425 853 1425 830 1432 803 1423 802 1423 800 1423 799 1423 770 1430 742 1423 740 1423 739 1423 737 1423 736 1423 706 1443 704 1443 699 1443 585 1435 583 1435 550 1442 520 1422 519 1422 518 1422 516 1422 498 1423 496 1423 495 1423 495 1425 476 1442 376 1426 375 1426 373 1426 336 1442 336 1443 305 1443 305 1442 283 1423 283 1422 282 1422 281 1422 279 1422 205 1429 196 1422 196 1420 195 1420 194 1420 131 1420 129 1420 128 1420 89 1439 89 1478"/></Shape>
	    <String CONTENT="قاز اثر نفس کلحاصل می شود و بمحققان اثر نفس گل"
                    HPOS="88"
                    VPOS="1420"
                    WIDTH="880"
                    HEIGHT="86"
                    WC="0.9153124767801036"></String>
          </TextLine>

          
          
          <TextLine ID="eSc_line_6ed1b057"
                    TAGREFS="LT4837"
                    BASELINE="114 1547 963 1557" 
                    HPOS="112"
                    VPOS="1503"
                    WIDTH="851"
                    HEIGHT="76">
            <Shape><Polygon POINTS="114 1547 112 1560 184 1560 186 1560 206 1570 208 1570 209 1570 211 1570 212 1570 226 1562 235 1557 283 1557 288 1563 296 1570 296 1572 298 1572 299 1572 301 1572 302 1572 333 1563 353 1559 359 1565 371 1573 372 1573 373 1573 375 1575 403 1575 403 1573 405 1573 406 1573 415 1565 419 1562 423 1566 430 1572 430 1573 432 1573 433 1573 435 1573 436 1573 459 1566 475 1562 506 1567 522 1569 523 1569 538 1567 579 1562 600 1569 623 1576 625 1576 626 1577 675 1577 675 1576 676 1576 677 1576 686 1570 696 1563 714 1570 733 1577 734 1577 736 1579 829 1579 829 1577 830 1577 831 1577 831 1576 836 1573 841 1566 856 1573 861 1576 863 1576 864 1576 866 1576 876 1573 896 1569 907 1575 917 1579 919 1579 920 1579 921 1579 923 1579 929 1575 933 1572 960 1575 963 1557 963 1512 867 1512 866 1512 864 1512 863 1512 863 1513 857 1519 843 1512 839 1510 837 1510 836 1510 834 1510 833 1510 833 1512 831 1512 824 1519 817 1513 816 1513 814 1513 813 1513 812 1513 780 1525 742 1517 740 1517 603 1523 583 1513 569 1507 567 1507 566 1507 506 1512 505 1512 503 1512 503 1513 500 1515 493 1522 479 1515 463 1507 462 1507 460 1507 459 1507 433 1515 429 1516 426 1515 409 1506 408 1506 406 1506 405 1506 403 1506 391 1515 389 1516 383 1515 352 1509 351 1509 349 1509 348 1509 339 1516 335 1517 332 1516 328 1512 326 1512 325 1512 323 1512 262 1516 254 1516 252 1516 231 1507 229 1507 228 1507 226 1507 225 1507 225 1509 219 1515 196 1503 195 1503 194 1503 192 1503 191 1503 171 1516 149 1505 148 1505 146 1505 145 1505 114 1516 114 1547"/></Shape>
	    <String CONTENT="را رشال نور آفتاب داشته آند چنانچه نور آفتاب"
                    HPOS="112"
                    VPOS="1503"
                    WIDTH="851"
                    HEIGHT="76"
                    WC="0.8865299941377437"></String>
          </TextLine>

          
          
          <TextLine ID="eSc_line_c406f483"
                    TAGREFS="LT4837"
                    BASELINE="105 1617 182 1626 546 1630 963 1626" 
                    HPOS="104"
                    VPOS="1572"
                    WIDTH="859"
                    HEIGHT="82">
            <Shape><Polygon POINTS="105 1617 104 1643 184 1653 185 1653 186 1653 188 1653 198 1644 202 1642 218 1644 232 1647 234 1647 246 1644 269 1640 276 1644 288 1653 289 1653 291 1653 292 1654 316 1654 316 1653 318 1653 319 1653 331 1646 341 1640 366 1646 399 1653 401 1653 402 1653 403 1653 410 1646 419 1640 473 1640 492 1647 508 1653 509 1653 510 1654 589 1654 589 1653 590 1653 603 1647 623 1640 643 1649 656 1653 657 1653 659 1654 659 1653 660 1653 673 1649 694 1640 742 1649 764 1653 766 1653 767 1653 780 1649 809 1640 827 1649 829 1649 830 1649 831 1649 833 1649 843 1642 854 1650 857 1653 859 1653 860 1653 861 1653 863 1653 874 1650 901 1643 960 1650 963 1626 958 1587 916 1592 907 1587 886 1572 884 1572 883 1572 859 1572 857 1572 856 1572 817 1586 806 1577 804 1577 803 1577 802 1577 800 1577 782 1587 772 1593 645 1593 639 1587 622 1573 620 1573 619 1573 617 1573 616 1573 615 1573 596 1587 590 1592 576 1587 552 1580 550 1580 549 1580 512 1587 492 1592 485 1587 453 1572 452 1572 405 1572 403 1572 402 1572 401 1572 383 1586 316 1572 315 1572 313 1572 312 1572 292 1589 289 1592 285 1589 261 1572 259 1572 258 1572 256 1572 218 1580 209 1573 209 1572 208 1572 206 1572 136 1572 135 1572 134 1572 105 1586 105 1617"/></Shape>
	    <String CONTENT="جيام کشيف ميستابد مثل احجار و اشجار از آن تابش"
                    HPOS="104"
                    VPOS="1572"
                    WIDTH="859"
                    HEIGHT="82"
                    WC="0.9097573313307254"></String>
          </TextLine>

          
        </TextBlock>
        
        <TextBlock HPOS="483"
                   VPOS="102"
                   WIDTH="90"
                   HEIGHT="67"
                   ID="eSc_textblock_c0944eac"
                   TAGREFS="BT16093">
          <Shape><Polygon POINTS="506 102 573 108 567 152 539 169 495 152 483 119 506 102"/></Shape>
          
          
          <TextLine ID="eSc_line_65d5c73c"
                    TAGREFS="LT4837"
                    BASELINE="502 136 547 134" 
                    HPOS="499"
                    VPOS="104"
                    WIDTH="48"
                    HEIGHT="55">
            <Shape><Polygon POINTS="542 105 532 104 499 109 502 136 502 156 546 159 547 134 543 105 542 105"/></Shape>
	    <String CONTENT=""
                    HPOS="499"
                    VPOS="104"
                    WIDTH="48"
                    HEIGHT="55"></String>
          </TextLine>

          
        </TextBlock>
        

        
      </PrintSpace>
    </Page>
  </Layout>
</alto>
