<?xml version="1.0" encoding="UTF-8"?>
<alto xmlns:xsi="http://www.w3.org/2001/XMLSchema-instance"
      xmlns="http://www.loc.gov/standards/alto/ns-v4#"
      xsi:schemaLocation="http://www.loc.gov/standards/alto/ns-v4# http://www.loc.gov/standards/alto/v4/alto-4-2.xsd">
  <Description>
    <MeasurementUnit>pixel</MeasurementUnit>
    <sourceImageInformation>
      <fileName>Rasail021.jpg</fileName>
      
    </sourceImageInformation>
  </Description>
  
  <Tags>
    <OtherTag ID="BT16094" LABEL="default" DESCRIPTION="block type default"/><OtherTag ID="BT16093" LABEL="NumberingZone:page" DESCRIPTION="block type NumberingZone:page"/><OtherTag ID="BT16092" LABEL="MarginTextZone:note" DESCRIPTION="block type MarginTextZone:note"/><OtherTag ID="BT16091" LABEL="TitlePageZone" DESCRIPTION="block type TitlePageZone"/><OtherTag ID="BT16090" LABEL="QuireMarksZone:catchwords" DESCRIPTION="block type QuireMarksZone:catchwords"/><OtherTag ID="BT16089" LABEL="NumberingZone:other" DESCRIPTION="block type NumberingZone:other"/><OtherTag ID="BT16088" LABEL="NumberingZone" DESCRIPTION="block type NumberingZone"/><OtherTag ID="BT16087" LABEL="MarginTextZone" DESCRIPTION="block type MarginTextZone"/><OtherTag ID="BT16086" LABEL="MainZone" DESCRIPTION="block type MainZone"/><OtherTag ID="BT16085" LABEL="DigitizationArtefactZone" DESCRIPTION="block type DigitizationArtefactZone"/><OtherTag ID="BT2" LABEL="Main" DESCRIPTION="block type Main"/><OtherTag ID="BT1" LABEL="Title" DESCRIPTION="block type Title"/>
    <OtherTag ID="LT4837" LABEL="DefaultLine" DESCRIPTION="line type DefaultLine"/><OtherTag ID="LT4838" LABEL="default" DESCRIPTION="line type default"/><OtherTag ID="LT4839" LABEL="HeadingLine:title" DESCRIPTION="line type HeadingLine:title"/>
  </Tags>
  
  <Layout>
    <Page WIDTH="1068"
          HEIGHT="1711"
          PHYSICAL_IMG_NR="49"
          ID="eSc_dummypage_">
      <PrintSpace HPOS="0"
                  VPOS="0"
                  WIDTH="1068"
                  HEIGHT="1711">
        
        <TextBlock HPOS="57"
                   VPOS="136"
                   WIDTH="965"
                   HEIGHT="1493"
                   ID="eSc_textblock_74399deb"
                   TAGREFS="BT16086">
          <Shape><Polygon POINTS="534 136 948 136 1016 171 1022 1555 999 1584 692 1624 119 1629 79 1589 96 1488 57 1276 79 848 57 558 79 182 91 159 534 136"/></Shape>
          
          
          <TextLine ID="eSc_line_08b3e363"
                    TAGREFS="LT4837"
                    BASELINE="82 223 956 212" 
                    HPOS="81"
                    VPOS="162"
                    WIDTH="875"
                    HEIGHT="96">
            <Shape><Polygon POINTS="81 176 82 223 82 248 189 258 191 258 192 258 225 246 253 236 280 236 290 245 300 253 300 255 302 255 303 255 305 256 355 256 355 255 356 255 379 243 386 239 390 243 402 253 403 253 404 253 406 255 476 255 476 253 477 253 479 253 479 252 490 242 499 233 531 240 546 243 547 243 548 243 557 240 578 230 705 230 720 238 741 249 742 249 744 250 769 250 769 249 771 249 772 249 788 238 814 249 815 249 817 249 818 249 819 249 838 236 849 229 894 229 904 235 926 246 928 246 929 246 931 246 956 233 956 212 953 162 899 162 898 162 896 162 895 162 871 176 832 172 831 172 829 172 828 172 818 181 782 163 781 163 779 163 778 163 705 165 704 165 702 165 702 166 691 176 643 166 631 165 630 165 628 165 627 165 627 166 625 166 617 176 610 169 608 169 607 169 606 169 604 169 603 169 583 183 550 178 548 178 547 178 516 185 466 175 464 175 463 175 444 185 417 171 412 168 410 168 409 168 367 169 366 169 365 169 363 171 345 186 317 179 316 179 315 179 313 179 299 186 285 178 283 178 282 178 280 178 279 178 256 188 215 182 213 182 212 182 191 189 175 175 175 173 173 173 172 173 153 173 152 173 151 173 148 175 118 189 98 175 96 173 95 173 94 173 92 173 81 175 81 176"/></Shape>
	    <String CONTENT="باين اسامی معتبر شده اند هت تعليم و تفهيم و مقيم تنبير"
                    HPOS="81"
                    VPOS="162"
                    WIDTH="875"
                    HEIGHT="96"
                    WC="0.8568834690032182"></String>
          </TextLine>

          
          
          <TextLine ID="eSc_line_cebf6eb4"
                    TAGREFS="LT4837"
                    BASELINE="84 302 956 293" 
                    HPOS="82"
                    VPOS="249"
                    WIDTH="874"
                    HEIGHT="84">
            <Shape><Polygon POINTS="84 302 84 320 114 330 115 330 116 330 118 330 142 320 185 333 186 333 188 333 189 333 191 333 191 332 203 320 229 319 242 319 243 319 273 332 275 332 276 332 278 332 279 332 293 320 307 332 309 332 310 332 312 333 373 333 373 332 375 332 407 317 420 329 420 330 422 330 423 330 424 332 519 332 519 330 520 330 564 316 576 326 576 327 577 327 578 327 580 327 581 327 598 320 655 329 657 329 658 329 660 329 680 315 700 315 718 315 734 327 735 327 737 327 738 329 802 329 802 327 804 327 805 327 805 326 821 313 858 322 859 322 861 322 862 322 874 312 956 310 956 293 955 266 938 250 938 249 936 249 935 249 933 249 896 256 888 249 886 249 885 249 884 249 730 250 728 250 727 250 707 269 663 269 628 260 627 260 625 260 624 260 601 270 527 270 503 255 501 255 500 255 499 255 497 255 460 270 404 253 403 253 402 253 400 253 399 253 369 272 290 265 289 265 252 272 235 259 233 259 232 259 230 259 163 272 144 256 142 256 141 256 114 256 112 256 111 256 109 256 82 272 84 302"/></Shape>
	    <String CONTENT="ملاحظه يکانگی اين شش امر در مثال محسوس ميتوان نهود"
                    HPOS="82"
                    VPOS="249"
                    WIDTH="874"
                    HEIGHT="84"
                    WC="0.9245804756879806"></String>
          </TextLine>

          
          
          <TextLine ID="eSc_line_bab26532"
                    TAGREFS="LT4837"
                    BASELINE="79 377 564 374 959 362" 
                    HPOS="78"
                    VPOS="320"
                    WIDTH="881"
                    HEIGHT="89">
            <Shape><Polygon POINTS="79 377 79 393 148 400 149 400 206 393 249 409 250 409 252 409 325 406 326 406 366 390 394 406 396 406 397 406 459 399 483 404 484 404 486 404 487 404 489 404 489 403 499 394 537 403 538 403 540 403 576 394 594 403 596 403 597 403 634 396 665 402 667 402 668 402 670 402 691 384 707 397 708 397 710 397 755 399 757 399 758 399 801 383 861 390 862 390 864 390 865 390 876 380 959 379 959 362 958 333 935 325 933 325 932 325 931 325 906 333 898 337 894 335 876 320 875 320 874 320 872 320 779 330 740 323 738 323 737 323 735 323 735 325 721 337 718 342 644 342 637 339 598 325 597 325 596 325 594 325 558 342 553 343 540 342 490 333 489 333 487 333 447 343 442 345 439 343 424 337 423 337 422 337 372 345 363 346 360 345 340 329 339 329 337 329 336 329 335 329 289 346 285 347 280 347 250 340 249 340 212 347 191 332 189 332 188 332 186 332 185 332 183 332 183 333 171 345 166 340 165 340 163 340 162 340 161 340 145 347 124 335 122 335 121 335 119 335 118 335 116 335 116 336 99 350 99 352 78 352 79 377"/></Shape>
	    <String CONTENT="مثلادانهى كندم كه مزدورغ گردد به منهزله امر كن باشد و"
                    HPOS="78"
                    VPOS="320"
                    WIDTH="881"
                    HEIGHT="89"
                    WC="0.9207069609525069"></String>
          </TextLine>

          
          
          <TextLine ID="eSc_line_28e1609f"
                    TAGREFS="LT4837"
                    BASELINE="81 463 958 440" 
                    HPOS="79"
                    VPOS="394"
                    WIDTH="879"
                    HEIGHT="99">
            <Shape><Polygon POINTS="81 463 81 477 112 493 114 493 115 493 116 493 118 493 118 491 136 474 162 474 186 491 188 491 189 491 191 491 192 491 245 471 246 470 310 470 332 480 333 480 335 480 336 480 362 469 379 484 379 486 380 486 382 486 383 487 409 487 409 486 410 486 440 473 452 483 452 484 453 484 454 484 456 484 551 481 553 481 554 481 581 463 613 480 614 480 615 480 645 479 647 479 683 460 684 460 688 460 737 467 738 467 740 467 764 459 795 470 797 470 798 470 799 470 845 457 894 473 895 473 896 473 898 473 958 453 958 440 955 396 829 394 828 394 827 394 812 402 787 413 764 403 762 403 761 403 760 403 758 403 752 407 747 403 740 397 738 397 737 397 697 397 695 397 694 397 677 406 664 413 648 407 643 406 641 406 640 406 638 406 633 409 611 417 457 416 443 416 442 416 437 416 403 423 392 419 367 406 366 406 365 406 363 406 307 422 296 424 288 422 263 414 262 414 260 414 259 414 258 414 245 424 240 427 233 424 199 410 198 410 196 410 195 410 193 410 176 422 134 412 132 412 131 412 129 412 108 430 106 432 79 432 81 463"/></Shape>
	    <String CONTENT="يفيتيکه آندانه را درين حال پيدايی شود و به منزله عقل"
                    HPOS="79"
                    VPOS="394"
                    WIDTH="879"
                    HEIGHT="99"
                    WC="0.8689701647128699"></String>
          </TextLine>

          
          
          <TextLine ID="eSc_line_9af332ca"
                    TAGREFS="LT4837"
                    BASELINE="81 536 551 531 955 513" 
                    HPOS="79"
                    VPOS="473"
                    WIDTH="876"
                    HEIGHT="90">
            <Shape><Polygon POINTS="81 536 81 551 208 563 209 563 211 563 212 563 222 554 355 558 356 558 357 558 359 558 359 557 369 548 373 544 380 548 399 558 400 558 402 560 427 560 427 558 506 556 507 556 509 556 509 554 516 547 530 554 531 554 533 554 534 554 536 554 547 547 551 544 556 547 570 554 571 554 573 554 574 554 576 554 588 546 600 540 624 546 655 553 657 553 658 553 673 546 687 537 724 544 752 550 754 550 755 550 757 550 762 544 775 533 888 531 953 541 955 513 949 473 915 487 904 476 904 474 902 474 901 474 899 474 889 476 822 487 811 479 809 477 808 477 807 477 769 477 768 477 767 477 765 477 761 481 747 493 737 486 735 486 734 486 732 486 731 486 730 486 711 499 698 490 697 490 695 490 694 490 641 500 614 489 604 484 603 484 601 484 600 484 598 484 598 486 594 490 583 501 560 501 548 491 541 486 541 484 540 484 538 484 506 484 504 484 503 484 501 484 501 486 491 494 484 503 471 496 453 486 452 486 450 486 449 486 447 486 430 497 414 507 249 510 238 507 193 491 192 491 191 491 189 491 139 507 122 496 121 496 119 496 118 496 116 496 79 511 81 536"/></Shape>
	    <String CONTENT="ن باشد و تعين آن دانه را که آن قوت وان کينت"
                    HPOS="79"
                    VPOS="473"
                    WIDTH="876"
                    HEIGHT="90"
                    WC="0.883087424437205"></String>
          </TextLine>

          
          
          <TextLine ID="eSc_line_b449122c"
                    TAGREFS="LT4837"
                    BASELINE="730 594 958 588" 
                    HPOS="728"
                    VPOS="547"
                    WIDTH="230"
                    HEIGHT="67">
            <Shape><Polygon POINTS="730 594 731 614 755 607 775 613 781 614 782 614 784 614 785 614 787 614 788 613 804 600 854 600 871 610 875 611 876 611 878 613 878 611 879 611 884 608 901 600 915 607 918 608 919 608 921 608 922 608 923 608 923 607 932 601 956 605 958 588 953 558 926 560 923 558 906 547 905 547 904 547 902 547 901 547 899 547 881 558 858 550 856 550 855 550 854 550 852 550 844 557 795 547 794 547 792 547 791 547 772 563 757 551 755 551 754 551 752 551 751 551 728 563 730 594"/></Shape>
	    <String CONTENT="ز وی جدا نيست"
                    HPOS="728"
                    VPOS="547"
                    WIDTH="230"
                    HEIGHT="67"
                    WC="0.9475397100815406"></String>
          </TextLine>

          
          
          <TextLine ID="eSc_line_b94e5491"
                    TAGREFS="LT4837"
                    BASELINE="801 660 965 654" 
                    HPOS="798"
                    VPOS="608"
                    WIDTH="167"
                    HEIGHT="69">
            <Shape><Polygon POINTS="801 660 802 677 818 670 858 675 861 675 862 675 864 675 865 675 882 664 963 672 965 654 962 613 945 608 943 608 942 608 872 618 841 623 835 620 819 613 818 613 817 613 815 613 798 620 801 660"/></Shape>
	    <String CONTENT="دانهاستک"
                    HPOS="798"
                    VPOS="608"
                    WIDTH="167"
                    HEIGHT="69"
                    WC="0.8551569804549217"></String>
          </TextLine>

          
          
          <TextLine ID="eSc_line_a7bf9c5f"
                    TAGREFS="LT4837"
                    BASELINE="91 684 677 678" 
                    HPOS="89"
                    VPOS="638"
                    WIDTH="588"
                    HEIGHT="76">
            <Shape><Polygon POINTS="91 684 91 698 148 698 155 701 179 711 181 711 182 711 183 711 205 701 212 698 216 701 229 711 230 711 232 711 233 711 258 710 259 710 260 710 260 708 268 702 273 698 278 702 290 712 292 712 293 712 295 714 335 714 335 712 336 712 337 712 347 702 356 695 384 695 416 695 433 704 447 711 449 711 450 711 486 704 494 702 497 704 503 710 503 711 504 711 506 711 507 711 570 710 571 710 573 710 573 708 577 705 581 700 593 705 604 710 606 710 607 710 608 710 610 710 610 708 614 705 623 697 640 697 650 705 653 708 653 710 654 710 655 710 657 710 677 705 677 678 675 651 660 647 658 647 657 647 655 647 654 647 648 651 641 657 635 651 623 640 623 638 621 638 620 638 593 638 591 638 590 638 588 638 567 653 560 658 544 654 497 640 496 640 494 640 493 640 491 640 474 655 467 661 413 661 406 657 379 643 377 643 376 643 375 643 373 643 363 651 353 647 352 647 350 647 349 647 347 647 347 648 336 658 333 663 293 663 290 660 279 650 279 648 278 648 276 648 275 648 273 648 272 648 272 650 259 660 258 663 216 663 213 661 193 644 193 643 192 643 191 643 136 643 135 643 134 643 89 661 91 684"/></Shape>
	    <String CONTENT="و زيشر می گردد و بعضی از و بيرک"
                    HPOS="89"
                    VPOS="638"
                    WIDTH="588"
                    HEIGHT="76"
                    WC="0.8963287011269601"></String>
          </TextLine>

          
          
          <TextLine ID="eSc_line_b5be8ddc"
                    TAGREFS="LT4837"
                    BASELINE="94 614 576 613" 
                    HPOS="92"
                    VPOS="566"
                    WIDTH="484"
                    HEIGHT="75">
            <Shape><Polygon POINTS="94 614 94 624 171 625 172 627 192 641 193 641 195 641 196 641 248 628 269 624 302 630 309 631 310 631 312 631 315 631 335 624 347 631 350 634 352 634 353 634 355 634 356 634 357 634 360 631 372 624 383 633 392 638 393 638 394 638 396 638 419 634 452 625 471 635 484 641 486 641 487 641 574 637 576 613 573 566 527 566 526 566 524 566 523 566 523 567 521 567 504 586 471 586 446 571 444 571 443 571 442 571 440 571 422 586 355 586 340 576 326 566 325 566 323 566 322 566 320 566 319 566 300 577 299 578 299 577 286 567 286 566 285 566 283 566 232 566 230 566 229 566 228 566 205 581 199 586 178 586 175 583 139 566 138 566 136 566 135 566 92 584 94 614"/></Shape>
	    <String CONTENT="گل باشد و قابلتتبکه ديرآن"
                    HPOS="92"
                    VPOS="566"
                    WIDTH="484"
                    HEIGHT="75"
                    WC="0.9169970028675519"></String>
          </TextLine>

          
          
          <TextLine ID="eSc_line_dfc7db97"
                    TAGREFS="LT4837"
                    BASELINE="740 737 963 731" 
                    HPOS="738"
                    VPOS="680"
                    WIDTH="225"
                    HEIGHT="74">
            <Shape><Polygon POINTS="740 737 740 751 787 754 788 754 789 754 791 754 795 751 807 744 818 751 822 752 824 752 825 752 827 752 832 751 851 742 894 749 905 751 906 751 908 751 909 751 911 749 925 741 961 748 963 731 958 688 932 695 923 690 908 680 906 680 905 680 904 680 902 680 901 680 882 692 878 695 871 692 856 688 855 688 854 688 852 688 835 695 827 698 825 695 812 684 812 682 811 682 809 682 792 682 791 682 789 682 738 698 740 737"/></Shape>
	    <String CONTENT="و خوشه می شود"
                    HPOS="738"
                    VPOS="680"
                    WIDTH="225"
                    HEIGHT="74"
                    WC="0.9695617831670321"></String>
          </TextLine>

          
          
          <TextLine ID="eSc_line_23b9a934"
                    TAGREFS="LT4837"
                    BASELINE="769 812 966 804" 
                    HPOS="767"
                    VPOS="764"
                    WIDTH="199"
                    HEIGHT="65">
            <Shape><Polygon POINTS="769 812 769 829 868 817 965 824 966 804 961 764 928 775 861 772 799 771 798 771 797 771 767 781 769 812"/></Shape>
	    <String CONTENT="آردو خوشم"
                    HPOS="767"
                    VPOS="764"
                    WIDTH="199"
                    HEIGHT="65"
                    WC="0.9497810781002045"></String>
          </TextLine>

          
          
          <TextLine ID="eSc_line_54a96216"
                    TAGREFS="LT4837"
                    BASELINE="98 764 577 761" 
                    HPOS="96"
                    VPOS="707"
                    WIDTH="481"
                    HEIGHT="84">
            <Shape><Polygon POINTS="98 764 98 775 125 789 126 789 128 789 233 775 243 774 248 775 286 789 288 789 289 791 327 791 327 789 329 789 330 789 349 775 355 772 382 772 386 775 397 787 397 788 399 788 400 788 402 788 403 788 404 788 414 781 444 788 446 788 447 788 449 788 450 788 467 777 473 772 490 777 534 788 536 788 537 788 538 788 577 777 577 761 571 711 533 731 509 731 490 711 486 708 486 707 484 707 483 707 481 707 480 707 479 707 474 711 463 720 453 711 450 708 449 708 447 708 446 708 444 708 443 708 439 711 407 730 383 724 382 724 380 724 333 732 295 732 279 717 279 715 278 715 276 715 275 715 273 715 238 724 213 712 212 712 211 712 209 712 208 712 208 714 192 728 165 711 161 708 159 708 158 708 156 708 96 711 98 764"/></Shape>
	    <String CONTENT="و قوتيکه بعضی را از آن پرو"
                    HPOS="96"
                    VPOS="707"
                    WIDTH="481"
                    HEIGHT="84"
                    WC="0.8958581939891532"></String>
          </TextLine>

          
          
          <TextLine ID="eSc_line_78504ffa"
                    TAGREFS="LT4837"
                    BASELINE="760 889 968 882" 
                    HPOS="758"
                    VPOS="834"
                    WIDTH="210"
                    HEIGHT="71">
            <Shape><Polygon POINTS="760 889 760 896 839 905 841 905 895 893 922 902 923 902 925 902 955 901 956 901 958 901 958 899 968 889 968 882 966 844 933 834 932 834 931 834 929 834 928 834 928 835 918 845 911 854 879 854 869 848 841 834 839 834 838 834 758 852 760 889"/></Shape>
	    <String CONTENT="رايشه و ببرگ"
                    HPOS="758"
                    VPOS="834"
                    WIDTH="210"
                    HEIGHT="71"
                    WC="0.9657486180464426"></String>
          </TextLine>

          
          
          <TextLine ID="eSc_line_3f2db412"
                    TAGREFS="LT4837"
                    BASELINE="99 845 606 834" 
                    HPOS="98"
                    VPOS="794"
                    WIDTH="508"
                    HEIGHT="80">
            <Shape><Polygon POINTS="99 845 99 859 185 859 186 859 222 874 223 874 225 874 226 874 272 858 288 871 289 871 290 871 292 872 352 872 352 871 375 869 376 869 377 869 377 868 390 856 449 868 450 868 490 866 491 866 493 866 509 852 510 852 548 864 550 864 551 864 553 864 554 864 571 851 573 851 604 851 606 834 604 799 588 794 587 794 586 794 584 794 583 794 576 799 564 808 521 801 520 801 519 801 501 808 487 801 484 799 483 799 481 799 480 799 477 801 454 811 434 801 429 798 427 798 426 798 424 798 416 801 393 811 384 801 382 799 382 798 380 798 379 798 377 798 376 798 369 801 347 814 275 802 260 801 259 801 258 801 253 802 222 818 208 818 193 804 193 802 192 802 191 802 162 802 161 802 159 802 158 802 156 804 144 814 129 804 128 804 126 804 125 804 98 804 99 845"/></Shape>
	    <String CONTENT="شود و به منندله هبيمت گل و نجمون"
                    HPOS="98"
                    VPOS="794"
                    WIDTH="508"
                    HEIGHT="80"
                    WC="0.8814607383683324"></String>
          </TextLine>

          
          
          <TextLine ID="eSc_line_04f91e71"
                    TAGREFS="LT4837"
                    BASELINE="818 961 968 958" 
                    HPOS="817"
                    VPOS="903"
                    WIDTH="151"
                    HEIGHT="72">
            <Shape><Polygon POINTS="818 961 818 968 966 975 968 958 963 913 926 921 906 912 898 908 896 908 895 908 894 908 892 908 892 909 889 912 884 918 869 911 855 903 854 903 852 903 817 909 818 961"/></Shape>
	    <String CONTENT="کوانر"
                    HPOS="817"
                    VPOS="903"
                    WIDTH="151"
                    HEIGHT="72"
                    WC="0.8698969960212708"></String>
          </TextLine>

          
          
          <TextLine ID="eSc_line_a7e7e020"
                    TAGREFS="LT4837"
                    BASELINE="114 922 558 919" 
                    HPOS="112"
                    VPOS="875"
                    WIDTH="446"
                    HEIGHT="78">
            <Shape><Polygon POINTS="114 922 114 935 176 935 178 935 216 952 218 952 219 953 270 953 270 952 272 952 300 936 326 946 327 946 329 946 330 946 332 946 349 935 352 933 375 933 377 935 399 951 400 951 402 951 403 952 494 952 494 951 496 951 497 951 523 933 524 933 533 941 534 941 536 941 537 941 538 941 558 933 558 919 554 881 504 888 493 879 487 875 486 875 484 875 483 875 481 875 469 879 447 888 394 888 380 879 376 875 375 875 373 875 372 875 355 879 310 889 283 878 282 878 280 878 279 878 278 878 276 878 252 889 239 878 238 878 236 878 235 878 233 878 232 878 213 891 169 891 156 878 156 876 155 876 153 876 152 876 112 876 114 922"/></Shape>
	    <String CONTENT="جم گل واين جموغ به چ"
                    HPOS="112"
                    VPOS="875"
                    WIDTH="446"
                    HEIGHT="78"
                    WC="0.8903797030448913"></String>
          </TextLine>

          
          
          <TextLine ID="eSc_line_1bd1eac9"
                    TAGREFS="LT4837"
                    BASELINE="742 1040 976 1030" 
                    HPOS="740"
                    VPOS="985"
                    WIDTH="236"
                    HEIGHT="71">
            <Shape><Polygon POINTS="742 1040 742 1056 772 1056 772 1055 774 1055 775 1055 775 1053 777 1053 782 1046 814 1052 817 1052 818 1052 819 1052 821 1052 844 1043 975 1043 976 1030 972 996 942 999 936 996 922 985 921 985 919 985 896 985 895 985 832 993 831 993 829 993 822 999 809 1006 781 1006 769 999 762 993 761 993 760 993 758 993 757 993 740 999 742 1040"/></Shape>
	    <String CONTENT=" اقتضای زمان"
                    HPOS="740"
                    VPOS="985"
                    WIDTH="236"
                    HEIGHT="71"
                    WC="0.8825955341259638"></String>
          </TextLine>

          
          
          <TextLine ID="eSc_line_e7b675d4"
                    TAGREFS="LT4837"
                    BASELINE="101 985 543 990 618 985" 
                    HPOS="99"
                    VPOS="945"
                    WIDTH="519"
                    HEIGHT="81">
            <Shape><Polygon POINTS="101 985 99 999 203 999 205 999 215 1006 216 1006 218 1006 219 1006 221 1006 243 1000 260 1015 262 1015 263 1015 265 1015 339 1005 375 1023 376 1023 377 1025 423 1025 423 1023 424 1023 426 1023 442 1012 479 1025 480 1025 481 1026 563 1026 563 1025 564 1025 566 1025 590 1005 617 1002 618 985 615 952 581 949 580 949 578 949 577 949 574 952 557 966 483 966 443 955 414 948 413 948 412 948 410 948 409 948 396 956 384 963 373 956 359 948 357 948 356 948 355 948 353 948 352 948 340 958 335 962 316 962 310 958 303 952 302 952 300 952 299 952 270 959 258 962 255 959 243 948 243 946 242 946 240 946 239 946 173 961 159 946 159 945 158 945 156 945 125 945 124 945 122 945 121 945 101 958 101 985"/></Shape>
	    <String CONTENT="ظاهر وواضخ شدن اسرار"
                    HPOS="99"
                    VPOS="945"
                    WIDTH="519"
                    HEIGHT="81"
                    WC="0.9345250070095062"></String>
          </TextLine>

          
          
          <TextLine ID="eSc_line_46630bd4"
                    TAGREFS="LT4837"
                    BASELINE="774 1102 978 1096" 
                    HPOS="771"
                    VPOS="1046"
                    WIDTH="207"
                    HEIGHT="86">
            <Shape><Polygon POINTS="774 1102 774 1132 844 1124 848 1126 858 1132 859 1132 861 1132 862 1132 881 1123 894 1117 918 1119 956 1123 958 1123 959 1123 978 1113 978 1096 973 1062 923 1066 912 1062 875 1046 874 1046 872 1046 871 1046 841 1059 824 1050 822 1050 821 1050 819 1050 795 1063 791 1066 771 1065 774 1102"/></Shape>
	    <String CONTENT="متور کشته"
                    HPOS="771"
                    VPOS="1046"
                    WIDTH="207"
                    HEIGHT="86"
                    WC="0.9373025827937655"></String>
          </TextLine>

          
          
          <TextLine ID="eSc_line_6043d64f"
                    TAGREFS="LT4837"
                    BASELINE="104 1065 439 1063 596 1056" 
                    HPOS="102"
                    VPOS="1012"
                    WIDTH="494"
                    HEIGHT="85">
            <Shape><Polygon POINTS="104 1065 104 1083 166 1083 169 1085 192 1097 193 1097 195 1097 196 1097 293 1096 295 1096 327 1085 336 1082 346 1085 379 1095 380 1095 382 1095 424 1086 443 1095 444 1095 446 1095 511 1093 513 1093 514 1093 514 1092 523 1085 530 1079 593 1085 596 1056 590 1020 557 1030 536 1020 534 1019 533 1019 531 1019 530 1019 529 1020 503 1033 484 1025 483 1025 481 1025 480 1025 479 1025 463 1035 375 1026 373 1026 372 1026 332 1036 306 1026 305 1026 303 1026 286 1029 276 1019 270 1015 270 1013 269 1013 268 1013 266 1013 265 1013 252 1019 221 1033 193 1019 181 1012 179 1012 178 1012 102 1018 104 1065"/></Shape>
	    <String CONTENT="تا غايت برين دچه كه ببر او را"
                    HPOS="102"
                    VPOS="1012"
                    WIDTH="494"
                    HEIGHT="85"
                    WC="0.9056733867217754"></String>
          </TextLine>

          
          
          <TextLine ID="eSc_line_c974d6a9"
                    TAGREFS="LT4837"
                    BASELINE="521 1133 618 1130" 
                    HPOS="520"
                    VPOS="1087"
                    WIDTH="98"
                    HEIGHT="70">
            <Shape><Polygon POINTS="521 1133 521 1144 554 1157 556 1157 557 1157 618 1153 618 1130 617 1097 594 1087 593 1087 591 1087 590 1087 520 1106 521 1133"/></Shape>
	    <String CONTENT=""
                    HPOS="520"
                    VPOS="1087"
                    WIDTH="98"
                    HEIGHT="70"></String>
          </TextLine>

          
          
          <TextLine ID="eSc_line_2b1e9f1a"
                    TAGREFS="LT4837"
                    BASELINE="286 1213 597 1209 787 1190" 
                    HPOS="285"
                    VPOS="1149"
                    WIDTH="502"
                    HEIGHT="90">
            <Shape><Polygon POINTS="286 1213 286 1224 347 1239 349 1239 350 1239 389 1224 409 1237 410 1237 412 1237 413 1237 414 1237 436 1227 479 1237 480 1237 556 1234 557 1234 573 1226 578 1231 580 1231 581 1231 583 1231 584 1231 586 1231 598 1223 631 1231 633 1231 634 1231 695 1229 697 1229 698 1229 720 1210 787 1207 787 1190 782 1149 745 1152 744 1152 742 1152 742 1153 728 1166 708 1153 705 1152 704 1152 702 1152 701 1152 643 1153 641 1153 627 1160 598 1173 563 1166 561 1166 560 1166 558 1166 548 1176 514 1176 503 1169 490 1159 489 1159 487 1159 486 1159 484 1159 454 1173 440 1180 403 1180 396 1177 379 1166 377 1166 376 1166 375 1166 373 1166 372 1166 372 1167 360 1180 359 1180 356 1180 322 1174 320 1174 319 1174 285 1184 286 1213"/></Shape>
	    <String CONTENT="چون به گلی کار صورت گشت راست"
                    HPOS="285"
                    VPOS="1149"
                    WIDTH="502"
                    HEIGHT="90"
                    WC="0.9010828988892692"></String>
          </TextLine>

          
          
          <TextLine ID="eSc_line_9a19367f"
                    TAGREFS="LT4837"
                    BASELINE="293 1274 567 1274 782 1256" 
                    HPOS="292"
                    VPOS="1221"
                    WIDTH="490"
                    HEIGHT="86">
            <Shape><Polygon POINTS="293 1274 293 1287 320 1297 322 1297 323 1297 372 1286 429 1307 430 1307 432 1307 551 1304 580 1303 581 1303 583 1303 583 1301 606 1281 634 1297 635 1297 637 1297 638 1297 687 1276 781 1270 782 1256 777 1221 750 1231 741 1224 741 1223 740 1223 738 1223 737 1223 735 1223 730 1224 702 1231 692 1226 691 1226 690 1226 688 1226 687 1226 684 1227 657 1239 638 1230 633 1227 631 1227 630 1227 628 1227 614 1231 578 1243 506 1244 474 1240 430 1233 429 1233 357 1247 355 1247 353 1247 325 1239 323 1239 322 1239 320 1239 292 1250 293 1274"/></Shape>
	    <String CONTENT="زمان را کشف معنی اقتضاست"
                    HPOS="292"
                    VPOS="1221"
                    WIDTH="490"
                    HEIGHT="86"
                    WC="0.9733723849058151"></String>
          </TextLine>

          
          
          <TextLine ID="eSc_line_6b8881a7"
                    TAGREFS="LT4837"
                    BASELINE="554 1388 591 1385" 
                    HPOS="551"
                    VPOS="1348"
                    WIDTH="40"
                    HEIGHT="50">
            <Shape><Polygon POINTS="554 1388 554 1398 591 1397 591 1385 584 1348 551 1364 554 1388"/></Shape>
	    <String CONTENT=""
                    HPOS="551"
                    VPOS="1348"
                    WIDTH="40"
                    HEIGHT="50"></String>
          </TextLine>

          
          
          <TextLine ID="eSc_line_f916a081"
                    TAGREFS="LT4837"
                    BASELINE="651 1458 772 1440" 
                    HPOS="641"
                    VPOS="1381"
                    WIDTH="131"
                    HEIGHT="90">
            <Shape><Polygon POINTS="651 1458 653 1471 772 1444 772 1440 762 1383 725 1381 724 1381 722 1381 721 1381 705 1394 704 1395 700 1394 680 1388 678 1388 677 1388 675 1388 641 1404 651 1458"/></Shape>
	    <String CONTENT="رفه گرتر تلي"
                    HPOS="641"
                    VPOS="1381"
                    WIDTH="131"
                    HEIGHT="90"
                    WC="0.7512128353118896"></String>
          </TextLine>

          
          
          <TextLine ID="eSc_line_171fda8a"
                    TAGREFS="LT4837"
                    BASELINE="359 1471 608 1462" 
                    HPOS="357"
                    VPOS="1417"
                    WIDTH="251"
                    HEIGHT="71">
            <Shape><Polygon POINTS="359 1471 359 1482 413 1480 417 1481 427 1488 429 1488 430 1488 432 1488 433 1488 457 1480 460 1478 461 1480 473 1487 474 1487 476 1487 477 1488 524 1488 524 1487 526 1487 544 1478 563 1485 564 1485 566 1485 567 1485 608 1471 608 1462 606 1421 553 1417 551 1417 550 1417 527 1428 503 1441 477 1441 463 1434 456 1431 454 1431 453 1431 452 1431 450 1431 443 1435 436 1441 432 1437 423 1430 423 1428 422 1428 420 1428 419 1428 397 1430 396 1430 394 1430 394 1431 383 1442 382 1445 357 1445 359 1471"/></Shape>
	    <String CONTENT="إفلاك وعنا"
                    HPOS="357"
                    VPOS="1417"
                    WIDTH="251"
                    HEIGHT="71"
                    WC="0.9442394321615045"></String>
          </TextLine>

          
          
          <TextLine ID="eSc_line_60614f4d"
                    TAGREFS="LT4837"
                    BASELINE="771 1545 989 1538" 
                    HPOS="768"
                    VPOS="1477"
                    WIDTH="221"
                    HEIGHT="94">
            <Shape><Polygon POINTS="771 1545 772 1571 794 1559 872 1566 894 1568 895 1568 896 1568 906 1565 946 1552 988 1561 989 1538 982 1477 953 1488 922 1484 892 1480 891 1480 889 1480 864 1491 842 1501 805 1501 801 1498 795 1492 795 1491 794 1491 792 1491 791 1491 789 1491 768 1499 771 1545"/></Shape>
	    <String CONTENT="بدنگه مشهورچ"
                    HPOS="768"
                    VPOS="1477"
                    WIDTH="221"
                    HEIGHT="94"
                    WC="0.8114532579978307"></String>
          </TextLine>

          
          
          <TextLine ID="eSc_line_2804da27"
                    TAGREFS="LT4837"
                    BASELINE="112 1579 449 1579 630 1571" 
                    HPOS="111"
                    VPOS="1514"
                    WIDTH="519"
                    HEIGHT="102">
            <Shape><Polygon POINTS="112 1579 112 1596 151 1596 152 1598 171 1615 171 1616 172 1616 173 1616 175 1616 216 1612 218 1612 242 1599 250 1595 336 1595 343 1601 362 1615 363 1615 365 1615 366 1615 367 1615 390 1608 420 1614 422 1614 423 1614 424 1614 440 1602 449 1596 480 1596 493 1604 511 1612 513 1612 514 1614 581 1614 581 1612 583 1612 584 1612 596 1605 610 1596 627 1605 630 1571 624 1514 596 1521 588 1515 588 1514 587 1514 586 1514 536 1514 534 1514 533 1514 531 1514 529 1517 499 1538 464 1538 423 1522 422 1522 420 1522 419 1522 417 1522 400 1538 300 1538 275 1525 259 1518 258 1518 256 1518 255 1518 236 1527 225 1534 213 1528 195 1518 193 1518 192 1518 191 1518 155 1529 145 1534 142 1531 136 1525 135 1525 134 1525 132 1525 131 1525 111 1531 112 1579"/></Shape>
	    <String CONTENT="که فلک الا فلاک بهد از جسم مل"
                    HPOS="111"
                    VPOS="1514"
                    WIDTH="519"
                    HEIGHT="102"
                    WC="0.8775329394587155"></String>
          </TextLine>

          
        </TextBlock>
        
        <TextBlock HPOS="483"
                   VPOS="51"
                   WIDTH="107"
                   HEIGHT="67"
                   ID="eSc_textblock_3341b6ff"
                   TAGREFS="BT16093">
          <Shape><Polygon POINTS="506 51 578 51 590 101 556 118 489 101 483 68 506 51"/></Shape>
          
          
          <TextLine ID="eSc_line_bca309f1"
                    TAGREFS="LT4837"
                    BASELINE="513 84 561 86" 
                    HPOS="510"
                    VPOS="55"
                    WIDTH="51"
                    HEIGHT="57">
            <Shape><Polygon POINTS="513 84 510 112 560 104 561 86 561 59 513 55 513 84"/></Shape>
	    <String CONTENT=""
                    HPOS="510"
                    VPOS="55"
                    WIDTH="51"
                    HEIGHT="57"></String>
          </TextLine>

          
        </TextBlock>
        
        <TextBlock HPOS="1046"
                   VPOS="690"
                   WIDTH="20"
                   HEIGHT="67"
                   ID="eSc_textblock_dbc71d8b"
                   TAGREFS="BT16085">
          <Shape><Polygon POINTS="1058 690 1066 690 1066 757 1046 745 1058 690"/></Shape>
          
        </TextBlock>
        
        <TextBlock HPOS="1046"
                   VPOS="764"
                   WIDTH="20"
                   HEIGHT="61"
                   ID="eSc_textblock_8bafd73b"
                   TAGREFS="BT16085">
          <Shape><Polygon POINTS="1062 764 1066 764 1066 825 1046 797 1062 764"/></Shape>
          
        </TextBlock>
        
        <TextBlock HPOS="1063"
                   VPOS="353"
                   WIDTH="3"
                   HEIGHT="4"
                   ID="eSc_textblock_9687c90a"
                   TAGREFS="BT16085">
          <Shape><Polygon POINTS="1066 356 1063 357 1063 353 1066 353 1066 356"/></Shape>
          
        </TextBlock>
        
        <TextBlock HPOS="1063"
                   VPOS="849"
                   WIDTH="3"
                   HEIGHT="27"
                   ID="eSc_textblock_b1e5d834"
                   TAGREFS="BT16085">
          <Shape><Polygon POINTS="1066 852 1066 876 1063 876 1063 849 1066 852"/></Shape>
          
        </TextBlock>
        
        <TextBlock HPOS="1058"
                   VPOS="889"
                   WIDTH="8"
                   HEIGHT="10"
                   ID="eSc_textblock_5c8d74c5"
                   TAGREFS="BT16085">
          <Shape><Polygon POINTS="1062 889 1066 889 1066 899 1058 899 1062 889"/></Shape>
          
        </TextBlock>
        
        <TextBlock HPOS="1035"
                   VPOS="0"
                   WIDTH="31"
                   HEIGHT="44"
                   ID="eSc_textblock_9fb767ec"
                   TAGREFS="BT16085">
          <Shape><Polygon POINTS="1038 0 1066 0 1066 44 1035 21 1038 0"/></Shape>
          
        </TextBlock>
        
        <TextBlock HPOS="1058"
                   VPOS="1038"
                   WIDTH="8"
                   HEIGHT="4"
                   ID="eSc_textblock_23e8b7dc"
                   TAGREFS="BT16085">
          <Shape><Polygon POINTS="1063 1038 1066 1042 1058 1042 1058 1038 1063 1038"/></Shape>
          
        </TextBlock>
        
        <TextBlock HPOS="1063"
                   VPOS="946"
                   WIDTH="3"
                   HEIGHT="5"
                   ID="eSc_textblock_533ab684"
                   TAGREFS="BT16085">
          <Shape><Polygon POINTS="1066 948 1066 951 1063 951 1063 946 1066 948"/></Shape>
          
        </TextBlock>
        
        <TextBlock HPOS="1063"
                   VPOS="1077"
                   WIDTH="3"
                   HEIGHT="10"
                   ID="eSc_textblock_37a154b7"
                   TAGREFS="BT16085">
          <Shape><Polygon POINTS="1066 1080 1066 1087 1063 1087 1063 1077 1066 1080"/></Shape>
          
        </TextBlock>
        
        <TextBlock HPOS="1063"
                   VPOS="1100"
                   WIDTH="3"
                   HEIGHT="5"
                   ID="eSc_textblock_e26abe24"
                   TAGREFS="BT16085">
          <Shape><Polygon POINTS="1066 1103 1063 1105 1063 1100 1066 1100 1066 1103"/></Shape>
          
        </TextBlock>
        
        <TextBlock HPOS="1058"
                   VPOS="958"
                   WIDTH="8"
                   HEIGHT="15"
                   ID="eSc_textblock_6236b689"
                   TAGREFS="BT16085">
          <Shape><Polygon POINTS="1063 958 1066 973 1058 973 1058 958 1063 958"/></Shape>
          
        </TextBlock>
        
        <TextBlock HPOS="1046"
                   VPOS="365"
                   WIDTH="20"
                   HEIGHT="312"
                   ID="eSc_textblock_224a7a83"
                   TAGREFS="BT16085">
          <Shape><Polygon POINTS="1063 365 1066 677 1052 677 1046 410 1063 365"/></Shape>
          
        </TextBlock>
        

        
      </PrintSpace>
    </Page>
  </Layout>
</alto>
