<?xml version="1.0" encoding="UTF-8"?>
<alto xmlns:xsi="http://www.w3.org/2001/XMLSchema-instance"
      xmlns="http://www.loc.gov/standards/alto/ns-v4#"
      xsi:schemaLocation="http://www.loc.gov/standards/alto/ns-v4# http://www.loc.gov/standards/alto/v4/alto-4-2.xsd">
  <Description>
    <MeasurementUnit>pixel</MeasurementUnit>
    <sourceImageInformation>
      <fileName>Rasail095.jpg</fileName>
      
    </sourceImageInformation>
  </Description>
  
  <Tags>
    <OtherTag ID="BT16094" LABEL="default" DESCRIPTION="block type default"/><OtherTag ID="BT16093" LABEL="NumberingZone:page" DESCRIPTION="block type NumberingZone:page"/><OtherTag ID="BT16092" LABEL="MarginTextZone:note" DESCRIPTION="block type MarginTextZone:note"/><OtherTag ID="BT16091" LABEL="TitlePageZone" DESCRIPTION="block type TitlePageZone"/><OtherTag ID="BT16090" LABEL="QuireMarksZone:catchwords" DESCRIPTION="block type QuireMarksZone:catchwords"/><OtherTag ID="BT16089" LABEL="NumberingZone:other" DESCRIPTION="block type NumberingZone:other"/><OtherTag ID="BT16088" LABEL="NumberingZone" DESCRIPTION="block type NumberingZone"/><OtherTag ID="BT16087" LABEL="MarginTextZone" DESCRIPTION="block type MarginTextZone"/><OtherTag ID="BT16086" LABEL="MainZone" DESCRIPTION="block type MainZone"/><OtherTag ID="BT16085" LABEL="DigitizationArtefactZone" DESCRIPTION="block type DigitizationArtefactZone"/><OtherTag ID="BT2" LABEL="Main" DESCRIPTION="block type Main"/><OtherTag ID="BT1" LABEL="Title" DESCRIPTION="block type Title"/>
    <OtherTag ID="LT4837" LABEL="DefaultLine" DESCRIPTION="line type DefaultLine"/><OtherTag ID="LT4838" LABEL="default" DESCRIPTION="line type default"/><OtherTag ID="LT4839" LABEL="HeadingLine:title" DESCRIPTION="line type HeadingLine:title"/>
  </Tags>
  
  <Layout>
    <Page WIDTH="1146"
          HEIGHT="1677"
          PHYSICAL_IMG_NR="123"
          ID="eSc_dummypage_">
      <PrintSpace HPOS="0"
                  VPOS="0"
                  WIDTH="1146"
                  HEIGHT="1677">
        
        <TextBlock HPOS="83"
                   VPOS="139"
                   WIDTH="933"
                   HEIGHT="1402"
                   ID="eSc_textblock_119a4115"
                   TAGREFS="BT16086">
          <Shape><Polygon POINTS="380 139 965 139 1016 156 999 1541 117 1535 100 1446 106 1101 83 993 100 909 89 391 106 162 122 145 380 139"/></Shape>
          
          
          <TextLine ID="eSc_line_66cde177"
                    TAGREFS="LT4837"
                    BASELINE="115 212 704 208 957 195" 
                    HPOS="114"
                    VPOS="149"
                    WIDTH="843"
                    HEIGHT="102">
            <Shape><Polygon POINTS="115 212 115 251 136 251 136 250 138 250 139 250 157 234 167 243 169 243 170 243 171 243 173 243 205 233 230 240 231 240 233 240 234 240 252 230 303 237 304 237 349 229 382 229 402 240 412 247 413 247 415 247 416 247 417 247 438 238 466 227 496 237 498 237 500 237 501 237 545 234 557 234 567 243 567 244 568 244 570 244 571 244 637 231 645 230 647 231 666 243 668 243 669 243 670 244 704 244 704 243 705 243 707 243 707 241 718 231 740 241 742 241 743 243 806 243 806 241 807 241 859 223 957 219 957 195 953 149 866 150 865 150 863 150 862 152 841 166 800 159 799 159 798 159 796 159 786 169 742 169 728 156 726 156 725 156 723 156 722 156 721 156 721 157 707 170 679 170 665 159 659 153 658 153 656 153 621 153 620 153 619 153 596 160 589 163 586 162 579 155 578 155 577 155 538 155 536 155 535 155 514 163 494 171 479 164 470 162 469 162 468 162 466 162 465 162 461 166 451 171 413 167 398 166 396 166 395 166 388 167 373 173 364 169 345 157 343 157 342 157 341 157 339 157 320 170 313 174 297 171 265 164 264 164 262 164 229 173 223 174 216 174 132 163 131 163 129 163 128 163 114 173 115 212"/></Shape>
	    <String CONTENT="يکننر که بدلايل عقلی و نقلی تواند نذب خود را بر خصم"
                    HPOS="114"
                    VPOS="149"
                    WIDTH="843"
                    HEIGHT="102"
                    WC="0.8831436680812462"></String>
          </TextLine>

          
          
          <TextLine ID="eSc_line_07558194"
                    TAGREFS="LT4837"
                    BASELINE="104 290 626 286 986 272" 
                    HPOS="103"
                    VPOS="234"
                    WIDTH="883"
                    HEIGHT="87">
            <Shape><Polygon POINTS="104 290 104 310 148 320 149 320 150 320 167 314 174 320 174 321 176 321 177 321 178 321 180 321 199 313 247 320 248 320 250 320 251 320 265 308 278 318 279 318 280 318 282 318 363 315 364 315 366 315 375 307 412 317 413 317 415 317 416 317 445 308 475 315 476 315 477 315 479 315 480 315 480 314 493 303 494 303 529 314 531 314 532 314 533 314 553 303 568 313 570 313 571 313 573 314 647 314 647 313 648 313 698 300 770 310 771 310 772 310 774 310 788 299 845 304 846 304 890 296 900 304 901 304 902 304 904 304 986 293 986 272 982 234 943 243 894 237 879 236 877 236 876 236 874 236 873 238 852 254 814 254 798 241 795 238 793 238 792 238 744 238 743 238 742 238 740 238 733 243 712 255 676 251 675 251 673 251 644 258 566 258 538 251 501 243 500 243 498 243 497 243 484 252 472 262 395 262 388 257 384 254 384 252 382 252 381 252 380 252 378 252 377 252 371 257 367 261 354 258 328 251 327 251 325 251 324 251 306 259 297 264 286 261 251 250 250 250 248 250 247 250 216 264 212 265 211 264 198 251 198 250 197 250 195 250 150 250 149 250 148 250 103 265 104 290"/></Shape>
	    <String CONTENT="ثابت کند و اگر ثابت نه نواند گردن او ضعيف باشد"
                    HPOS="103"
                    VPOS="234"
                    WIDTH="883"
                    HEIGHT="87"
                    WC="0.918607067802678"></String>
          </TextLine>

          
          
          <TextLine ID="eSc_line_dc736f2a"
                    TAGREFS="LT4837"
                    BASELINE="109 368 735 360 976 343" 
                    HPOS="107"
                    VPOS="311"
                    WIDTH="869"
                    HEIGHT="98">
            <Shape><Polygon POINTS="109 368 109 391 155 391 178 409 180 409 181 409 183 409 243 406 244 406 245 406 265 388 266 388 290 395 292 395 293 395 294 395 315 389 354 405 356 405 357 405 359 405 389 389 420 403 422 403 423 403 424 403 426 403 437 396 500 398 501 398 503 398 504 398 514 389 579 402 581 402 634 401 635 401 637 401 656 387 666 392 668 392 669 392 670 392 722 378 725 378 740 392 742 392 743 392 775 398 777 398 778 398 779 398 779 396 802 377 817 377 853 375 855 375 876 394 876 395 877 395 879 395 880 396 918 396 918 395 919 395 920 395 920 394 941 374 976 374 976 343 974 311 933 311 932 311 930 311 929 311 929 313 908 328 894 317 893 317 891 317 890 317 888 317 865 324 851 314 849 314 848 314 782 314 781 314 779 314 774 317 746 334 728 318 726 317 725 317 723 317 722 317 721 317 719 317 718 318 697 335 659 328 658 328 616 336 592 322 591 322 589 322 588 322 586 322 584 322 539 338 496 327 491 325 490 325 489 325 487 325 483 327 443 340 412 332 410 332 409 332 408 332 406 332 396 342 294 343 286 336 286 335 285 335 283 335 282 335 280 335 262 340 255 334 247 327 245 327 244 327 243 327 241 327 240 327 229 335 216 343 206 335 197 327 195 327 194 327 192 327 107 338 109 368"/></Shape>
	    <String CONTENT="عليم او را تا ثير نه خواهد بود و يون هنور در مقام فامده"
                    HPOS="107"
                    VPOS="311"
                    WIDTH="869"
                    HEIGHT="98"
                    WC="0.9086878364736384"></String>
          </TextLine>

          
          
          <TextLine ID="eSc_line_2af5f0b9"
                    TAGREFS="LT4837"
                    BASELINE="447 437 982 426" 
                    HPOS="445"
                    VPOS="388"
                    WIDTH="537"
                    HEIGHT="78">
            <Shape><Polygon POINTS="447 437 447 452 507 466 508 466 570 465 571 465 573 465 586 452 605 462 606 462 607 463 708 463 708 462 709 462 711 462 725 452 730 448 743 452 753 455 754 455 756 455 757 455 765 452 775 448 786 452 800 458 802 458 803 458 804 458 824 452 848 445 874 445 881 452 887 456 887 458 888 458 890 458 891 458 893 458 916 452 926 449 981 451 982 426 979 388 926 388 925 388 923 388 922 388 919 391 904 401 890 392 887 389 886 389 884 389 883 389 881 389 873 392 845 405 824 396 823 396 821 396 820 396 795 405 778 398 772 395 771 395 770 395 768 395 767 395 764 398 754 405 747 399 742 394 742 392 740 392 739 392 712 392 711 392 709 392 693 402 680 409 612 409 606 406 596 398 595 398 593 398 592 398 591 398 589 398 578 408 574 410 561 408 503 398 501 398 500 398 498 398 484 410 472 403 470 403 469 403 468 403 445 412 447 437"/></Shape>
	    <String CONTENT="گرفقناست نر فانده رسانيدن"
                    HPOS="445"
                    VPOS="388"
                    WIDTH="537"
                    HEIGHT="78"
                    WC="0.9376155543327331"></String>
          </TextLine>

          
          
          <TextLine ID="eSc_line_5944fcc3"
                    TAGREFS="LT4837"
                    BASELINE="118 677 912 648" 
                    HPOS="115"
                    VPOS="600"
                    WIDTH="797"
                    HEIGHT="107">
            <Shape><Polygon POINTS="118 677 118 707 145 707 145 705 146 705 148 705 148 704 162 690 187 702 190 704 191 704 192 704 202 702 241 693 285 698 299 700 300 700 301 700 303 700 303 698 304 697 317 686 366 694 381 697 382 697 413 693 440 688 447 691 455 694 457 694 458 694 459 694 469 690 497 677 547 686 570 690 571 690 609 688 610 688 612 688 617 683 631 673 666 679 668 679 723 669 735 677 739 681 740 681 742 681 743 681 744 681 746 681 753 677 768 666 806 666 828 673 844 679 845 679 846 679 848 679 849 679 849 677 855 672 863 665 911 669 912 648 909 610 890 605 888 605 887 605 886 605 867 613 859 616 852 613 828 600 827 600 825 600 824 600 823 600 807 613 796 614 751 620 744 616 728 603 726 603 725 603 723 603 722 603 721 603 702 617 695 621 680 617 641 606 640 606 638 606 637 606 635 606 635 607 626 616 605 607 603 607 602 607 600 607 599 607 599 609 588 620 586 621 561 620 546 620 545 620 543 620 540 621 522 630 462 630 441 623 412 614 410 614 409 614 377 621 375 621 374 621 374 623 371 626 363 634 315 627 314 627 313 627 311 627 310 627 294 638 262 638 233 628 212 623 211 623 209 623 115 631 118 677"/></Shape>
	    <String CONTENT="مازون اصغر ست يعنی دستور يافته و خورد تر در معليم"
                    HPOS="115"
                    VPOS="600"
                    WIDTH="797"
                    HEIGHT="107"
                    WC="0.9306361602277172"></String>
          </TextLine>

          
          
          <TextLine ID="eSc_line_e821a0e0"
                    TAGREFS="LT4837"
                    BASELINE="120 746 589 736 981 712" 
                    HPOS="117"
                    VPOS="674"
                    WIDTH="864"
                    HEIGHT="100">
            <Shape><Polygon POINTS="120 746 120 765 155 770 156 770 157 770 159 770 164 764 167 761 173 764 191 771 192 771 194 771 195 771 219 763 225 760 229 761 252 774 254 774 255 774 257 774 306 760 317 770 317 771 318 771 320 771 321 772 345 772 345 771 346 771 394 754 401 753 402 754 416 767 416 768 417 768 419 768 420 768 454 767 455 767 472 760 479 765 480 765 482 765 483 765 484 765 486 765 507 750 510 749 514 750 549 763 550 763 552 763 634 749 682 758 683 758 684 758 744 742 778 753 779 753 781 753 782 753 784 753 803 739 804 737 809 737 869 751 870 751 872 751 908 735 911 732 981 730 981 712 975 674 936 676 934 676 933 676 933 677 923 684 915 679 914 679 912 679 911 679 909 679 908 679 890 690 844 679 841 679 839 679 838 679 837 679 796 694 733 683 730 683 729 683 728 683 726 683 726 684 712 698 684 698 651 686 649 686 648 686 647 686 645 686 642 686 599 698 579 688 578 688 577 688 575 688 574 688 573 688 573 690 560 702 504 693 503 693 427 702 396 695 394 695 392 695 391 695 389 695 366 709 250 707 248 707 197 716 169 707 167 707 117 707 120 746"/></Shape>
	    <String CONTENT="از معلم صادق و مرتبه اد فرود مازون اگيراست واد"
                    HPOS="117"
                    VPOS="674"
                    WIDTH="864"
                    HEIGHT="100"
                    WC="0.8666210310614627"></String>
          </TextLine>

          
          
          <TextLine ID="eSc_line_a91d70f8"
                    TAGREFS="LT4837"
                    BASELINE="122 823 399 821 975 800" 
                    HPOS="121"
                    VPOS="754"
                    WIDTH="854"
                    HEIGHT="101">
            <Shape><Polygon POINTS="122 823 122 841 145 851 146 851 148 851 247 839 262 852 262 853 264 853 265 853 266 855 306 855 306 853 443 849 444 849 445 849 461 835 480 848 482 848 483 848 484 848 526 846 528 846 581 828 598 839 599 839 600 839 659 842 661 842 662 842 663 842 663 841 679 825 708 824 719 824 732 824 740 824 760 839 761 839 763 839 764 839 765 839 767 839 784 828 799 837 800 837 802 837 803 837 804 837 804 835 821 821 823 821 916 825 918 825 975 816 975 800 974 763 950 754 948 754 947 754 946 754 944 754 944 756 936 764 932 767 927 764 918 757 916 757 915 757 863 757 862 757 796 760 795 760 777 770 772 770 697 763 695 763 694 763 666 771 624 764 623 764 621 764 600 774 581 765 579 765 578 765 577 765 538 778 531 781 528 779 521 772 519 772 518 772 517 772 475 779 448 770 447 770 445 770 444 770 443 770 443 771 431 782 430 783 415 783 350 779 349 779 308 786 301 789 272 789 272 788 261 779 261 778 259 778 258 778 257 778 255 778 211 789 173 779 171 779 170 779 169 779 167 779 149 793 121 793 122 823"/></Shape>
	    <String CONTENT="يز با زن حضرت داعی که و کيل مطلق جزاپراست به"
                    HPOS="121"
                    VPOS="754"
                    WIDTH="854"
                    HEIGHT="101"
                    WC="0.9401526545936411"></String>
          </TextLine>

          
          
          <TextLine ID="eSc_line_a921ebca"
                    TAGREFS="LT4837"
                    BASELINE="117 898 542 893 986 867" 
                    HPOS="114"
                    VPOS="827"
                    WIDTH="872"
                    HEIGHT="102">
            <Shape><Polygon POINTS="117 898 117 915 136 922 138 922 139 922 141 922 164 915 184 929 185 929 187 929 188 929 190 929 211 918 269 927 271 927 272 927 313 909 332 909 354 923 356 923 357 923 359 923 360 923 395 915 426 922 427 922 429 922 480 919 482 919 483 919 508 904 542 916 543 916 545 918 584 918 584 916 585 916 627 899 659 913 661 913 662 913 663 913 704 901 716 911 718 911 719 911 721 911 722 911 723 911 723 909 742 894 742 893 779 893 785 893 814 908 816 908 817 908 818 908 853 894 865 901 866 901 867 901 869 901 870 901 872 901 886 888 986 884 986 867 981 827 953 828 951 828 950 828 950 830 939 839 919 830 918 830 916 830 915 830 877 842 848 831 846 831 845 831 844 831 842 831 802 846 751 835 750 835 749 835 747 835 747 837 740 842 730 837 729 837 728 837 726 837 725 837 723 837 723 838 722 838 716 845 708 839 707 839 705 839 704 839 702 839 701 839 686 852 635 852 616 842 614 842 613 842 612 842 570 855 504 844 503 844 501 844 500 844 498 844 482 858 430 851 429 851 371 862 339 849 338 849 336 849 335 849 297 865 265 852 264 852 262 852 231 853 230 853 229 853 212 867 114 858 117 898"/></Shape>
	    <String CONTENT="وجزپيره از هزابير داعی و حکم با زون اگير نيز بروجه"
                    HPOS="114"
                    VPOS="827"
                    WIDTH="872"
                    HEIGHT="102"
                    WC="0.8678777289390563"></String>
          </TextLine>

          
          
          <TextLine ID="eSc_line_97c77a07"
                    TAGREFS="LT4837"
                    BASELINE="113 972 496 964 979 939" 
                    HPOS="111"
                    VPOS="899"
                    WIDTH="868"
                    HEIGHT="103">
            <Shape><Polygon POINTS="113 972 114 1000 152 1000 152 999 153 999 155 999 156 997 169 988 178 996 185 1002 187 1002 188 1002 190 1002 191 1002 215 995 218 993 219 993 233 1000 234 1000 236 1000 320 997 321 997 322 997 322 996 332 988 347 996 349 996 350 996 352 996 353 996 364 986 373 993 374 993 375 993 377 993 378 993 380 993 380 992 388 985 395 978 462 979 463 981 475 990 476 990 477 990 479 990 528 989 529 989 531 989 552 976 553 975 554 976 566 983 567 983 568 983 570 983 571 983 593 974 605 983 605 985 606 985 607 985 609 986 631 986 631 985 633 985 669 971 691 982 693 982 694 982 695 982 697 982 721 967 722 965 725 967 730 971 732 971 733 971 735 971 736 971 746 965 749 964 751 965 763 974 764 974 765 974 767 974 768 974 799 962 804 961 807 962 818 971 820 971 821 971 823 971 824 971 825 971 838 961 841 958 979 953 979 939 975 899 941 899 940 899 939 899 937 899 937 901 936 901 927 911 914 902 908 899 907 899 905 899 867 902 866 902 865 902 862 905 853 912 845 906 838 901 837 901 835 901 834 901 832 901 818 908 796 919 756 920 722 912 694 906 693 906 691 906 690 906 690 908 683 915 676 922 669 916 669 915 668 915 666 915 665 915 663 915 662 915 661 916 649 925 617 919 605 916 603 916 602 916 595 919 581 927 564 922 545 915 543 915 542 915 540 915 521 923 505 930 463 927 375 919 374 919 373 919 371 919 349 933 347 934 271 940 259 939 204 926 202 926 111 946 113 972"/></Shape>
	    <String CONTENT="لنا دارد به رسيب قبول امر داعی وتكله الناس على قد"
                    HPOS="111"
                    VPOS="899"
                    WIDTH="868"
                    HEIGHT="103"
                    WC="0.9165244893151887"></String>
          </TextLine>

          
          
          <TextLine ID="eSc_line_0002e04c"
                    TAGREFS="LT4837"
                    BASELINE="311 1039 983 1007" 
                    HPOS="310"
                    VPOS="960"
                    WIDTH="673"
                    HEIGHT="110">
            <Shape><Polygon POINTS="979 960 839 967 838 967 837 967 837 968 835 968 820 988 804 988 770 971 768 971 767 971 765 971 764 971 758 972 698 990 666 981 665 981 663 981 662 981 661 981 661 982 659 982 652 992 619 996 589 990 588 990 518 1000 487 989 486 989 484 989 483 989 482 989 482 990 469 1004 392 1006 377 996 375 996 374 996 373 996 371 996 335 1010 310 999 311 1039 313 1070 345 1067 346 1067 347 1067 371 1050 396 1050 416 1063 417 1063 419 1063 420 1063 422 1063 423 1063 450 1048 505 1052 507 1052 508 1052 510 1052 522 1042 591 1041 600 1049 607 1055 607 1056 609 1056 610 1056 612 1057 633 1057 633 1056 719 1052 721 1052 722 1052 722 1050 723 1050 728 1045 742 1050 743 1050 744 1050 746 1050 747 1050 770 1038 771 1036 774 1036 802 1046 803 1046 804 1046 806 1046 807 1046 818 1038 863 1045 865 1045 866 1045 867 1045 867 1043 883 1029 886 1027 900 1028 940 1032 941 1032 943 1032 944 1032 954 1024 957 1022 983 1022 983 1007 979 960"/></Shape>
	    <String CONTENT="عقولهم درشان جميع خدوداست يعنی"
                    HPOS="310"
                    VPOS="960"
                    WIDTH="673"
                    HEIGHT="110"
                    WC="0.9052530308564504"></String>
          </TextLine>

          
          
          <TextLine ID="eSc_line_eb30a2dc"
                    TAGREFS="LT4837"
                    BASELINE="139 1112 983 1092" 
                    HPOS="136"
                    VPOS="1042"
                    WIDTH="847"
                    HEIGHT="96">
            <Shape><Polygon POINTS="139 1112 139 1127 167 1137 169 1137 170 1138 198 1138 198 1137 199 1137 201 1137 215 1126 226 1136 227 1136 229 1136 230 1136 321 1127 374 1133 375 1133 377 1133 378 1133 378 1131 380 1131 385 1124 434 1131 436 1131 507 1118 521 1115 528 1116 557 1129 559 1129 560 1129 561 1129 606 1115 612 1112 802 1108 804 1109 831 1122 832 1122 834 1122 835 1122 866 1108 869 1106 870 1108 905 1120 907 1120 908 1120 909 1120 911 1120 933 1105 943 1113 943 1115 944 1115 946 1115 947 1115 948 1115 983 1104 983 1092 979 1042 915 1053 898 1043 897 1043 895 1043 894 1043 880 1045 837 1050 816 1046 803 1045 802 1045 800 1045 799 1045 799 1046 796 1048 784 1060 772 1055 771 1055 770 1055 768 1055 737 1067 704 1060 702 1060 655 1069 628 1057 627 1057 626 1057 624 1057 623 1057 607 1070 579 1055 578 1055 577 1055 575 1055 574 1055 573 1055 546 1069 528 1060 526 1060 525 1060 524 1060 522 1060 508 1070 486 1057 482 1056 480 1056 479 1056 477 1056 476 1056 473 1059 459 1069 389 1069 388 1069 387 1069 385 1069 375 1077 307 1077 287 1064 286 1064 285 1064 283 1064 279 1064 225 1078 211 1067 202 1060 202 1059 201 1059 199 1059 198 1059 136 1069 139 1112"/></Shape>
	    <String CONTENT="ر س سخن گويندد بازون اصغر نيز میباهد که صلاحت"
                    HPOS="136"
                    VPOS="1042"
                    WIDTH="847"
                    HEIGHT="96"
                    WC="0.9415913502375285"></String>
          </TextLine>

          
          
          <TextLine ID="eSc_line_8addd8f6"
                    TAGREFS="LT4837"
                    BASELINE="132 1045 264 1043" 
                    HPOS="131"
                    VPOS="1010"
                    WIDTH="133"
                    HEIGHT="59">
            <Shape><Polygon POINTS="132 1045 132 1059 157 1069 159 1069 160 1069 201 1064 233 1060 261 1067 264 1043 261 1017 187 1010 185 1010 184 1010 183 1010 183 1011 173 1020 173 1021 131 1021 132 1045"/></Shape>
	    <String CONTENT="اند از"
                    HPOS="131"
                    VPOS="1010"
                    WIDTH="133"
                    HEIGHT="59"
                    WC="0.9227850039800009"></String>
          </TextLine>

          
          
          <TextLine ID="eSc_line_115751f8"
                    TAGREFS="LT4837"
                    BASELINE="656 1171 988 1159" 
                    HPOS="655"
                    VPOS="1108"
                    WIDTH="333"
                    HEIGHT="78">
            <Shape><Polygon POINTS="656 1171 656 1186 803 1186 803 1185 804 1185 806 1185 817 1178 818 1178 837 1183 838 1183 839 1183 841 1183 858 1176 863 1173 881 1175 944 1180 946 1180 947 1180 988 1169 988 1159 983 1123 936 1126 933 1124 914 1108 912 1108 911 1108 909 1108 838 1115 837 1115 835 1115 820 1126 771 1118 770 1118 768 1118 744 1129 705 1115 704 1115 702 1115 701 1115 700 1115 700 1116 682 1136 655 1136 656 1171"/></Shape>
	    <String CONTENT="انداشته باشد که"
                    HPOS="655"
                    VPOS="1108"
                    WIDTH="333"
                    HEIGHT="78"
                    WC="0.9160265882809957"></String>
          </TextLine>

          
          
          <TextLine ID="eSc_line_73404bb7"
                    TAGREFS="LT4837"
                    BASELINE="141 1189 384 1187 635 1173" 
                    HPOS="138"
                    VPOS="1130"
                    WIDTH="497"
                    HEIGHT="87">
            <Shape><Polygon POINTS="141 1189 141 1208 236 1208 265 1217 266 1217 268 1217 269 1217 271 1217 287 1204 327 1213 328 1213 329 1213 357 1203 399 1213 401 1213 402 1213 403 1213 403 1211 417 1200 457 1207 458 1207 459 1207 461 1207 469 1199 491 1210 493 1210 494 1210 496 1210 539 1196 568 1207 570 1207 571 1207 617 1206 619 1206 620 1206 635 1193 635 1173 631 1130 566 1145 546 1133 545 1133 543 1133 542 1133 536 1133 473 1144 459 1136 458 1136 457 1136 455 1136 412 1137 410 1137 409 1137 409 1138 408 1138 388 1158 359 1158 308 1152 307 1152 306 1152 304 1152 296 1161 198 1162 164 1148 159 1145 157 1145 156 1145 138 1148 141 1189"/></Shape>
	    <String CONTENT="ايل عقلی و فقلی مدعای خود را"
                    HPOS="138"
                    VPOS="1130"
                    WIDTH="497"
                    HEIGHT="87"
                    WC="0.9364359932286399"></String>
          </TextLine>

          
          
          <TextLine ID="eSc_line_62d7b236"
                    TAGREFS="LT4837"
                    BASELINE="135 1266 986 1228" 
                    HPOS="132"
                    VPOS="1185"
                    WIDTH="854"
                    HEIGHT="103">
            <Shape><Polygon POINTS="135 1266 136 1288 170 1275 233 1284 259 1287 261 1287 292 1281 324 1274 336 1278 347 1282 349 1282 350 1282 352 1282 361 1277 366 1275 396 1275 473 1277 475 1277 476 1277 497 1271 531 1260 554 1268 568 1273 570 1273 571 1273 573 1273 585 1267 586 1266 589 1266 605 1271 606 1271 607 1271 609 1271 623 1264 642 1254 652 1263 654 1264 655 1264 656 1264 658 1264 659 1264 661 1264 662 1263 673 1253 701 1260 709 1263 711 1263 712 1263 714 1263 728 1260 751 1253 764 1257 778 1263 779 1263 781 1263 782 1263 795 1256 811 1246 844 1246 853 1253 860 1259 862 1259 863 1259 865 1260 883 1260 883 1259 884 1259 886 1259 886 1257 893 1252 900 1243 985 1246 986 1228 981 1194 964 1199 960 1194 948 1186 948 1185 947 1185 946 1185 944 1185 943 1185 902 1197 895 1200 893 1199 874 1187 873 1187 872 1187 870 1187 869 1187 841 1197 757 1192 756 1192 754 1192 753 1192 729 1206 723 1210 715 1207 690 1199 688 1199 687 1199 686 1199 672 1204 631 1197 630 1197 628 1197 592 1211 570 1204 568 1204 567 1204 566 1204 564 1204 550 1215 547 1217 543 1215 508 1203 507 1203 505 1203 504 1203 450 1220 436 1210 434 1210 433 1210 431 1210 430 1210 429 1210 412 1222 409 1224 332 1227 331 1227 322 1218 321 1218 320 1218 318 1218 317 1218 315 1218 315 1220 314 1220 308 1227 307 1229 252 1231 250 1229 220 1217 219 1217 218 1217 216 1217 215 1217 215 1218 204 1229 132 1235 135 1266"/></Shape>
	    <String CONTENT="بر خصم ثابت كند و اگر به درآن جزيره ما ذون اصغر"
                    HPOS="132"
                    VPOS="1185"
                    WIDTH="854"
                    HEIGHT="103"
                    WC="0.9261830300092697"></String>
          </TextLine>

          
          
          <TextLine ID="eSc_line_aa0f3f41"
                    TAGREFS="LT4837"
                    BASELINE="139 1333 934 1309 985 1299" 
                    HPOS="138"
                    VPOS="1260"
                    WIDTH="847"
                    HEIGHT="99">
            <Shape><Polygon POINTS="139 1333 141 1358 173 1348 191 1356 198 1359 199 1359 201 1359 353 1355 354 1355 356 1355 356 1354 361 1348 370 1340 385 1348 401 1354 402 1354 403 1354 405 1354 436 1345 465 1337 482 1342 497 1349 498 1349 500 1349 501 1349 522 1341 538 1336 545 1340 547 1342 549 1342 550 1342 552 1342 553 1342 554 1342 554 1341 556 1341 556 1340 560 1334 573 1340 588 1344 589 1344 591 1344 592 1344 593 1344 602 1338 603 1337 605 1338 623 1347 624 1347 626 1347 679 1345 680 1345 682 1345 682 1344 691 1334 711 1338 712 1338 756 1331 779 1327 788 1330 814 1340 816 1340 817 1340 818 1340 820 1340 820 1338 831 1329 851 1333 852 1333 853 1333 879 1326 886 1324 918 1324 933 1337 934 1337 936 1337 937 1337 939 1337 940 1337 960 1322 985 1320 985 1299 981 1263 968 1260 967 1260 965 1260 964 1260 961 1263 948 1273 939 1264 934 1261 934 1260 933 1260 932 1260 930 1260 869 1261 867 1261 866 1261 856 1268 845 1275 835 1268 825 1264 824 1264 823 1264 821 1264 807 1270 788 1278 747 1273 697 1267 695 1267 694 1267 693 1267 693 1268 684 1275 677 1284 640 1284 630 1278 609 1270 607 1270 606 1270 549 1271 547 1271 511 1284 494 1291 438 1291 434 1288 424 1280 423 1280 422 1280 420 1280 419 1280 388 1289 380 1292 371 1291 346 1285 345 1285 343 1285 325 1292 318 1296 257 1296 254 1296 241 1288 240 1288 238 1288 237 1288 236 1288 234 1288 223 1298 222 1298 185 1285 184 1285 183 1285 181 1285 138 1299 139 1333"/></Shape>
	    <String CONTENT="سى را قعين نمايد كه آن كمال او رانه باشد بايد كه"
                    HPOS="138"
                    VPOS="1260"
                    WIDTH="847"
                    HEIGHT="99"
                    WC="0.9329325228321309"></String>
          </TextLine>

          
          
          <TextLine ID="eSc_line_adac8390"
                    TAGREFS="LT4837"
                    BASELINE="146 1408 990 1379" 
                    HPOS="145"
                    VPOS="1333"
                    WIDTH="845"
                    HEIGHT="99">
            <Shape><Polygon POINTS="146 1408 146 1422 160 1432 162 1432 163 1432 164 1432 166 1432 188 1422 209 1432 211 1432 212 1432 266 1424 346 1428 347 1428 349 1428 378 1417 392 1425 394 1425 395 1425 396 1425 398 1425 422 1412 505 1422 507 1422 508 1422 510 1422 528 1407 529 1407 532 1407 577 1411 578 1411 579 1411 581 1411 589 1404 591 1404 626 1418 627 1418 628 1418 630 1418 693 1401 694 1401 701 1401 827 1403 828 1403 865 1394 870 1394 874 1394 947 1407 948 1407 950 1407 990 1390 990 1379 983 1333 934 1348 919 1336 918 1334 916 1334 915 1334 914 1334 912 1334 905 1337 873 1349 820 1344 818 1344 746 1355 732 1345 726 1341 725 1341 723 1341 722 1341 721 1341 705 1347 695 1351 677 1348 642 1344 641 1344 640 1344 638 1344 630 1351 617 1361 577 1362 536 1362 529 1356 517 1348 515 1348 514 1348 512 1348 472 1349 470 1349 469 1349 459 1358 387 1352 385 1352 384 1352 382 1352 382 1354 368 1365 367 1368 306 1370 297 1369 271 1362 269 1362 268 1362 266 1362 238 1372 222 1359 220 1359 219 1359 187 1359 185 1359 184 1359 145 1375 146 1408"/></Shape>
	    <String CONTENT="كمل اعتقاد واخلاص و صدق او مکمال باشد که"
                    HPOS="145"
                    VPOS="1333"
                    WIDTH="845"
                    HEIGHT="99"
                    WC="0.9209029883146286"></String>
          </TextLine>

          
          
          <TextLine ID="eSc_line_1fb23b52"
                    TAGREFS="LT4837"
                    BASELINE="138 1478 898 1461 985 1449" 
                    HPOS="136"
                    VPOS="1414"
                    WIDTH="849"
                    HEIGHT="89">
            <Shape><Polygon POINTS="138 1478 139 1503 170 1491 187 1502 188 1502 190 1502 191 1502 192 1502 194 1502 206 1495 275 1498 313 1499 314 1499 315 1499 322 1496 342 1486 368 1493 373 1495 374 1495 375 1495 377 1495 381 1493 406 1482 420 1492 427 1496 429 1496 430 1496 431 1496 458 1495 459 1495 472 1489 496 1478 612 1478 623 1482 641 1491 642 1491 644 1491 691 1479 714 1475 722 1478 735 1484 736 1484 737 1484 739 1484 757 1478 775 1485 777 1485 778 1485 779 1485 804 1475 806 1475 839 1486 841 1486 842 1486 897 1485 898 1485 937 1470 939 1468 985 1467 985 1449 979 1415 916 1429 886 1418 884 1418 883 1418 881 1418 880 1418 879 1418 879 1419 867 1431 848 1419 835 1414 834 1414 832 1414 831 1414 813 1421 810 1422 802 1422 740 1415 739 1415 737 1415 716 1425 705 1431 691 1426 672 1419 670 1419 669 1419 668 1419 666 1419 658 1428 647 1438 627 1438 617 1429 613 1425 612 1425 610 1425 609 1425 607 1425 606 1425 600 1429 592 1438 582 1431 567 1419 566 1419 564 1419 563 1419 511 1428 504 1422 504 1421 503 1421 501 1421 500 1421 438 1422 437 1422 405 1438 403 1438 388 1431 387 1431 385 1431 384 1431 382 1431 371 1439 363 1445 300 1445 257 1445 257 1443 244 1433 244 1432 243 1432 241 1432 240 1432 238 1432 227 1438 209 1428 208 1428 206 1428 205 1428 136 1447 138 1478"/></Shape>
	    <String CONTENT="ستجبان به جان ددل او را مسلم دارند و همه متابعت"
                    HPOS="136"
                    VPOS="1414"
                    WIDTH="849"
                    HEIGHT="89"
                    WC="0.9114885114608927"></String>
          </TextLine>

          
        </TextBlock>
        
        <TextBlock HPOS="508"
                   VPOS="33"
                   WIDTH="122"
                   HEIGHT="88"
                   ID="eSc_textblock_1bd9128a"
                   TAGREFS="BT16093">
          <Shape><Polygon POINTS="536 33 613 39 630 61 613 104 553 121 514 99 508 55 536 33"/></Shape>
          
          
          <TextLine ID="eSc_line_5c86552c"
                    TAGREFS="LT4837"
                    BASELINE="539 75 584 71" 
                    HPOS="535"
                    VPOS="36"
                    WIDTH="49"
                    HEIGHT="61">
            <Shape><Polygon POINTS="539 75 540 93 584 97 584 71 578 36 535 43 539 75"/></Shape>
	    <String CONTENT=""
                    HPOS="535"
                    VPOS="36"
                    WIDTH="49"
                    HEIGHT="61"></String>
          </TextLine>

          
        </TextBlock>
        
        <TextBlock HPOS="16"
                   VPOS="1609"
                   WIDTH="172"
                   HEIGHT="44"
                   ID="eSc_textblock_83dae18b"
                   TAGREFS="BT16085">
          <Shape><Polygon POINTS="57 1609 155 1615 188 1636 104 1653 16 1642 57 1609"/></Shape>
          
        </TextBlock>
        
        <TextBlock HPOS="922"
                   VPOS="1615"
                   WIDTH="222"
                   HEIGHT="60"
                   ID="eSc_textblock_465e8834"
                   TAGREFS="BT16085">
          <Shape><Polygon POINTS="1046 1615 1144 1615 1144 1675 922 1653 1046 1615"/></Shape>
          
        </TextBlock>
        

        
        <TextBlock ID="eSc_dummyblock_">
          
          
          <TextLine ID="eSc_line_103caa78"
                    TAGREFS="LT4837"
                    BASELINE="138 1551 999 1526" 
                    HPOS="136"
                    VPOS="1481"
                    WIDTH="863"
                    HEIGHT="107">
            <Shape><Polygon POINTS="138 1551 138 1584 218 1588 219 1588 220 1588 234 1581 248 1574 268 1580 287 1586 289 1586 290 1586 375 1584 377 1584 378 1584 391 1574 398 1570 419 1574 459 1581 461 1581 510 1570 512 1570 522 1579 524 1579 525 1579 526 1579 654 1576 655 1576 687 1563 693 1561 758 1559 765 1561 802 1570 803 1570 804 1570 806 1570 851 1558 856 1556 865 1556 923 1562 925 1562 999 1551 999 1526 993 1484 975 1491 968 1485 965 1482 965 1481 964 1481 962 1481 961 1481 923 1482 922 1482 914 1486 891 1499 860 1489 855 1488 853 1488 852 1488 841 1491 802 1499 771 1493 743 1488 742 1488 740 1488 722 1495 700 1506 654 1506 647 1499 641 1495 641 1493 640 1493 638 1493 613 1492 612 1492 610 1492 609 1492 609 1493 600 1500 595 1507 582 1502 563 1492 561 1492 560 1492 522 1493 521 1493 519 1493 519 1495 508 1505 503 1512 486 1512 479 1506 469 1498 468 1498 466 1498 465 1498 463 1498 462 1498 450 1507 448 1509 448 1507 433 1496 431 1496 430 1496 429 1496 401 1498 399 1498 398 1498 378 1510 373 1514 342 1514 338 1512 331 1506 329 1506 328 1506 327 1506 275 1514 258 1517 250 1516 176 1503 174 1503 173 1503 136 1519 138 1551"/></Shape>
	    <String CONTENT="اد نمايند و هر چه از و در علم به پرسند مخن اينست که"
                    HPOS="136"
                    VPOS="1481"
                    WIDTH="863"
                    HEIGHT="107"
                    WC="0.8458462240649205"></String>
          </TextLine>

          
        </TextBlock>
        
      </PrintSpace>
    </Page>
  </Layout>
</alto>
