<?xml version="1.0" encoding="UTF-8"?>
<alto xmlns:xsi="http://www.w3.org/2001/XMLSchema-instance"
      xmlns="http://www.loc.gov/standards/alto/ns-v4#"
      xsi:schemaLocation="http://www.loc.gov/standards/alto/ns-v4# http://www.loc.gov/standards/alto/v4/alto-4-2.xsd">
  <Description>
    <MeasurementUnit>pixel</MeasurementUnit>
    <sourceImageInformation>
      <fileName>Rasail015.jpg</fileName>
      
    </sourceImageInformation>
  </Description>
  
  <Tags>
    <OtherTag ID="BT16094" LABEL="default" DESCRIPTION="block type default"/><OtherTag ID="BT16093" LABEL="NumberingZone:page" DESCRIPTION="block type NumberingZone:page"/><OtherTag ID="BT16092" LABEL="MarginTextZone:note" DESCRIPTION="block type MarginTextZone:note"/><OtherTag ID="BT16091" LABEL="TitlePageZone" DESCRIPTION="block type TitlePageZone"/><OtherTag ID="BT16090" LABEL="QuireMarksZone:catchwords" DESCRIPTION="block type QuireMarksZone:catchwords"/><OtherTag ID="BT16089" LABEL="NumberingZone:other" DESCRIPTION="block type NumberingZone:other"/><OtherTag ID="BT16088" LABEL="NumberingZone" DESCRIPTION="block type NumberingZone"/><OtherTag ID="BT16087" LABEL="MarginTextZone" DESCRIPTION="block type MarginTextZone"/><OtherTag ID="BT16086" LABEL="MainZone" DESCRIPTION="block type MainZone"/><OtherTag ID="BT16085" LABEL="DigitizationArtefactZone" DESCRIPTION="block type DigitizationArtefactZone"/><OtherTag ID="BT2" LABEL="Main" DESCRIPTION="block type Main"/><OtherTag ID="BT1" LABEL="Title" DESCRIPTION="block type Title"/>
    <OtherTag ID="LT4837" LABEL="DefaultLine" DESCRIPTION="line type DefaultLine"/><OtherTag ID="LT4838" LABEL="default" DESCRIPTION="line type default"/><OtherTag ID="LT4839" LABEL="HeadingLine:title" DESCRIPTION="line type HeadingLine:title"/>
  </Tags>
  
  <Layout>
    <Page WIDTH="1078"
          HEIGHT="1703"
          PHYSICAL_IMG_NR="43"
          ID="eSc_dummypage_">
      <PrintSpace HPOS="0"
                  VPOS="0"
                  WIDTH="1078"
                  HEIGHT="1703">
        
        <TextBlock HPOS="34"
                   VPOS="136"
                   WIDTH="936"
                   HEIGHT="1525"
                   ID="eSc_textblock_a6f62c58"
                   TAGREFS="BT16086">
          <Shape><Polygon POINTS="784 136 918 147 970 175 970 1588 941 1633 862 1650 96 1661 51 1616 68 1430 45 1219 56 772 34 459 62 175 130 153 784 136"/></Shape>
          
          
          <TextLine ID="eSc_line_08596c22"
                    TAGREFS="LT4837"
                    BASELINE="62 225 927 212" 
                    HPOS="61"
                    VPOS="167"
                    WIDTH="866"
                    HEIGHT="91">
            <Shape><Polygon POINTS="62 225 62 245 82 245 96 256 96 258 98 258 99 258 100 258 102 258 154 242 159 242 163 242 196 249 197 249 198 249 200 249 200 248 207 242 217 242 269 242 328 255 329 255 330 255 352 245 382 251 383 251 384 251 386 251 386 249 397 239 436 254 437 254 438 254 440 254 467 239 492 252 494 252 495 252 619 251 620 251 622 251 640 237 656 249 657 249 659 249 660 251 721 251 721 249 722 249 724 249 742 237 768 246 769 246 771 246 833 232 833 231 927 229 927 212 924 167 876 167 874 167 873 167 872 167 872 168 859 175 822 170 812 168 810 168 809 168 808 168 808 170 806 170 796 180 784 171 782 171 781 171 779 171 778 171 761 178 745 171 742 171 741 171 739 171 738 171 737 171 737 173 722 184 687 184 657 174 639 170 637 170 636 170 586 177 526 185 472 180 407 174 406 174 404 174 403 174 392 183 350 175 349 175 347 175 346 175 346 177 345 177 340 183 333 175 332 175 330 175 329 175 328 175 301 185 292 190 197 190 194 190 169 180 167 180 166 180 61 193 62 225"/></Shape>
	    <String CONTENT="را از سخنان ظاهر بي تأويل يس أن كلمه حق برعج تأدل أو"
                    HPOS="61"
                    VPOS="167"
                    WIDTH="866"
                    HEIGHT="91"
                    WC="0.8719385745269912"></String>
          </TextLine>

          
          
          <TextLine ID="eSc_line_f2078218"
                    TAGREFS="LT4837"
                    BASELINE="63 300 926 296" 
                    HPOS="62"
                    VPOS="256"
                    WIDTH="864"
                    HEIGHT="80">
            <Shape><Polygon POINTS="63 300 63 317 99 326 100 326 102 326 103 326 103 324 110 317 136 329 137 329 139 329 140 329 142 329 142 327 153 317 227 317 291 334 292 334 294 336 347 336 347 334 349 334 384 319 401 330 403 330 404 330 448 333 450 333 451 333 453 333 463 324 487 329 488 329 490 329 491 329 504 317 518 330 518 332 519 332 521 332 522 332 524 332 555 319 568 332 568 333 569 333 570 333 572 334 637 334 637 333 639 333 640 333 659 320 670 329 671 329 673 329 674 329 676 329 693 320 704 326 705 326 707 326 708 326 710 326 710 324 722 315 748 322 749 322 751 322 786 315 805 330 805 332 806 332 808 332 809 333 832 333 832 332 926 312 926 296 923 256 899 256 897 256 896 256 894 256 874 271 833 271 806 258 801 256 799 256 798 256 796 256 788 259 749 271 725 271 711 261 708 258 707 258 705 258 704 258 703 258 701 258 698 261 690 268 636 271 614 262 610 261 609 261 607 261 606 261 599 262 576 271 562 263 556 261 555 261 553 261 552 261 541 263 529 268 525 265 518 258 516 258 515 258 514 258 454 266 447 266 445 266 433 258 431 258 430 258 362 258 360 258 359 258 357 258 340 268 335 272 325 269 298 259 296 259 295 259 294 259 292 259 276 269 271 273 146 273 146 272 106 262 105 262 103 262 102 262 62 273 63 300"/></Shape>
	    <String CONTENT="رانصيب شديدان عيسی عليه السلام را ترتيب کرد درايت"
                    HPOS="62"
                    VPOS="256"
                    WIDTH="864"
                    HEIGHT="80"
                    WC="0.9007619528137908"></String>
          </TextLine>

          
          
          <TextLine ID="eSc_line_07b3aebd"
                    TAGREFS="LT4837"
                    BASELINE="68 378 928 370" 
                    HPOS="66"
                    VPOS="326"
                    WIDTH="862"
                    HEIGHT="82">
            <Shape><Polygon POINTS="68 378 68 408 107 408 107 407 109 407 110 407 126 394 150 394 169 405 171 407 173 407 174 407 176 407 177 407 183 404 208 393 262 393 285 403 294 405 295 405 296 407 353 407 353 405 355 405 370 400 394 391 427 398 434 400 436 400 437 400 441 398 454 391 460 398 465 403 465 404 467 404 468 404 470 404 471 404 484 397 488 395 492 397 509 403 511 403 512 403 545 395 562 393 580 395 639 403 640 403 683 401 684 401 686 401 686 400 694 393 722 401 724 401 725 401 727 401 771 390 785 387 805 390 842 394 843 394 845 394 846 394 853 388 855 387 859 388 882 394 883 394 884 394 928 386 928 370 923 326 889 336 866 327 864 327 863 327 862 327 860 327 860 329 846 342 819 333 818 333 816 333 815 333 778 344 724 344 711 333 711 332 710 332 708 332 707 332 705 332 704 332 684 343 651 333 649 333 647 333 646 333 644 333 641 334 613 346 532 346 509 337 485 330 484 330 404 330 403 330 401 330 400 330 384 342 377 346 367 342 340 332 339 332 241 332 240 332 238 332 204 347 203 347 200 347 136 333 134 333 133 333 66 350 68 378"/></Shape>
	    <String CONTENT="ذگر شد و در دميدن روزخ ذکر تصديق به کلمات مري"
                    HPOS="66"
                    VPOS="326"
                    WIDTH="862"
                    HEIGHT="82"
                    WC="0.9409625636206733"></String>
          </TextLine>

          
          
          <TextLine ID="eSc_line_3015f140"
                    TAGREFS="LT4837"
                    BASELINE="56 444 926 449" 
                    HPOS="55"
                    VPOS="397"
                    WIDTH="871"
                    HEIGHT="82">
            <Shape><Polygon POINTS="56 444 55 462 78 474 79 474 80 475 177 475 177 474 178 474 180 474 187 466 205 474 207 474 208 474 258 465 268 464 271 465 281 472 282 472 284 472 285 472 312 466 318 465 320 466 332 474 333 474 335 474 336 474 338 474 339 474 350 466 353 465 367 468 410 475 411 475 467 469 484 468 487 469 498 476 499 476 501 476 502 476 579 472 657 466 671 474 678 476 680 476 681 476 724 475 840 468 857 478 859 478 860 478 862 479 924 479 926 449 926 421 907 414 906 414 904 414 903 414 901 414 901 415 896 420 869 401 867 401 866 401 864 401 863 401 829 421 808 403 808 401 806 401 805 401 747 401 745 401 744 401 714 417 686 404 684 404 683 404 681 404 680 404 663 417 659 421 538 421 525 415 490 401 488 401 487 401 485 401 484 401 464 414 455 420 369 420 360 411 356 408 356 407 355 407 353 407 352 407 350 407 349 407 343 411 338 415 332 411 323 404 323 403 322 403 320 403 319 403 318 403 302 411 289 418 282 410 268 398 268 397 267 397 265 397 264 397 262 397 230 410 214 415 208 410 207 408 207 407 205 407 204 407 203 407 193 408 183 411 180 408 169 398 169 397 167 397 166 397 164 397 56 405 56 444"/></Shape>
	    <String CONTENT="بديد می شود که مراد از روخ كلمه است و ذگرهيف القاف"
                    HPOS="55"
                    VPOS="397"
                    WIDTH="871"
                    HEIGHT="82"
                    WC="0.8906452006101608"></String>
          </TextLine>

          
          
          <TextLine ID="eSc_line_d1549ae9"
                    TAGREFS="LT4837"
                    BASELINE="68 527 931 523" 
                    HPOS="66"
                    VPOS="478"
                    WIDTH="865"
                    HEIGHT="82">
            <Shape><Polygon POINTS="68 527 68 543 234 560 235 560 349 543 356 543 443 543 444 543 460 557 460 559 461 559 463 559 464 559 465 559 467 559 488 543 492 543 569 559 570 560 627 560 627 559 629 559 630 559 644 546 670 557 671 557 673 559 764 559 764 557 765 557 766 557 781 546 793 556 795 556 796 556 798 556 799 556 823 543 828 542 863 542 864 543 877 554 877 556 879 556 880 556 904 557 906 557 907 557 908 557 931 543 931 523 926 478 896 488 835 479 815 478 813 478 812 478 810 478 810 479 808 481 796 492 776 482 769 478 768 478 766 478 765 478 757 482 731 495 705 486 704 486 703 486 701 486 700 486 690 496 643 496 629 488 627 488 626 488 624 488 623 488 622 488 610 498 481 498 460 489 440 483 438 483 437 483 399 492 394 492 393 492 376 479 374 479 373 479 372 479 302 481 301 481 299 481 285 492 279 488 278 488 276 488 275 488 274 488 259 495 254 498 242 495 217 491 215 491 214 491 194 496 191 498 191 496 173 481 171 481 170 481 117 481 116 481 115 481 66 498 68 527"/></Shape>
	    <String CONTENT="قرين می شود كه مريم از حچنان است مولانا گوش بندگان"
                    HPOS="66"
                    VPOS="478"
                    WIDTH="865"
                    HEIGHT="82"
                    WC="0.9398897659778594"></String>
          </TextLine>

          
          
          <TextLine ID="eSc_line_a13edb78"
                    TAGREFS="LT4837"
                    BASELINE="241 611 697 607 926 594" 
                    HPOS="240"
                    VPOS="550"
                    WIDTH="686"
                    HEIGHT="95">
            <Shape><Polygon POINTS="241 611 241 635 254 644 255 644 257 644 258 645 301 645 301 644 302 644 303 644 318 631 320 630 363 630 363 631 389 642 390 642 392 642 393 642 394 642 406 635 443 641 444 641 445 641 472 630 480 625 586 625 595 628 622 637 623 637 624 637 626 637 653 627 660 624 664 627 681 637 683 637 684 637 686 637 687 637 708 625 715 623 720 625 732 635 734 635 735 635 737 635 836 634 837 634 839 634 853 624 862 620 924 623 926 594 921 550 887 557 835 553 819 553 818 553 816 553 812 554 789 564 778 556 774 553 772 553 771 553 769 553 728 556 727 556 725 556 721 559 701 571 676 561 663 556 661 556 660 556 659 556 643 563 620 573 602 564 590 559 589 559 588 559 586 559 562 566 549 570 543 567 531 560 529 560 528 560 526 560 511 569 497 577 463 579 430 579 420 573 393 560 392 560 390 560 389 560 335 577 326 579 319 577 265 567 264 567 262 567 240 579 241 611"/></Shape>
	    <String CONTENT="ا از سخن ريزنان نكهد آراد بمنر و گرمه"
                    HPOS="240"
                    VPOS="550"
                    WIDTH="686"
                    HEIGHT="95"
                    WC="0.8909486916504408"></String>
          </TextLine>

          
          
          <TextLine ID="eSc_line_1dc21f91"
                    TAGREFS="LT4837"
                    BASELINE="407 835 647 834" 
                    HPOS="406"
                    VPOS="780"
                    WIDTH="241"
                    HEIGHT="84">
            <Shape><Polygon POINTS="407 835 409 864 464 847 485 847 504 861 505 862 507 862 508 862 509 864 578 864 578 862 579 862 580 862 588 857 603 847 644 854 647 834 640 787 632 796 607 786 593 780 592 780 590 780 589 780 572 784 531 797 471 797 448 780 447 780 445 780 406 780 407 835"/></Shape>
	    <String CONTENT="رتحقيق هولى"
                    HPOS="406"
                    VPOS="780"
                    WIDTH="241"
                    HEIGHT="84"
                    WC="0.8994909958405928"></String>
          </TextLine>

          
          
          <TextLine ID="eSc_line_c231203b"
                    TAGREFS="LT4837"
                    BASELINE="85 916 869 908" 
                    HPOS="83"
                    VPOS="852"
                    WIDTH="786"
                    HEIGHT="96">
            <Shape><Polygon POINTS="85 916 85 932 122 946 123 946 124 948 169 948 169 946 170 946 171 946 191 932 193 932 210 940 211 940 213 940 214 940 215 940 227 932 231 930 255 933 306 938 308 938 309 938 326 933 329 932 330 933 347 943 349 943 350 943 352 943 424 939 426 939 427 939 427 938 433 933 437 928 515 928 526 933 541 942 542 942 543 942 545 942 676 940 677 940 678 940 678 939 686 933 693 926 718 926 727 933 731 936 731 938 732 938 734 938 735 939 793 939 793 938 795 938 796 938 802 933 818 925 866 933 869 908 864 852 805 860 781 854 776 854 775 854 774 854 772 854 744 872 651 858 650 858 649 858 614 875 559 875 536 861 535 860 534 860 532 860 531 860 529 860 526 861 498 877 434 877 414 864 406 858 404 858 403 858 367 858 366 858 365 858 347 865 322 879 295 879 276 868 264 860 262 860 261 860 259 860 161 864 160 864 159 864 149 871 136 879 83 874 85 916"/></Shape>
	    <String CONTENT="بدانكه چون نفس گل پديد آوردند مثل خود نمود ازاين"
                    HPOS="83"
                    VPOS="852"
                    WIDTH="786"
                    HEIGHT="96"
                    WC="0.910274111494726"></String>
          </TextLine>

          
          
          <TextLine ID="eSc_line_422d268e"
                    TAGREFS="LT4837"
                    BASELINE="90 986 636 990 928 980" 
                    HPOS="89"
                    VPOS="939"
                    WIDTH="839"
                    HEIGHT="79">
            <Shape><Polygon POINTS="90 986 90 997 282 997 284 997 298 1011 298 1013 299 1013 301 1013 302 1013 303 1013 305 1013 322 999 333 1009 335 1009 336 1009 338 1009 387 1004 403 1017 404 1017 406 1017 407 1018 458 1018 458 1017 460 1017 488 1004 509 1017 511 1017 512 1017 514 1018 573 1018 573 1017 575 1017 576 1017 576 1016 585 1009 670 1017 671 1017 673 1017 730 1003 751 1017 752 1017 754 1017 755 1017 757 1017 784 1003 799 1011 801 1011 802 1011 927 996 928 980 924 939 810 953 798 943 798 942 796 942 795 942 793 942 792 942 791 942 782 949 772 940 771 940 769 940 711 939 710 939 708 939 707 939 707 940 705 940 690 957 626 957 607 948 606 948 605 948 603 948 602 948 592 955 578 942 576 940 575 940 573 940 572 940 570 940 565 943 538 957 356 957 345 946 345 945 343 945 342 945 340 945 339 945 336 945 316 953 296 946 285 942 284 942 282 942 281 942 279 942 272 946 267 950 259 946 248 939 247 939 245 939 150 939 149 939 147 939 146 939 134 948 126 953 89 949 90 986"/></Shape>
	    <String CONTENT="حرکت هيولی که صورت عالم ازد پديد آمده بيداشدو"
                    HPOS="89"
                    VPOS="939"
                    WIDTH="839"
                    HEIGHT="79"
                    WC="0.9089370279208474"></String>
          </TextLine>

          
          
          <TextLine ID="eSc_line_7d52a2b2"
                    TAGREFS="LT4837"
                    BASELINE="90 1068 556 1064 927 1051" 
                    HPOS="89"
                    VPOS="1004"
                    WIDTH="838"
                    HEIGHT="88">
            <Shape><Polygon POINTS="90 1068 90 1081 117 1092 119 1092 120 1092 122 1092 149 1081 194 1087 196 1087 274 1078 295 1088 296 1088 298 1088 346 1077 360 1089 362 1089 363 1089 365 1089 366 1089 382 1082 414 1092 416 1092 417 1092 418 1092 441 1084 461 1092 463 1092 464 1092 465 1092 485 1085 639 1088 640 1088 641 1088 667 1078 686 1088 687 1088 688 1088 730 1087 731 1087 766 1068 860 1081 862 1081 863 1081 927 1064 927 1051 923 1004 900 1006 899 1006 897 1006 897 1007 880 1023 839 1013 837 1013 836 1013 835 1013 820 1024 766 1026 738 1011 732 1009 731 1009 730 1009 728 1009 727 1009 724 1011 711 1020 700 1013 700 1011 698 1011 697 1011 695 1011 680 1013 678 1014 677 1014 676 1014 657 1030 536 1030 521 1020 515 1016 514 1016 512 1016 511 1016 509 1016 508 1016 501 1020 482 1031 409 1024 390 1023 389 1023 387 1023 386 1023 386 1024 384 1026 380 1028 377 1026 366 1016 365 1016 363 1016 312 1016 311 1016 309 1016 308 1016 296 1023 285 1017 284 1017 282 1017 281 1017 279 1017 261 1030 241 1024 240 1024 238 1024 237 1024 235 1024 235 1026 230 1031 227 1034 221 1031 200 1020 198 1020 197 1020 196 1020 174 1028 164 1020 164 1018 163 1018 161 1018 160 1018 113 1020 112 1020 110 1020 89 1033 90 1068"/></Shape>
	    <String CONTENT="تحصيلات عالم را برين وجنی که به عيان آمدهدی هيولی"
                    HPOS="89"
                    VPOS="1004"
                    WIDTH="838"
                    HEIGHT="88"
                    WC="0.9166242063045502"></String>
          </TextLine>

          
          
          <TextLine ID="eSc_line_6f57b598"
                    TAGREFS="LT4837"
                    BASELINE="93 1139 935 1128" 
                    HPOS="92"
                    VPOS="1084"
                    WIDTH="843"
                    HEIGHT="81">
            <Shape><Polygon POINTS="93 1139 93 1160 241 1150 249 1158 255 1162 255 1163 257 1163 258 1163 259 1165 294 1165 294 1163 295 1163 296 1163 306 1156 319 1149 340 1149 347 1156 353 1160 353 1162 355 1162 356 1162 357 1162 359 1162 373 1155 384 1149 437 1153 512 1160 514 1160 565 1150 589 1146 595 1150 605 1158 606 1158 607 1158 609 1159 667 1159 667 1158 668 1158 670 1158 681 1148 684 1148 721 1158 722 1158 724 1158 725 1158 745 1146 749 1145 755 1146 784 1156 785 1156 786 1156 788 1156 789 1156 806 1145 812 1142 860 1142 866 1145 879 1153 880 1153 882 1153 883 1153 884 1153 886 1153 901 1143 903 1143 935 1143 935 1128 934 1094 901 1084 900 1084 899 1084 897 1084 896 1084 879 1094 873 1098 870 1095 864 1089 863 1089 862 1089 860 1089 819 1095 793 1099 789 1097 784 1091 784 1089 782 1089 781 1089 754 1088 752 1088 751 1088 749 1088 735 1097 731 1099 727 1098 701 1087 700 1087 654 1085 653 1085 651 1085 622 1099 616 1104 538 1104 535 1101 514 1088 512 1088 511 1088 465 1088 464 1088 463 1088 461 1088 437 1104 436 1104 407 1091 406 1091 332 1089 330 1089 329 1089 328 1089 305 1106 303 1106 285 1094 284 1094 282 1094 281 1094 279 1094 249 1105 237 1094 235 1094 234 1094 232 1094 231 1094 196 1108 180 1094 180 1092 178 1092 177 1092 139 1092 137 1092 136 1092 134 1092 116 1109 92 1109 93 1139"/></Shape>
	    <String CONTENT="وديعت نهاده با القوت وهيولیدو لفظ عربی است که"
                    HPOS="92"
                    VPOS="1084"
                    WIDTH="843"
                    HEIGHT="81"
                    WC="0.9104737705654569"></String>
          </TextLine>

          
          
          <TextLine ID="eSc_line_5fa86492"
                    TAGREFS="LT4837"
                    BASELINE="95 1224 935 1202" 
                    HPOS="93"
                    VPOS="1152"
                    WIDTH="842"
                    HEIGHT="95">
            <Shape><Polygon POINTS="95 1224 95 1247 170 1246 171 1246 200 1236 292 1241 322 1243 323 1243 325 1243 333 1240 357 1231 417 1237 460 1240 461 1240 539 1231 586 1227 596 1230 616 1236 617 1236 619 1236 660 1227 680 1223 694 1226 720 1231 721 1231 722 1231 745 1224 806 1230 808 1230 809 1230 810 1230 810 1228 819 1221 829 1228 830 1228 832 1228 833 1230 882 1230 882 1228 935 1216 935 1202 933 1169 899 1167 884 1153 884 1152 883 1152 882 1152 880 1152 853 1153 852 1153 850 1153 826 1170 778 1156 776 1156 775 1156 774 1156 739 1173 711 1173 690 1159 688 1159 687 1159 686 1159 634 1163 633 1163 632 1163 620 1173 600 1160 599 1160 597 1160 596 1160 595 1160 593 1160 573 1176 516 1177 468 1163 467 1163 465 1163 464 1163 430 1179 413 1166 411 1166 410 1166 409 1166 407 1166 386 1176 362 1166 360 1166 359 1166 357 1166 315 1183 292 1169 291 1169 289 1169 251 1169 249 1169 93 1189 95 1224"/></Shape>
	    <String CONTENT="از هر يك چيزى انداخته شد چنين بوده هيولى مغنى نبيو"
                    HPOS="93"
                    VPOS="1152"
                    WIDTH="842"
                    HEIGHT="95"
                    WC="0.9319468694925308"></String>
          </TextLine>

          
          
          <TextLine ID="eSc_line_883aa1e9"
                    TAGREFS="LT4837"
                    BASELINE="90 1294 572 1291 928 1280" 
                    HPOS="89"
                    VPOS="1231"
                    WIDTH="839"
                    HEIGHT="88">
            <Shape><Polygon POINTS="90 1294 90 1309 109 1319 110 1319 112 1319 113 1319 154 1308 163 1307 169 1308 211 1319 213 1319 214 1319 215 1319 217 1319 232 1307 235 1304 247 1307 258 1309 259 1309 261 1309 262 1309 276 1305 288 1302 292 1305 303 1315 303 1316 305 1316 306 1316 308 1316 309 1316 311 1316 311 1315 319 1308 345 1315 346 1315 347 1315 400 1304 414 1301 427 1302 498 1315 499 1315 501 1315 526 1308 541 1315 542 1315 543 1315 654 1314 656 1314 694 1298 697 1295 792 1295 793 1295 809 1309 809 1311 810 1311 812 1311 813 1312 835 1312 835 1311 836 1311 867 1294 869 1294 870 1294 897 1301 899 1301 900 1301 901 1301 928 1292 928 1280 927 1247 901 1231 900 1231 899 1231 839 1231 837 1231 836 1231 799 1244 765 1237 764 1237 762 1237 761 1237 741 1248 739 1250 734 1248 698 1243 697 1243 695 1243 683 1250 681 1250 680 1250 646 1236 644 1236 643 1236 641 1236 640 1236 640 1237 627 1250 624 1253 610 1253 605 1250 579 1236 578 1236 576 1236 575 1236 529 1250 518 1254 437 1254 427 1250 404 1238 403 1238 401 1238 400 1238 372 1250 356 1255 329 1250 306 1246 305 1246 303 1246 302 1246 302 1247 298 1250 292 1257 238 1257 231 1250 222 1243 222 1241 221 1241 220 1241 218 1241 89 1250 90 1294"/></Shape>
	    <String CONTENT="ساختكى است و معنى اولى اول از لفظ هيوهمزه را انداخته"
                    HPOS="89"
                    VPOS="1231"
                    WIDTH="839"
                    HEIGHT="88"
                    WC="0.907488192503269"></String>
          </TextLine>

          
          
          <TextLine ID="eSc_line_3b222e20"
                    TAGREFS="LT4837"
                    BASELINE="96 1370 566 1366 940 1353" 
                    HPOS="93"
                    VPOS="1304"
                    WIDTH="847"
                    HEIGHT="91">
            <Shape><Polygon POINTS="96 1370 96 1383 116 1395 117 1395 119 1395 173 1382 191 1393 193 1393 194 1393 196 1395 240 1395 240 1393 241 1393 242 1393 242 1392 258 1379 275 1379 291 1379 301 1387 301 1389 302 1389 303 1389 305 1389 306 1389 343 1378 347 1378 360 1378 374 1389 374 1390 376 1390 377 1390 379 1390 380 1390 411 1382 420 1389 421 1389 423 1389 424 1389 475 1382 525 1387 526 1387 528 1387 572 1373 590 1385 592 1385 593 1385 595 1385 647 1378 698 1385 700 1385 701 1385 703 1385 728 1370 754 1370 768 1382 769 1382 771 1382 772 1382 774 1382 818 1369 847 1378 849 1378 850 1378 852 1378 877 1368 899 1373 900 1373 901 1373 940 1365 940 1353 937 1322 899 1315 897 1315 896 1315 879 1321 876 1322 874 1321 864 1314 863 1314 862 1314 860 1314 859 1314 840 1321 835 1324 832 1321 819 1309 819 1308 818 1308 816 1308 792 1305 791 1305 789 1305 761 1321 755 1324 752 1321 735 1305 735 1304 734 1304 732 1304 731 1304 730 1304 728 1304 714 1315 690 1311 688 1311 687 1311 686 1311 674 1319 664 1328 620 1329 514 1329 497 1318 492 1315 491 1315 490 1315 488 1315 487 1315 485 1315 485 1316 482 1318 468 1332 434 1332 413 1318 400 1309 399 1309 397 1309 396 1309 356 1311 355 1311 335 1318 301 1329 279 1316 276 1315 275 1315 274 1315 272 1315 271 1315 267 1316 254 1322 234 1316 222 1314 221 1314 220 1314 93 1315 96 1370"/></Shape>
	    <String CONTENT="اند واز لفظ أولى اهمزه وواورا يولى گفته أنديعني أنادكي"
                    HPOS="93"
                    VPOS="1304"
                    WIDTH="847"
                    HEIGHT="91"
                    WC="0.8417476483604365"></String>
          </TextLine>

          
          
          <TextLine ID="eSc_line_bca9c31a"
                    TAGREFS="LT4837"
                    BASELINE="99 1441 940 1431" 
                    HPOS="98"
                    VPOS="1379"
                    WIDTH="842"
                    HEIGHT="94">
            <Shape><Polygon POINTS="99 1441 100 1473 156 1454 230 1454 238 1461 240 1461 241 1461 242 1461 244 1461 245 1461 245 1460 252 1454 311 1454 328 1464 329 1464 330 1464 332 1464 333 1464 365 1453 376 1464 380 1467 380 1468 382 1468 383 1468 384 1470 424 1470 424 1468 426 1468 427 1468 436 1463 445 1456 454 1461 460 1467 461 1467 463 1467 464 1468 529 1468 529 1467 531 1467 532 1467 532 1465 534 1465 538 1460 551 1467 552 1467 553 1467 555 1467 556 1467 556 1465 558 1465 562 1460 644 1465 646 1465 700 1454 722 1464 724 1464 725 1464 727 1464 751 1453 758 1448 789 1448 795 1451 815 1464 816 1464 818 1464 819 1464 820 1464 860 1448 864 1447 867 1448 891 1460 893 1460 894 1460 896 1460 940 1446 940 1431 937 1379 899 1379 897 1379 896 1379 894 1379 872 1397 864 1392 863 1392 862 1392 860 1392 859 1392 857 1392 843 1400 812 1395 810 1395 809 1395 808 1395 792 1406 715 1406 687 1393 686 1393 684 1393 683 1393 653 1406 632 1387 629 1385 627 1385 626 1385 624 1385 623 1385 622 1385 617 1387 596 1403 572 1400 570 1400 569 1400 568 1400 568 1402 561 1409 443 1409 421 1395 409 1385 407 1385 406 1385 404 1385 345 1396 343 1396 342 1396 325 1409 309 1397 295 1386 294 1386 292 1386 291 1386 200 1393 133 1387 132 1387 130 1387 98 1402 99 1441"/></Shape>
	    <String CONTENT="اول ازان سبب هيولی را جوير منفعل گفته اند که او رايچ"
                    HPOS="98"
                    VPOS="1379"
                    WIDTH="842"
                    HEIGHT="94"
                    WC="0.8437336760644729"></String>
          </TextLine>

          
          
          <TextLine ID="eSc_line_b13d432c"
                    TAGREFS="LT4837"
                    BASELINE="100 1514 630 1517 933 1504" 
                    HPOS="99"
                    VPOS="1461"
                    WIDTH="834"
                    HEIGHT="81">
            <Shape><Polygon POINTS="100 1514 100 1525 143 1534 144 1534 146 1534 161 1527 170 1535 171 1535 173 1535 174 1535 237 1527 274 1541 275 1541 276 1541 278 1541 279 1541 294 1529 320 1541 322 1541 323 1541 325 1541 349 1534 372 1541 373 1541 374 1541 376 1541 404 1527 443 1541 444 1541 445 1542 546 1542 546 1541 602 1529 622 1539 623 1539 624 1541 681 1541 681 1539 683 1539 724 1524 755 1534 757 1534 758 1534 759 1534 781 1522 782 1522 815 1522 863 1522 893 1538 894 1538 896 1538 897 1538 899 1538 899 1536 914 1522 933 1522 933 1504 930 1473 863 1461 862 1461 860 1461 859 1461 843 1473 839 1477 830 1473 808 1464 806 1464 805 1464 764 1474 747 1478 741 1474 735 1470 735 1468 734 1468 732 1468 688 1463 687 1463 686 1463 651 1475 641 1480 580 1480 578 1475 565 1464 565 1463 563 1463 562 1463 545 1463 543 1463 542 1463 495 1477 490 1480 438 1480 431 1478 406 1468 404 1468 403 1468 401 1468 400 1468 389 1475 322 1464 320 1464 274 1473 204 1465 203 1465 201 1465 200 1465 181 1481 180 1483 99 1483 100 1514"/></Shape>
	    <String CONTENT="فعل نيست غير از قبول صورتی که بدو فايض گردد تنبتة"
                    HPOS="99"
                    VPOS="1461"
                    WIDTH="834"
                    HEIGHT="81"
                    WC="0.9251582142041654"></String>
          </TextLine>

          
          
          <TextLine ID="eSc_line_848ffb50"
                    TAGREFS="LT4837"
                    BASELINE="83 1593 555 1593 930 1576" 
                    HPOS="83"
                    VPOS="1528"
                    WIDTH="847"
                    HEIGHT="102">
            <Shape><Polygon POINTS="83 1616 142 1616 143 1616 150 1623 151 1623 153 1623 154 1623 156 1623 157 1623 157 1622 163 1616 166 1615 217 1615 221 1616 240 1630 241 1630 242 1630 244 1630 316 1616 329 1615 340 1616 387 1627 389 1627 390 1627 410 1616 421 1610 433 1616 440 1622 441 1622 443 1622 444 1622 445 1622 460 1616 465 1615 471 1616 490 1624 491 1624 492 1624 632 1623 633 1623 634 1623 643 1616 657 1607 687 1616 690 1617 691 1617 693 1617 694 1617 697 1616 727 1605 749 1616 751 1617 752 1617 754 1617 774 1616 795 1615 796 1615 798 1615 818 1603 835 1603 850 1616 852 1617 852 1619 853 1619 855 1619 856 1619 928 1616 930 1576 927 1535 877 1528 876 1528 874 1528 873 1528 873 1529 866 1535 855 1548 837 1536 829 1529 828 1529 826 1529 796 1529 795 1529 715 1535 714 1535 712 1535 707 1539 686 1553 641 1553 627 1541 626 1541 624 1541 623 1541 622 1541 620 1541 593 1551 585 1544 585 1542 583 1542 582 1542 580 1542 579 1542 578 1542 562 1555 492 1555 450 1545 436 1541 434 1541 433 1541 431 1541 430 1541 430 1542 426 1545 413 1556 347 1552 346 1552 301 1559 279 1548 262 1539 261 1539 259 1539 201 1548 166 1541 164 1541 163 1541 134 1551 103 1562 83 1552 83 1593 83 1616"/></Shape>
	    <String CONTENT=" طالب تحقيق را مسی بايد که پيداشدن هيونی را از نفس"
                    HPOS="83"
                    VPOS="1528"
                    WIDTH="847"
                    HEIGHT="102"
                    WC="0.8854097414016724"></String>
          </TextLine>

          
        </TextBlock>
        
        <TextBlock HPOS="471"
                   VPOS="45"
                   WIDTH="101"
                   HEIGHT="61"
                   ID="eSc_textblock_66f08656"
                   TAGREFS="BT16093">
          <Shape><Polygon POINTS="505 45 566 51 572 95 488 106 471 68 505 45"/></Shape>
          
          
          <TextLine ID="eSc_line_542d4f63"
                    TAGREFS="LT4837"
                    BASELINE="494 83 532 80" 
                    HPOS="491"
                    VPOS="56"
                    WIDTH="41"
                    HEIGHT="46">
            <Shape><Polygon POINTS="494 83 494 102 532 102 532 80 528 56 491 56 494 83"/></Shape>
	    <String CONTENT=""
                    HPOS="491"
                    VPOS="56"
                    WIDTH="41"
                    HEIGHT="46"></String>
          </TextLine>

          
        </TextBlock>
        
        <TextBlock HPOS="988"
                   VPOS="0"
                   WIDTH="88"
                   HEIGHT="1701"
                   ID="eSc_textblock_72867c55"
                   TAGREFS="BT16085">
          <Shape><Polygon POINTS="1016 1 1076 0 1076 1701 1011 1690 988 1360 1016 1"/></Shape>
          
        </TextBlock>
        

        
      </PrintSpace>
    </Page>
  </Layout>
</alto>
