<?xml version="1.0" encoding="UTF-8"?>
<alto xmlns:xsi="http://www.w3.org/2001/XMLSchema-instance"
      xmlns="http://www.loc.gov/standards/alto/ns-v4#"
      xsi:schemaLocation="http://www.loc.gov/standards/alto/ns-v4# http://www.loc.gov/standards/alto/v4/alto-4-2.xsd">
  <Description>
    <MeasurementUnit>pixel</MeasurementUnit>
    <sourceImageInformation>
      <fileName>Rasail048.jpg</fileName>
      
    </sourceImageInformation>
  </Description>
  
  <Tags>
    <OtherTag ID="BT16094" LABEL="default" DESCRIPTION="block type default"/><OtherTag ID="BT16093" LABEL="NumberingZone:page" DESCRIPTION="block type NumberingZone:page"/><OtherTag ID="BT16092" LABEL="MarginTextZone:note" DESCRIPTION="block type MarginTextZone:note"/><OtherTag ID="BT16091" LABEL="TitlePageZone" DESCRIPTION="block type TitlePageZone"/><OtherTag ID="BT16090" LABEL="QuireMarksZone:catchwords" DESCRIPTION="block type QuireMarksZone:catchwords"/><OtherTag ID="BT16089" LABEL="NumberingZone:other" DESCRIPTION="block type NumberingZone:other"/><OtherTag ID="BT16088" LABEL="NumberingZone" DESCRIPTION="block type NumberingZone"/><OtherTag ID="BT16087" LABEL="MarginTextZone" DESCRIPTION="block type MarginTextZone"/><OtherTag ID="BT16086" LABEL="MainZone" DESCRIPTION="block type MainZone"/><OtherTag ID="BT16085" LABEL="DigitizationArtefactZone" DESCRIPTION="block type DigitizationArtefactZone"/><OtherTag ID="BT2" LABEL="Main" DESCRIPTION="block type Main"/><OtherTag ID="BT1" LABEL="Title" DESCRIPTION="block type Title"/>
    <OtherTag ID="LT4837" LABEL="DefaultLine" DESCRIPTION="line type DefaultLine"/><OtherTag ID="LT4838" LABEL="default" DESCRIPTION="line type default"/><OtherTag ID="LT4839" LABEL="HeadingLine:title" DESCRIPTION="line type HeadingLine:title"/>
  </Tags>
  
  <Layout>
    <Page WIDTH="1118"
          HEIGHT="1703"
          PHYSICAL_IMG_NR="76"
          ID="eSc_dummypage_">
      <PrintSpace HPOS="0"
                  VPOS="0"
                  WIDTH="1118"
                  HEIGHT="1703">
        
        <TextBlock HPOS="22"
                   VPOS="90"
                   WIDTH="931"
                   HEIGHT="1526"
                   ID="eSc_textblock_3472a58c"
                   TAGREFS="BT16086">
          <Shape><Polygon POINTS="482 90 930 136 953 164 924 1463 635 1475 919 1492 924 1576 845 1616 39 1605 22 1588 34 147 56 102 78 119 107 96 482 90"/></Shape>
          
          
          <TextLine ID="eSc_line_a9e278c9"
                    TAGREFS="LT4837"
                    BASELINE="55 184 909 198" 
                    HPOS="53"
                    VPOS="140"
                    WIDTH="856"
                    HEIGHT="84">
            <Shape><Polygon POINTS="55 184 53 198 115 200 116 201 137 214 139 214 140 214 142 214 143 214 173 202 198 212 200 212 201 212 242 204 257 215 258 215 259 215 261 215 262 215 299 205 305 204 356 204 362 207 394 218 396 218 397 218 399 218 437 208 444 207 451 208 481 219 482 219 575 221 576 221 578 221 600 212 610 210 637 214 696 222 697 224 730 224 730 222 731 222 733 222 741 217 747 212 757 217 775 224 777 224 778 224 779 224 805 218 815 215 823 218 838 224 839 224 840 224 842 224 859 219 879 214 906 219 909 198 909 149 872 149 870 149 869 149 835 164 823 157 822 157 821 157 819 157 818 157 816 157 806 166 775 158 774 158 735 163 720 149 717 147 717 146 715 146 714 146 713 146 711 146 698 150 659 161 647 150 643 146 643 144 642 144 640 144 639 144 546 147 545 147 544 147 544 149 541 150 529 163 505 163 488 151 475 141 474 141 473 141 433 141 431 141 430 141 429 141 419 150 376 146 375 146 373 146 362 151 357 154 355 151 346 144 345 144 343 144 342 144 340 144 339 144 330 151 323 157 218 157 215 153 203 141 203 140 201 140 200 140 177 140 176 140 174 140 173 140 159 153 154 156 102 156 100 153 89 144 88 144 86 144 85 144 83 144 55 153 55 184"/></Shape>
	    <String CONTENT="تا نگه بون دوره هفته که هفت بزارسال است به آخر رسيدد"
                    HPOS="53"
                    VPOS="140"
                    WIDTH="856"
                    HEIGHT="84"
                    WC="0.8851602178699566"></String>
          </TextLine>

          
          
          <TextLine ID="eSc_line_94a87bbc"
                    TAGREFS="LT4837"
                    BASELINE="38 272 346 269 909 276" 
                    HPOS="36"
                    VPOS="222"
                    WIDTH="873"
                    HEIGHT="80">
            <Shape><Polygon POINTS="38 272 36 293 63 295 65 295 66 295 68 295 68 293 80 282 149 282 183 293 198 298 200 298 201 298 203 298 214 292 228 285 301 283 325 283 335 292 343 299 345 299 346 299 348 300 529 300 529 299 531 299 565 289 579 286 595 289 650 300 788 302 789 302 791 302 792 302 792 300 806 288 836 299 838 299 839 299 840 299 842 299 855 288 880 298 882 298 883 298 885 298 907 286 909 276 909 246 849 246 849 245 835 232 835 231 833 231 832 231 831 231 829 231 812 238 802 229 802 228 801 228 799 228 798 228 796 228 771 242 747 229 745 229 744 229 742 229 696 244 677 228 677 227 676 227 674 227 673 227 671 227 670 227 644 244 644 245 612 245 610 244 589 227 588 227 586 227 563 227 562 227 561 227 559 227 541 242 521 227 519 227 518 227 517 227 515 227 482 244 450 244 402 244 402 242 366 231 365 231 363 231 362 231 360 231 346 242 292 224 291 224 289 224 218 239 187 224 186 224 184 224 183 224 156 232 146 224 146 222 144 222 143 222 95 222 93 222 92 222 38 239 38 272"/></Shape>
	    <String CONTENT="دوره ديگر ظاهير شور عالمی که نه بود بود هست شده باشد و کسی"
                    HPOS="36"
                    VPOS="222"
                    WIDTH="873"
                    HEIGHT="80"
                    WC="0.907392762344459"></String>
          </TextLine>

          
          
          <TextLine ID="eSc_line_23cdaa88"
                    TAGREFS="LT4837"
                    BASELINE="49 343 912 353" 
                    HPOS="48"
                    VPOS="302"
                    WIDTH="864"
                    HEIGHT="76">
            <Shape><Polygon POINTS="49 343 48 359 125 359 129 361 134 367 136 367 137 367 139 367 140 367 159 361 171 359 183 363 203 370 204 370 205 370 207 370 208 370 217 363 242 373 244 373 308 374 309 374 311 374 336 364 338 364 363 374 365 374 366 374 417 366 430 376 431 376 433 376 434 377 491 377 491 376 492 376 512 366 519 363 527 366 549 377 551 377 552 378 581 378 581 377 582 377 583 377 583 376 593 367 596 364 691 364 694 368 704 377 704 378 706 378 707 378 708 378 710 378 741 368 747 367 750 368 762 378 764 378 765 378 767 378 768 378 791 370 796 367 909 370 912 353 910 310 856 323 835 310 833 310 832 310 796 310 795 310 794 310 792 310 792 312 777 324 748 317 747 317 745 317 744 317 742 317 742 319 735 326 687 326 667 317 666 317 664 317 663 317 647 323 632 312 626 307 625 307 623 307 622 307 590 312 575 315 565 313 541 306 539 306 538 306 444 307 443 307 441 307 433 313 423 322 302 322 296 315 288 306 288 305 286 305 285 305 284 305 282 305 252 315 240 319 217 319 214 316 203 306 203 305 201 305 200 305 198 305 197 305 176 316 173 317 122 317 117 316 96 302 95 302 93 302 92 302 90 302 89 302 72 316 72 317 49 317 49 343"/></Shape>
	    <String CONTENT="گرور اول پير دوره ازين اتينملت دزبان و نفت و"
                    HPOS="48"
                    VPOS="302"
                    WIDTH="864"
                    HEIGHT="76"
                    WC="0.9075128219344399"></String>
          </TextLine>

          
          
          <TextLine ID="eSc_line_388fc9c4"
                    TAGREFS="LT4837"
                    BASELINE="45 418 907 431" 
                    HPOS="44"
                    VPOS="376"
                    WIDTH="863"
                    HEIGHT="86">
            <Shape><Polygon POINTS="45 418 44 432 92 434 117 447 119 447 120 447 122 447 123 447 137 435 208 435 208 437 238 449 240 449 241 449 242 449 244 449 254 441 282 448 284 448 285 448 286 448 288 448 298 441 330 454 332 454 333 454 373 451 375 451 376 451 376 449 387 439 389 439 421 439 423 441 443 455 444 455 446 455 447 455 448 455 474 444 528 456 529 456 531 456 556 444 559 442 582 442 582 444 596 455 596 456 598 456 599 456 600 456 602 456 626 445 629 444 630 445 661 458 663 458 664 459 688 459 688 458 690 458 691 458 691 456 704 447 720 459 721 459 723 459 724 459 806 454 835 461 836 461 838 461 839 461 840 461 850 452 859 459 859 461 860 461 862 461 863 462 863 461 865 461 866 461 866 459 877 449 880 447 904 449 907 431 907 400 892 390 890 390 889 390 887 390 886 390 858 401 849 404 840 401 829 395 828 395 826 395 796 398 784 387 784 386 782 386 781 386 703 384 701 384 642 398 629 401 625 398 605 386 603 386 602 386 600 386 599 386 598 386 598 387 585 397 566 383 565 383 563 383 562 383 561 383 559 383 535 397 529 400 430 400 424 395 416 390 414 390 413 390 411 390 375 395 363 397 360 395 335 378 333 378 332 378 291 378 289 378 288 378 286 378 261 394 258 395 252 394 213 383 211 383 210 383 208 383 207 383 207 384 197 393 181 378 181 377 180 377 178 377 140 376 139 376 137 376 105 393 85 383 83 383 82 383 80 383 79 383 79 384 69 393 68 393 45 393 45 418"/></Shape>
	    <String CONTENT="در ميان ايل آن دوره نمايند او را آدم آن دوره گديند"
                    HPOS="44"
                    VPOS="376"
                    WIDTH="863"
                    HEIGHT="86"
                    WC="0.8975387080660406"></String>
          </TextLine>

          
          
          <TextLine ID="eSc_line_03ea9fe3"
                    TAGREFS="LT4837"
                    BASELINE="46 493 902 506" 
                    HPOS="45"
                    VPOS="452"
                    WIDTH="857"
                    HEIGHT="81">
            <Shape><Polygon POINTS="46 493 45 505 169 508 170 509 180 516 181 516 183 516 184 516 221 510 234 509 245 512 272 519 274 519 275 519 277 519 291 513 296 510 304 513 330 526 332 526 333 526 335 526 372 515 376 515 380 515 424 527 426 527 427 527 429 527 430 527 444 519 453 526 453 527 454 527 456 527 457 527 458 527 473 520 478 526 478 527 480 527 481 527 549 529 551 529 552 529 554 529 565 520 575 515 583 522 595 529 596 529 598 529 599 529 633 523 670 516 679 525 684 529 684 530 686 530 687 530 688 532 715 532 715 530 717 530 718 530 725 526 737 517 747 526 752 532 754 532 755 532 815 533 816 533 818 533 832 529 862 519 897 530 902 506 902 475 877 462 876 462 875 462 873 462 872 462 850 475 845 479 833 475 819 471 818 471 816 471 760 474 723 476 718 474 711 468 711 466 710 466 708 466 707 466 706 466 691 474 684 476 667 472 644 468 643 468 642 468 630 472 619 476 578 475 575 471 568 465 568 464 566 464 565 464 563 464 562 464 534 471 532 471 514 459 512 459 511 459 509 459 508 459 482 469 474 474 465 469 440 458 438 458 437 458 436 458 434 458 421 469 416 474 380 474 376 468 363 456 363 455 362 455 360 455 359 455 306 464 295 455 295 454 294 454 292 454 291 454 289 454 262 466 259 468 255 466 227 452 225 452 150 452 149 452 147 452 119 464 110 468 93 464 68 458 66 458 65 458 46 462 46 493"/></Shape>
	    <String CONTENT="و تا نهايت آن دوره خلق را به فرزندی او نست کنند و"
                    HPOS="45"
                    VPOS="452"
                    WIDTH="857"
                    HEIGHT="81"
                    WC="0.8968825078010559"></String>
          </TextLine>

          
          
          <TextLine ID="eSc_line_c9f6e311"
                    TAGREFS="LT4837"
                    BASELINE="48 577 904 583" 
                    HPOS="46"
                    VPOS="526"
                    WIDTH="858"
                    HEIGHT="79">
            <Shape><Polygon POINTS="48 577 46 588 85 600 86 600 88 600 89 600 103 593 143 600 144 600 146 600 163 591 164 591 251 598 252 598 254 598 255 598 255 597 261 593 262 591 264 593 289 601 291 601 292 601 396 594 426 593 431 594 447 601 448 601 450 601 484 596 495 594 498 596 507 603 508 603 509 603 511 603 612 597 681 594 697 598 713 604 714 604 715 605 819 605 819 604 821 604 822 604 826 601 835 596 902 601 904 583 903 547 867 547 865 546 838 530 836 530 835 530 833 530 808 533 806 533 805 533 805 535 791 546 789 549 720 549 718 546 707 536 707 535 706 535 704 535 703 535 701 535 684 544 663 529 661 529 660 529 659 529 568 544 511 529 509 529 508 529 507 529 468 539 456 527 454 527 453 527 451 527 450 527 448 527 448 529 437 540 407 527 406 527 301 527 299 527 298 527 250 540 231 526 230 526 228 526 227 526 225 526 187 543 186 544 107 544 106 543 99 536 99 535 98 535 96 535 95 535 48 542 48 577"/></Shape>
	    <String CONTENT="درقرآن أمده كه هو الذي خلق السهاوات والأرض في"
                    HPOS="46"
                    VPOS="526"
                    WIDTH="858"
                    HEIGHT="79"
                    WC="0.931082367276152"></String>
          </TextLine>

          
          
          <TextLine ID="eSc_line_37402203"
                    TAGREFS="LT4837"
                    BASELINE="44 652 277 649 909 658" 
                    HPOS="42"
                    VPOS="600"
                    WIDTH="867"
                    HEIGHT="82">
            <Shape><Polygon POINTS="44 652 42 671 159 664 174 672 177 675 178 675 180 675 181 675 183 675 193 672 225 664 248 672 258 676 259 676 261 676 282 672 318 665 328 672 332 676 333 676 335 676 336 676 365 672 400 667 424 672 451 678 453 678 454 678 474 672 491 667 507 672 527 679 528 679 529 679 576 672 600 668 605 672 613 678 615 678 616 678 617 678 646 672 661 679 663 679 664 679 666 679 686 671 691 669 694 671 707 681 708 681 710 681 804 682 805 682 858 671 860 671 862 671 882 682 883 682 885 682 886 682 907 671 909 658 907 630 826 630 825 628 811 614 811 613 809 613 808 613 806 613 805 613 804 613 795 620 775 604 774 604 772 604 748 604 747 604 745 604 744 604 744 605 720 627 718 628 639 628 636 625 627 618 626 618 625 618 623 618 589 625 586 625 585 625 575 617 575 615 573 615 572 615 571 615 569 615 568 615 558 623 529 613 528 613 527 613 525 613 508 618 492 603 492 601 491 601 490 601 355 600 353 600 352 600 316 615 302 603 301 603 299 603 298 603 296 603 295 603 295 604 286 613 274 605 272 605 271 605 269 605 231 620 227 621 224 620 188 607 187 607 186 607 184 607 161 620 159 621 157 620 144 607 144 605 143 605 142 605 140 605 139 605 120 613 92 601 90 601 89 601 88 601 86 601 61 618 58 620 44 618 44 652"/></Shape>
	    <String CONTENT="ستة ايامستوی على بالعرش يعنى افريد خداى"
                    HPOS="42"
                    VPOS="600"
                    WIDTH="867"
                    HEIGHT="82"
                    WC="0.9399806138796684"></String>
          </TextLine>

          
          
          <TextLine ID="eSc_line_a4014db5"
                    TAGREFS="LT4837"
                    BASELINE="32 725 909 735" 
                    HPOS="31"
                    VPOS="675"
                    WIDTH="878"
                    HEIGHT="82">
            <Shape><Polygon POINTS="32 725 31 737 48 749 49 749 51 749 52 749 53 749 76 737 103 745 105 745 106 745 152 737 156 737 159 737 203 750 204 750 205 750 265 740 277 739 279 742 292 752 294 752 295 752 296 752 346 743 360 740 365 743 372 749 372 750 373 750 375 750 376 750 407 745 423 742 427 745 438 753 440 753 441 753 443 753 569 749 588 749 622 750 721 756 723 756 724 756 733 753 755 745 774 754 777 756 778 756 779 756 795 754 865 747 904 757 909 735 904 685 860 703 850 693 850 692 849 692 848 692 846 692 845 692 843 692 843 693 832 703 808 695 806 695 805 695 804 695 802 695 795 701 779 686 777 684 775 684 774 684 772 684 771 684 769 684 765 686 738 702 650 693 649 693 647 693 646 693 640 699 617 689 600 681 599 681 548 681 546 681 545 681 544 681 531 689 517 699 482 691 481 691 480 691 478 691 477 691 464 699 453 691 440 681 438 681 437 681 436 681 434 681 433 681 420 691 409 681 409 679 407 679 406 679 404 679 403 679 402 679 386 692 377 699 308 699 296 693 267 676 265 676 264 676 223 678 221 678 220 678 220 679 204 693 190 684 188 684 187 684 186 684 184 684 183 684 173 691 157 676 157 675 156 675 154 675 69 675 68 675 66 675 32 693 32 725"/></Shape>
	    <String CONTENT="مانها را و زمينها را و کوهيا را درشش روز بعد از آن قرار"
                    HPOS="31"
                    VPOS="675"
                    WIDTH="878"
                    HEIGHT="82"
                    WC="0.8716028726526669"></String>
          </TextLine>

          
          
          <TextLine ID="eSc_line_665b5efe"
                    TAGREFS="LT4837"
                    BASELINE="45 798 919 814" 
                    HPOS="44"
                    VPOS="753"
                    WIDTH="875"
                    HEIGHT="85">
            <Shape><Polygon POINTS="45 798 44 810 75 824 76 824 78 824 79 824 105 811 143 818 144 818 170 813 184 825 184 827 186 827 187 827 188 827 190 827 215 814 232 814 257 814 258 814 294 830 295 830 296 831 352 831 352 830 353 830 373 818 383 825 384 825 386 825 387 825 420 818 441 830 443 830 444 830 446 830 447 830 447 828 454 821 475 830 477 830 478 830 480 830 481 830 495 821 525 834 527 834 528 834 529 834 565 823 575 823 599 823 600 823 617 834 619 834 620 834 622 834 623 834 625 834 637 824 639 823 642 824 679 837 680 837 681 838 750 838 750 837 751 837 752 837 752 835 761 828 805 838 806 838 848 828 850 828 859 835 860 835 862 835 863 835 917 830 919 814 917 766 833 767 832 767 811 777 769 766 761 763 760 763 758 763 747 766 696 777 652 766 639 762 637 762 636 762 635 762 627 766 609 776 596 767 595 767 593 767 592 767 507 773 491 766 487 763 485 763 484 763 451 766 370 772 360 766 349 756 348 756 346 756 345 756 343 756 309 766 291 770 275 766 247 756 245 756 244 756 242 756 228 763 201 753 200 753 137 753 136 753 134 753 90 766 86 766 45 766 45 798"/></Shape>
	    <String CONTENT="گرفت بر عرش اشارت است دوبرای صاحبشرت"
                    HPOS="44"
                    VPOS="753"
                    WIDTH="875"
                    HEIGHT="85"
                    WC="0.9332958675093121"></String>
          </TextLine>

          
          
          <TextLine ID="eSc_line_29d0c7f1"
                    TAGREFS="LT4837"
                    BASELINE="39 875 909 882" 
                    HPOS="38"
                    VPOS="835"
                    WIDTH="871"
                    HEIGHT="74">
            <Shape><Polygon POINTS="39 875 38 888 79 889 93 902 93 904 95 904 96 904 98 904 99 904 100 904 120 891 134 891 164 891 178 902 178 904 180 904 181 904 213 905 214 906 264 906 264 905 265 905 267 905 267 904 279 894 291 904 291 905 292 905 294 905 295 905 296 905 298 905 318 892 319 892 323 892 387 906 389 906 390 906 424 895 429 894 458 894 461 895 474 904 475 904 477 904 478 904 480 904 481 904 491 895 494 894 534 894 538 896 559 908 561 908 562 908 622 898 642 904 643 904 644 904 646 904 647 904 656 898 659 895 661 898 673 908 674 908 676 908 757 909 758 909 760 909 779 899 787 896 801 899 831 908 832 908 833 908 907 901 909 882 906 841 880 852 850 842 849 842 848 842 846 842 845 842 832 854 777 854 755 842 754 842 752 842 751 842 750 842 738 851 723 842 721 842 720 842 718 842 691 850 679 840 677 840 676 840 674 840 673 840 636 852 578 852 569 844 568 844 566 844 565 844 522 850 480 838 478 838 477 838 475 838 474 838 458 851 419 851 390 837 389 837 387 837 386 837 379 837 296 848 271 837 269 837 237 837 213 837 211 837 210 837 208 837 197 845 132 835 127 835 126 835 125 835 123 835 123 837 110 848 80 848 69 837 69 835 68 835 66 835 39 835 39 875"/></Shape>
	    <String CONTENT="که اين دوره هفته آدم است و نفج وارايو"
                    HPOS="38"
                    VPOS="835"
                    WIDTH="871"
                    HEIGHT="74"
                    WC="0.8913258329818123"></String>
          </TextLine>

          
          
          <TextLine ID="eSc_line_a74b897f"
                    TAGREFS="LT4837"
                    BASELINE="38 953 904 959" 
                    HPOS="36"
                    VPOS="906"
                    WIDTH="868"
                    HEIGHT="81">
            <Shape><Polygon POINTS="38 953 36 965 59 974 61 974 62 974 63 974 65 974 75 967 134 967 160 977 161 977 163 977 164 977 187 970 204 977 205 977 207 977 208 977 228 967 262 977 264 977 265 977 267 977 289 969 312 980 313 980 315 980 367 969 382 982 382 983 383 983 384 983 386 983 467 973 482 984 484 984 485 984 487 986 528 986 528 984 529 984 531 984 545 974 558 984 559 984 561 984 562 986 602 986 602 984 603 984 654 970 686 986 687 986 688 986 690 986 691 986 714 972 785 986 787 987 867 987 867 986 869 986 870 986 870 984 886 972 903 972 904 959 903 926 850 915 849 915 765 925 735 929 731 925 725 921 725 919 724 919 723 919 663 909 661 909 595 925 582 928 457 928 454 925 434 911 433 911 431 911 430 911 429 911 427 911 409 925 406 928 376 928 373 925 346 908 345 908 343 908 342 908 271 925 267 926 264 925 258 919 257 919 255 919 254 919 252 919 237 925 207 906 205 906 204 906 72 906 71 906 69 906 38 922 38 953"/></Shape>
	    <String CONTENT="ليسی و محمد عليه السلام و هر روزی از آنارورها پز ار سال"
                    HPOS="36"
                    VPOS="906"
                    WIDTH="868"
                    HEIGHT="81"
                    WC="0.8473054814551558"></String>
          </TextLine>

          
          
          <TextLine ID="eSc_line_8a80c99e"
                    TAGREFS="LT4837"
                    BASELINE="42 1023 906 1033" 
                    HPOS="41"
                    VPOS="977"
                    WIDTH="865"
                    HEIGHT="80">
            <Shape><Polygon POINTS="42 1023 41 1033 85 1041 86 1041 88 1041 102 1035 112 1044 112 1045 113 1045 115 1045 116 1045 117 1045 143 1035 161 1035 169 1044 170 1044 170 1045 171 1045 173 1045 174 1045 176 1045 177 1045 188 1037 259 1044 261 1044 262 1044 288 1037 305 1051 306 1051 308 1051 309 1051 357 1044 394 1051 396 1051 397 1051 410 1044 419 1053 420 1053 421 1053 423 1053 424 1053 453 1041 464 1051 464 1053 465 1053 467 1053 468 1053 544 1043 556 1053 556 1054 558 1054 559 1054 561 1055 617 1055 617 1054 619 1054 620 1054 642 1041 688 1055 690 1055 691 1057 751 1057 751 1055 752 1055 754 1055 754 1054 768 1043 802 1053 804 1053 805 1053 904 1043 906 1033 904 996 870 1003 835 996 833 996 832 996 831 996 823 1003 798 993 787 989 785 989 784 989 782 989 775 993 754 1004 715 991 714 991 713 991 711 991 676 1004 647 990 640 986 639 986 605 984 603 984 602 984 592 989 561 1003 505 1001 471 987 470 987 468 987 467 987 465 987 465 989 451 1003 414 1003 333 986 332 986 330 986 301 1000 275 984 274 984 272 984 271 984 269 984 241 999 224 982 224 980 223 980 221 980 200 980 198 980 197 980 140 997 119 979 117 979 116 979 42 977 42 1023"/></Shape>
	    <String CONTENT="ست هنانچه در قرآن آمده است وه عنمد زلگ"
                    HPOS="41"
                    VPOS="977"
                    WIDTH="865"
                    HEIGHT="80"
                    WC="0.8629019796848297"></String>
          </TextLine>

          
          
          <TextLine ID="eSc_line_3c73e212"
                    TAGREFS="LT4837"
                    BASELINE="44 1102 907 1111" 
                    HPOS="42"
                    VPOS="1057"
                    WIDTH="865"
                    HEIGHT="75">
            <Shape><Polygon POINTS="44 1102 42 1111 85 1125 86 1125 88 1125 89 1125 90 1125 109 1112 110 1112 210 1112 211 1114 237 1126 238 1126 240 1126 286 1125 288 1125 289 1125 304 1115 305 1114 313 1115 343 1121 345 1121 346 1121 348 1121 355 1115 356 1115 376 1128 377 1128 379 1128 380 1128 431 1116 440 1115 500 1115 501 1118 514 1128 514 1129 515 1129 517 1129 518 1129 590 1121 617 1131 619 1131 620 1131 760 1129 761 1129 762 1129 774 1121 778 1121 831 1132 832 1132 833 1132 856 1122 863 1119 904 1122 907 1111 906 1064 862 1064 860 1064 859 1064 858 1064 858 1065 838 1082 690 1082 679 1071 679 1070 677 1070 676 1070 674 1070 673 1070 659 1077 649 1068 649 1067 647 1067 646 1067 644 1067 643 1067 642 1067 642 1068 626 1081 571 1081 558 1070 556 1070 555 1070 554 1070 552 1070 532 1081 484 1081 467 1070 453 1060 451 1060 450 1060 411 1060 410 1060 409 1060 407 1060 407 1061 397 1068 386 1060 384 1060 383 1060 382 1060 380 1060 348 1070 311 1058 309 1058 308 1058 213 1067 190 1061 188 1061 187 1061 186 1061 164 1072 134 1057 133 1057 92 1057 90 1057 89 1057 88 1057 68 1074 65 1075 44 1075 44 1102"/></Shape>
	    <String CONTENT="کالف شنه بينی روزی بزد خدايز ارسالی است و قر"
                    HPOS="42"
                    VPOS="1057"
                    WIDTH="865"
                    HEIGHT="75"
                    WC="0.9345978512005373"></String>
          </TextLine>

          
          
          <TextLine ID="eSc_line_2891ffe7"
                    TAGREFS="LT4837"
                    BASELINE="42 1185 701 1196 903 1189" 
                    HPOS="41"
                    VPOS="1135"
                    WIDTH="862"
                    HEIGHT="84">
            <Shape><Polygon POINTS="42 1185 41 1204 100 1193 147 1204 149 1204 150 1204 152 1204 184 1194 275 1202 277 1202 321 1196 339 1204 342 1206 343 1206 345 1206 346 1206 349 1204 360 1199 376 1204 390 1210 392 1210 393 1210 420 1204 431 1202 434 1204 443 1211 443 1213 444 1213 446 1213 481 1214 482 1214 484 1214 509 1204 522 1199 558 1199 562 1203 565 1207 566 1207 566 1209 568 1209 569 1209 619 1216 727 1217 728 1217 730 1217 731 1217 731 1216 742 1207 757 1217 758 1217 760 1217 826 1219 828 1219 829 1219 831 1219 839 1210 858 1217 859 1217 860 1217 862 1217 902 1202 903 1189 902 1145 835 1145 833 1145 832 1145 831 1145 831 1146 808 1167 795 1167 760 1146 755 1143 754 1143 752 1143 751 1143 750 1143 737 1146 720 1150 714 1146 710 1143 708 1143 707 1143 706 1143 704 1143 703 1143 703 1145 698 1148 680 1165 656 1153 654 1153 653 1153 652 1153 617 1163 586 1149 573 1143 572 1143 571 1143 569 1143 568 1143 559 1149 535 1163 458 1163 400 1162 386 1152 373 1142 372 1142 370 1142 369 1142 367 1142 343 1150 338 1145 336 1145 335 1145 333 1145 332 1145 330 1145 321 1153 316 1156 312 1153 308 1149 308 1148 306 1148 305 1148 304 1148 302 1148 279 1153 272 1155 269 1153 238 1139 237 1139 235 1139 234 1139 204 1150 103 1135 102 1135 100 1135 99 1135 68 1156 66 1158 42 1158 42 1185"/></Shape>
	    <String CONTENT="گرفتن بر عرش بعد از ستش روز اشارت است به لبور"
                    HPOS="41"
                    VPOS="1135"
                    WIDTH="862"
                    HEIGHT="84"
                    WC="0.9466750277413263"></String>
          </TextLine>

          
          
          <TextLine ID="eSc_line_a43a3e4a"
                    TAGREFS="LT4837"
                    BASELINE="36 1264 902 1264" 
                    HPOS="36"
                    VPOS="1211"
                    WIDTH="866"
                    HEIGHT="80">
            <Shape><Polygon POINTS="36 1264 36 1278 92 1290 93 1290 95 1290 96 1290 96 1288 107 1278 115 1272 177 1272 193 1278 211 1284 213 1284 214 1284 215 1284 231 1277 244 1272 312 1272 321 1277 346 1290 348 1290 349 1291 384 1291 384 1290 386 1290 387 1290 403 1275 406 1272 411 1275 431 1287 433 1287 434 1287 482 1275 494 1272 502 1275 521 1281 522 1281 524 1281 556 1274 566 1272 569 1274 583 1288 583 1290 585 1290 586 1290 588 1290 664 1282 750 1290 751 1290 752 1290 791 1280 839 1290 840 1290 842 1290 843 1290 863 1272 900 1271 902 1264 900 1219 849 1211 848 1211 846 1211 845 1211 845 1213 838 1219 828 1228 806 1220 801 1217 799 1217 798 1217 796 1217 789 1220 760 1231 707 1231 688 1221 674 1214 673 1214 671 1214 670 1214 643 1221 642 1221 606 1211 605 1211 603 1211 602 1211 600 1211 585 1223 573 1231 507 1231 500 1224 488 1213 488 1211 487 1211 485 1211 484 1211 427 1223 409 1211 407 1211 406 1211 340 1211 339 1211 338 1211 336 1211 336 1213 321 1227 294 1230 265 1227 221 1223 220 1223 218 1223 217 1223 208 1228 205 1230 204 1228 176 1211 174 1211 173 1211 140 1211 139 1211 137 1211 136 1211 115 1230 83 1213 82 1213 80 1213 79 1213 78 1213 56 1230 36 1230 36 1264"/></Shape>
	    <String CONTENT="و اثار قدرت قايم قيامت لذکره اسجود که دوره ترار نفتم ی"
                    HPOS="36"
                    VPOS="1211"
                    WIDTH="866"
                    HEIGHT="80"
                    WC="0.905638618601693"></String>
          </TextLine>

          
          
          <TextLine ID="eSc_line_557dbdec"
                    TAGREFS="LT4837"
                    BASELINE="36 1331 902 1338" 
                    HPOS="35"
                    VPOS="1282"
                    WIDTH="867"
                    HEIGHT="76">
            <Shape><Polygon POINTS="36 1331 35 1339 66 1351 68 1351 69 1351 109 1341 119 1339 207 1339 214 1343 225 1352 227 1352 228 1352 230 1352 231 1352 251 1343 259 1341 292 1345 318 1348 319 1348 333 1346 363 1341 376 1346 390 1353 392 1353 393 1353 440 1348 485 1342 502 1349 514 1353 515 1353 517 1353 539 1349 568 1345 585 1351 598 1355 599 1355 600 1355 646 1352 706 1348 720 1353 727 1356 728 1356 730 1356 731 1356 738 1353 764 1345 831 1356 839 1356 840 1356 842 1356 843 1356 866 1345 876 1355 876 1356 877 1356 879 1356 880 1358 900 1358 902 1338 902 1302 880 1290 879 1290 877 1290 876 1290 875 1290 856 1297 848 1288 846 1288 845 1288 811 1288 809 1288 808 1288 806 1288 788 1304 781 1308 659 1308 650 1302 644 1298 643 1298 642 1298 640 1298 639 1298 629 1302 619 1307 615 1302 605 1294 603 1294 602 1294 600 1294 599 1294 573 1302 558 1307 549 1302 524 1285 522 1285 521 1285 468 1285 467 1285 465 1285 464 1285 446 1301 444 1302 444 1301 419 1285 417 1285 416 1285 414 1285 359 1287 357 1287 326 1298 302 1284 301 1284 299 1284 264 1284 262 1284 261 1284 227 1299 225 1301 224 1299 207 1287 205 1287 204 1287 203 1287 201 1287 200 1287 186 1298 164 1282 163 1282 161 1282 144 1282 143 1282 142 1282 140 1282 120 1299 116 1302 36 1299 36 1331"/></Shape>
	    <String CONTENT="باشد كه آن دوره را دوره ظهور قيامت گوييد تنهر"
                    HPOS="35"
                    VPOS="1282"
                    WIDTH="867"
                    HEIGHT="76"
                    WC="0.942690029092457"></String>
          </TextLine>

          
          
          <TextLine ID="eSc_line_35c8f7d7"
                    TAGREFS="LT4837"
                    BASELINE="39 1404 899 1409" 
                    HPOS="38"
                    VPOS="1356"
                    WIDTH="861"
                    HEIGHT="78">
            <Shape><Polygon POINTS="39 1404 38 1414 61 1423 62 1423 63 1423 65 1423 82 1413 85 1413 230 1413 231 1414 247 1429 247 1430 248 1430 250 1430 251 1430 318 1424 326 1431 328 1431 329 1431 330 1431 421 1414 423 1414 470 1431 471 1431 473 1431 474 1431 475 1431 502 1414 525 1414 544 1414 545 1414 610 1433 612 1433 613 1434 754 1434 754 1433 755 1433 757 1433 784 1416 796 1427 796 1429 798 1429 799 1429 801 1429 897 1414 899 1409 893 1365 883 1372 876 1365 869 1359 867 1359 866 1359 825 1359 823 1359 822 1359 799 1366 781 1372 772 1366 771 1365 769 1365 768 1365 767 1365 765 1365 764 1365 764 1366 762 1366 747 1382 646 1382 633 1370 632 1370 630 1370 629 1370 627 1370 606 1378 586 1369 572 1363 571 1363 569 1363 568 1363 555 1370 536 1380 413 1380 392 1372 348 1358 346 1358 201 1356 200 1356 198 1356 157 1376 153 1378 149 1376 120 1362 119 1362 117 1362 116 1362 115 1362 96 1373 66 1366 65 1366 63 1366 62 1366 39 1376 39 1404"/></Shape>
	    <String CONTENT="وخوا که خفت آدم بودنست به آدم شخمصی اشات استت"
                    HPOS="38"
                    VPOS="1356"
                    WIDTH="861"
                    HEIGHT="78"
                    WC="0.8852391154208081"></String>
          </TextLine>

          
          
          <TextLine ID="eSc_line_ab24ea87"
                    TAGREFS="LT4837"
                    BASELINE="31 1487 892 1487" 
                    HPOS="31"
                    VPOS="1444"
                    WIDTH="861"
                    HEIGHT="67">
            <Shape><Polygon POINTS="883 1464 869 1485 855 1485 840 1484 826 1484 812 1485 798 1484 784 1484 769 1483 755 1483 741 1481 727 1480 713 1480 697 1478 684 1478 670 1477 656 1475 642 1475 639 1465 612 1456 585 1447 583 1447 582 1447 581 1447 556 1456 549 1458 545 1456 525 1444 524 1444 522 1444 414 1444 413 1444 411 1444 387 1453 338 1444 336 1444 335 1444 311 1456 306 1458 298 1456 257 1446 255 1446 254 1446 252 1446 228 1456 201 1444 200 1444 146 1444 144 1444 143 1444 142 1444 129 1454 90 1448 89 1448 88 1448 86 1448 76 1457 65 1465 32 1457 31 1487 31 1511 65 1511 65 1509 66 1509 68 1509 89 1497 110 1508 112 1509 113 1509 115 1511 143 1511 143 1509 144 1509 146 1509 147 1508 161 1495 176 1505 177 1505 178 1505 180 1505 223 1495 237 1502 238 1502 240 1502 241 1502 269 1495 322 1502 323 1502 325 1502 326 1502 335 1495 447 1495 467 1502 488 1509 490 1509 491 1509 545 1501 555 1500 562 1501 603 1509 605 1509 606 1509 608 1509 608 1508 617 1500 617 1498 643 1498 646 1500 663 1509 664 1509 666 1509 667 1511 717 1511 717 1509 718 1509 720 1509 735 1497 738 1495 741 1497 761 1509 762 1509 764 1509 765 1509 767 1509 768 1509 789 1497 789 1495 791 1497 805 1507 806 1507 808 1507 809 1507 811 1507 812 1507 823 1498 839 1509 840 1509 842 1509 843 1509 845 1509 892 1494 892 1487 887 1463 883 1464"/></Shape>
	    <String CONTENT="دوانت ولسييت به أزجم دوره"
                    HPOS="31"
                    VPOS="1444"
                    WIDTH="861"
                    HEIGHT="67"
                    WC="0.9320864402330838"></String>
          </TextLine>

          
          
          <TextLine ID="eSc_line_dbbc1adb"
                    TAGREFS="LT4837"
                    BASELINE="34 1565 904 1559" 
                    HPOS="32"
                    VPOS="1505"
                    WIDTH="872"
                    HEIGHT="91">
            <Shape><Polygon POINTS="34 1565 34 1596 79 1586 90 1595 90 1596 92 1596 93 1596 95 1596 102 1595 133 1588 144 1593 146 1593 147 1593 149 1593 150 1593 170 1578 281 1583 282 1583 284 1583 285 1583 285 1582 292 1576 336 1576 370 1589 377 1592 379 1592 380 1592 382 1592 393 1589 434 1575 508 1575 532 1585 549 1593 551 1593 552 1595 642 1595 642 1593 643 1593 644 1593 644 1592 654 1582 663 1575 690 1582 733 1592 734 1593 767 1593 767 1592 768 1592 769 1592 769 1590 781 1582 787 1588 788 1588 789 1588 791 1588 792 1588 794 1588 804 1579 806 1576 812 1579 829 1588 831 1588 832 1588 833 1588 835 1588 848 1578 850 1578 904 1578 904 1559 899 1507 835 1525 767 1518 765 1518 764 1518 762 1518 754 1527 666 1527 644 1514 632 1505 630 1505 629 1505 627 1505 578 1515 545 1505 544 1505 542 1505 541 1505 539 1505 539 1507 527 1518 518 1525 504 1518 495 1514 494 1514 492 1514 468 1517 467 1517 465 1517 465 1518 464 1519 456 1528 389 1525 384 1522 367 1507 366 1507 365 1507 363 1507 323 1515 306 1509 305 1509 304 1509 302 1509 301 1509 301 1511 295 1517 289 1512 289 1511 288 1511 286 1511 285 1511 284 1511 254 1518 235 1508 234 1508 164 1508 163 1508 161 1508 123 1528 98 1519 96 1519 95 1519 93 1519 78 1525 65 1515 63 1515 62 1515 61 1515 59 1515 32 1529 34 1565"/></Shape>
	    <String CONTENT="اشارت است به شخصی که معاودت شررعيت و تا نيس آدم"
                    HPOS="32"
                    VPOS="1505"
                    WIDTH="872"
                    HEIGHT="91"
                    WC="0.895372049883008"></String>
          </TextLine>

          
        </TextBlock>
        
        <TextBlock HPOS="409"
                   VPOS="28"
                   WIDTH="118"
                   HEIGHT="67"
                   ID="eSc_textblock_8fc842b5"
                   TAGREFS="BT16093">
          <Shape><Polygon POINTS="471 28 527 72 487 95 409 72 420 39 471 28"/></Shape>
          
          
          <TextLine ID="eSc_line_6e679f9c"
                    TAGREFS="LT4837"
                    BASELINE="441 62 494 59" 
                    HPOS="438"
                    VPOS="34"
                    WIDTH="56"
                    HEIGHT="45">
            <Shape><Polygon POINTS="481 38 475 34 438 34 441 62 441 79 494 79 494 59 488 43 481 38"/></Shape>
	    <String CONTENT=""
                    HPOS="438"
                    VPOS="34"
                    WIDTH="56"
                    HEIGHT="45"></String>
          </TextLine>

          
        </TextBlock>
        

        
      </PrintSpace>
    </Page>
  </Layout>
</alto>
